id,label,class,length,AAC_A,AAC_C,AAC_D,AAC_E,AAC_F,AAC_G,AAC_H,AAC_I,AAC_K,AAC_L,AAC_M,AAC_N,AAC_P,AAC_Q,AAC_R,AAC_S,AAC_T,AAC_V,AAC_W,AAC_Y
gi|77358963,1,T6SE,169,0.076923077,0,0.053254438,0.088757396,0.035502959,0.10650888,0.035502959,0.071005917,0.082840237,0.088757396,0.035502959,0.023668639,0.035502959,0.035502959,0.029585799,0.047337278,0.082840237,0.023668639,0.0059171598,0.041420118
gi|9948776,1,T6SE,158,0.10126582,0,0.10126582,0.037974684,0.03164557,0.075949367,0.018987342,0.03164557,0.050632911,0.082278481,0.025316456,0.03164557,0.082278481,0.025316456,0.082278481,0.03164557,0.056962025,0.069620253,0.0063291139,0.056962025
gi|32261790,1,T6SE,169,0.071005917,0.0059171598,0.047337278,0.065088757,0.029585799,0.076923077,0.035502959,0.088757396,0.035502959,0.059171598,0.017751479,0.065088757,0.035502959,0.053254438,0.047337278,0.076923077,0.082840237,0.059171598,0.017751479,0.029585799
gi|49080696,1,T6SE,163,0.067484663,0.0061349693,0.061349693,0.049079755,0.018404908,0.13496933,0.018404908,0.049079755,0.085889571,0.055214724,0.042944785,0.042944785,0.024539877,0.061349693,0.018404908,0.079754601,0.049079755,0.085889571,0.018404908,0.030674847
gi|32261789,1,T6SE,932,0.060085837,0.0064377682,0.052575107,0.048283262,0.035407725,0.034334764,0.037553648,0.092274678,0.052575107,0.089055794,0.011802575,0.10193133,0.043991416,0.0472103,0.019313305,0.10193133,0.086909871,0.038626609,0,0.039699571
gi|66967748,1,T6SE,659,0.16236722,0.010622155,0.04552352,0.036418816,0.030349014,0.050075873,0.030349014,0.036418816,0.010622155,0.069802731,0.013657056,0.033383915,0.097116844,0.016691958,0.10925645,0.1138088,0.059180577,0.053110774,0.0030349014,0.018209408
gi|15600791,1,T6SE,1085,0.096774194,0.0073732719,0.044239631,0.064516129,0.037788018,0.060829493,0.021198157,0.046082949,0.066359447,0.1124424,0.01843318,0.043317972,0.039631336,0.069124424,0.036866359,0.070046083,0.062672811,0.052534562,0.022119816,0.02764977
gi|15600889,1,T6SE,227,0.13215859,0.022026432,0.039647577,0.079295154,0.026431718,0.066079295,0.013215859,0.04845815,0.0088105727,0.11013216,0.026431718,0.030837004,0.057268722,0.052863436,0.079295154,0.0969163,0.026431718,0.057268722,0.022026432,0.0044052863
gi|237861353,1,T6SE,185,0.043243243,0,0.032432432,0.032432432,0.043243243,0.10810811,0.027027027,0.054054054,0.048648649,0.10810811,0.027027027,0.054054054,0.07027027,0.027027027,0.043243243,0.11351351,0.054054054,0.059459459,0.032432432,0.021621622
gi|83654653,1,T6SE,146,0.095890411,0.02739726,0.04109589,0.0068493151,0.02739726,0.10958904,0.020547945,0.02739726,0.047945205,0.04109589,0.0068493151,0.047945205,0.082191781,0.047945205,0.047945205,0.054794521,0.089041096,0.10958904,0.020547945,0.047945205
gi|83650570,1,T6SE,926,0.12526998,0.0097192225,0.074514039,0.041036717,0.028077754,0.10259179,0.030237581,0.03887689,0.029157667,0.10259179,0.014038877,0.041036717,0.05075594,0.051835853,0.071274298,0.046436285,0.058315335,0.058315335,0.0097192225,0.016198704
gi|83653954,1,T6SE,1111,0.11341134,0.00360036,0.064806481,0.057605761,0.03510351,0.092709271,0.02970297,0.03780378,0.02340234,0.075607561,0.01440144,0.02790279,0.053105311,0.04950495,0.072007201,0.066606661,0.062106211,0.086408641,0.0090009001,0.02520252
gi|83652307,1,T6SE,942,0.17303609,0.0031847134,0.054140127,0.038216561,0.022292994,0.11677282,0.035031847,0.027600849,0.020169851,0.076433121,0.015923567,0.025477707,0.045647558,0.064755839,0.067940552,0.069002123,0.048832272,0.058386412,0.01910828,0.018046709
gi|83652651,1,T6SE,932,0.14699571,0.0064377682,0.064377682,0.034334764,0.025751073,0.1223176,0.030042918,0.032188841,0.015021459,0.094420601,0.015021459,0.022532189,0.040772532,0.061158798,0.068669528,0.060085837,0.06223176,0.064377682,0.011802575,0.021459227
gi|83655353,1,T6SE,174,0.13793103,0.017241379,0.034482759,0.040229885,0.051724138,0.08045977,0.011494253,0.034482759,0.040229885,0.097701149,0.034482759,0.022988506,0.034482759,0.063218391,0.045977011,0.08045977,0.08045977,0.051724138,0.011494253,0.028735632
gi|83650739,1,T6SE,230,0.07826087,0.0086956522,0.043478261,0.0086956522,0.043478261,0.1173913,0.0043478261,0.026086957,0.030434783,0.060869565,0.017391304,0.060869565,0.11304348,0.034782609,0.017391304,0.069565217,0.047826087,0.11304348,0.030434783,0.073913043
gi|83654886,1,T6SE,800,0.115,0.00875,0.07125,0.05125,0.035,0.09375,0.02125,0.0425,0.055,0.075,0.0275,0.02375,0.04875,0.0475,0.07375,0.06,0.03,0.06625,0.025,0.02875
gi|83653368,1,T6SE,728,0.089285714,0.0096153846,0.074175824,0.04532967,0.034340659,0.085164835,0.024725275,0.04532967,0.054945055,0.075549451,0.03021978,0.038461538,0.059065934,0.052197802,0.072802198,0.053571429,0.059065934,0.054945055,0.012362637,0.028846154
gi|83654025,1,T6SE,1007,0.12909633,0.0089374379,0.054617676,0.058589871,0.038728898,0.079443893,0.012909633,0.04468719,0.076464747,0.079443893,0.019860973,0.02979146,0.038728898,0.046673287,0.056603774,0.061569017,0.041708044,0.074478649,0.019860973,0.027805362
gi|28872543,1,T6SE,172,0.075581395,0.0058139535,0.063953488,0.058139535,0.029069767,0.075581395,0.046511628,0.063953488,0.046511628,0.052325581,0.023255814,0.01744186,0.046511628,0.058139535,0.034883721,0.069767442,0.11627907,0.058139535,0.01744186,0.040697674
gi|15597881,1,T6SE,726,0.060606061,0.012396694,0.055096419,0.071625344,0.033057851,0.090909091,0.034435262,0.048209366,0.027548209,0.078512397,0.020661157,0.038567493,0.048209366,0.053719008,0.077134986,0.068870523,0.053719008,0.071625344,0.016528926,0.038567493
gi|154353564,1,T6SE,305,0.12131148,0.0032786885,0.059016393,0.059016393,0.026229508,0.075409836,0.02295082,0.062295082,0.10163934,0.098360656,0.016393443,0.042622951,0.032786885,0.045901639,0.019672131,0.075409836,0.052459016,0.078688525,0.0032786885,0.0032786885
gi|40287638,1,T6SE,163,0.085889571,0.030674847,0.061349693,0.061349693,0.042944785,0.10429448,0.012269939,0.042944785,0.098159509,0.049079755,0.030674847,0.030674847,0.024539877,0.049079755,0.012269939,0.061349693,0.079754601,0.061349693,0.030674847,0.030674847
tr|H9L4Q3|Hcp,1,T6SE,172,0.058139535,0.023255814,0.063953488,0.063953488,0.040697674,0.063953488,0.034883721,0.052325581,0.063953488,0.058139535,0.01744186,0.034883721,0.058139535,0.058139535,0.023255814,0.081395349,0.087209302,0.075581395,0.01744186,0.023255814
gi|15600894,1,T6SE,1017,0.086529007,0.0078662734,0.059980334,0.065880039,0.034414946,0.078662734,0.034414946,0.050147493,0.056047198,0.092428712,0.012782694,0.034414946,0.038348083,0.069813176,0.048180924,0.073746313,0.046214356,0.062930187,0.012782694,0.034414946
gi|9655913,1,T6SE,1163,0.085984523,0.0051590714,0.044711952,0.067927773,0.036973345,0.070507309,0.036973345,0.049871023,0.053310404,0.077386071,0.015477214,0.042992261,0.061908856,0.072226999,0.0361135,0.069647463,0.059329321,0.067067928,0.012897678,0.033533964
gi|56708403,1,T6SE,164,0.067073171,0.006097561,0.073170732,0.067073171,0.006097561,0.048780488,0.012195122,0.15853659,0.1097561,0.079268293,0.018292683,0.085365854,0,0.024390244,0,0.14634146,0.06097561,0.036585366,0,0
gi|56708408,1,T6SE,383,0.028720627,0.0026109661,0.07310705,0.078328982,0.052219321,0.0078328982,0.0052219321,0.13315927,0.09921671,0.080939948,0.015665796,0.10704961,0.023498695,0.054830287,0.01305483,0.088772846,0.054830287,0.036553525,0.0052219321,0.039164491
gi|284924280,1,T6SE,168,0.035714286,0.011904762,0.053571429,0.083333333,0.053571429,0.077380952,0.029761905,0.06547619,0.083333333,0.089285714,0.035714286,0.05952381,0.023809524,0.017857143,0.035714286,0.10714286,0.035714286,0.071428571,0,0.029761905
gi|284924250,1,T6SE,163,0.055214724,0.0061349693,0.067484663,0.079754601,0.024539877,0.055214724,0.036809816,0.067484663,0.09202454,0.061349693,0.012269939,0.055214724,0.036809816,0.030674847,0.024539877,0.049079755,0.085889571,0.079754601,0.024539877,0.055214724
gi|15890638,1,T6SE,158,0.094936709,0.0063291139,0.056962025,0.063291139,0.018987342,0.050632911,0.025316456,0.075949367,0.050632911,0.063291139,0.03164557,0.063291139,0.044303797,0.025316456,0.03164557,0.094936709,0.10759494,0.044303797,0.012658228,0.037974684
gi|49612877,1,T6SE,678,0.084070796,0.0073746313,0.054572271,0.072271386,0.048672566,0.097345133,0.032448378,0.054572271,0.036873156,0.066371681,0.014749263,0.026548673,0.045722714,0.051622419,0.066371681,0.063421829,0.072271386,0.060471976,0.010324484,0.033923304
gi|49612878,1,T6SE,172,0.052325581,0.01744186,0.063953488,0.063953488,0.034883721,0.063953488,0.034883721,0.052325581,0.058139535,0.063953488,0.023255814,0.023255814,0.063953488,0.046511628,0.023255814,0.069767442,0.11046512,0.081395349,0.01744186,0.034883721
gi|158512116,1,T6SE,661,0.078668684,0.013615734,0.049924357,0.06505295,0.031770045,0.081694402,0.033282905,0.046898638,0.042360061,0.08774584,0.016641452,0.031770045,0.039334342,0.057488654,0.066565809,0.078668684,0.057488654,0.075642965,0.016641452,0.028744327
gi|169752312,1,T6SE,172,0.075581395,0.01744186,0.058139535,0.058139535,0.052325581,0.11627907,0.011627907,0.052325581,0.063953488,0.075581395,0.034883721,0.046511628,0.034883721,0.063953488,0.029069767,0.058139535,0.029069767,0.075581395,0.023255814,0.023255814
gi|110277123,1,T6SE,172,0.075581395,0.01744186,0.063953488,0.052325581,0.046511628,0.063953488,0.034883721,0.052325581,0.052325581,0.052325581,0.029069767,0.023255814,0.063953488,0.069767442,0.023255814,0.063953488,0.087209302,0.087209302,0.01744186,0.023255814
gi|251753421,1,T6SE,159,0.037735849,0.018867925,0.044025157,0.062893082,0.025157233,0.050314465,0.044025157,0.081761006,0.031446541,0.094339623,0.031446541,0.088050314,0.025157233,0.031446541,0.037735849,0.11320755,0.088050314,0.044025157,0,0.050314465
tr|A0KHA9|Rhs,1,T6SE,927,0.091693635,0.0064724919,0.060409924,0.067961165,0.038834951,0.085221143,0.030204962,0.035598706,0.047464941,0.089536138,0.018338727,0.033441208,0.076591154,0.043149946,0.058252427,0.06364617,0.048543689,0.06364617,0.011866235,0.029126214
gi|110277142,1,T6SE,682,0.080645161,0.008797654,0.057184751,0.07771261,0.042521994,0.096774194,0.035190616,0.038123167,0.049853372,0.08797654,0.013196481,0.03372434,0.049853372,0.060117302,0.058651026,0.052785924,0.039589443,0.074780059,0.013196481,0.029325513
gi|225382164,1,T6SE,172,0.069767442,0.01744186,0.069767442,0.069767442,0.023255814,0.052325581,0.040697674,0.040697674,0.034883721,0.069767442,0.01744186,0.029069767,0.052325581,0.069767442,0.063953488,0.052325581,0.087209302,0.093023256,0.011627907,0.034883721
gi|68347098,1,T6SE,123,0.1300813,0.0081300813,0.024390244,0.024390244,0.040650407,0.12195122,0.089430894,0.06504065,0.048780488,0.040650407,0.024390244,0.024390244,0.06504065,0.048780488,0.040650407,0.06504065,0.040650407,0.040650407,0.016260163,0.040650407
gi|282949892,1,T6SE,161,0.080745342,0.01242236,0.068322981,0.074534161,0.043478261,0.080745342,0.02484472,0.062111801,0.068322981,0.055900621,0.02484472,0.037267081,0.01242236,0.031055901,0.043478261,0.10559006,0.062111801,0.068322981,0.01242236,0.031055901
gi|169752307,1,T6SE,782,0.042199488,0.011508951,0.056265985,0.04859335,0.046035806,0.088235294,0.02173913,0.046035806,0.02173913,0.057544757,0.02173913,0.042199488,0.029411765,0.04859335,0.051150895,0.13938619,0.10230179,0.081841432,0.011508951,0.031969309
gi|15641429,1,T6SE,641,0.074882995,0.0062402496,0.068642746,0.063962559,0.034321373,0.054602184,0.024960998,0.065522621,0.060842434,0.093603744,0.028081123,0.048361934,0.037441498,0.054602184,0.040561622,0.073322933,0.062402496,0.054602184,0.0093603744,0.043681747
gi|126387226,1,T6SE,167,0.083832335,0.005988024,0.05988024,0.071856287,0.02994012,0.065868263,0.02994012,0.035928144,0.089820359,0.047904192,0.011976048,0.047904192,0.023952096,0.02994012,0.035928144,0.095808383,0.065868263,0.089820359,0.02994012,0.047904192
gi|9949632,1,T6SE,1099,0.097361237,0.0063694268,0.04822566,0.064604186,0.032757052,0.074613285,0.020018198,0.043676069,0.031847134,0.1255687,0.023657871,0.040946315,0.058234759,0.060964513,0.072793449,0.07188353,0.034576888,0.04822566,0.021838035,0.021838035
gi|159186127,1,T6SE,166,0.072289157,0.018072289,0.030120482,0.036144578,0.036144578,0.10240964,0.024096386,0.072289157,0.024096386,0.048192771,0.018072289,0.078313253,0.06626506,0.024096386,0.06626506,0.096385542,0.060240964,0.048192771,0.018072289,0.060240964
gi|68344701,1,T6SE,177,0.15254237,0.016949153,0.039548023,0.028248588,0.04519774,0.096045198,0.011299435,0.050847458,0.039548023,0.073446328,0.02259887,0.062146893,0.039548023,0.050847458,0.062146893,0.073446328,0.04519774,0.056497175,0,0.033898305
gi|529189693,1,T6SE,1034,0.054158607,0.0058027079,0.043520309,0.064796905,0.055125725,0.047388781,0.020309478,0.081237911,0.085106383,0.10058027,0.015473888,0.076402321,0.034816248,0.046421663,0.02417795,0.075435203,0.058994197,0.050290135,0.011605416,0.048355899
gi|529189690,1,T6SE,172,0.093023256,0.01744186,0.058139535,0.052325581,0.040697674,0.063953488,0.034883721,0.040697674,0.046511628,0.063953488,0.023255814,0.029069767,0.063953488,0.063953488,0.029069767,0.058139535,0.093023256,0.081395349,0.01744186,0.029069767
gi|529189691,1,T6SE,723,0.052558783,0.012448133,0.06362379,0.066390041,0.035961272,0.0802213,0.042876902,0.069156293,0.047026279,0.066390041,0.013831259,0.048409405,0.035961272,0.076071923,0.049792531,0.058091286,0.0802213,0.055325035,0.015214385,0.030428769
gi|529187559,1,T6SE,730,0.069863014,0.010958904,0.060273973,0.053424658,0.049315068,0.091780822,0.035616438,0.046575342,0.042465753,0.07260274,0.021917808,0.050684932,0.045205479,0.061643836,0.039726027,0.071232877,0.075342466,0.064383562,0.01369863,0.023287671
gi|15595291,1,T6SE,430,0.14186047,0.0046511628,0.037209302,0.039534884,0.037209302,0.13023256,0.013953488,0.037209302,0.034883721,0.10465116,0.027906977,0.046511628,0.053488372,0.03255814,0.048837209,0.051162791,0.055813953,0.06744186,0.011627907,0.023255814
gi|15597880,1,T6SE,1317,0.11313591,0.0091116173,0.069855733,0.06833713,0.025056948,0.11237661,0.022779043,0.023538345,0.01594533,0.099468489,0.0075930144,0.016704632,0.047076689,0.045558087,0.11161731,0.050113895,0.038724374,0.060744115,0.020501139,0.041761579
gi|15597970,1,T6SE,195,0.12820513,0.0051282051,0.020512821,0.025641026,0.035897436,0.19487179,0,0.025641026,0.020512821,0.14358974,0.030769231,0.025641026,0.046153846,0.020512821,0.046153846,0.087179487,0.041025641,0.076923077,0.0051282051,0.020512821
gi|15600282,1,T6SE,745,0.095302013,0.0013422819,0.061744966,0.063087248,0.028187919,0.080536913,0.025503356,0.032214765,0.04295302,0.10201342,0.020134228,0.038926174,0.057718121,0.061744966,0.081879195,0.04966443,0.046979866,0.063087248,0.020134228,0.026845638
gi|28901118,1,T6SE,869,0.081703107,0.010356732,0.060989643,0.087456847,0.036823936,0.067894131,0.02301496,0.064441887,0.048331415,0.078250863,0.010356732,0.042577675,0.051783659,0.063291139,0.039125432,0.060989643,0.067894131,0.055235903,0.014959724,0.03452244
gi|28898162,1,T6SE,588,0.054421769,0.010204082,0.051020408,0.081632653,0.027210884,0.057823129,0.017006803,0.049319728,0.079931973,0.088435374,0.013605442,0.042517007,0.054421769,0.044217687,0.044217687,0.10204082,0.047619048,0.079931973,0.015306122,0.039115646
gi|28898189,1,T6SE,734,0.073569482,0.017711172,0.080381471,0.046321526,0.039509537,0.095367847,0.013623978,0.072207084,0.10490463,0.065395095,0.023160763,0.049046322,0.038147139,0.028610354,0.032697548,0.068119891,0.061307902,0.051771117,0.013623978,0.024523161
gi|91190981,1,T6SE,888,0.065315315,0.0078828829,0.059684685,0.077702703,0.040540541,0.070945946,0.025900901,0.04954955,0.061936937,0.099099099,0.010135135,0.050675676,0.04954955,0.048423423,0.031531532,0.073198198,0.056306306,0.059684685,0.016891892,0.045045045
gi|15891300,1,T6SE,526,0.096958175,0.015209125,0.060836502,0.053231939,0.024714829,0.089353612,0.020912548,0.051330798,0.043726236,0.060836502,0.024714829,0.051330798,0.081749049,0.047528517,0.064638783,0.068441065,0.057034221,0.060836502,0.0057034221,0.020912548
gi|15890633,1,T6SE,278,0.12230216,0.014388489,0.082733813,0.082733813,0.0071942446,0.12230216,0.0071942446,0.032374101,0.075539568,0.050359712,0.021582734,0.043165468,0.043165468,0.04676259,0.064748201,0.064748201,0.04676259,0.043165468,0.010791367,0.017985612
gi|146301001,1,T6SE,550,0.043636364,0.0054545455,0.083636364,0.056363636,0.04,0.072727273,0.016363636,0.074545455,0.098181818,0.070909091,0.012727273,0.070909091,0.04,0.029090909,0.029090909,0.058181818,0.085454545,0.036363636,0.02,0.056363636
gi|146301018,1,T6SE,910,0.051648352,0.0098901099,0.061538462,0.069230769,0.03956044,0.076923077,0.026373626,0.067032967,0.11538462,0.067032967,0.0065934066,0.061538462,0.041758242,0.034065934,0.035164835,0.068131868,0.047252747,0.068131868,0.012087912,0.040659341
gi|146301004,1,T6SE,602,0.07641196,0.0016611296,0.053156146,0.054817276,0.046511628,0.089700997,0.031561462,0.07641196,0.061461794,0.051495017,0.028239203,0.074750831,0.019933555,0.046511628,0.023255814,0.089700997,0.059800664,0.066445183,0.0049833887,0.043189369
gi|146301006,1,T6SE,128,0.0546875,0,0.0546875,0.09375,0.0625,0.0703125,0.0078125,0.0390625,0.078125,0.0625,0.046875,0.0625,0.015625,0.0078125,0.046875,0.09375,0.09375,0.0625,0.015625,0.03125
gi|296101929,1,T6SE,1462,0.0875513,0.0075239398,0.070451436,0.067031464,0.026675787,0.099863201,0.025991792,0.036935705,0.030095759,0.086867305,0.011627907,0.041039672,0.044459644,0.037619699,0.082079343,0.062243502,0.06497948,0.051983584,0.025991792,0.038987688
gi|296103479,1,T6SE,1418,0.08674189,0.010578279,0.070521862,0.057122708,0.023272214,0.1100141,0.023272214,0.039492243,0.019040903,0.09167842,0.011988717,0.037376587,0.03596615,0.042313117,0.09167842,0.069111425,0.052891396,0.055007052,0.026798307,0.045133992
gi|83717090,1,T6SE,1012,0.14229249,0.0079051383,0.065217391,0.048418972,0.039525692,0.085968379,0.029644269,0.031620553,0.053359684,0.10079051,0.013833992,0.029644269,0.038537549,0.024703557,0.07312253,0.068181818,0.052371542,0.065217391,0.006916996,0.022727273
gi|83716550,1,T6SE,162,0.037037037,0.018518519,0.037037037,0.098765432,0.012345679,0.067901235,0.030864198,0.067901235,0.080246914,0.092592593,0.030864198,0.018518519,0.061728395,0.049382716,0.024691358,0.080246914,0.080246914,0.055555556,0.018518519,0.037037037
gi|300698040,1,T6SE,708,0.12288136,0.0098870056,0.062146893,0.042372881,0.043785311,0.086158192,0.035310734,0.028248588,0.043785311,0.06920904,0.019774011,0.026836158,0.052259887,0.04519774,0.074858757,0.063559322,0.060734463,0.063559322,0.02259887,0.026836158
gi|384418314,1,T6SE,730,0.11917808,0.010958904,0.07260274,0.053424658,0.034246575,0.079452055,0.019178082,0.036986301,0.045205479,0.08630137,0.021917808,0.024657534,0.045205479,0.060273973,0.082191781,0.060273973,0.035616438,0.065753425,0.023287671,0.023287671
gi|157370037,1,T6SE,815,0.11411043,0.0073619632,0.061349693,0.052760736,0.036809816,0.083435583,0.018404908,0.030674847,0.051533742,0.11411043,0.02208589,0.030674847,0.066257669,0.046625767,0.052760736,0.062576687,0.044171779,0.057668712,0.017177914,0.029447853
gi|386034524,1,T6SE,813,0.099630996,0.011070111,0.067650677,0.057810578,0.043050431,0.083640836,0.020910209,0.029520295,0.044280443,0.099630996,0.022140221,0.030750308,0.071340713,0.04797048,0.060270603,0.044280443,0.057810578,0.065190652,0.01599016,0.027060271
gi|336250618,1,T6SE,795,0.12075472,0.011320755,0.071698113,0.049056604,0.035220126,0.075471698,0.021383648,0.044025157,0.059119497,0.081761006,0.013836478,0.031446541,0.060377358,0.045283019,0.047798742,0.06163522,0.057861635,0.059119497,0.011320755,0.041509434
gi|15598486,1,T6SE,882,0.11337868,0.010204082,0.057823129,0.069160998,0.03968254,0.088435374,0.020408163,0.034013605,0.040816327,0.10544218,0.020408163,0.029478458,0.062358277,0.048752834,0.065759637,0.057823129,0.035147392,0.063492063,0.015873016,0.02154195
gi|34495467,1,T6SE,512,0.072265625,0.015625,0.068359375,0.068359375,0.046875,0.076171875,0.021484375,0.04296875,0.064453125,0.0859375,0.0234375,0.04296875,0.044921875,0.033203125,0.072265625,0.0703125,0.033203125,0.052734375,0.025390625,0.0390625
gi|16416934,1,T6SE,641,0.063962559,0.017160686,0.062402496,0.063962559,0.040561622,0.054602184,0.031201248,0.046801872,0.070202808,0.10608424,0.021840874,0.042121685,0.056162246,0.049921997,0.040561622,0.067082683,0.034321373,0.068642746,0.012480499,0.049921997
gi|290474535,1,T6SE,624,0.048076923,0.0096153846,0.052884615,0.080128205,0.054487179,0.056089744,0.03525641,0.056089744,0.075320513,0.088141026,0.025641026,0.049679487,0.043269231,0.041666667,0.048076923,0.075320513,0.052884615,0.051282051,0.0080128205,0.048076923
gi|197285188,1,T6SE,636,0.055031447,0.0078616352,0.075471698,0.048742138,0.047169811,0.053459119,0.02672956,0.070754717,0.077044025,0.097484277,0.023584906,0.061320755,0.048742138,0.028301887,0.047169811,0.064465409,0.053459119,0.047169811,0.011006289,0.055031447
gi|152983811,1,T6SE,539,0.1187384,0.0074211503,0.051948052,0.070500928,0.031539889,0.07606679,0.029684601,0.022263451,0.035250464,0.10018553,0.025974026,0.025974026,0.059369202,0.040816327,0.06122449,0.063079777,0.044526902,0.083487941,0.012987013,0.038961039
gi|28870646,1,T6SE,758,0.091029024,0.011873351,0.059366755,0.063324538,0.047493404,0.071240106,0.035620053,0.039577836,0.044854881,0.080474934,0.013192612,0.034300792,0.056728232,0.039577836,0.051451187,0.064643799,0.063324538,0.083113456,0.01055409,0.038258575
gi|77456377,1,T6SE,727,0.10041265,0.013755158,0.053645117,0.067400275,0.03301238,0.070151307,0.041265475,0.044016506,0.03301238,0.1045392,0.015130674,0.028885832,0.064649243,0.038514443,0.074277854,0.046767538,0.060522696,0.056396149,0.012379642,0.041265475
gi|104784379,1,T6SE,717,0.090655509,0.013947001,0.061366806,0.061366806,0.040446304,0.066945607,0.033472803,0.036262204,0.025104603,0.10041841,0.027894003,0.032078103,0.062761506,0.057182706,0.066945607,0.055788006,0.048814505,0.068340307,0.011157601,0.039051604
gi|146305851,1,T6SE,726,0.11432507,0.0096418733,0.060606061,0.070247934,0.034435262,0.067493113,0.033057851,0.033057851,0.031680441,0.10192837,0.016528926,0.03030303,0.049586777,0.039944904,0.079889807,0.05785124,0.049586777,0.060606061,0.016528926,0.042699725
gi|119899760,1,T6SE,710,0.10140845,0.012676056,0.077464789,0.056338028,0.029577465,0.094366197,0.026760563,0.033802817,0.029577465,0.070422535,0.014084507,0.04084507,0.057746479,0.04084507,0.087323944,0.046478873,0.054929577,0.066197183,0.026760563,0.032394366
gi|28872169,1,T6SE,674,0.086053412,0.011869436,0.075667656,0.053412463,0.029673591,0.077151335,0.025222552,0.047477745,0.044510386,0.074183976,0.034124629,0.045994065,0.075667656,0.03115727,0.072700297,0.053412463,0.059347181,0.054896142,0.011869436,0.035608309
gi|188578355,1,T6SE,715,0.090909091,0.0083916084,0.062937063,0.053146853,0.029370629,0.078321678,0.018181818,0.027972028,0.047552448,0.083916084,0.027972028,0.039160839,0.074125874,0.06013986,0.067132867,0.046153846,0.071328671,0.057342657,0.011188811,0.044755245
gi|15595457,1,T6SE,716,0.087988827,0.0097765363,0.061452514,0.054469274,0.036312849,0.11592179,0.022346369,0.037709497,0.037709497,0.090782123,0.012569832,0.037709497,0.05726257,0.043296089,0.072625698,0.047486034,0.051675978,0.074022346,0.015363128,0.033519553
gi|401762249,1,T6SE,733,0.091405184,0.0095497954,0.068212824,0.054570259,0.036834925,0.07366985,0.030013643,0.05047749,0.057298772,0.066848568,0.02319236,0.057298772,0.062755798,0.042291951,0.051841746,0.057298772,0.049113233,0.057298772,0.013642565,0.04638472
gi|26249230,1,T6SE,658,0.063829787,0.009118541,0.063829787,0.065349544,0.027355623,0.08662614,0.024316109,0.037993921,0.065349544,0.074468085,0.013677812,0.048632219,0.071428571,0.041033435,0.054711246,0.066869301,0.065349544,0.047112462,0.022796353,0.050151976
gi|300718511,1,T6SE,678,0.07079646,0.01179941,0.064896755,0.05899705,0.036873156,0.061946903,0.020648968,0.048672566,0.060471976,0.07079646,0.025073746,0.060471976,0.078171091,0.041297935,0.05899705,0.067846608,0.060471976,0.038348083,0.019174041,0.044247788
gi|300697663,1,T6SE,742,0.092991914,0.013477089,0.061994609,0.067385445,0.032345013,0.082210243,0.035040431,0.029649596,0.044474394,0.068733154,0.022911051,0.044474394,0.071428571,0.035040431,0.061994609,0.053908356,0.051212938,0.061994609,0.02425876,0.044474394
gi|15596707,1,T6SE,569,0.082601054,0.007029877,0.066783831,0.068541301,0.015817223,0.098418278,0.021089631,0.040421793,0.038664323,0.084358524,0.019332162,0.043936731,0.059753954,0.054481547,0.066783831,0.059753954,0.0456942,0.057996485,0.029876977,0.038664323
gi|116687279,1,T6SE,646,0.095975232,0.0046439628,0.07120743,0.061919505,0.029411765,0.1006192,0.024767802,0.044891641,0.06501548,0.072755418,0.027863777,0.035603715,0.063467492,0.03869969,0.041795666,0.049535604,0.054179567,0.06501548,0.021671827,0.030959752
gi|300715001,1,T6SE,556,0.071942446,0.0053956835,0.06294964,0.04676259,0.026978417,0.09352518,0.021582734,0.057553957,0.061151079,0.089928058,0.019784173,0.053956835,0.057553957,0.048561151,0.052158273,0.059352518,0.041366906,0.071942446,0.019784173,0.037769784
gi|295095406,1,T6SE,513,0.058479532,0.007797271,0.06042885,0.052631579,0.031189084,0.076023392,0.027290448,0.052631579,0.062378168,0.097465887,0.021442495,0.040935673,0.062378168,0.044834308,0.048732943,0.087719298,0.038986355,0.072124756,0.019493177,0.037037037
gi|91212193,1,T6SE,589,0.052631579,0.0050933786,0.066213922,0.074702886,0.022071307,0.078098472,0.020373514,0.062818336,0.064516129,0.093378608,0.028862479,0.054329372,0.052631579,0.039049236,0.052631579,0.064516129,0.045840407,0.062818336,0.016977929,0.042444822
gi|384420437,1,T6SE,625,0.1088,0.008,0.0608,0.0432,0.0256,0.096,0.0256,0.04,0.0496,0.0752,0.0208,0.0368,0.064,0.0384,0.0656,0.0608,0.048,0.0704,0.0288,0.0336
gi|300697198,1,T6SE,672,0.11458333,0.011904762,0.06547619,0.053571429,0.032738095,0.056547619,0.023809524,0.041666667,0.056547619,0.072916667,0.03422619,0.052083333,0.040178571,0.0625,0.068452381,0.044642857,0.068452381,0.052083333,0.020833333,0.026785714
gi|34496689,1,T6SE,656,0.082317073,0.010670732,0.06402439,0.042682927,0.030487805,0.05945122,0.045731707,0.050304878,0.067073171,0.073170732,0.032012195,0.06097561,0.05945122,0.06554878,0.054878049,0.045731707,0.051829268,0.056402439,0.015243902,0.032012195
gi|251792084,1,T6SE,724,0.056629834,0.0082872928,0.064917127,0.087016575,0.034530387,0.062154696,0.029005525,0.059392265,0.092541436,0.064917127,0.020718232,0.064917127,0.044198895,0.048342541,0.035911602,0.053867403,0.063535912,0.060773481,0.020718232,0.027624309
gi|194291793,1,T6SE,999,0.10510511,0.011011011,0.064064064,0.042042042,0.031031031,0.079079079,0.02002002,0.039039039,0.057057057,0.083083083,0.024024024,0.034034034,0.048048048,0.055055055,0.059059059,0.073073073,0.046046046,0.081081081,0.02002002,0.028028028
tr|A1TI59|Uncharacterized,1,T6SE,130,0.11538462,0.0076923077,0.046153846,0.023076923,0.038461538,0.084615385,0.038461538,0.046153846,0.076923077,0.053846154,0.023076923,0.069230769,0.069230769,0.046153846,0.023076923,0.069230769,0.053846154,0.046153846,0.023076923,0.046153846
tr|A1TMA4|Uncharacterized,1,T6SE,145,0.096551724,0.027586207,0.020689655,0.020689655,0.027586207,0.10344828,0.020689655,0.034482759,0.062068966,0.027586207,0.0068965517,0.089655172,0.096551724,0.048275862,0.020689655,0.068965517,0.062068966,0.089655172,0.020689655,0.055172414
tr|A1TPV9|Uncharacterized,1,T6SE,116,0.12068966,0.0086206897,0.034482759,0.034482759,0.034482759,0.12068966,0.025862069,0.034482759,0.086206897,0.060344828,0.017241379,0.068965517,0.051724138,0.034482759,0.034482759,0.060344828,0.025862069,0.086206897,0.025862069,0.034482759
tr|A1TWF0|Uncharacterized,1,T6SE,162,0.12962963,0.012345679,0.043209877,0.012345679,0.012345679,0.11111111,0.030864198,0.024691358,0.055555556,0.055555556,0.024691358,0.024691358,0.067901235,0.067901235,0.043209877,0.074074074,0.043209877,0.080246914,0.043209877,0.043209877
tr|A7MQ14|Uncharacterized,1,T6SE,164,0.085365854,0.030487805,0.073170732,0.042682927,0.054878049,0.091463415,0.018292683,0.054878049,0.073170732,0.079268293,0.024390244,0.054878049,0.024390244,0.030487805,0.06097561,0.054878049,0.024390244,0.054878049,0.012195122,0.054878049
tr|A8AER8|Uncharacterized,1,T6SE,125,0.112,0.008,0.064,0.016,0.024,0.12,0.04,0.048,0.064,0.008,0.04,0.04,0.056,0.048,0.056,0.072,0.048,0.048,0.032,0.056
tr|A8AGA8|Uncharacterized,1,T6SE,56,0.053571429,0.035714286,0,0.053571429,0.035714286,0.017857143,0.053571429,0.071428571,0.053571429,0.071428571,0.053571429,0.017857143,0.035714286,0.10714286,0.071428571,0.035714286,0.089285714,0.089285714,0.017857143,0.035714286
tr|A9BLK0|Putative,1,T6SE,123,0.13821138,0.0081300813,0.06504065,0.016260163,0.048780488,0.12195122,0.024390244,0.032520325,0.048780488,0.024390244,0.040650407,0.032520325,0.048780488,0.032520325,0.06504065,0.056910569,0.056910569,0.056910569,0.024390244,0.056910569
tr|A9BLY3|Putative,1,T6SE,173,0.092485549,0.0057803468,0.052023121,0.034682081,0.052023121,0.10982659,0.023121387,0.052023121,0.063583815,0.080924855,0.011560694,0.063583815,0.057803468,0.0057803468,0.046242775,0.069364162,0.069364162,0.034682081,0.023121387,0.052023121
tr|B0VVE2|Uncharacterized,1,T6SE,200,0.025,0.02,0.075,0.07,0.055,0.09,0.02,0.085,0.095,0.065,0.025,0.07,0.015,0.015,0.01,0.095,0.06,0.075,0.005,0.03
tr|B1YTK4|Uncharacterized,1,T6SE,126,0.079365079,0.0079365079,0.055555556,0.055555556,0.031746032,0.095238095,0.031746032,0.047619048,0.071428571,0.03968254,0.0079365079,0.047619048,0.047619048,0.023809524,0.095238095,0.063492063,0.055555556,0.079365079,0.015873016,0.047619048
tr|B2SWU8|Putative,1,T6SE,122,0.090163934,0.016393443,0.057377049,0.024590164,0.024590164,0.081967213,0.040983607,0.073770492,0.0081967213,0.024590164,0.040983607,0.040983607,0.057377049,0.06557377,0.073770492,0.090163934,0.0081967213,0.057377049,0.024590164,0.098360656
tr|B2TCX2|Uncharacterized,1,T6SE,133,0.13533835,0.015037594,0.060150376,0.007518797,0.015037594,0.11278195,0.037593985,0.067669173,0.067669173,0.082706767,0.015037594,0.045112782,0.030075188,0.037593985,0.030075188,0.030075188,0.060150376,0.060150376,0.037593985,0.052631579
tr|B2VH84|Putative,1,T6SE,159,0.062893082,0.018867925,0.056603774,0.025157233,0.037735849,0.10062893,0.018867925,0.06918239,0.088050314,0.062893082,0.018867925,0.06918239,0.037735849,0.031446541,0.031446541,0.075471698,0.037735849,0.075471698,0.037735849,0.044025157
tr|C6BHF2|Putative,1,T6SE,119,0.12605042,0.0084033613,0.033613445,0.033613445,0.025210084,0.1092437,0.058823529,0.075630252,0.058823529,0.033613445,0.025210084,0.025210084,0.075630252,0.025210084,0.050420168,0.084033613,0.016806723,0.033613445,0.016806723,0.084033613
tr|C9XXJ5|Uncharacterized,1,T6SE,122,0.10655738,0.0081967213,0.040983607,0.032786885,0.032786885,0.1147541,0.024590164,0.049180328,0.024590164,0.06557377,0.040983607,0.040983607,0.073770492,0.032786885,0.090163934,0.073770492,0.049180328,0.032786885,0.016393443,0.049180328
tr|C9XYW6|Uncharacterized,1,T6SE,129,0.12403101,0.007751938,0.046511628,0.015503876,0.023255814,0.10852713,0.046511628,0.07751938,0.031007752,0.023255814,0.023255814,0.085271318,0.046511628,0.046511628,0.062015504,0.031007752,0.046511628,0.07751938,0.015503876,0.062015504
tr|C9XZ04|Uncharacterized,1,T6SE,136,0.125,0.0073529412,0.036764706,0.022058824,0.014705882,0.095588235,0.036764706,0.051470588,0.029411765,0.029411765,0.036764706,0.073529412,0.044117647,0.051470588,0.066176471,0.051470588,0.080882353,0.080882353,0.014705882,0.051470588
tr|D2ZDL2|Uncharacterized,1,T6SE,122,0.098360656,0.0081967213,0.040983607,0.024590164,0.032786885,0.12295082,0.024590164,0.049180328,0.06557377,0.040983607,0.049180328,0.032786885,0.057377049,0.040983607,0.049180328,0.073770492,0.049180328,0.057377049,0.016393443,0.06557377
tr|D4E4R6|Uncharacterized,1,T6SE,168,0.089285714,0.017857143,0.041666667,0.023809524,0.047619048,0.083333333,0.017857143,0.029761905,0.053571429,0.071428571,0.011904762,0.077380952,0.06547619,0.029761905,0.053571429,0.05952381,0.053571429,0.083333333,0.041666667,0.047619048
tr|D5WCZ6|Uncharacterized,1,T6SE,131,0.099236641,0.0076335878,0.030534351,0.030534351,0.030534351,0.091603053,0.045801527,0.061068702,0.038167939,0.030534351,0.022900763,0.061068702,0.061068702,0.061068702,0.06870229,0.053435115,0.076335878,0.06870229,0.030534351,0.030534351
tr|D6J6Z7|Putative,1,T6SE,161,0.043478261,0.01863354,0.049689441,0.02484472,0.049689441,0.1242236,0.02484472,0.074534161,0.043478261,0.049689441,0.02484472,0.080745342,0.062111801,0.01863354,0.037267081,0.080745342,0.043478261,0.093167702,0.02484472,0.031055901
tr|D8NKY6|D8NKY6_RALSLUncharacterized,1,T6SE,125,0.112,0.008,0.048,0.032,0.024,0.12,0.048,0.024,0.032,0.032,0.024,0.048,0.072,0.048,0.056,0.072,0.032,0.072,0.016,0.08
tr|E8WJ67|Uncharacterized,1,T6SE,93,0.032258065,0.075268817,0.064516129,0.010752688,0.043010753,0,0.032258065,0.096774194,0.021505376,0.11827957,0.043010753,0.053763441,0.064516129,0.053763441,0.086021505,0.064516129,0.032258065,0.086021505,0.010752688,0.010752688
tr|F5RYK9|Uncharacterized,1,T6SE,160,0.06875,0.025,0.0375,0.01875,0.05,0.1125,0.025,0.0625,0.04375,0.05625,0.03125,0.06875,0.05625,0.025,0.04375,0.08125,0.0625,0.075,0.025,0.03125
tr|G2S527|Uncharacterized,1,T6SE,120,0.091666667,0.016666667,0.075,0.016666667,0.025,0.083333333,0.083333333,0.075,0.033333333,0.05,0.025,0.033333333,0.041666667,0.058333333,0.058333333,0.066666667,0.041666667,0.05,0.016666667,0.058333333
tr|G4QDA2|Uncharacterized,1,T6SE,143,0.055944056,0.006993007,0.062937063,0.020979021,0.06993007,0.097902098,0.041958042,0.083916084,0.11188811,0.083916084,0.020979021,0.076923077,0.020979021,0.006993007,0.020979021,0.048951049,0.055944056,0.034965035,0.013986014,0.062937063
tr|Q13LX5|Uncharacterized,1,T6SE,126,0.095238095,0.0079365079,0.047619048,0.031746032,0.031746032,0.11111111,0.047619048,0.047619048,0.015873016,0.03968254,0.015873016,0.063492063,0.03968254,0.047619048,0.063492063,0.063492063,0.071428571,0.1031746,0.015873016,0.03968254
tr|Q13YG4|Uncharacterized,1,T6SE,133,0.14285714,0.007518797,0.052631579,0.030075188,0.015037594,0.10526316,0.037593985,0.037593985,0.030075188,0.030075188,0.022556391,0.052631579,0.060150376,0.060150376,0.067669173,0.045112782,0.022556391,0.082706767,0.022556391,0.07518797
tr|Q4ZP52|Putative,1,T6SE,167,0.089820359,0.017964072,0.053892216,0.035928144,0.05988024,0.065868263,0.02994012,0.047904192,0.071856287,0.05988024,0.005988024,0.05988024,0.05988024,0.023952096,0.041916168,0.071856287,0.05988024,0.065868263,0.02994012,0.047904192
tr|Q8Z4Z6|NlpC/P60,1,T6SE,122,0.12295082,0.0081967213,0.049180328,0.032786885,0.024590164,0.12295082,0.040983607,0.06557377,0.049180328,0.016393443,0.040983607,0.024590164,0.049180328,0.032786885,0.073770492,0.057377049,0.057377049,0.024590164,0.024590164,0.081967213
tr|Q8Z969|Uncharacterised,1,T6SE,133,0.090225564,0.007518797,0.045112782,0.037593985,0.037593985,0.090225564,0.045112782,0.067669173,0.052631579,0.030075188,0.022556391,0.082706767,0.022556391,0.060150376,0.052631579,0.045112782,0.045112782,0.090225564,0.022556391,0.052631579
tr|Q912Q1|VP1,1,T6SE,169,0.065088757,0,0.065088757,0.059171598,0.035502959,0.059171598,0.053254438,0.035502959,0.059171598,0.10059172,0.0059171598,0.059171598,0.065088757,0.059171598,0.023668639,0.12426036,0.023668639,0.053254438,0.01183432,0.041420118
tr|Q93IS4|Putative,1,T6SE,161,0.055900621,0.01863354,0.055900621,0.01242236,0.043478261,0.10559006,0.031055901,0.080745342,0.055900621,0.055900621,0.02484472,0.099378882,0.062111801,0.01863354,0.037267081,0.062111801,0.037267081,0.080745342,0.02484472,0.037267081
sp|E0SAL0|VGRGA_DICD3Putative,1,T6SE,617,0.094003241,0.0064829822,0.048622366,0.071312804,0.053484603,0.087520259,0.024311183,0.040518639,0.030794165,0.077795786,0.011345219,0.047001621,0.04376013,0.05834684,0.055105348,0.061588331,0.074554295,0.074554295,0.011345219,0.027552674
gi|56416452,0,non-T6SE,171,0.070175439,0.01754386,0.046783626,0.064327485,0.0058479532,0.10526316,0.011695906,0.046783626,0.052631579,0.076023392,0.040935673,0.070175439,0.023391813,0,0.081871345,0.064327485,0.058479532,0.081871345,0.046783626,0.035087719
gi|56416486,0,non-T6SE,262,0.053435115,0.049618321,0.095419847,0.038167939,0.019083969,0.045801527,0.011450382,0.06870229,0.08778626,0.099236641,0.026717557,0.038167939,0.049618321,0.026717557,0.053435115,0.083969466,0.041984733,0.049618321,0.019083969,0.041984733
gi|56416658,0,non-T6SE,179,0.083798883,0.022346369,0.067039106,0.078212291,0.033519553,0.094972067,0.016759777,0.033519553,0.05027933,0.089385475,0.033519553,0.039106145,0.033519553,0.027932961,0.05027933,0.078212291,0.044692737,0.089385475,0.016759777,0.016759777
gi|56416728,0,non-T6SE,369,0.10840108,0.01897019,0.054200542,0.067750678,0.024390244,0.10569106,0.0081300813,0.06504065,0.048780488,0.086720867,0.037940379,0.024390244,0.051490515,0.013550136,0.048780488,0.073170732,0.043360434,0.100271,0,0.01897019
gi|56416785,0,non-T6SE,431,0.11600928,0.0092807425,0.062645012,0.060324826,0.025522042,0.083526682,0.011600928,0.060324826,0.05800464,0.092807425,0.016241299,0.051044084,0.027842227,0.023201856,0.046403712,0.07424594,0.044083527,0.10672854,0.0023201856,0.027842227
gi|56416813,0,non-T6SE,201,0.084577114,0.024875622,0.039800995,0.054726368,0.014925373,0.069651741,0.049751244,0.059701493,0.034825871,0.10945274,0.049751244,0.019900498,0.034825871,0.029850746,0.059701493,0.074626866,0.059701493,0.099502488,0.0049751244,0.024875622
gi|161544987,0,non-T6SE,327,0.097859327,0.006116208,0.070336391,0.06116208,0.021406728,0.091743119,0.027522936,0.058103976,0.04587156,0.091743119,0.01529052,0.042813456,0.055045872,0.012232416,0.06116208,0.067278287,0.042813456,0.094801223,0.0091743119,0.027522936
gi|49474890,0,non-T6SE,381,0.065616798,0.026246719,0.052493438,0.086614173,0.060367454,0.11811024,0.026246719,0.052493438,0.073490814,0.052493438,0.020997375,0.036745407,0.041994751,0.041994751,0.078740157,0.065616798,0.036745407,0.041994751,0,0.020997375
gi|49474941,0,non-T6SE,672,0.083333333,0.010416667,0.022321429,0.020833333,0.084821429,0.10119048,0.032738095,0.09077381,0.022321429,0.099702381,0.046130952,0.032738095,0.046130952,0.020833333,0.02827381,0.044642857,0.055059524,0.086309524,0.038690476,0.032738095
gi|49475017,0,non-T6SE,332,0.045180723,0.0060240964,0.060240964,0.060240964,0.048192771,0.03313253,0.021084337,0.090361446,0.069277108,0.11746988,0.012048193,0.045180723,0.042168675,0.048192771,0.075301205,0.060240964,0.054216867,0.060240964,0.012048193,0.039156627
gi|49475022,0,non-T6SE,733,0.085948158,0.0040927694,0.062755798,0.088676671,0.031377899,0.079126876,0.017735334,0.090040928,0.070941337,0.07366985,0.030013643,0.024556617,0.039563438,0.030013643,0.053206003,0.055934516,0.066848568,0.06957708,0.0054570259,0.020463847
gi|49475050,0,non-T6SE,373,0.053619303,0.0026809651,0.048257373,0.032171582,0.085790885,0.08847185,0.0080428954,0.10187668,0.032171582,0.13941019,0.021447721,0.018766756,0.037533512,0.029490617,0.040214477,0.09919571,0.045576408,0.064343164,0.0080428954,0.042895442
gi|49475082,0,non-T6SE,383,0.11749347,0.0026109661,0.067885117,0.036553525,0.039164491,0.091383812,0.020887728,0.067885117,0.036553525,0.09921671,0.031331593,0.015665796,0.036553525,0.033942559,0.078328982,0.054830287,0.036553525,0.083550914,0.020887728,0.028720627
gi|49475197,0,non-T6SE,451,0.090909091,0.0022172949,0.022172949,0.022172949,0.064301552,0.088691796,0.0088691796,0.11973392,0.033259424,0.13525499,0.042128603,0.035476718,0.037694013,0.028824834,0.022172949,0.088691796,0.044345898,0.086474501,0.013303769,0.013303769
gi|49475229,0,non-T6SE,366,0.090163934,0.013661202,0.06557377,0.038251366,0.032786885,0.10928962,0.030054645,0.087431694,0.038251366,0.049180328,0.019125683,0.040983607,0.046448087,0.030054645,0.071038251,0.06284153,0.049180328,0.090163934,0.0081967213,0.027322404
gi|49475398,0,non-T6SE,1383,0.075921909,0.0043383948,0.084598698,0.07736804,0.036876356,0.074475777,0.016630513,0.062183659,0.052783803,0.082429501,0.038322487,0.032537961,0.044107014,0.035430224,0.07230658,0.052060738,0.041937816,0.083152567,0.0050614606,0.0274765
gi|49475551,0,non-T6SE,161,0.099378882,0,0.037267081,0.049689441,0.037267081,0.080745342,0.01863354,0.068322981,0.093167702,0.062111801,0.01242236,0.037267081,0.031055901,0.037267081,0.093167702,0.055900621,0.074534161,0.074534161,0.0062111801,0.031055901
gi|49475600,0,non-T6SE,276,0.065217391,0.025362319,0.065217391,0.054347826,0.043478261,0.097826087,0.032608696,0.10507246,0.047101449,0.057971014,0.025362319,0.039855072,0.043478261,0.032608696,0.054347826,0.043478261,0.061594203,0.050724638,0.0072463768,0.047101449
gi|49475756,0,non-T6SE,931,0.074113856,0.007518797,0.077336198,0.080558539,0.026852846,0.070891515,0.017185822,0.077336198,0.042964554,0.084854995,0.031149302,0.034371643,0.042964554,0.024704619,0.088077336,0.058002148,0.051557465,0.083780881,0.0032223416,0.022556391
gi|49475880,0,non-T6SE,405,0.069135802,0.0049382716,0.037037037,0.039506173,0.061728395,0.041975309,0.014814815,0.11851852,0.054320988,0.12098765,0.024691358,0.061728395,0.039506173,0.044444444,0.044444444,0.051851852,0.069135802,0.059259259,0.014814815,0.027160494
gi|49475883,0,non-T6SE,171,0.035087719,0.011695906,0.064327485,0.058479532,0.029239766,0.040935673,0.035087719,0.070175439,0.058479532,0.15204678,0.023391813,0.029239766,0.081871345,0.023391813,0.081871345,0.046783626,0.076023392,0.023391813,0.029239766,0.029239766
gi|49476134,0,non-T6SE,715,0.096503497,0.0013986014,0.046153846,0.078321678,0.037762238,0.082517483,0.011188811,0.048951049,0.078321678,0.082517483,0.030769231,0.05034965,0.041958042,0.044755245,0.06013986,0.067132867,0.044755245,0.076923077,0.006993007,0.012587413
gi|49476146,0,non-T6SE,361,0.11080332,0.0055401662,0.077562327,0.066481994,0.03601108,0.060941828,0.022160665,0.08033241,0.038781163,0.13573407,0.011080332,0.019390582,0.055401662,0.04432133,0.088642659,0.03601108,0.04432133,0.04432133,0.0055401662,0.016620499
gi|49476187,0,non-T6SE,531,0.096045198,0.0056497175,0.050847458,0.071563089,0.030131827,0.092278719,0.013182674,0.060263653,0.058380414,0.080979284,0.018832392,0.032015066,0.047080979,0.035781544,0.04519774,0.075329567,0.062146893,0.099811676,0,0.024482109
gi|33591276,0,non-T6SE,639,0.10485133,0.0046948357,0.053208138,0.0657277,0.026604069,0.089201878,0.028169014,0.050078247,0.03286385,0.10954617,0.012519562,0.029733959,0.053208138,0.056338028,0.075117371,0.050078247,0.050078247,0.06885759,0.0078247261,0.031298905
gi|33591308,0,non-T6SE,131,0.06870229,0.0076335878,0.091603053,0.083969466,0.038167939,0.099236641,0.030534351,0.053435115,0.083969466,0.06870229,0.030534351,0.030534351,0.022900763,0.015267176,0.061068702,0.022900763,0.06870229,0.061068702,0.0076335878,0.053435115
gi|33591337,0,non-T6SE,193,0.11917098,0.0051813472,0.056994819,0.031088083,0.051813472,0.082901554,0.03626943,0.051813472,0.0051813472,0.10362694,0.0051813472,0.041450777,0.082901554,0.031088083,0.11917098,0.046632124,0.031088083,0.051813472,0.020725389,0.025906736
gi|33591364,0,non-T6SE,220,0.14090909,0.022727273,0.040909091,0.05,0.013636364,0.11818182,0.027272727,0.031818182,0.022727273,0.12272727,0.018181818,0.018181818,0.063636364,0.045454545,0.068181818,0.013636364,0.045454545,0.077272727,0.013636364,0.045454545
gi|33591365,0,non-T6SE,333,0.1021021,0.021021021,0.063063063,0.066066066,0.03003003,0.057057057,0.045045045,0.042042042,0.051051051,0.081081081,0.033033033,0.027027027,0.069069069,0.033033033,0.072072072,0.051051051,0.051051051,0.072072072,0.003003003,0.03003003
gi|33591421,0,non-T6SE,158,0.056962025,0.012658228,0.088607595,0.094936709,0.03164557,0.056962025,0.044303797,0.063291139,0.056962025,0.14556962,0.03164557,0.037974684,0.012658228,0.075949367,0.037974684,0.025316456,0.037974684,0.050632911,0.0063291139,0.03164557
gi|33591450,0,non-T6SE,637,0.098901099,0.010989011,0.06122449,0.080062794,0.03610675,0.080062794,0.031397174,0.065934066,0.053375196,0.069073783,0.032967033,0.026687598,0.062794349,0.031397174,0.064364207,0.039246468,0.06122449,0.051805338,0.014128728,0.028257457
gi|33591498,0,non-T6SE,539,0.12615955,0,0.035250464,0.040816327,0.064935065,0.07606679,0.014842301,0.051948052,0.025974026,0.11502783,0.042671614,0.025974026,0.044526902,0.024118738,0.050092764,0.055658627,0.048237477,0.094619666,0.029684601,0.033395176
gi|33591525,0,non-T6SE,619,0.1276252,0.022617124,0.064620355,0.056542811,0.027463651,0.11147011,0.022617124,0.054927302,0.033925687,0.077544426,0.033925687,0.027463651,0.035541195,0.02907916,0.063004847,0.056542811,0.053311793,0.074313409,0.0080775444,0.019386107
gi|33591569,0,non-T6SE,216,0.14814815,0.0092592593,0.060185185,0.027777778,0.046296296,0.10648148,0.027777778,0.023148148,0.0046296296,0.11574074,0.032407407,0.018518519,0.083333333,0.050925926,0.097222222,0.018518519,0.041666667,0.046296296,0.023148148,0.018518519
gi|33591598,0,non-T6SE,224,0.16964286,0,0.066964286,0.035714286,0.058035714,0.10267857,0.017857143,0.053571429,0.03125,0.071428571,0.022321429,0.013392857,0.040178571,0.022321429,0.058035714,0.075892857,0.044642857,0.089285714,0,0.026785714
gi|33591615,0,non-T6SE,200,0.14,0.02,0.07,0.06,0.03,0.09,0.045,0.06,0.005,0.11,0.05,0.035,0.03,0.025,0.065,0.04,0.055,0.065,0,0.005
gi|33591651,0,non-T6SE,134,0.097014925,0.0074626866,0.052238806,0.059701493,0.067164179,0.089552239,0.0074626866,0.037313433,0.02238806,0.059701493,0.014925373,0.037313433,0.059701493,0.074626866,0.059701493,0.059701493,0.029850746,0.1119403,0.02238806,0.029850746
gi|33591687,0,non-T6SE,1042,0.15547025,0.0028790787,0.053742802,0.10556622,0.016314779,0.069097889,0.022072937,0.042226488,0.028790787,0.062380038,0.013435701,0.025911708,0.067178503,0.054702495,0.098848369,0.034548944,0.063339731,0.070057582,0.0057581574,0.0076775432
gi|33591698,0,non-T6SE,817,0.10893513,0.0085679315,0.069767442,0.075887393,0.029375765,0.079559364,0.024479804,0.045287638,0.053855569,0.095471236,0.022031824,0.033047736,0.029375765,0.035495716,0.075887393,0.052631579,0.047735618,0.084455324,0.006119951,0.022031824
gi|33591728,0,non-T6SE,111,0.12612613,0,0.054054054,0.027027027,0.027027027,0.081081081,0.018018018,0.045045045,0.063063063,0.045045045,0.027027027,0.054054054,0.036036036,0.072072072,0.045045045,0.10810811,0.09009009,0.027027027,0,0.054054054
gi|33591806,0,non-T6SE,250,0.132,0.004,0.076,0.068,0.016,0.064,0.024,0.052,0.052,0.108,0.02,0.036,0.048,0.032,0.08,0.02,0.044,0.056,0.024,0.044
gi|33591844,0,non-T6SE,573,0.10296684,0.015706806,0.066317627,0.055846422,0.047120419,0.092495637,0.034904014,0.052356021,0.031413613,0.10471204,0.013961606,0.020942408,0.054101222,0.038394415,0.089005236,0.038394415,0.041884817,0.057591623,0.0069808028,0.034904014
gi|33591852,0,non-T6SE,327,0.13761468,0.0091743119,0.06116208,0.042813456,0.01529052,0.11314985,0.01529052,0.042813456,0.027522936,0.11926606,0.027522936,0.03058104,0.042813456,0.03058104,0.070336391,0.042813456,0.042813456,0.097859327,0.01529052,0.01529052
gi|33591890,0,non-T6SE,404,0.12376238,0.004950495,0.054455446,0.066831683,0.027227723,0.099009901,0.024752475,0.054455446,0.014851485,0.079207921,0.01980198,0.004950495,0.056930693,0.04950495,0.081683168,0.047029703,0.04950495,0.11386139,0.0074257426,0.01980198
gi|33591923,0,non-T6SE,377,0.10875332,0.0026525199,0.087533156,0.053050398,0.037135279,0.11671088,0.021220159,0.047745358,0.039787798,0.084880637,0.01061008,0.034482759,0.061007958,0.034482759,0.076923077,0.042440318,0.045092838,0.066312997,0.01061008,0.018567639
gi|33591961,0,non-T6SE,163,0.061349693,0,0.049079755,0.10429448,0.018404908,0.073619632,0.018404908,0.098159509,0.055214724,0.09202454,0.030674847,0.018404908,0.012269939,0.018404908,0.085889571,0.049079755,0.079754601,0.12269939,0,0.012269939
gi|33592032,0,non-T6SE,162,0.18518519,0,0.074074074,0.018518519,0.024691358,0.12962963,0.049382716,0.061728395,0.030864198,0.10493827,0.012345679,0.037037037,0.043209877,0.012345679,0.055555556,0.012345679,0.037037037,0.092592593,0.0061728395,0.012345679
gi|33592099,0,non-T6SE,241,0.1120332,0.012448133,0.033195021,0.070539419,0.029045643,0.082987552,0.01659751,0.033195021,0.041493776,0.095435685,0.033195021,0.029045643,0.058091286,0.033195021,0.049792531,0.087136929,0.053941909,0.082987552,0.01659751,0.029045643
gi|33592102,0,non-T6SE,377,0.13793103,0.0079575597,0.053050398,0.053050398,0.037135279,0.092838196,0.031830239,0.031830239,0.026525199,0.084880637,0.042440318,0.031830239,0.055702918,0.031830239,0.061007958,0.066312997,0.029177719,0.074270557,0.021220159,0.029177719
gi|33592105,0,non-T6SE,442,0.14027149,0.0090497738,0.06561086,0.049773756,0.033936652,0.12443439,0.011312217,0.049773756,0.013574661,0.1040724,0.027149321,0.011312217,0.049773756,0.018099548,0.081447964,0.049773756,0.047511312,0.074660633,0.013574661,0.024886878
gi|161610761,0,non-T6SE,571,0.066549912,0.0017513135,0.063047285,0.092819615,0.031523643,0.096322242,0.012259194,0.050788091,0.064798599,0.098073555,0.017513135,0.04028021,0.024518389,0.033274956,0.059544658,0.064798599,0.054290718,0.10683012,0.010507881,0.010507881
gi|33592108,0,non-T6SE,119,0.10084034,0,0.075630252,0.042016807,0.025210084,0.084033613,0.025210084,0.033613445,0.050420168,0.084033613,0.050420168,0.025210084,0.050420168,0.067226891,0.067226891,0.10084034,0.033613445,0.058823529,0.0084033613,0.016806723
gi|33592122,0,non-T6SE,344,0.12209302,0,0.078488372,0.040697674,0.034883721,0.075581395,0.011627907,0.043604651,0.046511628,0.087209302,0.0029069767,0.026162791,0.055232558,0.049418605,0.075581395,0.046511628,0.055232558,0.090116279,0.020348837,0.037790698
gi|33592143,0,non-T6SE,901,0.095449501,0.0055493896,0.061043285,0.071032186,0.036625971,0.094339623,0.036625971,0.04772475,0.052164262,0.091009989,0.029966704,0.034406215,0.052164262,0.042175361,0.061043285,0.042175361,0.038845727,0.051054384,0.014428413,0.042175361
gi|33592161,0,non-T6SE,491,0.11405295,0.0040733198,0.042769857,0.020366599,0.036659878,0.10183299,0.022403259,0.054989817,0.032586558,0.15071283,0.032586558,0.032586558,0.034623218,0.018329939,0.044806517,0.054989817,0.067209776,0.095723014,0.020366599,0.018329939
gi|33592162,0,non-T6SE,216,0.13888889,0.018518519,0.060185185,0.046296296,0.018518519,0.083333333,0.0092592593,0.060185185,0.023148148,0.10185185,0.018518519,0.0046296296,0.083333333,0.041666667,0.064814815,0.064814815,0.069444444,0.069444444,0.0092592593,0.013888889
gi|33592170,0,non-T6SE,186,0.1344086,0.02688172,0.043010753,0.032258065,0.048387097,0.064516129,0.032258065,0.043010753,0.016129032,0.10215054,0.032258065,0.016129032,0.064516129,0.048387097,0.091397849,0.069892473,0.048387097,0.043010753,0.016129032,0.02688172
gi|33592172,0,non-T6SE,315,0.11746032,0,0.053968254,0.06031746,0.022222222,0.088888889,0.019047619,0.053968254,0.025396825,0.085714286,0.034920635,0.050793651,0.041269841,0.041269841,0.11111111,0.06984127,0.028571429,0.06984127,0.0095238095,0.015873016
gi|33592173,0,non-T6SE,685,0.13284672,0.0087591241,0.067153285,0.074452555,0.024817518,0.067153285,0.018978102,0.055474453,0.024817518,0.10072993,0.026277372,0.026277372,0.058394161,0.058394161,0.059854015,0.052554745,0.045255474,0.083211679,0.004379562,0.010218978
gi|33592174,0,non-T6SE,166,0.078313253,0,0.060240964,0.084337349,0.030120482,0.072289157,0.0060240964,0.084337349,0.036144578,0.10240964,0.030120482,0.042168675,0.030120482,0.024096386,0.054216867,0.036144578,0.072289157,0.13253012,0,0.024096386
gi|33592178,0,non-T6SE,210,0.13333333,0,0.1,0.052380952,0.014285714,0.052380952,0.0047619048,0.038095238,0.014285714,0.10952381,0.052380952,0.033333333,0.042857143,0.11428571,0.076190476,0.023809524,0.052380952,0.066666667,0.0095238095,0.0095238095
gi|33592184,0,non-T6SE,447,0.078299776,0.013422819,0.071588367,0.064876957,0.042505593,0.073825503,0.020134228,0.044742729,0.03803132,0.082774049,0.029082774,0.029082774,0.053691275,0.049217002,0.082774049,0.053691275,0.049217002,0.098434004,0,0.024608501
gi|33592201,0,non-T6SE,519,0.10404624,0.0057803468,0.06743738,0.057803468,0.026974952,0.080924855,0.01734104,0.034682081,0.030828516,0.10597303,0.030828516,0.023121387,0.08477842,0.02504817,0.077071291,0.038535645,0.053949904,0.082851638,0.02504817,0.026974952
gi|33592209,0,non-T6SE,278,0.12230216,0.0071942446,0.010791367,0.014388489,0.039568345,0.089928058,0.0071942446,0.075539568,0.021582734,0.1618705,0.028776978,0.053956835,0.050359712,0.017985612,0.043165468,0.04676259,0.068345324,0.082733813,0.025179856,0.032374101
gi|33592210,0,non-T6SE,338,0.10059172,0,0.017751479,0.032544379,0.068047337,0.091715976,0,0.091715976,0.020710059,0.13609467,0.041420118,0.032544379,0.059171598,0.023668639,0.032544379,0.076923077,0.059171598,0.076923077,0.020710059,0.017751479
gi|33592211,0,non-T6SE,346,0.15606936,0,0.057803468,0.037572254,0.040462428,0.10404624,0.0057803468,0.043352601,0.092485549,0.060693642,0.0057803468,0.040462428,0.046242775,0.054913295,0.011560694,0.054913295,0.040462428,0.086705202,0.031791908,0.028901734
gi|33592259,0,non-T6SE,956,0.091004184,0.0052301255,0.057531381,0.067991632,0.043933054,0.079497908,0.033472803,0.037656904,0.040794979,0.087866109,0.018828452,0.030334728,0.046025105,0.055439331,0.062761506,0.060669456,0.056485356,0.077405858,0.011506276,0.035564854
gi|33592276,0,non-T6SE,791,0.14791403,0.0063211125,0.067003793,0.074589128,0.032869785,0.074589128,0.013906448,0.04045512,0.042983565,0.10493047,0.011378003,0.03034134,0.0505689,0.026548673,0.089759798,0.032869785,0.051833123,0.08091024,0.007585335,0.012642225
gi|33592355,0,non-T6SE,453,0.13245033,0.013245033,0.037527594,0.06401766,0.022075055,0.092715232,0.01986755,0.041942605,0.028697572,0.1214128,0.013245033,0.01986755,0.050772627,0.04415011,0.070640177,0.059602649,0.057395143,0.090507726,0.0066225166,0.013245033
gi|33592369,0,non-T6SE,201,0.15920398,0.0049751244,0.044776119,0.044776119,0.054726368,0.069651741,0.014925373,0.029850746,0.014925373,0.094527363,0.029850746,0.054726368,0.084577114,0.049751244,0.07960199,0.049751244,0.044776119,0.034825871,0.0049751244,0.034825871
gi|33592375,0,non-T6SE,997,0.15747242,0.0020060181,0.050150451,0.095285858,0.016048144,0.065195587,0.017051153,0.040120361,0.059177533,0.068204614,0.016048144,0.022066199,0.069207623,0.049147442,0.065195587,0.042126379,0.057171515,0.098294885,0.0030090271,0.0070210632
gi|33592382,0,non-T6SE,904,0.12168142,0.0077433628,0.07300885,0.066371681,0.024336283,0.077433628,0.023230088,0.034292035,0.032079646,0.11172566,0.025442478,0.024336283,0.047566372,0.040929204,0.075221239,0.037610619,0.049778761,0.087389381,0.011061947,0.028761062
gi|33592384,0,non-T6SE,262,0.15648855,0.0076335878,0.06870229,0.030534351,0.022900763,0.11068702,0.038167939,0.030534351,0.019083969,0.091603053,0.015267176,0.011450382,0.057251908,0.045801527,0.061068702,0.049618321,0.030534351,0.083969466,0.022900763,0.045801527
gi|33592386,0,non-T6SE,463,0.13822894,0.017278618,0.045356371,0.060475162,0.025917927,0.11663067,0.030237581,0.032397408,0.025917927,0.095032397,0.03887689,0.032397408,0.041036717,0.028077754,0.071274298,0.041036717,0.036717063,0.090712743,0.0064794816,0.025917927
gi|33592390,0,non-T6SE,141,0.13475177,0.021276596,0.04964539,0.042553191,0.028368794,0.063829787,0.0070921986,0.042553191,0.063829787,0.085106383,0.035460993,0.04964539,0.042553191,0.042553191,0.042553191,0.063829787,0.056737589,0.085106383,0.014184397,0.028368794
gi|33592400,0,non-T6SE,308,0.11688312,0.0032467532,0.019480519,0.016233766,0.055194805,0.11363636,0.0097402597,0.1038961,0.019480519,0.12012987,0.048701299,0.022727273,0.035714286,0.025974026,0.035714286,0.058441558,0.048701299,0.1038961,0.0032467532,0.038961039
gi|33592405,0,non-T6SE,437,0.12128146,0.004576659,0.041189931,0.061784897,0.050343249,0.09382151,0.013729977,0.043478261,0.080091533,0.066361556,0.022883295,0.043478261,0.04576659,0.04805492,0.032036613,0.054919908,0.052631579,0.066361556,0.016018307,0.041189931
gi|33592407,0,non-T6SE,283,0.10600707,0.0035335689,0.03180212,0.028268551,0.074204947,0.067137809,0.0070671378,0.081272085,0.024734982,0.12014134,0.053003534,0.014134276,0.056537102,0.028268551,0.042402827,0.053003534,0.056537102,0.09540636,0.021201413,0.035335689
gi|33592423,0,non-T6SE,233,0.11158798,0,0.0472103,0.064377682,0.0472103,0.072961373,0.021459227,0.068669528,0.025751073,0.08583691,0.017167382,0.042918455,0.077253219,0.055793991,0.077253219,0.025751073,0.0472103,0.042918455,0.021459227,0.0472103
gi|33592476,0,non-T6SE,135,0.1037037,0,0.074074074,0.044444444,0.044444444,0.02962963,0.014814815,0.044444444,0.014814815,0.11111111,0.044444444,0.051851852,0.051851852,0.081481481,0.096296296,0.088888889,0.044444444,0.02962963,0,0.02962963
gi|33592484,0,non-T6SE,340,0.16176471,0,0.052941176,0.058823529,0.029411765,0.082352941,0.0058823529,0.023529412,0.026470588,0.088235294,0.032352941,0.023529412,0.047058824,0.073529412,0.088235294,0.070588235,0.032352941,0.067647059,0.0058823529,0.029411765
gi|33592487,0,non-T6SE,606,0.18976898,0.004950495,0.04620462,0.077557756,0.021452145,0.056105611,0.0082508251,0.037953795,0.021452145,0.075907591,0.024752475,0.03960396,0.028052805,0.059405941,0.082508251,0.077557756,0.044554455,0.090759076,0.004950495,0.0082508251
gi|33592501,0,non-T6SE,336,0.11607143,0,0.080357143,0.086309524,0.020833333,0.077380952,0.0089285714,0.056547619,0.041666667,0.11607143,0.050595238,0.029761905,0.014880952,0.047619048,0.068452381,0.05952381,0.035714286,0.077380952,0.0029761905,0.0089285714
gi|33592520,0,non-T6SE,186,0.096774194,0,0.075268817,0.096774194,0,0.043010753,0.010752688,0.064516129,0.086021505,0.069892473,0.037634409,0.02688172,0.037634409,0.032258065,0.086021505,0.064516129,0.053763441,0.10215054,0,0.016129032
gi|33592528,0,non-T6SE,151,0.086092715,0.01986755,0.052980132,0.072847682,0.039735099,0.079470199,0.026490066,0.066225166,0.052980132,0.10596026,0.046357616,0.01986755,0.059602649,0.026490066,0.066225166,0.039735099,0.026490066,0.086092715,0,0.026490066
gi|33592575,0,non-T6SE,216,0.083333333,0.0092592593,0.069444444,0.064814815,0.074074074,0.074074074,0.018518519,0.055555556,0.046296296,0.12962963,0.0092592593,0.050925926,0.060185185,0.037037037,0.078703704,0.041666667,0.018518519,0.046296296,0.0092592593,0.023148148
gi|33592577,0,non-T6SE,376,0.11968085,0.010638298,0.069148936,0.042553191,0.02393617,0.10638298,0.0079787234,0.055851064,0.037234043,0.1143617,0.037234043,0.031914894,0.050531915,0.042553191,0.055851064,0.037234043,0.050531915,0.069148936,0.02393617,0.013297872
gi|33592642,0,non-T6SE,108,0.15740741,0.0092592593,0.064814815,0.064814815,0.018518519,0.083333333,0.0092592593,0.018518519,0.083333333,0.10185185,0.092592593,0.018518519,0.037037037,0.074074074,0.037037037,0.027777778,0.037037037,0.064814815,0,0
gi|33592677,0,non-T6SE,246,0.13821138,0.016260163,0.06504065,0.056910569,0.024390244,0.11382114,0.016260163,0.020325203,0.012195122,0.1097561,0.020325203,0.012195122,0.024390244,0.040650407,0.097560976,0.052845528,0.069105691,0.089430894,0.0081300813,0.012195122
gi|33592689,0,non-T6SE,232,0.11206897,0,0.081896552,0.056034483,0.034482759,0.125,0.051724138,0.043103448,0.012931034,0.086206897,0.030172414,0.021551724,0.047413793,0.030172414,0.090517241,0.051724138,0.034482759,0.056034483,0.012931034,0.021551724
gi|33592773,0,non-T6SE,149,0.14765101,0.026845638,0.040268456,0.060402685,0.013422819,0.10738255,0.026845638,0.033557047,0.013422819,0.10738255,0.020134228,0.020134228,0.046979866,0.026845638,0.093959732,0.020134228,0.053691275,0.11409396,0,0.026845638
gi|33592860,0,non-T6SE,170,0.10588235,0.023529412,0.064705882,0.029411765,0.017647059,0.076470588,0.017647059,0.029411765,0.035294118,0.1,0.029411765,0.041176471,0.029411765,0.064705882,0.088235294,0.070588235,0.070588235,0.082352941,0.0058823529,0.017647059
gi|33592866,0,non-T6SE,113,0.07079646,0.061946903,0.079646018,0.10619469,0.0088495575,0.044247788,0.053097345,0.061946903,0.044247788,0.097345133,0.017699115,0.026548673,0.053097345,0.026548673,0.026548673,0.053097345,0.07079646,0.079646018,0.0088495575,0.0088495575
gi|33592952,0,non-T6SE,321,0.11214953,0.0093457944,0.049844237,0.07165109,0.031152648,0.090342679,0.015576324,0.052959502,0.034267913,0.105919,0.028037383,0.024922118,0.049844237,0.056074766,0.096573209,0.037383178,0.034267913,0.059190031,0.0062305296,0.034267913
gi|33593047,0,non-T6SE,863,0.10196987,0.013904983,0.070683662,0.060254925,0.032444959,0.08806489,0.01622248,0.054461182,0.057937428,0.095017381,0.030127462,0.032444959,0.06373117,0.026651217,0.046349942,0.050984936,0.059096176,0.068366165,0.0081112399,0.023174971
gi|33593102,0,non-T6SE,440,0.13181818,0.0090909091,0.052272727,0.065909091,0.045454545,0.088636364,0.018181818,0.036363636,0.043181818,0.079545455,0.025,0.038636364,0.029545455,0.056818182,0.059090909,0.05,0.054545455,0.065909091,0.015909091,0.034090909
gi|33593188,0,non-T6SE,760,0.12368421,0.0026315789,0.085526316,0.082894737,0.019736842,0.057894737,0.013157895,0.056578947,0.085526316,0.076315789,0.034210526,0.021052632,0.044736842,0.038157895,0.071052632,0.046052632,0.064473684,0.053947368,0.0039473684,0.018421053
gi|33593279,0,non-T6SE,329,0.12462006,0.0060790274,0.039513678,0.051671733,0.024316109,0.11246201,0.027355623,0.045592705,0.05775076,0.10638298,0.009118541,0.030395137,0.045592705,0.042553191,0.048632219,0.03343465,0.048632219,0.10638298,0.009118541,0.030395137
gi|33593284,0,non-T6SE,528,0.13257576,0.0037878788,0.03219697,0.015151515,0.054924242,0.081439394,0.013257576,0.058712121,0.022727273,0.12689394,0.034090909,0.026515152,0.049242424,0.034090909,0.034090909,0.064393939,0.087121212,0.083333333,0.028409091,0.017045455
gi|33593301,0,non-T6SE,532,0.12593985,0.0018796992,0.058270677,0.054511278,0.030075188,0.092105263,0.011278195,0.031954887,0.035714286,0.12593985,0.02443609,0.02443609,0.063909774,0.04887218,0.077067669,0.041353383,0.058270677,0.071428571,0.0093984962,0.013157895
gi|33593303,0,non-T6SE,446,0.14125561,0.0089686099,0.073991031,0.049327354,0.024663677,0.10089686,0.031390135,0.044843049,0.038116592,0.078475336,0.029147982,0.015695067,0.058295964,0.031390135,0.065022422,0.031390135,0.062780269,0.082959641,0.0067264574,0.024663677
gi|33593318,0,non-T6SE,90,0.077777778,0.088888889,0.077777778,0.044444444,0.011111111,0.066666667,0.011111111,0.044444444,0.022222222,0.1,0.044444444,0,0.11111111,0.044444444,0.077777778,0.1,0.044444444,0.022222222,0.011111111,0
gi|33593330,0,non-T6SE,90,0.077777778,0.011111111,0.033333333,0.11111111,0.033333333,0.055555556,0,0.044444444,0.055555556,0.088888889,0.022222222,0.044444444,0.055555556,0.088888889,0.088888889,0.033333333,0.033333333,0.055555556,0.033333333,0.033333333
gi|33593333,0,non-T6SE,226,0.12831858,0.013274336,0.07079646,0.053097345,0.022123894,0.11946903,0.0088495575,0.07079646,0.026548673,0.11946903,0.017699115,0.026548673,0.039823009,0.03539823,0.075221239,0.039823009,0.039823009,0.084070796,0,0.0088495575
gi|33593350,0,non-T6SE,436,0.084862385,0.020642202,0.064220183,0.048165138,0.052752294,0.084862385,0.027522936,0.050458716,0.04587156,0.091743119,0.036697248,0.041284404,0.048165138,0.038990826,0.050458716,0.048165138,0.052752294,0.064220183,0.0068807339,0.041284404
gi|33593385,0,non-T6SE,633,0.10900474,0.0047393365,0.052132701,0.064770932,0.031595577,0.075829384,0.030015798,0.055292259,0.018957346,0.091627172,0.037914692,0.012638231,0.060031596,0.05371248,0.097946288,0.058451817,0.036334913,0.097946288,0,0.011058452
gi|33593386,0,non-T6SE,326,0.17791411,0.012269939,0.058282209,0.052147239,0.024539877,0.1196319,0.030674847,0.039877301,0.021472393,0.070552147,0.024539877,0.024539877,0.042944785,0.033742331,0.061349693,0.027607362,0.061349693,0.095092025,0,0.021472393
gi|33593394,0,non-T6SE,339,0.15929204,0.017699115,0.07079646,0.032448378,0.029498525,0.1120944,0.044247788,0.02359882,0.014749263,0.10029499,0.029498525,0.014749263,0.044247788,0.044247788,0.079646018,0.041297935,0.041297935,0.08259587,0.005899705,0.01179941
gi|33593421,0,non-T6SE,199,0.13065327,0.0050251256,0.070351759,0.10552764,0.030150754,0.030150754,0,0.08040201,0.025125628,0.085427136,0.025125628,0.030150754,0.040201005,0.025125628,0.12060302,0.055276382,0.060301508,0.040201005,0.015075377,0.025125628
gi|33593453,0,non-T6SE,451,0.099778271,0.011086475,0.057649667,0.075388027,0.035476718,0.077605322,0.022172949,0.024390244,0.031042129,0.11086475,0.031042129,0.026607539,0.048780488,0.064301552,0.075388027,0.053215078,0.053215078,0.075388027,0.0066518847,0.019955654
gi|33593454,0,non-T6SE,446,0.15246637,0.0022421525,0.073991031,0.056053812,0.040358744,0.069506726,0.022421525,0.029147982,0.033632287,0.10313901,0.01793722,0.02690583,0.049327354,0.049327354,0.080717489,0.056053812,0.029147982,0.065022422,0.0089686099,0.033632287
gi|33593464,0,non-T6SE,721,0.18446602,0.0041608877,0.047156727,0.033287101,0.031900139,0.090152566,0.0027739251,0.056865465,0.020804438,0.12482663,0.026352288,0.020804438,0.052704577,0.026352288,0.06518724,0.056865465,0.055478502,0.080443828,0.0097087379,0.0097087379
gi|33593492,0,non-T6SE,269,0.13754647,0.014869888,0.07063197,0.037174721,0.029739777,0.10780669,0.026022305,0.063197026,0.022304833,0.078066914,0.029739777,0.018587361,0.029739777,0.044609665,0.066914498,0.05204461,0.07063197,0.081784387,0.0074349442,0.011152416
gi|33593516,0,non-T6SE,178,0.084269663,0.011235955,0.08988764,0.073033708,0.033707865,0.06741573,0.02247191,0.06741573,0.084269663,0.06741573,0.028089888,0.02247191,0.073033708,0.02247191,0.04494382,0.039325843,0.016853933,0.08988764,0.011235955,0.050561798
gi|33593549,0,non-T6SE,257,0.097276265,0.038910506,0.054474708,0.042801556,0.023346304,0.058365759,0.031128405,0.031128405,0.038910506,0.073929961,0.019455253,0.031128405,0.054474708,0.077821012,0.13229572,0.019455253,0.027237354,0.077821012,0.023346304,0.046692607
gi|33593602,0,non-T6SE,530,0.09245283,0.0094339623,0.060377358,0.066037736,0.039622642,0.1,0.033962264,0.050943396,0.041509434,0.086792453,0.030188679,0.013207547,0.043396226,0.041509434,0.054716981,0.054716981,0.045283019,0.098113208,0.011320755,0.026415094
gi|33593644,0,non-T6SE,437,0.077803204,0.0068649886,0.059496568,0.068649886,0.029748284,0.091533181,0.022883295,0.054919908,0.036613272,0.082379863,0.025171625,0.020594966,0.057208238,0.041189931,0.080091533,0.057208238,0.066361556,0.080091533,0.0091533181,0.032036613
gi|33593645,0,non-T6SE,156,0.13461538,0.019230769,0.057692308,0.032051282,0.032051282,0.10897436,0.025641026,0.032051282,0.012820513,0.057692308,0.032051282,0.032051282,0.051282051,0.038461538,0.064102564,0.070512821,0.057692308,0.10897436,0,0.032051282
gi|33593651,0,non-T6SE,94,0.085106383,0,0.063829787,0.063829787,0.042553191,0.042553191,0.074468085,0.053191489,0.053191489,0.053191489,0.042553191,0.031914894,0.085106383,0.010638298,0.063829787,0.074468085,0.031914894,0.074468085,0.031914894,0.021276596
gi|33593652,0,non-T6SE,329,0.10638298,0.018237082,0.066869301,0.063829787,0.024316109,0.069908815,0.03343465,0.051671733,0.054711246,0.075987842,0.036474164,0.024316109,0.048632219,0.05775076,0.066869301,0.045592705,0.030395137,0.054711246,0.03343465,0.036474164
gi|33593672,0,non-T6SE,173,0.098265896,0.034682081,0.080924855,0.052023121,0.034682081,0.069364162,0.028901734,0.063583815,0.040462428,0.075144509,0.028901734,0.034682081,0.034682081,0.040462428,0.057803468,0.080924855,0.052023121,0.063583815,0.011560694,0.01734104
gi|33593692,0,non-T6SE,135,0.096296296,0,0.051851852,0.02962963,0.044444444,0.059259259,0.074074074,0.059259259,0.0074074074,0.11851852,0.066666667,0.02962963,0.051851852,0.0074074074,0.022222222,0.074074074,0.059259259,0.1037037,0.022222222,0.022222222
gi|33593693,0,non-T6SE,213,0.079812207,0.014084507,0.023474178,0.037558685,0.075117371,0.10328638,0.037558685,0.028169014,0.0046948357,0.15962441,0.037558685,0.018779343,0.056338028,0.023474178,0.046948357,0.042253521,0.070422535,0.084507042,0.023474178,0.03286385
gi|33593709,0,non-T6SE,1273,0.14454046,0.010212097,0.052631579,0.063629222,0.021995287,0.087981147,0.021995287,0.044776119,0.020424195,0.10683425,0.022780833,0.026708562,0.053417125,0.046347211,0.07384132,0.044776119,0.043990573,0.072270228,0.010997643,0.029850746
gi|33593717,0,non-T6SE,81,0.086419753,0,0.074074074,0.037037037,0.086419753,0.12345679,0.012345679,0.061728395,0.098765432,0.037037037,0.024691358,0.049382716,0.037037037,0.061728395,0,0.061728395,0.098765432,0.037037037,0.012345679,0
gi|33593802,0,non-T6SE,399,0.13283208,0.01754386,0.05764411,0.052631579,0.035087719,0.10776942,0.01754386,0.037593985,0.015037594,0.097744361,0.025062657,0.022556391,0.045112782,0.037593985,0.082706767,0.045112782,0.040100251,0.082706767,0.010025063,0.037593985
gi|33593847,0,non-T6SE,486,0.1090535,0.0020576132,0.065843621,0.053497942,0.022633745,0.12757202,0.014403292,0.047325103,0.030864198,0.094650206,0.030864198,0.032921811,0.041152263,0.018518519,0.074074074,0.055555556,0.059670782,0.086419753,0.0061728395,0.026748971
gi|33593886,0,non-T6SE,160,0.0625,0.025,0.06875,0.1,0.025,0.06875,0,0.03125,0.0625,0.08125,0.03125,0.00625,0.0375,0.01875,0.125,0.08125,0.04375,0.1,0,0.03125
gi|33593948,0,non-T6SE,307,0.11400651,0,0.055374593,0.074918567,0.045602606,0.071661238,0.03257329,0.052117264,0.026058632,0.10423453,0.019543974,0.039087948,0.03257329,0.035830619,0.084690554,0.052117264,0.035830619,0.091205212,0.009771987,0.022801303
gi|33593964,0,non-T6SE,359,0.14206128,0.016713092,0.04735376,0.064066852,0.036211699,0.080779944,0.038997214,0.030640669,0.016713092,0.10306407,0.022284123,0.019498607,0.061281337,0.019498607,0.080779944,0.030640669,0.086350975,0.064066852,0.008356546,0.030640669
gi|33594074,0,non-T6SE,145,0.13793103,0.027586207,0.062068966,0.048275862,0.034482759,0.10344828,0.034482759,0.027586207,0.04137931,0.075862069,0.048275862,0,0.034482759,0.027586207,0.048275862,0.062068966,0.075862069,0.089655172,0.0068965517,0.013793103
gi|33594098,0,non-T6SE,512,0.08984375,0.009765625,0.056640625,0.087890625,0.04296875,0.060546875,0.029296875,0.060546875,0.03125,0.072265625,0.025390625,0.033203125,0.046875,0.056640625,0.09375,0.046875,0.029296875,0.05078125,0.01953125,0.056640625
gi|33594166,0,non-T6SE,245,0.13877551,0.0081632653,0.069387755,0.040816327,0.036734694,0.073469388,0.036734694,0.081632653,0.024489796,0.065306122,0.036734694,0.032653061,0.069387755,0.028571429,0.06122449,0.028571429,0.040816327,0.10204082,0.0081632653,0.016326531
gi|33594173,0,non-T6SE,320,0.096875,0.01875,0.071875,0.05,0.046875,0.08125,0.01875,0.05625,0.053125,0.09375,0.025,0.025,0.06875,0.034375,0.071875,0.046875,0.05,0.059375,0.00625,0.025
gi|33594185,0,non-T6SE,301,0.10299003,0.0033222591,0.053156146,0.066445183,0.016611296,0.063122924,0.0066445183,0.056478405,0.086378738,0.099667774,0.033222591,0.033222591,0.029900332,0.049833887,0.059800664,0.056478405,0.056478405,0.086378738,0.0033222591,0.03654485
gi|33594187,0,non-T6SE,140,0.19285714,0,0.05,0.10714286,0.021428571,0.078571429,0.021428571,0.064285714,0.042857143,0.085714286,0.014285714,0.014285714,0.035714286,0.021428571,0.071428571,0.021428571,0.05,0.10714286,0,0
gi|33594225,0,non-T6SE,488,0.12909836,0.0081967213,0.071721311,0.057377049,0.022540984,0.081967213,0.024590164,0.055327869,0.032786885,0.084016393,0.028688525,0.018442623,0.045081967,0.028688525,0.079918033,0.057377049,0.06147541,0.084016393,0.0040983607,0.024590164
gi|33594408,0,non-T6SE,445,0.10561798,0.002247191,0.053932584,0.076404494,0.029213483,0.092134831,0.008988764,0.060674157,0.040449438,0.1011236,0.031460674,0.038202247,0.042696629,0.042696629,0.06741573,0.038202247,0.065168539,0.047191011,0.013483146,0.042696629
gi|33594429,0,non-T6SE,696,0.12643678,0.007183908,0.058908046,0.079022989,0.031609195,0.090517241,0.022988506,0.038793103,0.031609195,0.10775862,0.015804598,0.020114943,0.054597701,0.03591954,0.091954023,0.031609195,0.051724138,0.083333333,0.0043103448,0.015804598
gi|161610757,0,non-T6SE,229,0.12227074,0,0.043668122,0.03930131,0.030567686,0.12663755,0.030567686,0.043668122,0.052401747,0.03930131,0.021834061,0.026200873,0.048034934,0.03930131,0.082969432,0.065502183,0.061135371,0.11353712,0,0.013100437
gi|33594485,0,non-T6SE,263,0.1026616,0,0.045627376,0.076045627,0.015209125,0.098859316,0.015209125,0.072243346,0.064638783,0.057034221,0.034220532,0.030418251,0.060836502,0.02661597,0.12547529,0.034220532,0.049429658,0.053231939,0.015209125,0.022813688
gi|33594488,0,non-T6SE,93,0.075268817,0,0.032258065,0.075268817,0.010752688,0.043010753,0.021505376,0.064516129,0.096774194,0.032258065,0.032258065,0.043010753,0.021505376,0.043010753,0.10752688,0.064516129,0.053763441,0.15053763,0.010752688,0.021505376
gi|33594494,0,non-T6SE,101,0.10891089,0.0099009901,0.04950495,0.04950495,0.01980198,0.04950495,0.0099009901,0.03960396,0.11881188,0.089108911,0.03960396,0.03960396,0.03960396,0.04950495,0.13861386,0.02970297,0.04950495,0.03960396,0.0099009901,0.01980198
gi|33594497,0,non-T6SE,120,0.175,0,0.025,0.058333333,0.033333333,0.091666667,0.025,0.041666667,0.075,0.091666667,0.0083333333,0.025,0.016666667,0.016666667,0.125,0.058333333,0.025,0.091666667,0,0.016666667
gi|33594500,0,non-T6SE,146,0.11643836,0,0.01369863,0.061643836,0.020547945,0.15753425,0.02739726,0.04109589,0.082191781,0.095890411,0.020547945,0.0068493151,0.02739726,0.054794521,0.089041096,0.068493151,0.034246575,0.068493151,0,0.01369863
gi|33594505,0,non-T6SE,133,0.12781955,0.007518797,0.022556391,0.030075188,0.022556391,0.10526316,0.022556391,0.082706767,0.082706767,0.030075188,0.015037594,0.045112782,0.052631579,0.015037594,0.090225564,0.097744361,0.067669173,0.067669173,0.007518797,0.007518797
gi|33594506,0,non-T6SE,207,0.082125604,0.0096618357,0.057971014,0.06763285,0.024154589,0.077294686,0.014492754,0.038647343,0.082125604,0.096618357,0.028985507,0.019323671,0.019323671,0.038647343,0.11594203,0.086956522,0.043478261,0.062801932,0.0048309179,0.028985507
gi|33594553,0,non-T6SE,254,0.11811024,0.0039370079,0.051181102,0.059055118,0.039370079,0.082677165,0.047244094,0.035433071,0.027559055,0.098425197,0.027559055,0.023622047,0.086614173,0.035433071,0.082677165,0.039370079,0.047244094,0.059055118,0.015748031,0.019685039
gi|33594669,0,non-T6SE,416,0.13701923,0,0.055288462,0.043269231,0.021634615,0.084134615,0.0024038462,0.040865385,0.021634615,0.086538462,0.016826923,0.033653846,0.052884615,0.091346154,0.091346154,0.033653846,0.0625,0.10096154,0.0096153846,0.014423077
gi|33594691,0,non-T6SE,257,0.14785992,0.0077821012,0.058365759,0.062256809,0.031128405,0.070038911,0.038910506,0.019455253,0.0077821012,0.10116732,0.031128405,0.0038910506,0.058365759,0.031128405,0.085603113,0.058365759,0.070038911,0.085603113,0.015564202,0.015564202
gi|384409781,0,non-T6SE,263,0.11406844,0.0076045627,0.034220532,0.079847909,0.034220532,0.079847909,0.019011407,0.072243346,0.030418251,0.091254753,0.015209125,0.030418251,0.030418251,0.034220532,0.072243346,0.079847909,0.064638783,0.095057034,0,0.015209125
gi|384409783,0,non-T6SE,424,0.14150943,0.011792453,0.054245283,0.049528302,0.04009434,0.10141509,0.0047169811,0.054245283,0.04245283,0.089622642,0.023584906,0.04009434,0.04245283,0.047169811,0.047169811,0.054245283,0.056603774,0.073113208,0.0094339623,0.016509434
gi|384409813,0,non-T6SE,502,0.085657371,0.017928287,0.053784861,0.077689243,0.027888446,0.10358566,0.019920319,0.051792829,0.027888446,0.10956175,0.037848606,0.03187251,0.057768924,0.03187251,0.06374502,0.037848606,0.037848606,0.10159363,0.0019920319,0.021912351
gi|384409948,0,non-T6SE,329,0.088145897,0.0060790274,0.069908815,0.082066869,0.051671733,0.039513678,0.021276596,0.045592705,0.060790274,0.11550152,0.018237082,0.051671733,0.03343465,0.027355623,0.042553191,0.069908815,0.054711246,0.054711246,0.021276596,0.045592705
gi|384409965,0,non-T6SE,150,0.10666667,0.026666667,0.073333333,0.06,0.04,0.06,0.013333333,0.046666667,0.066666667,0.066666667,0.06,0.066666667,0.04,0.046666667,0.04,0.04,0.046666667,0.046666667,0.033333333,0.02
gi|384409966,0,non-T6SE,286,0.08041958,0.017482517,0.052447552,0.073426573,0.066433566,0.1048951,0.017482517,0.059440559,0.041958042,0.076923077,0.027972028,0.013986014,0.06993007,0.034965035,0.059440559,0.045454545,0.041958042,0.059440559,0.013986014,0.041958042
gi|384410107,0,non-T6SE,346,0.12716763,0.026011561,0.060693642,0.075144509,0.026011561,0.072254335,0.01734104,0.040462428,0.046242775,0.10404624,0.046242775,0.043352601,0.057803468,0.01734104,0.066473988,0.057803468,0.052023121,0.040462428,0.0057803468,0.01734104
gi|384410681,0,non-T6SE,269,0.096654275,0.0037174721,0.066914498,0.066914498,0.055762082,0.096654275,0.022304833,0.059479554,0.059479554,0.066914498,0.033457249,0.044609665,0.029739777,0.026022305,0.063197026,0.063197026,0.022304833,0.078066914,0.018587361,0.026022305
gi|384410778,0,non-T6SE,269,0.14869888,0.0074349442,0.063197026,0.040892193,0.018587361,0.092936803,0.022304833,0.048327138,0.026022305,0.11895911,0.022304833,0.029739777,0.063197026,0.05204461,0.055762082,0.033457249,0.05204461,0.07063197,0.011152416,0.022304833
gi|384407507,0,non-T6SE,342,0.099415205,0.011695906,0.061403509,0.035087719,0.052631579,0.046783626,0.026315789,0.055555556,0.055555556,0.093567251,0.035087719,0.040935673,0.049707602,0.052631579,0.043859649,0.064327485,0.040935673,0.081871345,0.026315789,0.026315789
gi|384407668,0,non-T6SE,331,0.078549849,0.003021148,0.048338369,0.081570997,0.060422961,0.057401813,0.033232628,0.051359517,0.051359517,0.072507553,0.039274924,0.045317221,0.051359517,0.027190332,0.099697885,0.057401813,0.036253776,0.066465257,0.01510574,0.024169184
gi|384407867,0,non-T6SE,453,0.099337748,0.0088300221,0.028697572,0.033112583,0.088300221,0.068432671,0.024282561,0.070640177,0.026490066,0.10816777,0.01986755,0.030905077,0.04415011,0.028697572,0.059602649,0.052980132,0.048565121,0.072847682,0.033112583,0.052980132
gi|384407921,0,non-T6SE,643,0.1244168,0.0031104199,0.063763608,0.059097978,0.043545879,0.10108865,0.032659409,0.041990669,0.040435459,0.097978227,0.018662519,0.017107309,0.052877138,0.026438569,0.066874028,0.046656299,0.057542768,0.074650078,0.00155521,0.029548989
gi|384408521,0,non-T6SE,170,0.1,0.017647059,0.064705882,0.047058824,0.023529412,0.1,0.029411765,0.070588235,0.041176471,0.10588235,0.029411765,0.011764706,0.041176471,0.023529412,0.082352941,0.035294118,0.064705882,0.058823529,0.023529412,0.029411765
gi|384408613,0,non-T6SE,165,0.13333333,0.012121212,0.060606061,0.072727273,0,0.090909091,0.018181818,0.060606061,0.060606061,0.090909091,0.054545455,0.018181818,0.036363636,0.012121212,0.066666667,0.054545455,0.066666667,0.078787879,0.0060606061,0.0060606061
gi|384408673,0,non-T6SE,455,0.13626374,0.0087912088,0.079120879,0.048351648,0.024175824,0.10549451,0.026373626,0.043956044,0.063736264,0.074725275,0.013186813,0.041758242,0.041758242,0.052747253,0.03956044,0.041758242,0.076923077,0.052747253,0.0065934066,0.021978022
gi|384408736,0,non-T6SE,276,0.09057971,0.0072463768,0.065217391,0.043478261,0.025362319,0.09057971,0.043478261,0.065217391,0.032608696,0.086956522,0.028985507,0.025362319,0.043478261,0.043478261,0.061594203,0.072463768,0.047101449,0.09057971,0.010869565,0.025362319
gi|384408802,0,non-T6SE,619,0.13893376,0.0048465267,0.032310178,0.05815832,0.042003231,0.10016155,0.016155089,0.08723748,0.024232633,0.13731826,0.02907916,0.027463651,0.050080775,0.019386107,0.045234249,0.048465267,0.04361874,0.082390953,0.0080775444,0.0048465267
gi|384408830,0,non-T6SE,431,0.088167053,0.0046403712,0.076566125,0.046403712,0.048723898,0.067285383,0.013921114,0.051044084,0.067285383,0.067285383,0.013921114,0.034802784,0.060324826,0.032482599,0.071925754,0.055684455,0.051044084,0.071925754,0.032482599,0.044083527
gi|384408868,0,non-T6SE,82,0.1097561,0,0.06097561,0.048780488,0.048780488,0.13414634,0,0.024390244,0.012195122,0.048780488,0.024390244,0.024390244,0.024390244,0.036585366,0.085365854,0.06097561,0.06097561,0.1097561,0.06097561,0.024390244
gi|384408869,0,non-T6SE,296,0.11148649,0.027027027,0.033783784,0.050675676,0.037162162,0.10472973,0.023648649,0.064189189,0.047297297,0.097972973,0.030405405,0.023648649,0.030405405,0.043918919,0.070945946,0.064189189,0.043918919,0.070945946,0.0033783784,0.02027027
gi|384409050,0,non-T6SE,278,0.097122302,0.0071942446,0.025179856,0.025179856,0.050359712,0.071942446,0.010791367,0.10431655,0.017985612,0.16546763,0.032374101,0.014388489,0.061151079,0.028776978,0.035971223,0.053956835,0.057553957,0.10071942,0.017985612,0.021582734
gi|384409056,0,non-T6SE,186,0.10752688,0.010752688,0.080645161,0.080645161,0.032258065,0.069892473,0.0053763441,0.032258065,0.091397849,0.064516129,0.043010753,0.032258065,0.048387097,0.037634409,0.037634409,0.059139785,0.048387097,0.059139785,0.02688172,0.032258065
gi|384409057,0,non-T6SE,338,0.1183432,0.0059171598,0.091715976,0.035502959,0.059171598,0.059171598,0.01183432,0.035502959,0.079881657,0.071005917,0.023668639,0.044378698,0.065088757,0.038461538,0.029585799,0.044378698,0.059171598,0.068047337,0.0088757396,0.050295858
gi|384409086,0,non-T6SE,304,0.15460526,0.0065789474,0.046052632,0.042763158,0.042763158,0.10855263,0.019736842,0.065789474,0.049342105,0.075657895,0.026315789,0.039473684,0.049342105,0.029605263,0.049342105,0.052631579,0.046052632,0.072368421,0.0098684211,0.013157895
gi|384409133,0,non-T6SE,174,0.15517241,0,0.068965517,0.063218391,0.017241379,0.074712644,0.011494253,0.040229885,0.045977011,0.12643678,0.034482759,0.034482759,0.08045977,0.011494253,0.051724138,0.034482759,0.040229885,0.086206897,0.0057471264,0.017241379
gi|384409267,0,non-T6SE,690,0.068115942,0.017391304,0.066666667,0.062318841,0.031884058,0.094202899,0.027536232,0.056521739,0.057971014,0.063768116,0.023188406,0.036231884,0.052173913,0.020289855,0.050724638,0.047826087,0.060869565,0.086956522,0.027536232,0.047826087
gi|384409325,0,non-T6SE,377,0.10875332,0,0.076923077,0.095490716,0.021220159,0.063660477,0.021220159,0.058355438,0.037135279,0.092838196,0.042440318,0.023872679,0.026525199,0.053050398,0.087533156,0.061007958,0.042440318,0.063660477,0.0026525199,0.021220159
gi|384409625,0,non-T6SE,206,0.053398058,0.019417476,0.048543689,0.063106796,0.038834951,0.15048544,0.014563107,0.04368932,0.048543689,0.11165049,0.053398058,0.014563107,0.063106796,0.033980583,0.067961165,0.029126214,0.038834951,0.048543689,0.019417476,0.038834951
gi|212217694,0,non-T6SE,193,0.077720207,0.015544041,0.051813472,0.051813472,0.051813472,0.056994819,0.015544041,0.051813472,0.077720207,0.12953368,0.0051813472,0.041450777,0.062176166,0.025906736,0.056994819,0.046632124,0.062176166,0.062176166,0.015544041,0.041450777
gi|212217715,0,non-T6SE,473,0.099365751,0.010570825,0.050739958,0.084566596,0.040169133,0.067653277,0.025369979,0.086680761,0.069767442,0.10359408,0.012684989,0.044397463,0.035940803,0.038054968,0.052854123,0.052854123,0.052854123,0.057082452,0.0021141649,0.012684989
gi|212217716,0,non-T6SE,210,0.038095238,0.0047619048,0.038095238,0.057142857,0.038095238,0.042857143,0.057142857,0.071428571,0.038095238,0.09047619,0.019047619,0.057142857,0.042857143,0.042857143,0.10952381,0.061904762,0.038095238,0.057142857,0.028571429,0.066666667
gi|212217756,0,non-T6SE,404,0.12376238,0.0099009901,0.03960396,0.076732673,0.034653465,0.064356436,0.0099009901,0.059405941,0.081683168,0.10643564,0.024752475,0.059405941,0.03960396,0.037128713,0.032178218,0.056930693,0.044554455,0.074257426,0.0099009901,0.014851485
gi|212217761,0,non-T6SE,611,0.1096563,0.011456628,0.032733224,0.055646481,0.029459902,0.06710311,0.037643208,0.070376432,0.075286416,0.11620295,0.01309329,0.032733224,0.044189853,0.055646481,0.044189853,0.04091653,0.062193126,0.063829787,0.0049099836,0.032733224
gi|212217804,0,non-T6SE,319,0.094043887,0.012539185,0.072100313,0.056426332,0.028213166,0.047021944,0.02507837,0.097178683,0.037617555,0.072100313,0.031347962,0.05015674,0.037617555,0.028213166,0.072100313,0.078369906,0.05015674,0.087774295,0,0.021943574
gi|212217811,0,non-T6SE,189,0.047619048,0.0052910053,0.058201058,0.063492063,0.063492063,0.063492063,0.042328042,0.058201058,0.068783069,0.1005291,0.026455026,0.047619048,0.052910053,0.037037037,0.052910053,0.058201058,0.037037037,0.068783069,0.021164021,0.026455026
gi|212217836,0,non-T6SE,342,0.073099415,0.014619883,0.049707602,0.049707602,0.029239766,0.049707602,0.038011696,0.067251462,0.043859649,0.14035088,0.01754386,0.052631579,0.064327485,0.043859649,0.061403509,0.061403509,0.040935673,0.061403509,0.014619883,0.026315789
gi|212217850,0,non-T6SE,321,0.07165109,0.0062305296,0.059190031,0.068535826,0.046728972,0.062305296,0.015576324,0.07788162,0.059190031,0.11214953,0.028037383,0.037383178,0.059190031,0.040498442,0.056074766,0.031152648,0.062305296,0.065420561,0.012461059,0.028037383
gi|212217853,0,non-T6SE,139,0.086330935,0.021582734,0.086330935,0.079136691,0.050359712,0.086330935,0,0.043165468,0.043165468,0.10791367,0.021582734,0.057553957,0.043165468,0.050359712,0.028776978,0.050359712,0.057553957,0.057553957,0,0.028776978
gi|212217903,0,non-T6SE,205,0.087804878,0.0048780488,0.053658537,0.07804878,0.034146341,0.058536585,0.019512195,0.058536585,0.07804878,0.10243902,0.019512195,0.029268293,0.043902439,0.043902439,0.048780488,0.073170732,0.053658537,0.063414634,0.014634146,0.034146341
gi|212217929,0,non-T6SE,220,0.040909091,0.0090909091,0.054545455,0.095454545,0.040909091,0.031818182,0.031818182,0.059090909,0.054545455,0.12272727,0.040909091,0.022727273,0.068181818,0.0090909091,0.068181818,0.059090909,0.054545455,0.081818182,0.0045454545,0.05
gi|212217939,0,non-T6SE,215,0.093023256,0.0046511628,0.041860465,0.055813953,0.03255814,0.069767442,0.055813953,0.088372093,0.046511628,0.10232558,0.013953488,0.041860465,0.065116279,0.037209302,0.051162791,0.051162791,0.060465116,0.051162791,0.0046511628,0.03255814
gi|212217945,0,non-T6SE,319,0.047021944,0.018808777,0.047021944,0.097178683,0.072100313,0.097178683,0.02507837,0.037617555,0.047021944,0.07523511,0.015673981,0.047021944,0.056426332,0.031347962,0.10031348,0.034482759,0.028213166,0.047021944,0.02507837,0.05015674
gi|212217949,0,non-T6SE,172,0.058139535,0.0058139535,0.029069767,0.11627907,0.040697674,0.058139535,0.01744186,0.081395349,0.075581395,0.040697674,0.029069767,0.029069767,0.093023256,0.046511628,0.046511628,0.058139535,0.058139535,0.098837209,0.0058139535,0.011627907
gi|212217955,0,non-T6SE,917,0.074154853,0.011995638,0.05997819,0.067611778,0.034896401,0.088331516,0.032715376,0.063249727,0.054525627,0.093784079,0.023991276,0.041439477,0.050163577,0.030534351,0.050163577,0.052344602,0.06434024,0.065430752,0.01308615,0.027262814
gi|212217957,0,non-T6SE,552,0.11413043,0.0036231884,0.061594203,0.085144928,0.012681159,0.10144928,0.0072463768,0.065217391,0.083333333,0.074275362,0.041666667,0.039855072,0.025362319,0.025362319,0.038043478,0.050724638,0.047101449,0.11050725,0,0.012681159
gi|212217958,0,non-T6SE,383,0.09921671,0.010443864,0.052219321,0.07310705,0.033942559,0.080939948,0.033942559,0.067885117,0.054830287,0.088772846,0.020887728,0.026109661,0.044386423,0.028720627,0.067885117,0.052219321,0.046997389,0.07310705,0.018276762,0.026109661
gi|212217959,0,non-T6SE,130,0.084615385,0,0.1,0.13076923,0.023076923,0.053846154,0.023076923,0.053846154,0.038461538,0.084615385,0.015384615,0.053846154,0.038461538,0.023076923,0.023076923,0.046153846,0.061538462,0.084615385,0.015384615,0.046153846
gi|212217993,0,non-T6SE,159,0.050314465,0.0062893082,0.062893082,0.12578616,0.044025157,0.044025157,0.044025157,0.088050314,0.075471698,0.10691824,0.018867925,0.037735849,0.018867925,0.0062893082,0.062893082,0.056603774,0.031446541,0.044025157,0.0062893082,0.06918239
gi|212217999,0,non-T6SE,258,0.093023256,0.007751938,0.062015504,0.058139535,0.023255814,0.085271318,0.027131783,0.050387597,0.03875969,0.11627907,0.027131783,0.042635659,0.073643411,0.019379845,0.050387597,0.042635659,0.062015504,0.07751938,0.011627907,0.031007752
gi|212218000,0,non-T6SE,230,0.11304348,0.013043478,0.013043478,0.026086957,0.026086957,0.10869565,0.026086957,0.073913043,0.039130435,0.073913043,0.02173913,0.047826087,0.056521739,0.039130435,0.091304348,0.056521739,0.026086957,0.07826087,0.02173913,0.047826087
gi|212218012,0,non-T6SE,496,0.11693548,0.0060483871,0.052419355,0.058467742,0.026209677,0.074596774,0.034274194,0.060483871,0.052419355,0.11491935,0.022177419,0.036290323,0.032258065,0.038306452,0.064516129,0.046370968,0.04233871,0.088709677,0.0060483871,0.026209677
gi|212218059,0,non-T6SE,188,0.021276596,0,0.042553191,0.11170213,0.058510638,0.069148936,0.015957447,0.058510638,0.085106383,0.079787234,0.026595745,0.026595745,0.04787234,0.026595745,0.074468085,0.04787234,0.037234043,0.13829787,0.0053191489,0.026595745
gi|212218060,0,non-T6SE,145,0.11034483,0.0068965517,0.027586207,0.068965517,0.034482759,0.082758621,0.0068965517,0.082758621,0.096551724,0.062068966,0.020689655,0.034482759,0.068965517,0.027586207,0.048275862,0.048275862,0.096551724,0.062068966,0,0.013793103
gi|212218061,0,non-T6SE,232,0.12068966,0.0086206897,0.064655172,0.047413793,0.021551724,0.090517241,0.0086206897,0.068965517,0.11637931,0.077586207,0.017241379,0.038793103,0.034482759,0.030172414,0.047413793,0.038793103,0.068965517,0.086206897,0,0.012931034
gi|212218069,0,non-T6SE,140,0.071428571,0.021428571,0.021428571,0.05,0.0071428571,0.10714286,0.021428571,0.042857143,0.085714286,0.071428571,0.021428571,0.028571429,0.057142857,0.021428571,0.14285714,0.042857143,0.05,0.10714286,0,0.028571429
gi|212218070,0,non-T6SE,191,0.12565445,0,0.047120419,0.073298429,0.020942408,0.089005236,0.020942408,0.036649215,0.09947644,0.073298429,0.031413613,0.041884817,0.02617801,0.02617801,0.10994764,0.036649215,0.02617801,0.083769634,0.010471204,0.020942408
gi|212218073,0,non-T6SE,113,0.079646018,0,0.097345133,0.053097345,0.0088495575,0.044247788,0.017699115,0.11504425,0.07079646,0.097345133,0.026548673,0.026548673,0.03539823,0.026548673,0.11504425,0.044247788,0.07079646,0.053097345,0,0.017699115
gi|212218075,0,non-T6SE,206,0.097087379,0.0048543689,0.048543689,0.063106796,0.019417476,0.077669903,0.0097087379,0.033980583,0.077669903,0.097087379,0.024271845,0.048543689,0.029126214,0.024271845,0.087378641,0.087378641,0.038834951,0.10679612,0.0097087379,0.014563107
gi|212218078,0,non-T6SE,95,0.052631579,0,0.031578947,0.063157895,0.031578947,0.084210526,0.063157895,0.052631579,0.11578947,0.031578947,0.052631579,0.031578947,0.052631579,0.031578947,0.084210526,0.063157895,0.052631579,0.084210526,0.010526316,0.010526316
gi|212218079,0,non-T6SE,115,0.16521739,0.0086956522,0.052173913,0.060869565,0.017391304,0.043478261,0.026086957,0.043478261,0.086956522,0.07826087,0.026086957,0.060869565,0.0086956522,0.043478261,0.086956522,0.060869565,0.026086957,0.095652174,0,0.0086956522
gi|212218088,0,non-T6SE,133,0.045112782,0.007518797,0.045112782,0.082706767,0,0.067669173,0.007518797,0.07518797,0.090225564,0.082706767,0.052631579,0.022556391,0.037593985,0.037593985,0.07518797,0.097744361,0.037593985,0.097744361,0,0.037593985
gi|212218110,0,non-T6SE,361,0.096952909,0.011080332,0.055401662,0.038781163,0.041551247,0.060941828,0.013850416,0.066481994,0.033240997,0.11634349,0.022160665,0.041551247,0.060941828,0.052631579,0.069252078,0.052631579,0.055401662,0.066481994,0.013850416,0.030470914
gi|212218126,0,non-T6SE,79,0.037974684,0.012658228,0.025316456,0.050632911,0.037974684,0.050632911,0.025316456,0.063291139,0.15189873,0.075949367,0.025316456,0.075949367,0.037974684,0.025316456,0.11392405,0.050632911,0.063291139,0.063291139,0.012658228,0
gi|212218129,0,non-T6SE,161,0.074534161,0.02484472,0.043478261,0.055900621,0.02484472,0.1242236,0.02484472,0.062111801,0.037267081,0.13664596,0.01863354,0.031055901,0.055900621,0.031055901,0.043478261,0.068322981,0.055900621,0.055900621,0.0062111801,0.02484472
gi|212218143,0,non-T6SE,656,0.06554878,0.0030487805,0.076219512,0.097560976,0.041158537,0.044207317,0.021341463,0.05945122,0.088414634,0.11890244,0.018292683,0.050304878,0.032012195,0.035060976,0.053353659,0.057926829,0.039634146,0.057926829,0.012195122,0.027439024
gi|212218213,0,non-T6SE,161,0.086956522,0.043478261,0.062111801,0.02484472,0.037267081,0.080745342,0.0062111801,0.037267081,0.031055901,0.086956522,0.062111801,0.02484472,0.055900621,0.037267081,0.086956522,0.062111801,0.031055901,0.068322981,0.01863354,0.055900621
gi|212218227,0,non-T6SE,153,0.078431373,0.013071895,0.045751634,0.091503268,0.039215686,0.08496732,0.013071895,0.071895425,0.045751634,0.11111111,0.013071895,0.032679739,0.045751634,0.045751634,0.098039216,0.032679739,0.039215686,0.078431373,0,0.019607843
gi|212218228,0,non-T6SE,503,0.10337972,0.0059642147,0.071570577,0.1332008,0.021868787,0.051689861,0.0059642147,0.073558648,0.061630219,0.083499006,0.027833002,0.031809145,0.02584493,0.043737575,0.065606362,0.045725646,0.033797217,0.093439364,0.0079522863,0.011928429
gi|212218281,0,non-T6SE,113,0.097345133,0.026548673,0.061946903,0.044247788,0.026548673,0.088495575,0.079646018,0.07079646,0.03539823,0.088495575,0.044247788,0.053097345,0.053097345,0.03539823,0.044247788,0,0.03539823,0.088495575,0.0088495575,0.017699115
gi|212218306,0,non-T6SE,461,0.080260304,0.0086767896,0.041214751,0.078091106,0.036876356,0.043383948,0.028199566,0.078091106,0.069414317,0.13232104,0.015184382,0.056399132,0.039045553,0.039045553,0.04989154,0.062906725,0.060737527,0.032537961,0.010845987,0.036876356
gi|212218335,0,non-T6SE,158,0.075949367,0.012658228,0.075949367,0.056962025,0.037974684,0.044303797,0.037974684,0.088607595,0.069620253,0.11392405,0.025316456,0.037974684,0.056962025,0.03164557,0.03164557,0.037974684,0.050632911,0.056962025,0.018987342,0.037974684
gi|212218344,0,non-T6SE,127,0.086614173,0,0.05511811,0.1023622,0.0078740157,0.047244094,0.047244094,0.078740157,0.078740157,0.070866142,0.039370079,0.023622047,0.015748031,0.05511811,0.070866142,0.094488189,0.0078740157,0.070866142,0.0078740157,0.039370079
gi|212218375,0,non-T6SE,506,0.090909091,0.0059288538,0.061264822,0.067193676,0.027667984,0.079051383,0.027667984,0.075098814,0.045454545,0.081027668,0.027667984,0.049407115,0.045454545,0.031620553,0.067193676,0.061264822,0.031620553,0.079051383,0.0019762846,0.043478261
gi|212218379,0,non-T6SE,353,0.099150142,0.02266289,0.039660057,0.062322946,0.033994334,0.07082153,0.025495751,0.056657224,0.056657224,0.11614731,0.033994334,0.033994334,0.056657224,0.033994334,0.07082153,0.039660057,0.045325779,0.062322946,0.0084985836,0.031161473
gi|212218392,0,non-T6SE,871,0.087256028,0.0068886338,0.048220436,0.07347876,0.033295063,0.042479908,0.027554535,0.076923077,0.043628014,0.13203215,0.020665901,0.047072331,0.048220436,0.060849598,0.064293915,0.045924225,0.066590126,0.041331803,0.0034443169,0.029850746
gi|212218440,0,non-T6SE,454,0.061674009,0.0066079295,0.061674009,0.074889868,0.035242291,0.068281938,0.026431718,0.059471366,0.057268722,0.12114537,0.011013216,0.024229075,0.04185022,0.057268722,0.094713656,0.039647577,0.063876652,0.070484581,0.0044052863,0.019823789
gi|212218441,0,non-T6SE,435,0.064367816,0.013793103,0.045977011,0.073563218,0.025287356,0.098850575,0.022988506,0.08045977,0.050574713,0.10114943,0.022988506,0.036781609,0.048275862,0.032183908,0.059770115,0.045977011,0.071264368,0.062068966,0.0068965517,0.036781609
gi|212218447,0,non-T6SE,270,0.092592593,0.025925926,0.044444444,0.077777778,0.011111111,0.066666667,0.011111111,0.077777778,0.055555556,0.11851852,0.011111111,0.037037037,0.033333333,0.037037037,0.066666667,0.07037037,0.048148148,0.096296296,0.0074074074,0.011111111
gi|212218450,0,non-T6SE,360,0.086111111,0.013888889,0.05,0.055555556,0.013888889,0.069444444,0.041666667,0.091666667,0.052777778,0.10833333,0.019444444,0.044444444,0.036111111,0.047222222,0.058333333,0.072222222,0.058333333,0.052777778,0.0083333333,0.019444444
gi|212218506,0,non-T6SE,177,0.050847458,0.02259887,0.039548023,0.050847458,0.062146893,0.079096045,0.033898305,0.062146893,0.073446328,0.084745763,0.039548023,0.033898305,0.04519774,0.02259887,0.062146893,0.06779661,0.062146893,0.079096045,0.011299435,0.016949153
gi|212218582,0,non-T6SE,371,0.061994609,0.029649596,0.056603774,0.053908356,0.051212938,0.080862534,0.043126685,0.067385445,0.067385445,0.080862534,0.010781671,0.056603774,0.037735849,0.056603774,0.040431267,0.043126685,0.04851752,0.061994609,0.013477089,0.037735849
gi|212218583,0,non-T6SE,1157,0.07346586,0.0043215212,0.048401037,0.075194468,0.042350908,0.047536733,0.029386344,0.087294728,0.050129646,0.12445981,0.0086430424,0.030250648,0.055315471,0.058772688,0.06741573,0.061365601,0.05704408,0.040622299,0.0060501296,0.031979257
gi|212218588,0,non-T6SE,604,0.097682119,0.013245033,0.049668874,0.048013245,0.041390728,0.094370861,0.029801325,0.071192053,0.07781457,0.092715232,0.016556291,0.041390728,0.034768212,0.046357616,0.044701987,0.066225166,0.049668874,0.052980132,0.0016556291,0.029801325
gi|212218625,0,non-T6SE,428,0.086448598,0.0023364486,0.049065421,0.072429907,0.030373832,0.093457944,0.011682243,0.088785047,0.079439252,0.070093458,0.025700935,0.035046729,0.053738318,0.030373832,0.035046729,0.042056075,0.058411215,0.086448598,0.014018692,0.035046729
gi|212218637,0,non-T6SE,240,0.066666667,0.0125,0.070833333,0.079166667,0.054166667,0.05,0.025,0.066666667,0.075,0.11666667,0.033333333,0.058333333,0.0375,0.020833333,0.0625,0.066666667,0.025,0.045833333,0.0083333333,0.025
gi|212218656,0,non-T6SE,339,0.12389381,0.017699115,0.038348083,0.067846608,0.026548673,0.088495575,0.029498525,0.056047198,0.05899705,0.10324484,0.02359882,0.032448378,0.04719764,0.029498525,0.056047198,0.03539823,0.038348083,0.08259587,0.0088495575,0.03539823
gi|212218689,0,non-T6SE,402,0.059701493,0.012437811,0.062189055,0.069651741,0.037313433,0.092039801,0.039800995,0.059701493,0.059701493,0.089552239,0.024875622,0.034825871,0.062189055,0.014925373,0.042288557,0.027363184,0.064676617,0.069651741,0.014925373,0.062189055
gi|212218695,0,non-T6SE,173,0.086705202,0.011560694,0.028901734,0.12716763,0.01734104,0.063583815,0.01734104,0.11560694,0.052023121,0.069364162,0.028901734,0.040462428,0.034682081,0.034682081,0.040462428,0.028901734,0.086705202,0.080924855,0.0057803468,0.028901734
gi|212218714,0,non-T6SE,145,0.062068966,0.034482759,0.068965517,0.10344828,0.04137931,0.062068966,0.068965517,0.062068966,0.075862069,0.082758621,0.027586207,0.020689655,0.013793103,0.04137931,0.055172414,0.034482759,0.034482759,0.089655172,0,0.020689655
gi|212218749,0,non-T6SE,202,0.12376238,0.014851485,0.059405941,0.064356436,0.034653465,0.054455446,0.024752475,0.1039604,0.069306931,0.094059406,0.014851485,0.02970297,0.064356436,0.03960396,0.054455446,0.034653465,0.03960396,0.04950495,0,0.02970297
gi|212218792,0,non-T6SE,336,0.10416667,0.023809524,0.044642857,0.071428571,0.026785714,0.056547619,0.029761905,0.056547619,0.047619048,0.092261905,0.032738095,0.029761905,0.050595238,0.047619048,0.032738095,0.077380952,0.05952381,0.074404762,0.014880952,0.026785714
gi|212218844,0,non-T6SE,236,0.088983051,0.016949153,0.063559322,0.055084746,0.025423729,0.072033898,0.0084745763,0.084745763,0.06779661,0.11016949,0.033898305,0.016949153,0.050847458,0.046610169,0.055084746,0.038135593,0.072033898,0.072033898,0.0042372881,0.016949153
gi|212218915,0,non-T6SE,253,0.090909091,0.019762846,0.075098814,0.090909091,0.035573123,0.059288538,0.035573123,0.071146245,0.04743083,0.071146245,0.023715415,0.023715415,0.051383399,0.023715415,0.067193676,0.051383399,0.035573123,0.083003953,0.011857708,0.031620553
gi|212218929,0,non-T6SE,436,0.073394495,0.0068807339,0.052752294,0.1146789,0.036697248,0.084862385,0.013761468,0.071100917,0.12155963,0.084862385,0.018348624,0.020642202,0.048165138,0.027522936,0.03440367,0.050458716,0.04587156,0.077981651,0.004587156,0.01146789
gi|212218945,0,non-T6SE,181,0.11049724,0.0055248619,0.027624309,0.093922652,0.038674033,0.066298343,0.038674033,0.038674033,0.099447514,0.082872928,0.022099448,0.033149171,0.049723757,0.060773481,0.08839779,0.033149171,0.038674033,0.038674033,0.011049724,0.022099448
gi|212219025,0,non-T6SE,434,0.11290323,0.0092165899,0.050691244,0.064516129,0.016129032,0.094470046,0.025345622,0.087557604,0.039170507,0.10138249,0.039170507,0.032258065,0.032258065,0.029953917,0.064516129,0.041474654,0.052995392,0.082949309,0.0046082949,0.01843318
gi|212219026,0,non-T6SE,324,0.098765432,0.012345679,0.061728395,0.040123457,0.021604938,0.074074074,0.030864198,0.067901235,0.058641975,0.12037037,0.037037037,0.024691358,0.046296296,0.021604938,0.040123457,0.061728395,0.086419753,0.083333333,0,0.012345679
gi|212219111,0,non-T6SE,201,0.089552239,0.034825871,0.039800995,0.059701493,0.014925373,0.07960199,0.044776119,0.089552239,0.049751244,0.11940299,0.019900498,0.034825871,0.054726368,0.054726368,0.039800995,0.054726368,0.049751244,0.044776119,0,0.024875622
gi|212219132,0,non-T6SE,1324,0.092145015,0.012084592,0.047583082,0.066465257,0.047583082,0.075528701,0.030966767,0.06570997,0.052870091,0.099697885,0.021148036,0.041540785,0.054380665,0.04305136,0.052114804,0.066465257,0.043806647,0.052114804,0.013595166,0.021148036
gi|212219167,0,non-T6SE,936,0.09508547,0.012820513,0.070512821,0.06517094,0.044871795,0.055555556,0.026709402,0.051282051,0.056623932,0.10149573,0.013888889,0.033119658,0.051282051,0.039529915,0.061965812,0.048076923,0.045940171,0.070512821,0.023504274,0.032051282
gi|212219176,0,non-T6SE,117,0.1025641,0,0.068376068,0.05982906,0.025641026,0.076923077,0.034188034,0.076923077,0.13675214,0.042735043,0.051282051,0,0.0085470085,0.068376068,0.05982906,0.017094017,0.051282051,0.1025641,0,0.017094017
gi|212219224,0,non-T6SE,614,0.091205212,0.009771987,0.050488599,0.071661238,0.040716612,0.070032573,0.017915309,0.071661238,0.068403909,0.10586319,0.017915309,0.021172638,0.04723127,0.050488599,0.053745928,0.053745928,0.045602606,0.081433225,0.0016286645,0.029315961
gi|212219249,0,non-T6SE,519,0.10211946,0.0077071291,0.069364162,0.06743738,0.034682081,0.071290944,0.038535645,0.061657033,0.050096339,0.10211946,0.023121387,0.046242775,0.048169557,0.036608863,0.050096339,0.032755299,0.071290944,0.050096339,0.0019267823,0.034682081
gi|212219277,0,non-T6SE,610,0.059016393,0.0081967213,0.067213115,0.067213115,0.047540984,0.06557377,0.021311475,0.070491803,0.054098361,0.10491803,0.024590164,0.029508197,0.057377049,0.042622951,0.068852459,0.050819672,0.055737705,0.070491803,0.006557377,0.027868852
gi|212219280,0,non-T6SE,200,0.075,0.005,0.045,0.07,0.02,0.075,0.04,0.08,0.045,0.135,0.015,0.03,0.065,0.045,0.06,0.04,0.06,0.06,0.005,0.03
gi|212219373,0,non-T6SE,916,0.089519651,0.0032751092,0.054585153,0.10371179,0.026200873,0.062227074,0.028384279,0.066593886,0.065502183,0.097161572,0.029475983,0.034934498,0.032751092,0.057860262,0.065502183,0.03930131,0.049126638,0.052401747,0.0076419214,0.033842795
gi|212219402,0,non-T6SE,160,0.0625,0.0125,0.04375,0.1125,0.01875,0.08125,0.01875,0.075,0.04375,0.125,0.025,0.0125,0.06875,0.04375,0.08125,0.05,0.03125,0.04375,0.025,0.025
gi|212219451,0,non-T6SE,200,0.13,0.01,0.055,0.1,0.04,0.055,0.025,0.065,0.04,0.095,0.015,0.04,0.05,0.045,0.045,0.075,0.045,0.05,0.005,0.015
gi|212219499,0,non-T6SE,91,0.043956044,0,0.065934066,0.076923077,0.054945055,0.032967033,0.032967033,0.054945055,0.098901099,0.10989011,0.043956044,0.043956044,0.043956044,0.043956044,0.076923077,0.054945055,0.010989011,0.021978022,0.032967033,0.054945055
gi|212219504,0,non-T6SE,314,0.11146497,0.0095541401,0.060509554,0.057324841,0.031847134,0.070063694,0.015923567,0.082802548,0.063694268,0.098726115,0.025477707,0.025477707,0.050955414,0.047770701,0.060509554,0.060509554,0.038216561,0.066878981,0.0095541401,0.012738854
gi|212219519,0,non-T6SE,204,0.11764706,0.0049019608,0.039215686,0.073529412,0.039215686,0.088235294,0.0049019608,0.083333333,0.068627451,0.10784314,0.019607843,0.044117647,0.014705882,0.019607843,0.06372549,0.06372549,0.068627451,0.058823529,0.0049019608,0.014705882
gi|212219538,0,non-T6SE,393,0.094147583,0.017811705,0.063613232,0.06870229,0.030534351,0.096692112,0.025445293,0.071246819,0.043256997,0.066157761,0.017811705,0.027989822,0.048346056,0.038167939,0.061068702,0.048346056,0.063613232,0.081424936,0.010178117,0.025445293
gi|212219546,0,non-T6SE,775,0.069677419,0.019354839,0.056774194,0.078709677,0.037419355,0.047741935,0.019354839,0.073548387,0.058064516,0.11096774,0.015483871,0.037419355,0.046451613,0.052903226,0.058064516,0.063225806,0.050322581,0.056774194,0.021935484,0.025806452
gi|212219550,0,non-T6SE,723,0.081604426,0.0069156293,0.052558783,0.071922545,0.038727524,0.055325035,0.031811895,0.053941909,0.045643154,0.11479945,0.020746888,0.042876902,0.031811895,0.052558783,0.070539419,0.059474412,0.066390041,0.052558783,0.015214385,0.034578147
gi|88658171,0,non-T6SE,123,0.056910569,0.024390244,0.040650407,0.040650407,0.016260163,0.081300813,0.024390244,0.12195122,0.073170732,0.073170732,0.016260163,0.081300813,0.024390244,0.0081300813,0.1300813,0.032520325,0.048780488,0.073170732,0,0.032520325
gi|88658479,0,non-T6SE,137,0.10218978,0.02189781,0.065693431,0.058394161,0.01459854,0.065693431,0.02189781,0.058394161,0.13868613,0.10218978,0.02189781,0.051094891,0.03649635,0.02189781,0,0.080291971,0.051094891,0.058394161,0,0.02919708
gi|88657724,0,non-T6SE,487,0.067761807,0.0020533881,0.063655031,0.1026694,0.026694045,0.045174538,0.01026694,0.11088296,0.080082136,0.10472279,0.014373717,0.065708419,0.032854209,0.028747433,0.05338809,0.05338809,0.065708419,0.05338809,0.0020533881,0.016427105
gi|410681562,0,non-T6SE,381,0.065616798,0.0052493438,0.057742782,0.076115486,0.039370079,0.057742782,0.028871391,0.062992126,0.073490814,0.11286089,0.023622047,0.052493438,0.026246719,0.026246719,0.057742782,0.049868766,0.065616798,0.049868766,0.0052493438,0.062992126
gi|410681642,0,non-T6SE,812,0.068965517,0.011083744,0.044334975,0.098522167,0.043103448,0.072660099,0.019704433,0.081280788,0.083743842,0.073891626,0.02955665,0.049261084,0.036945813,0.032019704,0.039408867,0.066502463,0.043103448,0.061576355,0.0086206897,0.035714286
gi|410681660,0,non-T6SE,549,0.098360656,0.0072859745,0.012750455,0.029143898,0.096539162,0.080145719,0.0091074681,0.1129326,0.038251366,0.12750455,0.021857923,0.018214936,0.052823315,0.02003643,0.014571949,0.074681239,0.058287796,0.087431694,0.014571949,0.025500911
gi|410681902,0,non-T6SE,448,0.082589286,0.020089286,0.033482143,0.084821429,0.044642857,0.095982143,0.020089286,0.058035714,0.082589286,0.080357143,0.024553571,0.049107143,0.033482143,0.033482143,0.035714286,0.069196429,0.035714286,0.066964286,0.0066964286,0.042410714
gi|410681911,0,non-T6SE,213,0.0657277,0.0093896714,0.070422535,0.061032864,0.070422535,0.051643192,0.046948357,0.046948357,0.089201878,0.089201878,0.0093896714,0.061032864,0.028169014,0.03286385,0.0093896714,0.0657277,0.051643192,0.061032864,0.028169014,0.051643192
gi|410682152,0,non-T6SE,194,0.06185567,0.0051546392,0.046391753,0.06185567,0.051546392,0.097938144,0.030927835,0.041237113,0.092783505,0.092783505,0.025773196,0.046391753,0.036082474,0.041237113,0.010309278,0.06185567,0.056701031,0.077319588,0.025773196,0.036082474
gi|410682211,0,non-T6SE,207,0.082125604,0.0096618357,0.038647343,0.086956522,0.033816425,0.11111111,0.019323671,0.072463768,0.082125604,0.10144928,0.048309179,0.053140097,0.024154589,0.024154589,0.019323671,0.053140097,0.028985507,0.09178744,0.0048309179,0.014492754
gi|410682383,0,non-T6SE,244,0.06147541,0.016393443,0.040983607,0.045081967,0.040983607,0.045081967,0.028688525,0.06147541,0.073770492,0.1147541,0.028688525,0.073770492,0.069672131,0.045081967,0.036885246,0.081967213,0.028688525,0.06147541,0.0081967213,0.036885246
gi|410682680,0,non-T6SE,545,0.064220183,0.0055045872,0.051376147,0.064220183,0.062385321,0.058715596,0.03853211,0.064220183,0.08440367,0.11926606,0.025688073,0.053211009,0.025688073,0.036697248,0.03853211,0.066055046,0.040366972,0.053211009,0.014678899,0.033027523
gi|410682694,0,non-T6SE,233,0.090128755,0.025751073,0.051502146,0.051502146,0.0472103,0.068669528,0.025751073,0.072961373,0.072961373,0.11158798,0.0472103,0.038626609,0.025751073,0.017167382,0.038626609,0.072961373,0.060085837,0.042918455,0,0.038626609
gi|410682695,0,non-T6SE,413,0.08716707,0.014527845,0.062953995,0.070217918,0.062953995,0.07748184,0.031476998,0.070217918,0.07748184,0.11864407,0.00968523,0.04842615,0.033898305,0.026634383,0.036319613,0.060532688,0.036319613,0.031476998,0.004842615,0.03874092
gi|410682831,0,non-T6SE,141,0.085106383,0.0070921986,0.021276596,0.078014184,0.021276596,0.085106383,0.021276596,0.092198582,0.12056738,0.056737589,0.04964539,0.028368794,0.042553191,0.021276596,0.09929078,0.042553191,0.042553191,0.04964539,0.014184397,0.021276596
gi|410683030,0,non-T6SE,408,0.080882353,0.017156863,0.029411765,0.029411765,0.080882353,0.085784314,0.014705882,0.06127451,0.049019608,0.14705882,0.026960784,0.026960784,0.041666667,0.022058824,0.017156863,0.068627451,0.051470588,0.11764706,0.0049019608,0.026960784
gi|52840394,0,non-T6SE,692,0.098265896,0.014450867,0.057803468,0.050578035,0.043352601,0.086705202,0.040462428,0.059248555,0.041907514,0.095375723,0.026011561,0.049132948,0.040462428,0.046242775,0.037572254,0.065028902,0.054913295,0.049132948,0.01734104,0.026011561
gi|52840829,0,non-T6SE,124,0.088709677,0.0080645161,0.048387097,0.088709677,0.040322581,0.10483871,0.016129032,0.096774194,0.080645161,0.064516129,0.048387097,0.024193548,0.032258065,0.016129032,0.040322581,0.024193548,0.056451613,0.088709677,0,0.032258065
gi|52840997,0,non-T6SE,305,0.055737705,0.013114754,0.039344262,0.072131148,0.039344262,0.075409836,0.013114754,0.091803279,0.062295082,0.11803279,0.02295082,0.049180328,0.036065574,0.052459016,0.042622951,0.06557377,0.032786885,0.049180328,0.0098360656,0.059016393
gi|161723256,0,non-T6SE,161,0.037267081,0.0062111801,0.086956522,0.080745342,0.049689441,0.037267081,0.01242236,0.055900621,0.093167702,0.080745342,0.01863354,0.043478261,0.02484472,0.049689441,0.068322981,0.068322981,0.080745342,0.086956522,0,0.01863354
gi|52842031,0,non-T6SE,164,0.12195122,0.030487805,0,0.079268293,0.036585366,0.097560976,0.036585366,0.054878049,0.042682927,0.085365854,0.024390244,0.024390244,0.018292683,0.06097561,0.024390244,0.079268293,0.06097561,0.085365854,0.018292683,0.018292683
gi|52842402,0,non-T6SE,317,0.063091483,0.0031545741,0.018927445,0.03785489,0.12933754,0.047318612,0.025236593,0.12618297,0.047318612,0.14195584,0.034700315,0.034700315,0.025236593,0.012618297,0.031545741,0.03785489,0.041009464,0.072555205,0.03785489,0.031545741
gi|153007409,0,non-T6SE,389,0.11311054,0,0.05655527,0.059125964,0.025706941,0.10282776,0.01285347,0.051413882,0.051413882,0.077120823,0.043701799,0.017994859,0.087403599,0.028277635,0.05655527,0.041131105,0.053984576,0.097686375,0.0077120823,0.015424165
gi|153007490,0,non-T6SE,89,0.14606742,0.011235955,0.04494382,0.11235955,0.02247191,0.056179775,0.02247191,0.056179775,0.04494382,0.11235955,0.033707865,0.011235955,0.033707865,0.056179775,0.11235955,0.02247191,0.06741573,0.02247191,0,0.011235955
gi|153007542,0,non-T6SE,1263,0.12984956,0.0079176564,0.059382423,0.086302454,0.041171813,0.079176564,0.020585907,0.064133017,0.041963579,0.07442597,0.024544735,0.033254157,0.04354711,0.032462391,0.060174188,0.041171813,0.050673001,0.071258907,0.010292953,0.027711797
gi|153007546,0,non-T6SE,644,0.096273292,0.0046583851,0.080745342,0.063664596,0.049689441,0.069875776,0.017080745,0.063664596,0.031055901,0.094720497,0.010869565,0.031055901,0.037267081,0.034161491,0.079192547,0.063664596,0.066770186,0.076086957,0.0062111801,0.023291925
gi|153007804,0,non-T6SE,264,0.10227273,0.011363636,0.045454545,0.071969697,0.049242424,0.083333333,0.03030303,0.049242424,0.037878788,0.10227273,0.011363636,0.071969697,0.053030303,0.03030303,0.060606061,0.018939394,0.053030303,0.060606061,0.011363636,0.045454545
gi|153007805,0,non-T6SE,294,0.11904762,0.010204082,0.051020408,0.06462585,0.037414966,0.11564626,0.023809524,0.068027211,0.054421769,0.10544218,0.037414966,0.034013605,0.044217687,0.037414966,0.040816327,0.054421769,0.040816327,0.057823129,0,0.0034013605
gi|153007823,0,non-T6SE,116,0.068965517,0.0086206897,0.077586207,0.077586207,0.051724138,0.060344828,0.025862069,0.025862069,0.11206897,0.10344828,0.034482759,0.025862069,0.043103448,0.025862069,0.051724138,0.043103448,0.060344828,0.051724138,0.017241379,0.034482759
gi|153007934,0,non-T6SE,350,0.10285714,0.017142857,0.057142857,0.077142857,0.034285714,0.068571429,0.034285714,0.074285714,0.037142857,0.074285714,0.02,0.034285714,0.048571429,0.037142857,0.065714286,0.051428571,0.042857143,0.10571429,0.0028571429,0.014285714
gi|153008098,0,non-T6SE,165,0.13333333,0,0.1030303,0.048484848,0.024242424,0.048484848,0.042424242,0.060606061,0.072727273,0.1030303,0.024242424,0.042424242,0.024242424,0.03030303,0.036363636,0.036363636,0.078787879,0.054545455,0.012121212,0.024242424
gi|153008136,0,non-T6SE,134,0.1641791,0,0.052238806,0.044776119,0.037313433,0.067164179,0.02238806,0.059701493,0.10447761,0.059701493,0.0074626866,0.037313433,0.014925373,0.029850746,0.12686567,0.029850746,0.044776119,0.059701493,0.0074626866,0.029850746
gi|153008267,0,non-T6SE,300,0.1,0.01,0.036666667,0.086666667,0.03,0.14,0.01,0.08,0.076666667,0.056666667,0.033333333,0.013333333,0.05,0.026666667,0.036666667,0.046666667,0.07,0.08,0.0033333333,0.013333333
gi|153008282,0,non-T6SE,469,0.10447761,0.014925373,0.066098081,0.074626866,0.02771855,0.093816631,0.029850746,0.066098081,0.0554371,0.057569296,0.029850746,0.029850746,0.042643923,0.025586354,0.059701493,0.0554371,0.057569296,0.076759062,0.012793177,0.019189765
gi|153008288,0,non-T6SE,614,0.11074919,0.013029316,0.06514658,0.061889251,0.03257329,0.096091205,0.034201954,0.039087948,0.043973941,0.076547231,0.034201954,0.029315961,0.043973941,0.027687296,0.060260586,0.050488599,0.060260586,0.076547231,0.01465798,0.029315961
gi|153008404,0,non-T6SE,339,0.12094395,0.0088495575,0.061946903,0.053097345,0.050147493,0.10914454,0.017699115,0.053097345,0.050147493,0.08259587,0.02359882,0.02359882,0.061946903,0.029498525,0.056047198,0.053097345,0.029498525,0.08259587,0.005899705,0.026548673
gi|153008421,0,non-T6SE,538,0.16914498,0.0055762082,0.063197026,0.063197026,0.033457249,0.085501859,0.029739777,0.057620818,0.059479554,0.068773234,0.020446097,0.029739777,0.040892193,0.018587361,0.046468401,0.040892193,0.05204461,0.092936803,0.0018587361,0.020446097
gi|153008448,0,non-T6SE,453,0.1192053,0.0066225166,0.066225166,0.090507726,0.028697572,0.097130243,0.01986755,0.068432671,0.070640177,0.094922737,0.017660044,0.033112583,0.037527594,0.026490066,0.046357616,0.041942605,0.06401766,0.048565121,0.0066225166,0.015452539
gi|153008609,0,non-T6SE,369,0.092140921,0.013550136,0.054200542,0.056910569,0.029810298,0.094850949,0.027100271,0.056910569,0.024390244,0.10840108,0.027100271,0.037940379,0.043360434,0.029810298,0.078590786,0.078590786,0.043360434,0.035230352,0.024390244,0.043360434
gi|153008685,0,non-T6SE,284,0.077464789,0.017605634,0.049295775,0.073943662,0.031690141,0.10915493,0.0070422535,0.056338028,0.059859155,0.059859155,0.024647887,0.045774648,0.049295775,0.024647887,0.049295775,0.059859155,0.049295775,0.11267606,0.024647887,0.017605634
gi|153008699,0,non-T6SE,319,0.094043887,0.0031347962,0.034482759,0.065830721,0.047021944,0.084639498,0.0062695925,0.040752351,0.056426332,0.087774295,0.021943574,0.040752351,0.078369906,0.034482759,0.05015674,0.065830721,0.05015674,0.065830721,0.021943574,0.05015674
gi|153008701,0,non-T6SE,218,0.10091743,0.004587156,0.050458716,0.050458716,0.036697248,0.064220183,0.027522936,0.04587156,0.032110092,0.091743119,0.018348624,0.050458716,0.068807339,0.041284404,0.082568807,0.04587156,0.055045872,0.087155963,0.0091743119,0.036697248
gi|153008749,0,non-T6SE,319,0.13166144,0.0062695925,0.065830721,0.072100313,0.034482759,0.084639498,0.0094043887,0.068965517,0.087774295,0.056426332,0.015673981,0.028213166,0.037617555,0.047021944,0.02507837,0.059561129,0.065830721,0.072100313,0.012539185,0.018808777
gi|153008791,0,non-T6SE,488,0.125,0.0020491803,0.069672131,0.086065574,0.049180328,0.05942623,0.036885246,0.040983607,0.051229508,0.084016393,0.024590164,0.026639344,0.053278689,0.024590164,0.057377049,0.053278689,0.045081967,0.079918033,0.006147541,0.024590164
gi|153008944,0,non-T6SE,93,0.043010753,0.032258065,0.021505376,0.075268817,0.032258065,0.064516129,0.032258065,0.075268817,0.021505376,0.075268817,0.053763441,0.043010753,0.010752688,0.075268817,0.15053763,0.064516129,0.043010753,0.053763441,0,0.032258065
gi|153008959,0,non-T6SE,367,0.11716621,0.010899183,0.065395095,0.092643052,0.029972752,0.081743869,0.010899183,0.073569482,0.057220708,0.089918256,0.019073569,0.038147139,0.038147139,0.029972752,0.057220708,0.027247956,0.059945504,0.070844687,0.0027247956,0.027247956
gi|153009013,0,non-T6SE,407,0.11056511,0.0049140049,0.058968059,0.068796069,0.034398034,0.095823096,0.036855037,0.046683047,0.046683047,0.093366093,0.0098280098,0.039312039,0.054054054,0.022113022,0.039312039,0.039312039,0.088452088,0.081081081,0.012285012,0.017199017
gi|153009021,0,non-T6SE,168,0.041666667,0.06547619,0.11309524,0.047619048,0.017857143,0.035714286,0.047619048,0.041666667,0.035714286,0.083333333,0.023809524,0.035714286,0.05952381,0.023809524,0.05952381,0.06547619,0.06547619,0.071428571,0.035714286,0.029761905
gi|153009122,0,non-T6SE,264,0.075757576,0.011363636,0.071969697,0.037878788,0.053030303,0.071969697,0.034090909,0.060606061,0.045454545,0.12121212,0.026515152,0.045454545,0.056818182,0.041666667,0.053030303,0.034090909,0.049242424,0.045454545,0.026515152,0.037878788
gi|153009134,0,non-T6SE,607,0.11037891,0.014827018,0.064250412,0.047775947,0.024711697,0.082372323,0.02800659,0.077429984,0.042833608,0.070840198,0.036243822,0.041186161,0.057660626,0.047775947,0.047775947,0.047775947,0.047775947,0.069192751,0.013179572,0.02800659
gi|153009296,0,non-T6SE,122,0.081967213,0.0081967213,0.06557377,0.032786885,0.016393443,0.073770492,0.0081967213,0.10655738,0.090163934,0.049180328,0.040983607,0.049180328,0.049180328,0.016393443,0.10655738,0.049180328,0.024590164,0.12295082,0,0.0081967213
gi|153009298,0,non-T6SE,185,0.097297297,0.0054054054,0.064864865,0.064864865,0.059459459,0.064864865,0.0054054054,0.081081081,0.081081081,0.075675676,0.037837838,0.048648649,0.043243243,0.027027027,0.086486486,0.016216216,0.054054054,0.054054054,0.0054054054,0.027027027
gi|153009306,0,non-T6SE,446,0.098654709,0.0044843049,0.013452915,0.031390135,0.056053812,0.10089686,0.015695067,0.091928251,0.035874439,0.12780269,0.024663677,0.033632287,0.044843049,0.042600897,0.038116592,0.056053812,0.062780269,0.080717489,0.0067264574,0.033632287
gi|153009310,0,non-T6SE,337,0.074183976,0.0059347181,0.059347181,0.097922849,0.023738872,0.071216617,0.011869436,0.074183976,0.053412463,0.09495549,0.020771513,0.056379822,0.050445104,0.035608309,0.056379822,0.044510386,0.047477745,0.091988131,0.0059347181,0.023738872
gi|153009311,0,non-T6SE,142,0.18309859,0,0.056338028,0.063380282,0.028169014,0.063380282,0.028169014,0.056338028,0.077464789,0.070422535,0.028169014,0.035211268,0.021126761,0.028169014,0.11267606,0.021126761,0.042253521,0.070422535,0,0.014084507
gi|153009331,0,non-T6SE,714,0.12044818,0.0042016807,0.056022409,0.079831933,0.039215686,0.081232493,0.016806723,0.06442577,0.056022409,0.086834734,0.026610644,0.033613445,0.042016807,0.036414566,0.057422969,0.050420168,0.047619048,0.068627451,0.0070028011,0.025210084
gi|153009387,0,non-T6SE,117,0.12820513,0,0.094017094,0.076923077,0.068376068,0.068376068,0.0085470085,0.025641026,0.085470085,0.017094017,0.076923077,0.017094017,0.042735043,0.0085470085,0.05982906,0.034188034,0.034188034,0.11111111,0.017094017,0.025641026
gi|153009466,0,non-T6SE,199,0.14070352,0,0.050251256,0.050251256,0.010050251,0.11055276,0.020100503,0.055276382,0.055276382,0.060301508,0.055276382,0.020100503,0.040201005,0.065326633,0.035175879,0.045226131,0.060301508,0.070351759,0.010050251,0.045226131
gi|153009524,0,non-T6SE,369,0.094850949,0.0054200542,0.075880759,0.097560976,0.040650407,0.081300813,0.024390244,0.032520325,0.021680217,0.10298103,0.029810298,0.016260163,0.051490515,0.040650407,0.092140921,0.037940379,0.048780488,0.073170732,0.0027100271,0.029810298
gi|153009530,0,non-T6SE,974,0.082135524,0.01026694,0.062628337,0.078028747,0.034907598,0.087268994,0.017453799,0.059548255,0.059548255,0.088295688,0.016427105,0.026694045,0.045174538,0.032854209,0.068788501,0.061601643,0.057494867,0.074948665,0.0071868583,0.028747433
gi|153009536,0,non-T6SE,230,0.065217391,0.0086956522,0.052173913,0.069565217,0.030434783,0.073913043,0.026086957,0.07826087,0.039130435,0.07826087,0.060869565,0.039130435,0.043478261,0.052173913,0.073913043,0.052173913,0.056521739,0.065217391,0,0.034782609
gi|153009585,0,non-T6SE,507,0.08086785,0.013806706,0.051282051,0.09270217,0.035502959,0.072978304,0.013806706,0.069033531,0.063116371,0.059171598,0.015779093,0.047337278,0.041420118,0.043392505,0.043392505,0.071005917,0.053254438,0.072978304,0.013806706,0.045364892
gi|153009733,0,non-T6SE,442,0.092760181,0.0067873303,0.07918552,0.07239819,0.038461538,0.081447964,0.018099548,0.067873303,0.047511312,0.076923077,0.038461538,0.024886878,0.049773756,0.031674208,0.070135747,0.052036199,0.040723982,0.058823529,0.013574661,0.038461538
gi|153009820,0,non-T6SE,152,0.078947368,0.0065789474,0.052631579,0.078947368,0.019736842,0.072368421,0.026315789,0.065789474,0.046052632,0.078947368,0.039473684,0.026315789,0.085526316,0.046052632,0.072368421,0.046052632,0.026315789,0.10526316,0.0065789474,0.019736842
gi|153009822,0,non-T6SE,154,0.090909091,0,0.045454545,0.058441558,0.019480519,0.084415584,0.032467532,0.051948052,0.090909091,0.071428571,0.019480519,0.051948052,0.051948052,0.045454545,0.084415584,0.0064935065,0.051948052,0.1038961,0.012987013,0.025974026
gi|153009857,0,non-T6SE,439,0.11389522,0.0091116173,0.0523918,0.063781321,0.038724374,0.10250569,0.025056948,0.045558087,0.059225513,0.086560364,0.027334852,0.056947608,0.041002278,0.025056948,0.047835991,0.0523918,0.041002278,0.079726651,0.006833713,0.025056948
gi|153009903,0,non-T6SE,363,0.11570248,0.0082644628,0.074380165,0.05785124,0.033057851,0.1322314,0.0082644628,0.05785124,0.055096419,0.099173554,0.024793388,0.024793388,0.052341598,0.019283747,0.041322314,0.038567493,0.041322314,0.093663912,0.0055096419,0.016528926
gi|153009959,0,non-T6SE,403,0.11166253,0.0049627792,0.017369727,0.012406948,0.069478908,0.094292804,0.017369727,0.076923077,0.032258065,0.13895782,0.039702233,0.027295285,0.049627792,0.029776675,0.024813896,0.076923077,0.049627792,0.071960298,0.012406948,0.042183623
gi|153010181,0,non-T6SE,207,0.072463768,0.033816425,0.057971014,0.077294686,0.028985507,0.072463768,0.033816425,0.043478261,0.028985507,0.11111111,0.014492754,0.043478261,0.038647343,0.053140097,0.06763285,0.062801932,0.019323671,0.09178744,0.024154589,0.024154589
gi|153010186,0,non-T6SE,824,0.08131068,0.013349515,0.064320388,0.059466019,0.049757282,0.078883495,0.016990291,0.044902913,0.059466019,0.066747573,0.031553398,0.053398058,0.058252427,0.023058252,0.049757282,0.057038835,0.058252427,0.066747573,0.031553398,0.035194175
gi|153010187,0,non-T6SE,313,0.089456869,0.051118211,0.060702875,0.060702875,0.025559105,0.086261981,0.028753994,0.054313099,0.063897764,0.051118211,0.022364217,0.051118211,0.079872204,0.031948882,0.03514377,0.041533546,0.047923323,0.07028754,0.015974441,0.031948882
gi|153010206,0,non-T6SE,594,0.099326599,0.0016835017,0.060606061,0.063973064,0.04040404,0.085858586,0.04040404,0.069023569,0.038720539,0.095959596,0.0084175084,0.021885522,0.045454545,0.037037037,0.080808081,0.058922559,0.042087542,0.063973064,0.015151515,0.03030303
gi|153010214,0,non-T6SE,1254,0.082137161,0.009569378,0.064593301,0.059808612,0.03030303,0.086124402,0.028708134,0.041467305,0.057416268,0.073365231,0.023923445,0.043859649,0.055023923,0.026315789,0.055023923,0.058213716,0.058213716,0.070972887,0.031897927,0.043062201
gi|153010215,0,non-T6SE,512,0.072265625,0.033203125,0.052734375,0.083984375,0.033203125,0.076171875,0.013671875,0.064453125,0.064453125,0.056640625,0.041015625,0.0390625,0.060546875,0.02734375,0.05859375,0.05078125,0.044921875,0.056640625,0.025390625,0.044921875
gi|153010251,0,non-T6SE,400,0.17,0.0025,0.0175,0.015,0.045,0.13,0.0075,0.0675,0.0125,0.14,0.0425,0.0225,0.05,0.01,0.035,0.06,0.0725,0.0675,0.0175,0.015
gi|153010276,0,non-T6SE,135,0.044444444,0.014814815,0.02962963,0.059259259,0.066666667,0.11851852,0.0074074074,0.074074074,0.02962963,0.051851852,0.02962963,0.066666667,0.051851852,0.022222222,0.096296296,0.081481481,0.044444444,0.074074074,0.0074074074,0.02962963
gi|153010338,0,non-T6SE,215,0.079069767,0.018604651,0.069767442,0.060465116,0.060465116,0.074418605,0.027906977,0.051162791,0.069767442,0.074418605,0.018604651,0.027906977,0.041860465,0.023255814,0.074418605,0.055813953,0.051162791,0.069767442,0.023255814,0.027906977
gi|153010448,0,non-T6SE,307,0.12052117,0.009771987,0.055374593,0.058631922,0.009771987,0.091205212,0.009771987,0.071661238,0.03257329,0.10749186,0.029315961,0.039087948,0.039087948,0.026058632,0.055374593,0.06514658,0.068403909,0.09771987,0,0.013029316
gi|153010522,0,non-T6SE,141,0.078014184,0.014184397,0.070921986,0.070921986,0.0070921986,0.070921986,0.028368794,0.070921986,0.028368794,0.13475177,0.021276596,0.028368794,0.085106383,0.021276596,0.085106383,0.056737589,0.042553191,0.063829787,0,0.021276596
gi|153011148,0,non-T6SE,173,0.10404624,0.011560694,0.057803468,0.063583815,0.01734104,0.14450867,0.052023121,0.040462428,0.057803468,0.098265896,0.028901734,0.011560694,0.075144509,0.040462428,0.023121387,0.052023121,0.046242775,0.057803468,0,0.01734104
gi|153011176,0,non-T6SE,275,0.11636364,0.0036363636,0.10181818,0.087272727,0.032727273,0.054545455,0.010909091,0.032727273,0.098181818,0.12363636,0.0036363636,0.025454545,0.04,0.018181818,0.029090909,0.054545455,0.043636364,0.08,0.0036363636,0.04
gi|153011177,0,non-T6SE,444,0.099099099,0.0045045045,0.06981982,0.056306306,0.047297297,0.085585586,0.02027027,0.040540541,0.054054054,0.092342342,0.024774775,0.045045045,0.076576577,0.040540541,0.063063063,0.051801802,0.042792793,0.056306306,0.009009009,0.02027027
gi|153011307,0,non-T6SE,208,0.096153846,0.0096153846,0.072115385,0.048076923,0.057692308,0.0625,0.019230769,0.033653846,0.057692308,0.10096154,0.019230769,0.057692308,0.052884615,0.019230769,0.038461538,0.038461538,0.076923077,0.096153846,0.019230769,0.024038462
gi|153011653,0,non-T6SE,269,0.07063197,0,0.037174721,0.055762082,0.074349442,0.081784387,0.026022305,0.11152416,0.029739777,0.11152416,0.044609665,0.029739777,0.033457249,0.014869888,0.026022305,0.085501859,0.074349442,0.066914498,0.014869888,0.011152416
gi|153011849,0,non-T6SE,95,0.052631579,0,0.042105263,0.052631579,0.010526316,0.052631579,0.021052632,0.021052632,0.094736842,0.12631579,0.021052632,0.031578947,0.042105263,0.052631579,0.094736842,0.052631579,0.063157895,0.10526316,0.010526316,0.052631579
gi|153012036,0,non-T6SE,333,0.099099099,0.015015015,0.057057057,0.075075075,0.048048048,0.078078078,0.021021021,0.063063063,0.057057057,0.084084084,0.03003003,0.03003003,0.039039039,0.036036036,0.054054054,0.042042042,0.069069069,0.06006006,0.012012012,0.03003003
gi|15887405,0,non-T6SE,744,0.11290323,0.0040322581,0.069892473,0.063172043,0.025537634,0.088709677,0.018817204,0.049731183,0.048387097,0.086021505,0.034946237,0.044354839,0.049731183,0.025537634,0.059139785,0.051075269,0.052419355,0.073924731,0.016129032,0.025537634
gi|159184174,0,non-T6SE,257,0.17509728,0.015564202,0.062256809,0.06614786,0.035019455,0.070038911,0.0077821012,0.070038911,0.050583658,0.089494163,0.023346304,0.023346304,0.038910506,0.023346304,0.054474708,0.035019455,0.070038911,0.070038911,0.0077821012,0.011673152
gi|15887488,0,non-T6SE,438,0.14840183,0.015981735,0.061643836,0.059360731,0.025114155,0.093607306,0.0068493151,0.070776256,0.03196347,0.10273973,0.03196347,0.02283105,0.047945205,0.01826484,0.061643836,0.063926941,0.043378995,0.082191781,0.00456621,0.0068493151
gi|15887516,0,non-T6SE,340,0.15882353,0,0.023529412,0.052941176,0.026470588,0.073529412,0.014705882,0.05,0.020588235,0.070588235,0.026470588,0.020588235,0.079411765,0.041176471,0.055882353,0.085294118,0.091176471,0.088235294,0.014705882,0.0058823529
gi|15887532,0,non-T6SE,300,0.086666667,0.013333333,0.083333333,0.07,0.04,0.066666667,0.03,0.05,0.05,0.073333333,0.033333333,0.02,0.063333333,0.033333333,0.066666667,0.033333333,0.056666667,0.083333333,0.0033333333,0.043333333
gi|159184202,0,non-T6SE,381,0.083989501,0.0052493438,0.031496063,0.034120735,0.081364829,0.081364829,0.0052493438,0.073490814,0.028871391,0.12073491,0.034120735,0.041994751,0.062992126,0.028871391,0.052493438,0.060367454,0.060367454,0.049868766,0.034120735,0.028871391
gi|15887547,0,non-T6SE,442,0.092760181,0.011312217,0.040723982,0.06561086,0.031674208,0.12895928,0.029411765,0.061085973,0.036199095,0.088235294,0.029411765,0.038461538,0.042986425,0.015837104,0.058823529,0.056561086,0.052036199,0.06561086,0.013574661,0.040723982
gi|15887552,0,non-T6SE,303,0.14521452,0,0.062706271,0.04620462,0.03630363,0.075907591,0.0066006601,0.056105611,0.069306931,0.092409241,0.01650165,0.059405941,0.04290429,0.03960396,0.01980198,0.03960396,0.075907591,0.079207921,0.0099009901,0.02640264
gi|159184273,0,non-T6SE,351,0.11965812,0,0.05982906,0.065527066,0.028490028,0.071225071,0.014245014,0.045584046,0.03988604,0.096866097,0.042735043,0.037037037,0.051282051,0.045584046,0.082621083,0.037037037,0.056980057,0.085470085,0,0.01994302
gi|15887822,0,non-T6SE,241,0.14937759,0.0041493776,0,0.033195021,0.074688797,0.14937759,0.020746888,0.070539419,0.024896266,0.11618257,0.0082987552,0.020746888,0.045643154,0.020746888,0.012448133,0.053941909,0.049792531,0.10373444,0.020746888,0.020746888
gi|159184358,0,non-T6SE,99,0.050505051,0.02020202,0.03030303,0.1010101,0.04040404,0.050505051,0.04040404,0.050505051,0.060606061,0.070707071,0.04040404,0.04040404,0.04040404,0.03030303,0.1010101,0.02020202,0.080808081,0.090909091,0,0.04040404
gi|159184474,0,non-T6SE,544,0.10477941,0,0.055147059,0.060661765,0.038602941,0.090073529,0.014705882,0.040441176,0.055147059,0.09375,0.03125,0.040441176,0.058823529,0.045955882,0.036764706,0.064338235,0.047794118,0.073529412,0.025735294,0.022058824
gi|159184484,0,non-T6SE,549,0.091074681,0.0091074681,0.051001821,0.061930783,0.043715847,0.10564663,0.032786885,0.049180328,0.038251366,0.06557377,0.023679417,0.045537341,0.06010929,0.038251366,0.067395264,0.069216758,0.025500911,0.067395264,0.021857923,0.032786885
gi|15888245,0,non-T6SE,165,0.096969697,0.0060606061,0.078787879,0.060606061,0.036363636,0.096969697,0.042424242,0.060606061,0.036363636,0.078787879,0.024242424,0.036363636,0.0060606061,0.0060606061,0.078787879,0.048484848,0.048484848,0.1030303,0.024242424,0.03030303
gi|15888690,0,non-T6SE,836,0.10645933,0.004784689,0.065789474,0.081339713,0.028708134,0.068181818,0.023923445,0.061004785,0.077751196,0.087320574,0.020334928,0.033492823,0.050239234,0.028708134,0.05861244,0.057416268,0.052631579,0.066985646,0.0011961722,0.025119617
gi|15888931,0,non-T6SE,578,0.081314879,0.008650519,0.051903114,0.089965398,0.039792388,0.088235294,0.025951557,0.062283737,0.051903114,0.079584775,0.022491349,0.029411765,0.058823529,0.025951557,0.064013841,0.039792388,0.055363322,0.079584775,0.0069204152,0.038062284
gi|15888975,0,non-T6SE,375,0.069333333,0.024,0.058666667,0.048,0.034666667,0.13333333,0.024,0.082666667,0.053333333,0.056,0.034666667,0.034666667,0.045333333,0.024,0.042666667,0.037333333,0.074666667,0.090666667,0.010666667,0.021333333
gi|159184959,0,non-T6SE,363,0.08815427,0.0055096419,0.05785124,0.077134986,0.027548209,0.10743802,0.0027548209,0.066115702,0.066115702,0.096418733,0.024793388,0.035812672,0.03030303,0.044077135,0.052341598,0.077134986,0.046831956,0.077134986,0.0027548209,0.013774105
gi|159184984,0,non-T6SE,189,0.12698413,0,0.058201058,0.052910053,0.037037037,0.11111111,0.037037037,0.031746032,0.074074074,0.058201058,0.015873016,0.031746032,0.026455026,0.031746032,0.11111111,0.047619048,0.037037037,0.1005291,0,0.010582011
gi|15889239,0,non-T6SE,278,0.064748201,0.0035971223,0.04676259,0.025179856,0.021582734,0.12589928,0.032374101,0.04676259,0.079136691,0.057553957,0.021582734,0.043165468,0.053956835,0.043165468,0.10071942,0.064748201,0.057553957,0.079136691,0.0071942446,0.025179856
gi|15889291,0,non-T6SE,988,0.10121457,0.0060728745,0.061740891,0.090080972,0.029352227,0.082995951,0.012145749,0.051619433,0.05465587,0.07388664,0.026315789,0.029352227,0.052631579,0.032388664,0.081983806,0.07388664,0.053643725,0.05465587,0.0050607287,0.026315789
gi|15889454,0,non-T6SE,305,0.06557377,0.013114754,0.062295082,0.052459016,0.049180328,0.13442623,0.016393443,0.042622951,0.029508197,0.06557377,0.026229508,0.036065574,0.029508197,0.072131148,0.062295082,0.078688525,0.072131148,0.055737705,0.016393443,0.019672131
gi|159185089,0,non-T6SE,1162,0.11359725,0.0094664372,0.055077453,0.080034423,0.030981067,0.079173838,0.0094664372,0.074870912,0.055938038,0.085197935,0.031841652,0.036144578,0.049913941,0.030981067,0.054216867,0.052495697,0.056798623,0.067125645,0.0025817556,0.024096386
gi|15889610,0,non-T6SE,502,0.091633466,0.0019920319,0.055776892,0.049800797,0.027888446,0.09561753,0.023904382,0.059760956,0.067729084,0.093625498,0.013944223,0.053784861,0.065737052,0.037848606,0.089641434,0.045816733,0.055776892,0.053784861,0.0019920319,0.013944223
gi|159185223,0,non-T6SE,237,0.084388186,0.0084388186,0.054852321,0.05907173,0.054852321,0.084388186,0.046413502,0.029535865,0.071729958,0.11814346,0.0084388186,0.029535865,0.054852321,0.046413502,0.037974684,0.063291139,0.016877637,0.088607595,0.021097046,0.021097046
gi|15889760,0,non-T6SE,481,0.12681913,0.0041580042,0.037422037,0.03950104,0.041580042,0.11642412,0.016632017,0.076923077,0.041580042,0.10602911,0.03950104,0.031185031,0.035343035,0.018711019,0.020790021,0.064449064,0.041580042,0.10602911,0.01039501,0.024948025
gi|159185243,0,non-T6SE,128,0.09375,0.015625,0.0625,0.0390625,0.03125,0.078125,0.03125,0.078125,0.0625,0.0390625,0.0234375,0.0390625,0.0703125,0.0234375,0.015625,0.0390625,0.0859375,0.125,0.0078125,0.0390625
gi|15889765,0,non-T6SE,246,0.097560976,0.0081300813,0.06097561,0.052845528,0.044715447,0.089430894,0.016260163,0.044715447,0.048780488,0.06504065,0.020325203,0.044715447,0.052845528,0.040650407,0.040650407,0.056910569,0.06097561,0.10162602,0.016260163,0.036585366
gi|15889766,0,non-T6SE,363,0.090909091,0.0082644628,0.055096419,0.074380165,0.05785124,0.096418733,0.0082644628,0.038567493,0.066115702,0.085399449,0.044077135,0.035812672,0.038567493,0.027548209,0.027548209,0.071625344,0.055096419,0.066115702,0.019283747,0.033057851
gi|159185267,0,non-T6SE,263,0.18631179,0,0.057034221,0.045627376,0.045627376,0.064638783,0.0076045627,0.049429658,0.08365019,0.076045627,0.022813688,0.022813688,0.049429658,0.019011407,0.030418251,0.079847909,0.030418251,0.087452471,0.015209125,0.02661597
gi|15889957,0,non-T6SE,179,0.19553073,0.0055865922,0.011173184,0.1396648,0.016759777,0.067039106,0,0.044692737,0.067039106,0.055865922,0.0055865922,0.027932961,0.022346369,0.033519553,0.11173184,0.039106145,0.05027933,0.078212291,0,0.027932961
gi|159185343,0,non-T6SE,337,0.115727,0.0059347181,0.050445104,0.06231454,0.044510386,0.068249258,0.011869436,0.029673591,0.074183976,0.09495549,0.023738872,0.029673591,0.06231454,0.029673591,0.026706231,0.071216617,0.050445104,0.091988131,0.020771513,0.035608309
gi|159185594,0,non-T6SE,440,0.14545455,0,0.025,0.015909091,0.056818182,0.14090909,0.0090909091,0.10454545,0.015909091,0.10681818,0.025,0.025,0.059090909,0.011363636,0.034090909,0.043181818,0.059090909,0.090909091,0.011363636,0.020454545
gi|15891708,0,non-T6SE,348,0.16091954,0.0086206897,0.025862069,0.014367816,0.037356322,0.10632184,0.0057471264,0.12931034,0.020114943,0.13218391,0.022988506,0.031609195,0.037356322,0.017241379,0.043103448,0.045977011,0.054597701,0.091954023,0.0086206897,0.0057471264
gi|15891676,0,non-T6SE,402,0.10199005,0.0099502488,0.084577114,0.059701493,0.032338308,0.089552239,0.039800995,0.059701493,0.029850746,0.092039801,0.017412935,0.024875622,0.047263682,0.024875622,0.084577114,0.034825871,0.069651741,0.054726368,0.024875622,0.017412935
gi|15891640,0,non-T6SE,418,0.11722488,0.014354067,0.052631579,0.055023923,0.033492823,0.098086124,0.011961722,0.059808612,0.040669856,0.076555024,0.038277512,0.016746411,0.055023923,0.026315789,0.064593301,0.052631579,0.071770335,0.06937799,0.016746411,0.028708134
gi|159185731,0,non-T6SE,603,0.10116086,0,0.029850746,0.053067993,0.049751244,0.072968491,0.018242123,0.074626866,0.029850746,0.13101161,0.0099502488,0.028192371,0.053067993,0.031509121,0.069651741,0.067993367,0.058043118,0.087893864,0.011608624,0.021558872
gi|159185737,0,non-T6SE,389,0.11311054,0.0025706941,0.061696658,0.061696658,0.043701799,0.11311054,0.020565553,0.05655527,0.043701799,0.097686375,0.0051413882,0.020565553,0.051413882,0.030848329,0.061696658,0.077120823,0.033419023,0.061696658,0.010282776,0.033419023
gi|15891357,0,non-T6SE,186,0.11827957,0.0053763441,0.075268817,0.048387097,0.037634409,0.080645161,0.02688172,0.021505376,0.032258065,0.10752688,0.010752688,0.016129032,0.059139785,0.043010753,0.075268817,0.075268817,0.053763441,0.086021505,0.010752688,0.016129032
gi|15891222,0,non-T6SE,333,0.11411411,0,0.048048048,0.069069069,0.039039039,0.072072072,0.045045045,0.057057057,0.018018018,0.099099099,0.039039039,0.03003003,0.063063063,0.033033033,0.069069069,0.069069069,0.039039039,0.066066066,0.009009009,0.021021021
gi|15891196,0,non-T6SE,166,0.19277108,0,0.078313253,0.042168675,0.018072289,0.078313253,0.012048193,0.060240964,0.030120482,0.078313253,0.048192771,0.018072289,0.060240964,0.036144578,0.036144578,0.060240964,0.054216867,0.060240964,0.012048193,0.024096386
gi|159185894,0,non-T6SE,349,0.13467049,0,0.040114613,0.077363897,0.028653295,0.068767908,0.0085959885,0.083094556,0.037249284,0.071633238,0.034383954,0.045845272,0.042979943,0.040114613,0.065902579,0.068767908,0.051575931,0.080229226,0.0028653295,0.017191977
gi|15891161,0,non-T6SE,567,0.13051146,0.0070546737,0.0052910053,0.031746032,0.0670194,0.11992945,0.010582011,0.05643739,0.017636684,0.12169312,0.044091711,0.044091711,0.044091711,0.029982363,0.02292769,0.047619048,0.070546737,0.086419753,0.014109347,0.028218695
gi|15891157,0,non-T6SE,481,0.13305613,0.01039501,0.037422037,0.076923077,0.018711019,0.081081081,0.024948025,0.064449064,0.031185031,0.10810811,0.018711019,0.043659044,0.03950104,0.043659044,0.058212058,0.045738046,0.06029106,0.081081081,0.0020790021,0.020790021
gi|159185947,0,non-T6SE,495,0.076767677,0.01010101,0.1010101,0.076767677,0.056565657,0.088888889,0.034343434,0.038383838,0.048484848,0.076767677,0.016161616,0.03030303,0.050505051,0.022222222,0.048484848,0.044444444,0.042424242,0.074747475,0.026262626,0.036363636
gi|15890896,0,non-T6SE,420,0.09047619,0.0095238095,0.085714286,0.061904762,0.038095238,0.071428571,0.028571429,0.080952381,0.038095238,0.066666667,0.023809524,0.026190476,0.05,0.026190476,0.071428571,0.064285714,0.035714286,0.076190476,0.014285714,0.04047619
gi|15890895,0,non-T6SE,735,0.074829932,0.0081632653,0.058503401,0.076190476,0.055782313,0.093877551,0.038095238,0.03537415,0.040816327,0.085714286,0.024489796,0.036734694,0.059863946,0.02585034,0.063945578,0.046258503,0.039455782,0.062585034,0.032653061,0.040816327
gi|15890719,0,non-T6SE,365,0.13150685,0.010958904,0.065753425,0.04109589,0.024657534,0.10410959,0.01369863,0.071232877,0.02739726,0.095890411,0.04109589,0.024657534,0.060273973,0.021917808,0.065753425,0.04109589,0.065753425,0.073972603,0,0.019178082
gi|159186117,0,non-T6SE,497,0.12072435,0.0080482897,0.034205231,0.054325956,0.062374245,0.080482897,0.012072435,0.08249497,0.040241449,0.12273642,0.028169014,0.016096579,0.046277666,0.024144869,0.040241449,0.048289738,0.054325956,0.076458753,0.012072435,0.036217304
gi|15890574,0,non-T6SE,834,0.095923261,0.011990408,0.056354916,0.068345324,0.04676259,0.082733813,0.028776978,0.041966427,0.055155875,0.06235012,0.033573141,0.043165468,0.055155875,0.025179856,0.06235012,0.041966427,0.053956835,0.075539568,0.021582734,0.037170264
gi|15890572,0,non-T6SE,233,0.094420601,0.034334764,0.055793991,0.055793991,0.0472103,0.060085837,0.042918455,0.0472103,0.068669528,0.081545064,0.042918455,0.038626609,0.034334764,0.021459227,0.060085837,0.055793991,0.068669528,0.051502146,0.030042918,0.008583691
gi|15890527,0,non-T6SE,260,0.096153846,0.023076923,0.034615385,0.073076923,0.038461538,0.057692308,0.026923077,0.057692308,0.076923077,0.096153846,0.019230769,0.026923077,0.061538462,0.030769231,0.073076923,0.034615385,0.073076923,0.080769231,0.0038461538,0.015384615
gi|15890521,0,non-T6SE,321,0.14953271,0.012461059,0.059190031,0.07788162,0.024922118,0.065420561,0.0031152648,0.062305296,0.065420561,0.096573209,0.015576324,0.024922118,0.024922118,0.024922118,0.056074766,0.059190031,0.068535826,0.07788162,0.012461059,0.018691589
gi|159186182,0,non-T6SE,436,0.089449541,0.0091743119,0.068807339,0.071100917,0.064220183,0.091743119,0.02293578,0.036697248,0.061926606,0.084862385,0.025229358,0.055045872,0.048165138,0.036697248,0.043577982,0.036697248,0.048165138,0.048165138,0.016055046,0.041284404
gi|159186266,0,non-T6SE,457,0.094091904,0.019693654,0.050328228,0.074398249,0.030634573,0.06345733,0.024070022,0.072210066,0.043763676,0.080962801,0.028446389,0.039387309,0.056892779,0.037199125,0.065645514,0.041575492,0.054704595,0.065645514,0.01750547,0.039387309
gi|15890217,0,non-T6SE,764,0.11910995,0.010471204,0.062827225,0.058900524,0.039267016,0.089005236,0.032722513,0.064136126,0.039267016,0.079842932,0.023560209,0.044502618,0.048429319,0.02486911,0.060209424,0.053664921,0.060209424,0.048429319,0.013089005,0.027486911
gi|16119673,0,non-T6SE,364,0.14285714,0.0027472527,0.06043956,0.052197802,0.032967033,0.10714286,0.016483516,0.074175824,0.024725275,0.065934066,0.0082417582,0.041208791,0.049450549,0.043956044,0.063186813,0.049450549,0.052197802,0.063186813,0.0054945055,0.043956044
gi|16119726,0,non-T6SE,177,0.096045198,0.050847458,0.050847458,0.06779661,0.02259887,0.10169492,0.011299435,0.06779661,0.016949153,0.079096045,0.02259887,0.050847458,0.02259887,0.050847458,0.056497175,0.062146893,0.079096045,0.06779661,0,0.02259887
gi|159161959,0,non-T6SE,370,0.11351351,0.0081081081,0.067567568,0.054054054,0.018918919,0.062162162,0.018918919,0.054054054,0.045945946,0.1,0.024324324,0.024324324,0.051351351,0.045945946,0.11351351,0.07027027,0.059459459,0.045945946,0.013513514,0.0081081081
gi|16119900,0,non-T6SE,266,0.12030075,0,0.018796992,0.033834586,0.052631579,0.093984962,0.011278195,0.078947368,0.018796992,0.13909774,0.030075188,0.022556391,0.037593985,0.030075188,0.045112782,0.07518797,0.052631579,0.078947368,0.037593985,0.022556391
gi|240851295,0,non-T6SE,122,0.16393443,0.0081967213,0.024590164,0.0081967213,0.032786885,0.049180328,0.024590164,0.10655738,0.057377049,0.10655738,0.024590164,0.057377049,0.024590164,0.057377049,0.040983607,0.032786885,0.06557377,0.081967213,0.0081967213,0.024590164
gi|240851310,0,non-T6SE,314,0.054140127,0,0.044585987,0.079617834,0.035031847,0.047770701,0.015923567,0.085987261,0.11464968,0.098726115,0.02866242,0.031847134,0.063694268,0.050955414,0.041401274,0.089171975,0.060509554,0.031847134,0,0.025477707
gi|163869227,0,non-T6SE,73,0.082191781,0.01369863,0.02739726,0.01369863,0.02739726,0.02739726,0,0.17808219,0.12328767,0.10958904,0.02739726,0.068493151,0.054794521,0.01369863,0.082191781,0.04109589,0.01369863,0.082191781,0,0.01369863
gi|163869107,0,non-T6SE,134,0.13432836,0.02238806,0.037313433,0.19402985,0.037313433,0.037313433,0.0074626866,0.029850746,0.11940299,0.067164179,0.037313433,0.052238806,0,0.037313433,0.089552239,0.014925373,0.044776119,0.0074626866,0.0074626866,0.02238806
gi|240850960,0,non-T6SE,173,0.092485549,0,0.046242775,0.10982659,0.011560694,0.0057803468,0.01734104,0.023121387,0.14450867,0.13872832,0.01734104,0.01734104,0.011560694,0.10982659,0.01734104,0.075144509,0.092485549,0.040462428,0,0.028901734
gi|148557907,0,non-T6SE,128,0.0625,0.015625,0.0234375,0.015625,0.0625,0.078125,0.0078125,0.09375,0.0390625,0.1015625,0.046875,0.015625,0.0703125,0.046875,0.0859375,0.0625,0.0703125,0.0703125,0.015625,0.015625
gi|148558277,0,non-T6SE,105,0.13333333,0,0.028571429,0.019047619,0.019047619,0.066666667,0.028571429,0.095238095,0.057142857,0.14285714,0.038095238,0.028571429,0.038095238,0.0095238095,0.038095238,0.095238095,0.038095238,0.095238095,0.0095238095,0.019047619
gi|161620153,0,non-T6SE,57,0.12280702,0.01754386,0.052631579,0.01754386,0.035087719,0.052631579,0,0.01754386,0.087719298,0.070175439,0.01754386,0.035087719,0.15789474,0.01754386,0.01754386,0.01754386,0.087719298,0.15789474,0,0.01754386
gi|52841485,0,non-T6SE,236,0.11440678,0.0042372881,0.050847458,0.055084746,0.029661017,0.042372881,0.021186441,0.046610169,0.059322034,0.11440678,0.038135593,0.076271186,0.021186441,0.093220339,0.042372881,0.080508475,0.042372881,0.029661017,0.0084745763,0.029661017
gi|54298679,0,non-T6SE,472,0.084745763,0.0084745763,0.029661017,0.016949153,0.036016949,0.048728814,0,0.042372881,0.031779661,0.10805085,0.021186441,0.10805085,0.063559322,0.10169492,0.014830508,0.10805085,0.078389831,0.044491525,0.0063559322,0.046610169
gi|148360942,0,non-T6SE,86,0.11627907,0,0.023255814,0.011627907,0.12790698,0.069767442,0.034883721,0.058139535,0,0.081395349,0.023255814,0,0.034883721,0,0.11627907,0.093023256,0.034883721,0.10465116,0.058139535,0.011627907
gi|148360941,0,non-T6SE,114,0.078947368,0.035087719,0.087719298,0.070175439,0.043859649,0.070175439,0,0.043859649,0.035087719,0.13157895,0.052631579,0.035087719,0.035087719,0.01754386,0.052631579,0.061403509,0.043859649,0.061403509,0,0.043859649
gi|148360940,0,non-T6SE,120,0.083333333,0.0083333333,0.066666667,0.091666667,0.041666667,0.066666667,0.0083333333,0.041666667,0.066666667,0.058333333,0.016666667,0.058333333,0.058333333,0.016666667,0.041666667,0.1,0.083333333,0.075,0,0.016666667
gi|148360927,0,non-T6SE,1009,0.095143707,0.0049554014,0.065411298,0.061446977,0.038652131,0.051536174,0.015857284,0.061446977,0.046580773,0.11298315,0.023785927,0.031714569,0.054509415,0.026759167,0.058473736,0.079286422,0.060455897,0.064420218,0.013875124,0.032705649
gi|148360925,0,non-T6SE,973,0.056526208,0.0061664954,0.042137718,0.051387461,0.05344296,0.038026721,0.019527235,0.08016444,0.062692703,0.12024666,0.012332991,0.067831449,0.041109969,0.083247688,0.029804728,0.085303186,0.064748201,0.04008222,0.012332991,0.032887975
gi|148360924,0,non-T6SE,261,0.076628352,0.011494253,0.034482759,0.0651341,0.053639847,0.034482759,0.022988506,0.084291188,0.057471264,0.13793103,0.0076628352,0.049808429,0.057471264,0.042145594,0.042145594,0.0651341,0.061302682,0.042145594,0.0038314176,0.049808429
gi|148360819,0,non-T6SE,208,0.0625,0.0048076923,0.072115385,0.072115385,0.038461538,0.057692308,0.043269231,0.091346154,0.0625,0.067307692,0.033653846,0.038461538,0.048076923,0.019230769,0.033653846,0.081730769,0.043269231,0.072115385,0.019230769,0.038461538
gi|148358576,0,non-T6SE,151,0.059602649,0.0066225166,0.072847682,0.099337748,0.046357616,0.059602649,0.01986755,0.066225166,0.046357616,0.14569536,0.026490066,0.033112583,0.033112583,0.026490066,0.072847682,0.066225166,0.026490066,0.052980132,0.013245033,0.026490066
gi|296106004,0,non-T6SE,194,0.082474227,0.015463918,0.015463918,0.015463918,0.036082474,0.12886598,0.0051546392,0.097938144,0.020618557,0.097938144,0.041237113,0.041237113,0.041237113,0.030927835,0.030927835,0.092783505,0.067010309,0.087628866,0.010309278,0.041237113
gi|289163712,0,non-T6SE,308,0.094155844,0.0064935065,0.051948052,0.045454545,0.019480519,0.045454545,0.019480519,0.077922078,0.081168831,0.10714286,0.025974026,0.068181818,0.038961039,0.038961039,0.058441558,0.051948052,0.058441558,0.055194805,0.022727273,0.032467532
gi|289166110,0,non-T6SE,277,0.061371841,0,0.032490975,0.075812274,0.025270758,0.057761733,0.0036101083,0.086642599,0.057761733,0.054151625,0.02166065,0.064981949,0.072202166,0.093862816,0.039711191,0.083032491,0.054151625,0.090252708,0.0036101083,0.02166065
gi|289166111,0,non-T6SE,1525,0.18819672,0.012459016,0.060983607,0.037377049,0.045901639,0.10491803,0.0013114754,0.034098361,0.08,0.092459016,0.0045901639,0.051803279,0.030819672,0.039344262,0.024918033,0.076065574,0.055737705,0.038688525,0.0019672131,0.018360656
gi|289166112,0,non-T6SE,372,0.099462366,0.0053763441,0.043010753,0.024193548,0.024193548,0.064516129,0.0080645161,0.032258065,0.048387097,0.10483871,0.032258065,0.061827957,0.094086022,0.075268817,0.032258065,0.067204301,0.067204301,0.069892473,0.016129032,0.029569892
gi|54296146,0,non-T6SE,100,0.06,0.04,0.01,0.02,0.05,0.1,0,0.12,0.06,0.1,0.03,0.03,0.02,0.05,0.05,0.08,0.06,0.06,0.01,0.05
gi|54293113,0,non-T6SE,93,0.075268817,0.032258065,0.021505376,0.043010753,0.10752688,0.043010753,0.032258065,0.075268817,0.010752688,0.11827957,0.043010753,0.032258065,0.075268817,0,0.053763441,0.053763441,0.064516129,0.053763441,0.021505376,0.043010753
gi|54295881,0,non-T6SE,667,0.061469265,0.0089955022,0.046476762,0.070464768,0.047976012,0.052473763,0.017991004,0.074962519,0.08095952,0.10194903,0.028485757,0.043478261,0.034482759,0.043478261,0.043478261,0.07946027,0.052473763,0.059970015,0.019490255,0.031484258
gi|308051519,0,non-T6SE,107,0.065420561,0.0093457944,0.018691589,0.018691589,0.037383178,0.08411215,0.018691589,0.046728972,0.056074766,0.13084112,0.037383178,0.037383178,0.046728972,0.037383178,0.0093457944,0.08411215,0.037383178,0.11214953,0.056074766,0.056074766
gi|308051520,0,non-T6SE,96,0.052083333,0,0,0.020833333,0.041666667,0.11458333,0.041666667,0.10416667,0,0.17708333,0.041666667,0.020833333,0.072916667,0.020833333,0.041666667,0.072916667,0.0625,0.052083333,0.010416667,0.052083333
gi|308051522,0,non-T6SE,239,0.054393305,0,0.029288703,0.083682008,0.058577406,0.054393305,0.029288703,0.041841004,0.071129707,0.10878661,0.025104603,0.041841004,0.037656904,0.058577406,0.029288703,0.09623431,0.075313808,0.071129707,0,0.033472803
gi|308051523,0,non-T6SE,484,0.10330579,0.0061983471,0.047520661,0.049586777,0.02892562,0.080578512,0.016528926,0.047520661,0.074380165,0.10123967,0.024793388,0.066115702,0.035123967,0.059917355,0.039256198,0.084710744,0.05785124,0.04338843,0.0041322314,0.02892562
gi|308051528,0,non-T6SE,331,0.072507553,0.039274924,0.045317221,0.036253776,0.051359517,0.069486405,0.021148036,0.039274924,0.039274924,0.099697885,0.01510574,0.045317221,0.081570997,0.03021148,0.036253776,0.072507553,0.060422961,0.072507553,0.03021148,0.042296073
gi|308051531,0,non-T6SE,262,0.061068702,0,0.038167939,0.061068702,0.057251908,0.034351145,0.026717557,0.053435115,0.080152672,0.10305344,0.041984733,0.045801527,0.049618321,0.057251908,0.038167939,0.083969466,0.038167939,0.072519084,0.011450382,0.045801527
gi|308051533,0,non-T6SE,467,0.11349036,0.012847966,0.042826552,0.047109208,0.042826552,0.070663812,0.014989293,0.053533191,0.042826552,0.11349036,0.023554604,0.072805139,0.021413276,0.074946467,0.040685225,0.070663812,0.062098501,0.040685225,0.0064239829,0.032119914
gi|308051536,0,non-T6SE,1956,0.069529652,0.0061349693,0.057259714,0.074642127,0.030163599,0.050613497,0.037832311,0.060838446,0.084867076,0.10327198,0.013292434,0.047546012,0.027607362,0.064928425,0.047034765,0.073619632,0.059304703,0.054703476,0.0040899796,0.032719836
gi|289165178,0,non-T6SE,211,0.066350711,0.023696682,0.028436019,0.066350711,0.042654028,0.047393365,0.028436019,0.090047393,0.061611374,0.10900474,0.009478673,0.061611374,0.037914692,0.042654028,0.037914692,0.066350711,0.056872038,0.071090047,0.014218009,0.037914692
gi|289165184,0,non-T6SE,189,0.031746032,0.0052910053,0.031746032,0.042328042,0.052910053,0.026455026,0.037037037,0.052910053,0.058201058,0.13756614,0.021164021,0.079365079,0.021164021,0.026455026,0.068783069,0.12169312,0.074074074,0.063492063,0.0052910053,0.042328042
gi|54292921,0,non-T6SE,95,0.12631579,0,0.042105263,0.010526316,0.10526316,0.063157895,0,0.073684211,0.10526316,0.10526316,0.084210526,0.021052632,0.021052632,0.010526316,0.010526316,0.084210526,0.031578947,0.094736842,0.010526316,0
gi|54292935,0,non-T6SE,935,0.086631016,0.0042780749,0.048128342,0.043850267,0.051336898,0.072727273,0.036363636,0.052406417,0.053475936,0.10588235,0.031016043,0.049197861,0.020320856,0.058823529,0.034224599,0.10695187,0.055614973,0.05026738,0.0096256684,0.028877005
gi|52842291,0,non-T6SE,1981,0.076728925,0.00454316,0.04997476,0.071680969,0.029782938,0.055022716,0.024734982,0.075214538,0.096415952,0.097425543,0.016658253,0.057041898,0.025239778,0.065623423,0.047955578,0.078243311,0.050984351,0.037354871,0.011105502,0.028268551
gi|52842295,0,non-T6SE,140,0.064285714,0.014285714,0.042857143,0.035714286,0.092857143,0.057142857,0.035714286,0.057142857,0.05,0.12142857,0.014285714,0.035714286,0.057142857,0.05,0.028571429,0.10714286,0.042857143,0.071428571,0,0.021428571
gi|52842297,0,non-T6SE,603,0.066334992,0.054726368,0.051409619,0.059701493,0.034825871,0.063018242,0.028192371,0.031509121,0.067993367,0.089552239,0.014925373,0.056384743,0.03814262,0.08291874,0.026533997,0.066334992,0.067993367,0.056384743,0.0066334992,0.036484245
gi|52842298,0,non-T6SE,223,0.076233184,0.013452915,0.049327354,0.067264574,0.044843049,0.040358744,0.013452915,0.071748879,0.085201794,0.10313901,0.049327354,0.031390135,0.044843049,0.044843049,0.02690583,0.080717489,0.067264574,0.062780269,0.0044843049,0.022421525
gi|52842301,0,non-T6SE,865,0.065895954,0.013872832,0.058959538,0.065895954,0.046242775,0.055491329,0.020809249,0.069364162,0.061271676,0.10289017,0.026589595,0.052023121,0.03699422,0.034682081,0.055491329,0.073988439,0.057803468,0.049710983,0.0069364162,0.045086705
gi|52842302,0,non-T6SE,116,0.051724138,0.034482759,0.060344828,0.034482759,0.0086206897,0.094827586,0.0086206897,0.017241379,0.060344828,0.10344828,0.051724138,0.051724138,0.077586207,0.060344828,0.043103448,0.034482759,0.051724138,0.094827586,0.017241379,0.043103448
gi|52842304,0,non-T6SE,237,0.075949367,0.0084388186,0.029535865,0.050632911,0.046413502,0.054852321,0.012658228,0.075949367,0.075949367,0.097046414,0.025316456,0.071729958,0.05907173,0.037974684,0.054852321,0.042194093,0.084388186,0.054852321,0.0084388186,0.033755274
gi|52842306,0,non-T6SE,97,0.051546392,0.020618557,0.020618557,0.041237113,0.11340206,0.06185567,0.010309278,0.051546392,0.051546392,0.13402062,0.041237113,0.020618557,0.072164948,0.010309278,0.051546392,0.041237113,0.06185567,0.051546392,0.020618557,0.072164948
gi|52842307,0,non-T6SE,100,0.14,0.01,0.02,0.03,0.05,0.08,0.01,0.09,0.04,0.12,0.05,0.06,0,0.02,0.02,0.06,0.06,0.11,0,0.03
gi|148360347,0,non-T6SE,120,0.05,0.0083333333,0.0083333333,0.016666667,0.041666667,0.091666667,0.041666667,0.075,0.075,0.1,0.033333333,0.0083333333,0.066666667,0.041666667,0.041666667,0.066666667,0.066666667,0.083333333,0.05,0.033333333
gi|148360344,0,non-T6SE,108,0.055555556,0.018518519,0.055555556,0.055555556,0.018518519,0.037037037,0.018518519,0.15740741,0.037037037,0.13888889,0.037037037,0.083333333,0.064814815,0.083333333,0.064814815,0.018518519,0.027777778,0.018518519,0,0.0092592593
gi|148359934,0,non-T6SE,278,0.075539568,0.0035971223,0.050359712,0.057553957,0.039568345,0.043165468,0.039568345,0.068345324,0.064748201,0.1294964,0.021582734,0.068345324,0.04676259,0.064748201,0.028776978,0.039568345,0.064748201,0.04676259,0.010791367,0.035971223
gi|148359948,0,non-T6SE,522,0.091954023,0.013409962,0.044061303,0.038314176,0.049808429,0.072796935,0.024904215,0.051724138,0.067049808,0.11685824,0.034482759,0.055555556,0.038314176,0.042145594,0.022988506,0.057471264,0.055555556,0.057471264,0.01532567,0.049808429
gi|154706876,0,non-T6SE,376,0.1143617,0,0.061170213,0.042553191,0.029255319,0.034574468,0.0079787234,0.053191489,0.074468085,0.12765957,0.021276596,0.090425532,0.042553191,0.066489362,0.02393617,0.069148936,0.058510638,0.04787234,0.0026595745,0.031914894
gi|209363766,0,non-T6SE,164,0.06097561,0.030487805,0.012195122,0.06097561,0.097560976,0.054878049,0.018292683,0.06097561,0.085365854,0.085365854,0.042682927,0.054878049,0.030487805,0.024390244,0.054878049,0.054878049,0.06097561,0.06097561,0.018292683,0.030487805
gi|154707117,0,non-T6SE,169,0.11242604,0.0059171598,0.023668639,0.029585799,0.01183432,0.035502959,0.023668639,0.071005917,0.065088757,0.12426036,0.029585799,0.041420118,0.082840237,0.047337278,0.053254438,0.065088757,0.071005917,0.059171598,0.01183432,0.035502959
gi|154706791,0,non-T6SE,387,0.082687339,0.0025839793,0.041343669,0.062015504,0.043927649,0.051679587,0.031007752,0.049095607,0.062015504,0.14470284,0.023255814,0.033591731,0.03875969,0.028423773,0.056847545,0.041343669,0.056847545,0.087855297,0.041343669,0.020671835
gi|154706520,0,non-T6SE,792,0.070707071,0.0050505051,0.061868687,0.070707071,0.058080808,0.060606061,0.022727273,0.060606061,0.075757576,0.10227273,0.029040404,0.035353535,0.039141414,0.035353535,0.050505051,0.071969697,0.051767677,0.063131313,0.0037878788,0.031565657
gi|209363772,0,non-T6SE,212,0.099056604,0.0094339623,0.037735849,0.023584906,0.037735849,0.047169811,0.028301887,0.037735849,0.051886792,0.089622642,0.018867925,0.047169811,0.047169811,0.037735849,0.08490566,0.094339623,0.056603774,0.080188679,0.0047169811,0.066037736
gi|154706496,0,non-T6SE,218,0.068807339,0.004587156,0.050458716,0.036697248,0.050458716,0.036697248,0.018348624,0.059633028,0.04587156,0.10091743,0.041284404,0.068807339,0.059633028,0.032110092,0.04587156,0.04587156,0.082568807,0.087155963,0.027522936,0.036697248
gi|269958325,0,non-T6SE,808,0.056930693,0.004950495,0.089108911,0.10024752,0.045792079,0.07549505,0.018564356,0.051980198,0.047029703,0.094059406,0.01980198,0.037128713,0.055693069,0.044554455,0.038366337,0.059405941,0.03960396,0.051980198,0.017326733,0.051980198
gi|222475288,0,non-T6SE,893,0.096304591,0.029115342,0.041433371,0.041433371,0.048152296,0.088465845,0.012318029,0.049272116,0.06718925,0.082866741,0.030235162,0.033594625,0.043673012,0.024636058,0.034714446,0.086226204,0.059350504,0.082866741,0.011198208,0.036954087
gi|56416578,0,non-T6SE,84,0.071428571,0.071428571,0,0.035714286,0.047619048,0.095238095,0.011904762,0.011904762,0.023809524,0.10714286,0.023809524,0.011904762,0.023809524,0.047619048,0.11904762,0.083333333,0.023809524,0.13095238,0.05952381,0
gi|10954961,0,non-T6SE,245,0.11428571,0.012244898,0.069387755,0.057142857,0.032653061,0.081632653,0.016326531,0.020408163,0.024489796,0.097959184,0.012244898,0.048979592,0.07755102,0.053061224,0.057142857,0.085714286,0.06122449,0.048979592,0.012244898,0.016326531
gi|10954800,0,non-T6SE,121,0.1322314,0.016528926,0.0082644628,0.016528926,0.066115702,0.17355372,0.016528926,0.05785124,0.0082644628,0.099173554,0.033057851,0.016528926,0.049586777,0.024793388,0.041322314,0.05785124,0.049586777,0.090909091,0.033057851,0.0082644628
gi|10954803,0,non-T6SE,222,0.17567568,0.0045045045,0.04954955,0.045045045,0.022522523,0.054054054,0.018018018,0.063063063,0.031531532,0.10810811,0.040540541,0.054054054,0.022522523,0.076576577,0.031531532,0.054054054,0.1036036,0.040540541,0,0.0045045045
gi|222109065,0,non-T6SE,135,0.16296296,0.0074074074,0.0074074074,0.059259259,0.051851852,0.14814815,0.0074074074,0.074074074,0.0074074074,0.11111111,0.014814815,0.022222222,0.02962963,0.044444444,0.037037037,0.081481481,0.044444444,0.059259259,0.022222222,0.0074074074
gi|10955095,0,non-T6SE,159,0.14465409,0.012578616,0.037735849,0.031446541,0.018867925,0.094339623,0.0062893082,0.056603774,0.031446541,0.10691824,0.037735849,0.012578616,0.044025157,0.031446541,0.044025157,0.094339623,0.094339623,0.075471698,0.0062893082,0.018867925
gi|190404434,0,non-T6SE,283,0.11660777,0.0035335689,0.056537102,0.049469965,0.024734982,0.049469965,0.010600707,0.03180212,0.035335689,0.09540636,0.042402827,0.045936396,0.021201413,0.12014134,0.045936396,0.1024735,0.074204947,0.038869258,0.021201413,0.014134276
gi|222102015,0,non-T6SE,244,0.16803279,0.0040983607,0.032786885,0.016393443,0.032786885,0.098360656,0.0040983607,0.049180328,0.024590164,0.077868852,0.016393443,0.06557377,0.016393443,0.086065574,0.020491803,0.094262295,0.10655738,0.073770492,0.0040983607,0.0081967213
gi|222102018,0,non-T6SE,248,0.10483871,0,0.060483871,0.052419355,0.040322581,0.060483871,0.0040322581,0.024193548,0.032258065,0.072580645,0.016129032,0.056451613,0.032258065,0.02016129,0.084677419,0.080645161,0.088709677,0.10887097,0.02016129,0.040322581
gi|222102021,0,non-T6SE,370,0.097297297,0.0054054054,0.051351351,0.075675676,0.02972973,0.07027027,0.016216216,0.048648649,0.035135135,0.097297297,0.037837838,0.024324324,0.059459459,0.040540541,0.081081081,0.07027027,0.059459459,0.067567568,0.016216216,0.016216216
gi|222102022,0,non-T6SE,787,0.10673443,0.0025412961,0.054637865,0.067344346,0.041931385,0.078780178,0.016518424,0.055908513,0.033036849,0.10927573,0.01905972,0.033036849,0.049555273,0.038119441,0.074968234,0.069885642,0.038119441,0.07115629,0.016518424,0.022871665
gi|222109183,0,non-T6SE,211,0.10900474,0.009478673,0.061611374,0.09478673,0.033175355,0.075829384,0.014218009,0.042654028,0.052132701,0.061611374,0.023696682,0.018957346,0.061611374,0.033175355,0.047393365,0.075829384,0.071090047,0.071090047,0.009478673,0.033175355
gi|222102346,0,non-T6SE,362,0.093922652,0.011049724,0.055248619,0.052486188,0.019337017,0.085635359,0.0027624309,0.03038674,0.066298343,0.071823204,0.044198895,0.063535912,0.044198895,0.060773481,0.041436464,0.093922652,0.077348066,0.055248619,0.011049724,0.019337017
gi|116006756,0,non-T6SE,103,0.12621359,0,0.029126214,0.029126214,0.067961165,0.077669903,0.019417476,0.038834951,0.048543689,0.11650485,0.038834951,0.029126214,0.058252427,0.029126214,0.12621359,0.038834951,0.029126214,0.038834951,0.0097087379,0.048543689
gi|116006758,0,non-T6SE,260,0.096153846,0.0076923077,0.05,0.05,0.015384615,0.057692308,0.011538462,0.053846154,0.053846154,0.061538462,0.023076923,0.034615385,0.073076923,0.05,0.073076923,0.065384615,0.069230769,0.1,0.030769231,0.023076923
gi|116006760,0,non-T6SE,154,0.16883117,0.0064935065,0.038961039,0.019480519,0.019480519,0.084415584,0,0.012987013,0.032467532,0.15584416,0.019480519,0.025974026,0.058441558,0.084415584,0.051948052,0.051948052,0.064935065,0.045454545,0.0064935065,0.051948052
gi|116006761,0,non-T6SE,470,0.12978723,0,0.053191489,0.029787234,0.027659574,0.10638298,0.0063829787,0.038297872,0.034042553,0.061702128,0.040425532,0.042553191,0.082978723,0.068085106,0.055319149,0.072340426,0.053191489,0.065957447,0.0042553191,0.027659574
gi|116006763,0,non-T6SE,75,0.16,0.04,0.053333333,0.066666667,0.026666667,0.053333333,0,0.04,0.10666667,0.08,0.026666667,0.053333333,0.08,0.026666667,0.04,0.066666667,0.013333333,0.053333333,0.013333333,0
gi|116006764,0,non-T6SE,529,0.17202268,0.0037807183,0.028355388,0.013232514,0.049149338,0.14555766,0.0018903592,0.043478261,0.026465028,0.077504726,0.035916824,0.024574669,0.064272212,0.024574669,0.041587902,0.098298677,0.051039698,0.062381853,0.02268431,0.013232514
gi|163858032,0,non-T6SE,548,0.089416058,0.003649635,0.04379562,0.049270073,0.038321168,0.071167883,0.02189781,0.049270073,0.038321168,0.11313869,0.03649635,0.041970803,0.04379562,0.034671533,0.072992701,0.096715328,0.067518248,0.045620438,0.025547445,0.016423358
gi|163856500,0,non-T6SE,199,0.14070352,0.020100503,0.035175879,0.010050251,0.030150754,0.065326633,0.020100503,0.030150754,0.0050251256,0.11557789,0.0050251256,0.010050251,0.11557789,0.025125628,0.10050251,0.08040201,0.045226131,0.10050251,0.025125628,0.020100503
gi|33594646,0,non-T6SE,463,0.20950324,0.01511879,0.045356371,0.0086393089,0.017278618,0.069114471,0.01511879,0.012958963,0.0021598272,0.1511879,0.019438445,0.021598272,0.082073434,0.049676026,0.09287257,0.043196544,0.045356371,0.062634989,0.021598272,0.01511879
gi|163855371,0,non-T6SE,199,0.14572864,0.020100503,0.050251256,0.050251256,0.025125628,0.060301508,0.035175879,0.020100503,0.0050251256,0.12060302,0.030150754,0.010050251,0.11055276,0.035175879,0.065326633,0.040201005,0.075376884,0.065326633,0.015075377,0.020100503
gi|163855378,0,non-T6SE,127,0.16535433,0,0.047244094,0.05511811,0.015748031,0.039370079,0.031496063,0.023622047,0.015748031,0.11023622,0.015748031,0,0.094488189,0.05511811,0.1023622,0.062992126,0.078740157,0.05511811,0.0078740157,0.023622047
gi|163855381,0,non-T6SE,136,0.088235294,0.014705882,0.022058824,0.014705882,0.036764706,0.125,0.029411765,0.051470588,0.0073529412,0.11764706,0.014705882,0.0073529412,0.044117647,0.029411765,0.125,0.051470588,0.066176471,0.095588235,0.044117647,0.014705882
gi|163855382,0,non-T6SE,230,0.082608696,0.0086956522,0.060869565,0.047826087,0.026086957,0.082608696,0.017391304,0.039130435,0.026086957,0.07826087,0.0086956522,0.026086957,0.086956522,0.034782609,0.095652174,0.052173913,0.073913043,0.073913043,0.026086957,0.052173913
gi|163855385,0,non-T6SE,149,0.087248322,0.0067114094,0.060402685,0.040268456,0.013422819,0.087248322,0.020134228,0.0067114094,0.013422819,0.10738255,0.040268456,0.033557047,0.080536913,0.073825503,0.087248322,0.026845638,0.073825503,0.087248322,0.0067114094,0.046979866
gi|163855393,0,non-T6SE,515,0.11067961,0.0097087379,0.06407767,0.021359223,0.048543689,0.085436893,0.0058252427,0.048543689,0.023300971,0.091262136,0.033009709,0.038834951,0.040776699,0.046601942,0.052427184,0.066019417,0.058252427,0.087378641,0.036893204,0.031067961
gi|163855655,0,non-T6SE,183,0.12021858,0.010928962,0.049180328,0.054644809,0.016393443,0.098360656,0.010928962,0.043715847,0.021857923,0.1420765,0.010928962,0.0054644809,0.1147541,0.032786885,0.076502732,0.06010929,0.032786885,0.076502732,0.0054644809,0.016393443
gi|163855667,0,non-T6SE,482,0.089211618,0.0041493776,0.066390041,0.043568465,0.020746888,0.13900415,0.0082987552,0.043568465,0.033195021,0.085062241,0.014522822,0.049792531,0.047717842,0.060165975,0.064315353,0.060165975,0.074688797,0.070539419,0.010373444,0.014522822
gi|163855681,0,non-T6SE,149,0.18791946,0.0067114094,0.053691275,0.053691275,0.026845638,0.040268456,0.0067114094,0.033557047,0.013422819,0.080536913,0.0067114094,0.020134228,0.040268456,0.060402685,0.093959732,0.080536913,0.040268456,0.12080537,0.013422819,0.020134228
gi|163855683,0,non-T6SE,468,0.10042735,0.014957265,0.049145299,0.057692308,0.0085470085,0.08974359,0.0085470085,0.051282051,0.021367521,0.1025641,0.023504274,0.053418803,0.036324786,0.061965812,0.066239316,0.094017094,0.072649573,0.064102564,0.010683761,0.012820513
gi|163855801,0,non-T6SE,362,0.093922652,0.0082872928,0.066298343,0.074585635,0.044198895,0.085635359,0.024861878,0.019337017,0.019337017,0.10220994,0.022099448,0.016574586,0.069060773,0.055248619,0.10497238,0.03038674,0.055248619,0.052486188,0.03038674,0.024861878
gi|163855804,0,non-T6SE,603,0.10613599,0.013266998,0.069651741,0.072968491,0.031509121,0.061359867,0.011608624,0.046434494,0.036484245,0.11940299,0.03814262,0.036484245,0.054726368,0.04145937,0.07628524,0.043117745,0.056384743,0.046434494,0.014925373,0.023217247
gi|163855811,0,non-T6SE,355,0.10140845,0.022535211,0.03943662,0.042253521,0.028169014,0.10422535,0.025352113,0.022535211,0.014084507,0.078873239,0.022535211,0.036619718,0.064788732,0.033802817,0.081690141,0.073239437,0.064788732,0.073239437,0.028169014,0.042253521
gi|163858586,0,non-T6SE,312,0.13782051,0,0.057692308,0.057692308,0.016025641,0.064102564,0.022435897,0.032051282,0.016025641,0.12179487,0.016025641,0.022435897,0.083333333,0.048076923,0.092948718,0.032051282,0.057692308,0.096153846,0.012820513,0.012820513
gi|163858592,0,non-T6SE,253,0.083003953,0.0039525692,0.023715415,0.039525692,0.051383399,0.083003953,0.027667984,0.043478261,0.023715415,0.16205534,0.023715415,0.011857708,0.035573123,0.051383399,0.075098814,0.071146245,0.059288538,0.079051383,0.019762846,0.031620553
gi|163858593,0,non-T6SE,575,0.10086957,0.0069565217,0.060869565,0.064347826,0.034782609,0.08,0.019130435,0.062608696,0.036521739,0.093913043,0.022608696,0.033043478,0.052173913,0.04173913,0.067826087,0.055652174,0.052173913,0.073043478,0.013913043,0.027826087
gi|163858594,0,non-T6SE,223,0.14349776,0.0089686099,0.02690583,0.035874439,0.044843049,0.085201794,0.01793722,0.01793722,0.0089686099,0.085201794,0.01793722,0.0089686099,0.094170404,0.035874439,0.16143498,0.044843049,0.035874439,0.067264574,0.01793722,0.040358744
gi|163855374,0,non-T6SE,201,0.18905473,0.019900498,0.024875622,0.034825871,0.019900498,0.064676617,0.039800995,0.029850746,0.0099502488,0.099502488,0.0099502488,0.019900498,0.064676617,0.059701493,0.10447761,0.059701493,0.044776119,0.059701493,0.014925373,0.029850746
gi|116006766,0,non-T6SE,211,0.18009479,0.009478673,0.047393365,0.033175355,0.028436019,0.056872038,0.014218009,0.018957346,0.037914692,0.052132701,0.023696682,0.042654028,0.08056872,0.037914692,0.071090047,0.061611374,0.061611374,0.08056872,0.023696682,0.037914692
gi|58579211,0,non-T6SE,1490,0.058389262,0.0080536913,0.074496644,0.052348993,0.038926174,0.077852349,0.019463087,0.067114094,0.05704698,0.090604027,0.018120805,0.043624161,0.038926174,0.040939597,0.032885906,0.1,0.059060403,0.075838926,0.0087248322,0.037583893
gi|58617264,0,non-T6SE,1591,0.038969202,0.015084852,0.093651791,0.059710874,0.03645506,0.0672533,0.014456317,0.069138906,0.071653048,0.06159648,0.018856065,0.071024513,0.027655563,0.044626021,0.031426776,0.10307982,0.062225016,0.080452546,0.0069138906,0.025769956
gi|58617563,0,non-T6SE,138,0.11594203,0.028985507,0.036231884,0,0.086956522,0.10144928,0.014492754,0.094202899,0.050724638,0.057971014,0.057971014,0.050724638,0.028985507,0.028985507,0,0.065217391,0.050724638,0.11594203,0.0072463768,0.0072463768
gi|15644672,0,non-T6SE,123,0.06504065,0,0.040650407,0.048780488,0.040650407,0.032520325,0.016260163,0.06504065,0.12195122,0.10569106,0.016260163,0.081300813,0.073170732,0.081300813,0,0.056910569,0.089430894,0.024390244,0.0081300813,0.032520325
gi|298736200,0,non-T6SE,308,0.074675325,0.012987013,0.042207792,0.1038961,0.032467532,0.032467532,0.016233766,0.084415584,0.12012987,0.087662338,0.0097402597,0.11363636,0.029220779,0.038961039,0.032467532,0.071428571,0.048701299,0.025974026,0.0032467532,0.019480519
gi|188527613,0,non-T6SE,143,0.048951049,0.006993007,0.083916084,0.027972028,0.048951049,0.076923077,0,0.083916084,0.062937063,0.1048951,0.055944056,0.1048951,0.06993007,0.041958042,0.006993007,0.055944056,0.027972028,0.027972028,0.013986014,0.048951049
gi|188527640,0,non-T6SE,126,0.055555556,0.015873016,0.03968254,0.03968254,0.03968254,0.03968254,0.023809524,0.071428571,0.11111111,0.1031746,0.031746032,0.071428571,0.023809524,0.023809524,0.047619048,0.071428571,0.047619048,0.055555556,0,0.087301587
gi|108562922,0,non-T6SE,481,0.079002079,0.01039501,0.054054054,0.085239085,0.016632017,0.027027027,0.0041580042,0.058212058,0.13929314,0.1039501,0.016632017,0.081081081,0.043659044,0.037422037,0.033264033,0.064449064,0.051975052,0.037422037,0.0020790021,0.054054054
gi|108562924,0,non-T6SE,748,0.050802139,0.010695187,0.064171123,0.050802139,0.084224599,0.061497326,0.006684492,0.078877005,0.081550802,0.092245989,0.032085561,0.061497326,0.040106952,0.024064171,0.04144385,0.062834225,0.052139037,0.049465241,0.0080213904,0.046791444
gi|108562926,0,non-T6SE,199,0.050251256,0.010050251,0.065326633,0.075376884,0.060301508,0.040201005,0,0.075376884,0.070351759,0.11557789,0.030150754,0.10050251,0.020100503,0.045226131,0.050251256,0.065326633,0.035175879,0.045226131,0,0.045226131
gi|108562928,0,non-T6SE,662,0.052870091,0.03021148,0.077039275,0.14803625,0.02265861,0.019637462,0.013595166,0.042296073,0.14350453,0.10271903,0.0075528701,0.074018127,0.021148036,0.055891239,0.028700906,0.060422961,0.048338369,0.028700906,0,0.02265861
gi|108562929,0,non-T6SE,523,0.070745698,0.0038240918,0.043977055,0.095602294,0.036328872,0.026768642,0.0076481836,0.07456979,0.12619503,0.082217973,0.022944551,0.082217973,0.036328872,0.059273423,0.049713193,0.045889101,0.047801147,0.047801147,0.0076481836,0.03250478
gi|108562930,0,non-T6SE,535,0.085981308,0.0037383178,0.03364486,0.014953271,0.069158879,0.085981308,0,0.12149533,0.039252336,0.11775701,0.026168224,0.06728972,0.026168224,0.028037383,0.01682243,0.085981308,0.052336449,0.080373832,0.014953271,0.029906542
gi|108562931,0,non-T6SE,252,0.05952381,0.003968254,0.055555556,0.05952381,0.05952381,0.031746032,0,0.083333333,0.095238095,0.075396825,0.035714286,0.067460317,0.015873016,0.051587302,0.05952381,0.067460317,0.05952381,0.083333333,0,0.035714286
gi|108562933,0,non-T6SE,280,0.05,0.0071428571,0.039285714,0.071428571,0.021428571,0.039285714,0.014285714,0.053571429,0.10714286,0.10357143,0.025,0.10357143,0.028571429,0.075,0.039285714,0.053571429,0.046428571,0.064285714,0,0.057142857
gi|108562937,0,non-T6SE,376,0.074468085,0.0026595745,0.058510638,0.079787234,0.061170213,0.015957447,0.0079787234,0.042553191,0.14361702,0.1143617,0.018617021,0.079787234,0.015957447,0.045212766,0.029255319,0.069148936,0.053191489,0.042553191,0,0.045212766
gi|108562939,0,non-T6SE,237,0.063291139,0.0084388186,0.037974684,0.088607595,0.033755274,0.033755274,0.0042194093,0.075949367,0.097046414,0.14767932,0.021097046,0.067510549,0.012658228,0.063291139,0.029535865,0.088607595,0.05907173,0.037974684,0,0.029535865
gi|108562940,0,non-T6SE,381,0.11548556,0.0078740157,0.023622047,0.070866142,0.039370079,0.062992126,0.0026246719,0.083989501,0.078740157,0.11548556,0.039370079,0.06824147,0.015748031,0.06824147,0.010498688,0.070866142,0.060367454,0.034120735,0.0052493438,0.026246719
gi|108562941,0,non-T6SE,370,0.11891892,0.010810811,0.024324324,0.032432432,0.024324324,0.054054054,0.0027027027,0.081081081,0.045945946,0.07027027,0.043243243,0.075675676,0.037837838,0.067567568,0.0081081081,0.11891892,0.075675676,0.059459459,0,0.048648649
gi|108562943,0,non-T6SE,268,0.026119403,0,0.085820896,0.089552239,0.074626866,0.014925373,0.018656716,0.067164179,0.063432836,0.11567164,0.03358209,0.10820896,0.018656716,0.055970149,0.02238806,0.063432836,0.03358209,0.055970149,0.0037313433,0.048507463
gi|108562946,0,non-T6SE,216,0.037037037,0.013888889,0.074074074,0.078703704,0.069444444,0.027777778,0.0092592593,0.069444444,0.14351852,0.12037037,0.0092592593,0.074074074,0.023148148,0.0092592593,0.023148148,0.055555556,0.050925926,0.078703704,0,0.032407407
gi|108562947,0,non-T6SE,115,0.11304348,0.0086956522,0.034782609,0.017391304,0.043478261,0.11304348,0,0.12173913,0.060869565,0.069565217,0.026086957,0.017391304,0.026086957,0.026086957,0.026086957,0.060869565,0.10434783,0.095652174,0.0086956522,0.026086957
gi|15611547,0,non-T6SE,218,0.04587156,0.0091743119,0.018348624,0.073394495,0.064220183,0.096330275,0.02293578,0.087155963,0.077981651,0.14678899,0.02293578,0.059633028,0.027522936,0.041284404,0.02293578,0.055045872,0.032110092,0.041284404,0,0.055045872
gi|108562460,0,non-T6SE,351,0.085470085,0.014245014,0.01994302,0.03988604,0.11396011,0.022792023,0.022792023,0.05982906,0.05982906,0.15099715,0.017094017,0.062678063,0.025641026,0.037037037,0.011396011,0.094017094,0.045584046,0.076923077,0.011396011,0.028490028
gi|188527703,0,non-T6SE,100,0.12,0.03,0.01,0.02,0.05,0.09,0,0.13,0.08,0.11,0.04,0.08,0.02,0.03,0.01,0.03,0.04,0.07,0.02,0.02
gi|210134661,0,non-T6SE,389,0.035989717,0.0025706941,0.053984576,0.11568123,0.051413882,0.033419023,0.020565553,0.074550129,0.10539846,0.10539846,0.023136247,0.064267352,0.030848329,0.046272494,0.030848329,0.053984576,0.05655527,0.053984576,0.0051413882,0.035989717
gi|210134663,0,non-T6SE,88,0.090909091,0.022727273,0.034090909,0.056818182,0.090909091,0.034090909,0.011363636,0.090909091,0.011363636,0.15909091,0.045454545,0.034090909,0.011363636,0.011363636,0.045454545,0.079545455,0.045454545,0.056818182,0.022727273,0.045454545
gi|210135521,0,non-T6SE,551,0.052631579,0.0054446461,0.056261343,0.036297641,0.047186933,0.025408348,0.014519056,0.070780399,0.11252269,0.054446461,0.023593466,0.11433757,0.056261343,0.049001815,0.025408348,0.081669691,0.079854809,0.041742287,0.0054446461,0.047186933
gi|308183678,0,non-T6SE,582,0.054982818,0.0085910653,0.063573883,0.065292096,0.054982818,0.04467354,0.0085910653,0.054982818,0.10824742,0.096219931,0.020618557,0.067010309,0.0395189,0.029209622,0.034364261,0.068728522,0.049828179,0.073883162,0.0085910653,0.048109966
gi|108562944,0,non-T6SE,438,0.077625571,0.011415525,0.075342466,0.043378995,0.054794521,0.063926941,0.011415525,0.070776256,0.070776256,0.082191781,0.034246575,0.070776256,0.029680365,0.04109589,0.03652968,0.063926941,0.066210046,0.052511416,0.0091324201,0.034246575
gi|108562945,0,non-T6SE,534,0.054307116,0.0093632959,0.052434457,0.071161049,0.0917603,0.046816479,0.014981273,0.078651685,0.097378277,0.10299625,0.029962547,0.061797753,0.02247191,0.031835206,0.035580524,0.071161049,0.033707865,0.048689139,0,0.04494382
gi|153008020,0,non-T6SE,103,0.10679612,0.029126214,0.077669903,0.048543689,0.038834951,0.038834951,0.0097087379,0.038834951,0.058252427,0.10679612,0.048543689,0.038834951,0.067961165,0.0097087379,0.077669903,0.11650485,0.029126214,0.029126214,0.019417476,0.0097087379
gi|153010543,0,non-T6SE,342,0.13157895,0.0029239766,0.043859649,0.038011696,0.026315789,0.081871345,0.0087719298,0.055555556,0.0058479532,0.058479532,0.014619883,0.035087719,0.090643275,0.035087719,0.099415205,0.058479532,0.087719298,0.076023392,0.014619883,0.035087719
gi|153010514,0,non-T6SE,254,0.18503937,0.0078740157,0.047244094,0.047244094,0.019685039,0.086614173,0.019685039,0.051181102,0,0.090551181,0.035433071,0.015748031,0.090551181,0.019685039,0.090551181,0.059055118,0.039370079,0.05511811,0.015748031,0.023622047
gi|52840257,0,non-T6SE,452,0.086283186,0.0044247788,0.050884956,0.077433628,0.055309735,0.044247788,0.026548673,0.068584071,0.07079646,0.099557522,0.019911504,0.042035398,0.03539823,0.044247788,0.061946903,0.07300885,0.044247788,0.061946903,0.0088495575,0.024336283
gi|52840258,0,non-T6SE,367,0.073569482,0.016348774,0.051771117,0.065395095,0.032697548,0.029972752,0.019073569,0.095367847,0.065395095,0.14986376,0.019073569,0.051771117,0.029972752,0.051771117,0.032697548,0.08719346,0.059945504,0.049046322,0,0.019073569
gi|52840259,0,non-T6SE,353,0.053824363,0.02266289,0.067988669,0.028328612,0.036827195,0.045325779,0.025495751,0.087818697,0.062322946,0.12464589,0.0084985836,0.067988669,0.025495751,0.082152975,0.042492918,0.07082153,0.04815864,0.031161473,0.014164306,0.053824363
gi|52840262,0,non-T6SE,630,0.063492063,0.020634921,0.061904762,0.063492063,0.025396825,0.058730159,0.031746032,0.092063492,0.058730159,0.11111111,0.022222222,0.06031746,0.031746032,0.049206349,0.031746032,0.076190476,0.046031746,0.050793651,0.0047619048,0.03968254
gi|52840265,0,non-T6SE,85,0.035294118,0,0.047058824,0.082352941,0.035294118,0.047058824,0.035294118,0.070588235,0.082352941,0.082352941,0.047058824,0.047058824,0.047058824,0.035294118,0.023529412,0.094117647,0.035294118,0.12941176,0,0.023529412
gi|52840271,0,non-T6SE,357,0.086834734,0,0.050420168,0.042016807,0.056022409,0.033613445,0.014005602,0.081232493,0.089635854,0.084033613,0.016806723,0.06442577,0.047619048,0.053221289,0.033613445,0.044817927,0.047619048,0.092436975,0.0084033613,0.053221289
gi|52840278,0,non-T6SE,707,0.083451202,0.01980198,0.050919378,0.043847242,0.035360679,0.04950495,0.033946252,0.052333805,0.069306931,0.1301273,0.01980198,0.046676096,0.043847242,0.059405941,0.050919378,0.055162659,0.050919378,0.050919378,0.012729844,0.041018388
gi|52840281,0,non-T6SE,190,0.094736842,0.021052632,0.036842105,0.042105263,0.026315789,0.084210526,0.036842105,0.063157895,0.057894737,0.094736842,0.015789474,0.052631579,0.036842105,0.010526316,0.042105263,0.084210526,0.052631579,0.047368421,0.031578947,0.068421053
gi|52840308,0,non-T6SE,297,0.12457912,0.0067340067,0.053872054,0.094276094,0.037037037,0.060606061,0.013468013,0.060606061,0.060606061,0.1010101,0.033670034,0.043771044,0.026936027,0.033670034,0.050505051,0.037037037,0.053872054,0.067340067,0.0033670034,0.037037037
gi|52840329,0,non-T6SE,523,0.070745698,0.019120459,0.053537285,0.045889101,0.061185468,0.089866157,0.028680688,0.080305927,0.063097514,0.091778203,0.026768642,0.045889101,0.047801147,0.03250478,0.049713193,0.047801147,0.045889101,0.061185468,0.0095602294,0.028680688
gi|52840332,0,non-T6SE,442,0.083710407,0.011312217,0.061085973,0.083710407,0.020361991,0.07918552,0.022624434,0.076923077,0.054298643,0.10859729,0.022624434,0.029411765,0.042986425,0.040723982,0.06561086,0.054298643,0.029411765,0.054298643,0.013574661,0.045248869
gi|52840333,0,non-T6SE,400,0.095,0.0075,0.05,0.0375,0.035,0.08,0.03,0.06,0.045,0.1375,0.035,0.0475,0.05,0.045,0.0525,0.055,0.045,0.055,0.01,0.0275
gi|52840344,0,non-T6SE,148,0.12162162,0.0067567568,0.060810811,0.040540541,0.027027027,0.040540541,0.013513514,0.087837838,0.074324324,0.10135135,0.027027027,0.060810811,0.040540541,0.02027027,0.067567568,0.060810811,0.067567568,0.040540541,0.013513514,0.027027027
gi|52840347,0,non-T6SE,726,0.067493113,0.011019284,0.066115702,0.082644628,0.042699725,0.070247934,0.037190083,0.061983471,0.05922865,0.092286501,0.03030303,0.026170799,0.042699725,0.037190083,0.073002755,0.053719008,0.038567493,0.066115702,0.0055096419,0.035812672
gi|52840352,0,non-T6SE,113,0.026548673,0.053097345,0.097345133,0.053097345,0.0088495575,0.07079646,0.017699115,0.097345133,0.12389381,0.07079646,0.017699115,0.088495575,0.03539823,0.03539823,0.017699115,0.053097345,0.03539823,0.07079646,0.0088495575,0.017699115
gi|52840355,0,non-T6SE,356,0.073033708,0.0056179775,0.04494382,0.04494382,0.025280899,0.095505618,0.050561798,0.11797753,0.06741573,0.064606742,0.0084269663,0.06741573,0.050561798,0.02247191,0.019662921,0.058988764,0.058988764,0.10674157,0,0.016853933
gi|52840359,0,non-T6SE,191,0.057591623,0.02617801,0.041884817,0.073298429,0.068062827,0.052356021,0.02617801,0.047120419,0.089005236,0.073298429,0.020942408,0.041884817,0.041884817,0.041884817,0.041884817,0.047120419,0.068062827,0.041884817,0.010471204,0.089005236
gi|52840369,0,non-T6SE,484,0.092975207,0.012396694,0.047520661,0.055785124,0.041322314,0.078512397,0.02892562,0.049586777,0.061983471,0.10743802,0.033057851,0.037190083,0.068181818,0.02892562,0.049586777,0.051652893,0.055785124,0.055785124,0.0020661157,0.041322314
gi|52840384,0,non-T6SE,508,0.11220472,0.017716535,0.045275591,0.057086614,0.043307087,0.082677165,0.037401575,0.066929134,0.037401575,0.066929134,0.023622047,0.041338583,0.057086614,0.037401575,0.051181102,0.043307087,0.059055118,0.084645669,0.0078740157,0.027559055
gi|52840393,0,non-T6SE,342,0.090643275,0.01754386,0.067251462,0.040935673,0.032163743,0.064327485,0.026315789,0.081871345,0.046783626,0.067251462,0.032163743,0.061403509,0.029239766,0.023391813,0.055555556,0.067251462,0.067251462,0.10233918,0.0087719298,0.01754386
gi|52840396,0,non-T6SE,686,0.093294461,0.010204082,0.056851312,0.080174927,0.055393586,0.048104956,0.043731778,0.052478134,0.049562682,0.10204082,0.027696793,0.043731778,0.036443149,0.037900875,0.048104956,0.069970845,0.045189504,0.04664723,0.014577259,0.037900875
gi|52840411,0,non-T6SE,386,0.051813472,0.031088083,0.062176166,0.067357513,0.038860104,0.041450777,0.025906736,0.10103627,0.093264249,0.12435233,0.015544041,0.046632124,0.03626943,0.046632124,0.028497409,0.064766839,0.054404145,0.025906736,0.0025906736,0.041450777
gi|52840421,0,non-T6SE,294,0.10544218,0.0068027211,0.040816327,0.037414966,0.051020408,0.081632653,0.020408163,0.14285714,0.085034014,0.12585034,0.034013605,0.027210884,0.020408163,0.020408163,0.013605442,0.037414966,0.074829932,0.06462585,0,0.010204082
gi|52840431,0,non-T6SE,480,0.075,0.01875,0.05625,0.064583333,0.05625,0.06875,0.027083333,0.079166667,0.045833333,0.091666667,0.020833333,0.041666667,0.035416667,0.04375,0.045833333,0.05625,0.04375,0.077083333,0.016666667,0.035416667
gi|52840443,0,non-T6SE,358,0.06424581,0.0055865922,0.069832402,0.06424581,0.036312849,0.067039106,0.027932961,0.075418994,0.067039106,0.12290503,0.022346369,0.044692737,0.033519553,0.039106145,0.047486034,0.075418994,0.027932961,0.078212291,0.0027932961,0.027932961
gi|52840449,0,non-T6SE,749,0.10680908,0,0.06141522,0.053404539,0.046728972,0.082777036,0.010680908,0.048064085,0.077436582,0.077436582,0.029372497,0.066755674,0.058744993,0.029372497,0.038718291,0.056074766,0.053404539,0.044058745,0.03070761,0.028037383
gi|52840467,0,non-T6SE,471,0.076433121,0.016985138,0.059447983,0.055201699,0.048832272,0.050955414,0.029723992,0.076433121,0.063694268,0.10615711,0.012738854,0.036093418,0.050955414,0.055201699,0.048832272,0.059447983,0.029723992,0.042462845,0.042462845,0.038216561
gi|52840472,0,non-T6SE,359,0.069637883,0.019498607,0.04178273,0.069637883,0.052924791,0.069637883,0.036211699,0.072423398,0.044568245,0.13370474,0.011142061,0.038997214,0.055710306,0.04735376,0.038997214,0.069637883,0.050139276,0.044568245,0.0055710306,0.027855153
gi|52840477,0,non-T6SE,506,0.079051383,0.0059288538,0.0079051383,0.013833992,0.081027668,0.067193676,0.0256917,0.079051383,0.045454545,0.18577075,0.037549407,0.043478261,0.0256917,0.029644269,0.019762846,0.088932806,0.07312253,0.029644269,0.023715415,0.037549407
gi|52840478,0,non-T6SE,283,0.056537102,0.014134276,0.049469965,0.074204947,0.042402827,0.053003534,0.014134276,0.088339223,0.060070671,0.14134276,0.010600707,0.035335689,0.045936396,0.042402827,0.056537102,0.070671378,0.049469965,0.056537102,0.0070671378,0.03180212
gi|52840485,0,non-T6SE,709,0.064880113,0.0070521862,0.047954866,0.076163611,0.036671368,0.043723554,0.021156559,0.083215797,0.063469676,0.13117066,0.02538787,0.063469676,0.018335684,0.064880113,0.05077574,0.076163611,0.045133992,0.042313117,0.0084626234,0.029619182
gi|52840486,0,non-T6SE,852,0.08685446,0.0093896714,0.04342723,0.046948357,0.024647887,0.063380282,0.039906103,0.088028169,0.084507042,0.1056338,0.021126761,0.044600939,0.041079812,0.04342723,0.012910798,0.069248826,0.061032864,0.082159624,0.0058685446,0.025821596
gi|52840496,0,non-T6SE,310,0.090322581,0.012903226,0.032258065,0.070967742,0.029032258,0.077419355,0.019354839,0.05483871,0.051612903,0.13548387,0.032258065,0.05483871,0.051612903,0.041935484,0.035483871,0.058064516,0.061290323,0.051612903,0.012903226,0.025806452
gi|52840507,0,non-T6SE,231,0.086580087,0.0086580087,0.025974026,0.017316017,0.077922078,0.051948052,0.017316017,0.095238095,0.038961039,0.12987013,0.047619048,0.051948052,0.038961039,0.021645022,0.025974026,0.069264069,0.060606061,0.077922078,0.021645022,0.034632035
gi|52840526,0,non-T6SE,213,0.051643192,0.028169014,0.075117371,0.03286385,0.056338028,0.075117371,0.037558685,0.084507042,0.070422535,0.098591549,0.014084507,0.075117371,0.037558685,0.046948357,0.018779343,0.0657277,0.046948357,0.046948357,0.0093896714,0.028169014
gi|52840538,0,non-T6SE,403,0.079404467,0.022332506,0.052109181,0.062034739,0.024813896,0.074441687,0.039702233,0.054590571,0.034739454,0.089330025,0.024813896,0.032258065,0.05955335,0.047146402,0.049627792,0.076923077,0.047146402,0.079404467,0.012406948,0.037220844
gi|52840542,0,non-T6SE,205,0.073170732,0.014634146,0.063414634,0.073170732,0.03902439,0.07804878,0.0097560976,0.03902439,0.068292683,0.073170732,0.024390244,0.048780488,0.048780488,0.043902439,0.03902439,0.029268293,0.082926829,0.10731707,0.014634146,0.029268293
gi|52840544,0,non-T6SE,694,0.064841499,0.015850144,0.056195965,0.064841499,0.047550432,0.043227666,0.041786744,0.07925072,0.060518732,0.11815562,0.021613833,0.054755043,0.034582133,0.037463977,0.054755043,0.061959654,0.041786744,0.053314121,0.0043227666,0.043227666
gi|52840553,0,non-T6SE,446,0.073991031,0.0067264574,0.042600897,0.082959641,0.02690583,0.053811659,0.02690583,0.078475336,0.085201794,0.087443946,0.02690583,0.062780269,0.02690583,0.082959641,0.042600897,0.053811659,0.029147982,0.082959641,0.0089686099,0.01793722
gi|52840554,0,non-T6SE,324,0.10802469,0.015432099,0.037037037,0.052469136,0.033950617,0.070987654,0.037037037,0.070987654,0.052469136,0.12962963,0.033950617,0.049382716,0.061728395,0.024691358,0.015432099,0.058641975,0.055555556,0.067901235,0.0030864198,0.021604938
gi|52840555,0,non-T6SE,163,0.067484663,0.024539877,0.049079755,0.042944785,0.030674847,0.067484663,0.024539877,0.13496933,0.055214724,0.073619632,0.036809816,0.036809816,0.036809816,0.049079755,0.049079755,0.079754601,0.042944785,0.049079755,0.0061349693,0.042944785
gi|52840565,0,non-T6SE,177,0.15819209,0.0056497175,0.039548023,0.062146893,0.028248588,0.033898305,0.0056497175,0.033898305,0.09039548,0.11299435,0.02259887,0.04519774,0.033898305,0.016949153,0.06779661,0.050847458,0.062146893,0.10169492,0,0.028248588
gi|52840566,0,non-T6SE,126,0.19047619,0,0.015873016,0.14285714,0.023809524,0.071428571,0,0.055555556,0.087301587,0.047619048,0.03968254,0.03968254,0.015873016,0.0079365079,0.0079365079,0.063492063,0.063492063,0.12698413,0,0
gi|52840568,0,non-T6SE,1415,0.081272085,0.0091872792,0.059363958,0.077738516,0.028268551,0.076325088,0.021908127,0.073498233,0.061484099,0.09540636,0.02614841,0.036749117,0.039575972,0.032508834,0.069257951,0.050176678,0.055123675,0.076325088,0.0056537102,0.024028269
gi|52840585,0,non-T6SE,109,0.055045872,0,0.04587156,0.055045872,0.0091743119,0.091743119,0.036697248,0.11009174,0.1559633,0.036697248,0.0091743119,0.073394495,0.04587156,0.0091743119,0.04587156,0.055045872,0.0091743119,0.11926606,0,0.036697248
gi|52840589,0,non-T6SE,179,0.072625698,0,0.027932961,0.061452514,0.016759777,0.089385475,0.016759777,0.061452514,0.10614525,0.067039106,0.016759777,0.044692737,0.05027933,0.044692737,0.039106145,0.072625698,0.061452514,0.11173184,0.0055865922,0.033519553
gi|52840602,0,non-T6SE,455,0.074725275,0.0065934066,0.017582418,0.028571429,0.07032967,0.072527473,0.01978022,0.098901099,0.043956044,0.15824176,0.030769231,0.032967033,0.035164835,0.041758242,0.017582418,0.081318681,0.061538462,0.054945055,0.013186813,0.03956044
gi|52840606,0,non-T6SE,430,0.10697674,0.011627907,0.053488372,0.051162791,0.053488372,0.097674419,0.018604651,0.055813953,0.046511628,0.081395349,0.020930233,0.041860465,0.034883721,0.037209302,0.039534884,0.097674419,0.069767442,0.051162791,0.0093023256,0.020930233
gi|52840611,0,non-T6SE,277,0.079422383,0.025270758,0.039711191,0.050541516,0.039711191,0.093862816,0.025270758,0.086642599,0.028880866,0.10108303,0.018050542,0.075812274,0.046931408,0.054151625,0.032490975,0.046931408,0.057761733,0.068592058,0.0036101083,0.025270758
gi|52840632,0,non-T6SE,257,0.042801556,0,0.023346304,0.031128405,0.077821012,0.070038911,0.011673152,0.12062257,0.019455253,0.14785992,0.058365759,0.038910506,0.046692607,0.023346304,0.038910506,0.062256809,0.050583658,0.097276265,0.0038910506,0.035019455
gi|52840641,0,non-T6SE,256,0.0546875,0.01953125,0.0625,0.0703125,0.0234375,0.09765625,0.0390625,0.0703125,0.0625,0.11328125,0.02734375,0.0234375,0.046875,0.046875,0.05078125,0.0546875,0.02734375,0.05859375,0.01953125,0.03125
gi|52840642,0,non-T6SE,169,0.041420118,0,0.053254438,0.053254438,0.041420118,0.076923077,0.023668639,0.088757396,0.053254438,0.088757396,0.023668639,0.065088757,0.047337278,0.053254438,0.035502959,0.047337278,0.041420118,0.10059172,0.029585799,0.035502959
gi|52840659,0,non-T6SE,302,0.10927152,0.0066225166,0.029801325,0.062913907,0.026490066,0.079470199,0.043046358,0.092715232,0.072847682,0.079470199,0.029801325,0.043046358,0.046357616,0.026490066,0.052980132,0.066225166,0.036423841,0.069536424,0,0.026490066
gi|52840661,0,non-T6SE,496,0.060483871,0.014112903,0.052419355,0.074596774,0.036290323,0.040322581,0.024193548,0.066532258,0.058467742,0.125,0.016129032,0.052419355,0.044354839,0.046370968,0.052419355,0.064516129,0.034274194,0.070564516,0.02016129,0.046370968
gi|52840664,0,non-T6SE,335,0.11044776,0.011940299,0.03880597,0.044776119,0.059701493,0.07761194,0.03880597,0.074626866,0.03880597,0.11641791,0.023880597,0.029850746,0.023880597,0.053731343,0.029850746,0.080597015,0.032835821,0.062686567,0.0089552239,0.041791045
gi|52840665,0,non-T6SE,220,0.10909091,0.022727273,0.013636364,0.077272727,0.05,0.090909091,0.018181818,0.081818182,0.045454545,0.095454545,0.022727273,0.036363636,0.072727273,0.031818182,0.018181818,0.063636364,0.040909091,0.081818182,0.013636364,0.013636364
gi|52840670,0,non-T6SE,332,0.06626506,0.030120482,0.036144578,0.057228916,0.03313253,0.042168675,0.027108434,0.096385542,0.069277108,0.11746988,0.015060241,0.030120482,0.060240964,0.060240964,0.042168675,0.063253012,0.06626506,0.024096386,0.012048193,0.051204819
gi|52840678,0,non-T6SE,126,0.023809524,0.023809524,0.015873016,0.079365079,0.023809524,0.055555556,0.023809524,0.071428571,0.079365079,0.13492063,0.031746032,0.031746032,0.03968254,0.047619048,0.055555556,0.087301587,0.055555556,0.055555556,0.015873016,0.047619048
gi|52840689,0,non-T6SE,199,0.08040201,0,0.060301508,0.060301508,0.015075377,0.045226131,0.015075377,0.10552764,0.10552764,0.10552764,0.015075377,0.045226131,0.030150754,0.045226131,0.055276382,0.10552764,0.015075377,0.050251256,0.010050251,0.035175879
gi|52840699,0,non-T6SE,93,0.10752688,0,0.010752688,0,0.064516129,0.15053763,0.010752688,0.11827957,0.064516129,0.096774194,0.032258065,0.021505376,0.053763441,0.032258065,0,0.075268817,0.11827957,0.021505376,0,0.021505376
gi|52840700,0,non-T6SE,214,0.070093458,0.042056075,0.046728972,0.070093458,0.065420561,0.065420561,0.0046728972,0.065420561,0.056074766,0.08411215,0.014018692,0.056074766,0.018691589,0.065420561,0.065420561,0.074766355,0.042056075,0.042056075,0.0093457944,0.042056075
gi|52840706,0,non-T6SE,289,0.10034602,0.024221453,0.048442907,0.083044983,0.031141869,0.044982699,0.038062284,0.069204152,0.038062284,0.1384083,0.0069204152,0.041522491,0.065743945,0.044982699,0.024221453,0.058823529,0.058823529,0.038062284,0.027681661,0.017301038
gi|52840714,0,non-T6SE,257,0.073929961,0.019455253,0.038910506,0.06614786,0.046692607,0.054474708,0.042801556,0.070038911,0.058365759,0.10116732,0.027237354,0.050583658,0.050583658,0.042801556,0.070038911,0.054474708,0.011673152,0.073929961,0.015564202,0.031128405
gi|52840721,0,non-T6SE,99,0.090909091,0,0.090909091,0.090909091,0.04040404,0.03030303,0.060606061,0.070707071,0.080808081,0.090909091,0.03030303,0.03030303,0.01010101,0.03030303,0.070707071,0.03030303,0.060606061,0.080808081,0,0.01010101
gi|52840722,0,non-T6SE,464,0.058189655,0.0086206897,0.058189655,0.075431034,0.034482759,0.030172414,0.032327586,0.084051724,0.056034483,0.12284483,0.015086207,0.07112069,0.040948276,0.075431034,0.038793103,0.0625,0.056034483,0.051724138,0.0086206897,0.019396552
gi|52840727,0,non-T6SE,387,0.07751938,0,0.054263566,0.056847545,0.031007752,0.090439276,0.020671835,0.072351421,0.074935401,0.10594315,0.036175711,0.043927649,0.049095607,0.051679587,0.033591731,0.067183463,0.025839793,0.072351421,0.007751938,0.028423773
gi|52840729,0,non-T6SE,380,0.086842105,0,0.05,0.068421053,0.026315789,0.068421053,0.0026315789,0.055263158,0.065789474,0.097368421,0.015789474,0.052631579,0.047368421,0.063157895,0.042105263,0.078947368,0.05,0.078947368,0.013157895,0.036842105
gi|52840740,0,non-T6SE,441,0.063492063,0.01814059,0.068027211,0.054421769,0.045351474,0.063492063,0.022675737,0.063492063,0.063492063,0.12471655,0.040816327,0.038548753,0.029478458,0.054421769,0.047619048,0.063492063,0.058956916,0.038548753,0.011337868,0.029478458
gi|52840748,0,non-T6SE,238,0.067226891,0.016806723,0.054621849,0.079831933,0.06302521,0.054621849,0.025210084,0.06302521,0.058823529,0.11764706,0.021008403,0.058823529,0.029411765,0.046218487,0.058823529,0.054621849,0.037815126,0.054621849,0.021008403,0.016806723
gi|52840749,0,non-T6SE,284,0.052816901,0.017605634,0.024647887,0.014084507,0.059859155,0.091549296,0.01056338,0.1056338,0.042253521,0.17957746,0.024647887,0.021126761,0.045774648,0.035211268,0.017605634,0.056338028,0.042253521,0.063380282,0.038732394,0.056338028
gi|52840772,0,non-T6SE,130,0.084615385,0.0076923077,0.015384615,0.023076923,0.076923077,0.061538462,0.023076923,0.13076923,0.053846154,0.14615385,0.061538462,0.023076923,0.038461538,0.015384615,0.046153846,0.084615385,0.0076923077,0.061538462,0.023076923,0.015384615
gi|52840778,0,non-T6SE,406,0.091133005,0.019704433,0.061576355,0.066502463,0.02955665,0.083743842,0.012315271,0.064039409,0.07635468,0.10098522,0.02955665,0.044334975,0.027093596,0.032019704,0.044334975,0.04679803,0.039408867,0.11083744,0.0049261084,0.014778325
gi|52840780,0,non-T6SE,215,0.055813953,0,0.065116279,0.074418605,0.041860465,0.046511628,0.023255814,0.060465116,0.051162791,0.08372093,0.023255814,0.051162791,0.051162791,0.065116279,0.079069767,0.08372093,0.018604651,0.051162791,0.023255814,0.051162791
gi|52840791,0,non-T6SE,199,0.050251256,0.0050251256,0.035175879,0.065326633,0.060301508,0.045226131,0.020100503,0.08040201,0.045226131,0.11557789,0.030150754,0.060301508,0.040201005,0.030150754,0.055276382,0.090452261,0.050251256,0.08040201,0.0050251256,0.035175879
gi|52840792,0,non-T6SE,574,0.10627178,0.0034843206,0.048780488,0.034843206,0.043554007,0.085365854,0.026132404,0.057491289,0.054006969,0.11324042,0.027874564,0.040069686,0.06445993,0.038327526,0.029616725,0.071428571,0.040069686,0.06097561,0.010452962,0.043554007
gi|52840799,0,non-T6SE,274,0.058394161,0.02189781,0.03649635,0.054744526,0.040145985,0.069343066,0.051094891,0.087591241,0.069343066,0.11313869,0.018248175,0.051094891,0.058394161,0.032846715,0.054744526,0.054744526,0.051094891,0.04379562,0,0.032846715
gi|52840810,0,non-T6SE,423,0.054373522,0.0047281324,0.066193853,0.066193853,0.047281324,0.063829787,0.021276596,0.078014184,0.082742317,0.11111111,0.033096927,0.033096927,0.042553191,0.063829787,0.042553191,0.04964539,0.052009456,0.059101655,0.0047281324,0.023640662
gi|52840814,0,non-T6SE,178,0.056179775,0.016853933,0.050561798,0.033707865,0.0056179775,0.10674157,0.04494382,0.11235955,0.050561798,0.084269663,0.02247191,0.028089888,0.050561798,0.04494382,0.033707865,0.061797753,0.04494382,0.078651685,0.0056179775,0.06741573
gi|52840817,0,non-T6SE,326,0.095092025,0.012269939,0.070552147,0.067484663,0.04601227,0.055214724,0.027607362,0.076687117,0.085889571,0.079754601,0.033742331,0.036809816,0.049079755,0.042944785,0.027607362,0.058282209,0.049079755,0.049079755,0,0.036809816
gi|52840823,0,non-T6SE,187,0.053475936,0.010695187,0.032085561,0.090909091,0.037433155,0.069518717,0.021390374,0.085561497,0.032085561,0.11764706,0.026737968,0.042780749,0.058823529,0.053475936,0.042780749,0.069518717,0.037433155,0.064171123,0.021390374,0.032085561
gi|52840824,0,non-T6SE,142,0.091549296,0.021126761,0.042253521,0.056338028,0.035211268,0.070422535,0.014084507,0.070422535,0.049295775,0.098591549,0.014084507,0.014084507,0.042253521,0.070422535,0.070422535,0.056338028,0.056338028,0.070422535,0.021126761,0.035211268
gi|52840825,0,non-T6SE,297,0.070707071,0.013468013,0.053872054,0.060606061,0.03030303,0.053872054,0.033670034,0.084175084,0.050505051,0.11111111,0.026936027,0.053872054,0.023569024,0.070707071,0.047138047,0.080808081,0.043771044,0.060606061,0.0033670034,0.026936027
gi|52840827,0,non-T6SE,503,0.099403579,0.02584493,0.027833002,0.065606362,0.029821074,0.059642147,0.039761431,0.061630219,0.053677932,0.12723658,0.02584493,0.055666004,0.06361829,0.043737575,0.045725646,0.071570577,0.043737575,0.045725646,0.0059642147,0.0079522863
gi|52840830,0,non-T6SE,193,0.082901554,0.015544041,0.067357513,0.031088083,0.03626943,0.031088083,0.010362694,0.062176166,0.056994819,0.10880829,0.015544041,0.041450777,0.07253886,0.046632124,0.062176166,0.062176166,0.056994819,0.062176166,0.015544041,0.062176166
gi|52840834,0,non-T6SE,733,0.076398363,0.012278308,0.032742156,0.058663029,0.064120055,0.075034106,0.019099591,0.090040928,0.065484311,0.095497954,0.020463847,0.032742156,0.049113233,0.038199181,0.051841746,0.058663029,0.057298772,0.062755798,0.010914052,0.028649386
gi|52840840,0,non-T6SE,428,0.074766355,0.014018692,0.056074766,0.058411215,0.03271028,0.058411215,0.049065421,0.067757009,0.053738318,0.12149533,0.018691589,0.046728972,0.037383178,0.081775701,0.028037383,0.063084112,0.037383178,0.049065421,0.0093457944,0.042056075
gi|52840841,0,non-T6SE,414,0.10869565,0.014492754,0.048309179,0.06763285,0.038647343,0.057971014,0.036231884,0.089371981,0.060386473,0.06763285,0.038647343,0.053140097,0.036231884,0.026570048,0.031400966,0.053140097,0.055555556,0.070048309,0.0072463768,0.038647343
gi|52840853,0,non-T6SE,416,0.045673077,0.026442308,0.050480769,0.064903846,0.03125,0.033653846,0.024038462,0.09375,0.060096154,0.098557692,0.014423077,0.057692308,0.040865385,0.052884615,0.040865385,0.10096154,0.050480769,0.045673077,0.0096153846,0.057692308
gi|52840873,0,non-T6SE,221,0.07239819,0.022624434,0.040723982,0.07239819,0.054298643,0.063348416,0.0090497738,0.049773756,0.036199095,0.099547511,0.031674208,0.067873303,0.018099548,0.07239819,0.054298643,0.054298643,0.07239819,0.045248869,0.0045248869,0.058823529
gi|52840880,0,non-T6SE,412,0.09223301,0.0072815534,0.036407767,0.029126214,0.080097087,0.04368932,0.041262136,0.07038835,0.04368932,0.13349515,0.016990291,0.024271845,0.033980583,0.038834951,0.033980583,0.080097087,0.046116505,0.072815534,0.026699029,0.048543689
gi|52840886,0,non-T6SE,263,0.064638783,0.0076045627,0.068441065,0.076045627,0.041825095,0.041825095,0.022813688,0.060836502,0.057034221,0.095057034,0.015209125,0.045627376,0.045627376,0.045627376,0.068441065,0.060836502,0.038022814,0.08365019,0.02661597,0.034220532
gi|52840888,0,non-T6SE,411,0.12652068,0.01216545,0.065693431,0.0486618,0.04136253,0.058394161,0.01946472,0.065693431,0.051094891,0.10462287,0.02189781,0.058394161,0.070559611,0.03163017,0.03892944,0.04379562,0.03406326,0.085158151,0.00243309,0.01946472
gi|52840892,0,non-T6SE,408,0.073529412,0.017156863,0.024509804,0.014705882,0.066176471,0.10294118,0.014705882,0.098039216,0.024509804,0.16176471,0.031862745,0.029411765,0.034313725,0.014705882,0.022058824,0.098039216,0.051470588,0.068627451,0.014705882,0.036764706
gi|52840895,0,non-T6SE,285,0.10175439,0,0.059649123,0.059649123,0.035087719,0.045614035,0.01754386,0.087719298,0.066666667,0.073684211,0.01754386,0.056140351,0.042105263,0.049122807,0.045614035,0.052631579,0.059649123,0.084210526,0.010526316,0.035087719
gi|52840896,0,non-T6SE,580,0.055172414,0.013793103,0.055172414,0.062068966,0.044827586,0.086206897,0.020689655,0.065517241,0.070689655,0.11896552,0.034482759,0.04137931,0.046551724,0.037931034,0.053448276,0.063793103,0.060344828,0.046551724,0.0051724138,0.017241379
gi|52840898,0,non-T6SE,374,0.056149733,0.0053475936,0.024064171,0.042780749,0.069518717,0.056149733,0.0053475936,0.12032086,0.042780749,0.12032086,0.040106952,0.034759358,0.053475936,0.048128342,0.026737968,0.06684492,0.061497326,0.080213904,0.021390374,0.024064171
gi|52840916,0,non-T6SE,913,0.058050383,0.010952903,0.046002191,0.066812705,0.048192771,0.04162103,0.029572837,0.059145674,0.050383352,0.14786418,0.026286966,0.033953998,0.027382256,0.071193866,0.061336254,0.074479737,0.036144578,0.060240964,0.013143483,0.037239869
gi|52840936,0,non-T6SE,455,0.12967033,0.0021978022,0.052747253,0.035164835,0.041758242,0.037362637,0.0065934066,0.050549451,0.059340659,0.076923077,0.010989011,0.076923077,0.021978022,0.094505495,0.037362637,0.065934066,0.068131868,0.072527473,0.013186813,0.046153846
gi|52840956,0,non-T6SE,921,0.056460369,0.0086862106,0.067318132,0.076004343,0.040173724,0.052117264,0.027144408,0.072747014,0.078175896,0.10314875,0.02062975,0.034744843,0.047774159,0.039087948,0.054288817,0.052117264,0.059717698,0.052117264,0.026058632,0.031487514
gi|52840958,0,non-T6SE,420,0.071428571,0.0047619048,0.05,0.045238095,0.04047619,0.061904762,0.011904762,0.083333333,0.073809524,0.080952381,0.0095238095,0.061904762,0.05,0.078571429,0.026190476,0.064285714,0.054761905,0.097619048,0.0023809524,0.030952381
gi|52840965,0,non-T6SE,325,0.083076923,0.030769231,0.08,0.04,0.030769231,0.08,0.027692308,0.067692308,0.052307692,0.13538462,0.027692308,0.036923077,0.052307692,0.043076923,0.030769231,0.061538462,0.036923077,0.052307692,0.0092307692,0.021538462
gi|52840966,0,non-T6SE,160,0.08125,0.00625,0.05625,0.0125,0.05625,0.0875,0.01875,0.09375,0.01875,0.125,0.05,0.025,0.04375,0.03125,0.03125,0.0375,0.03125,0.1,0.0625,0.03125
gi|52840975,0,non-T6SE,460,0.10217391,0.0043478261,0.07826087,0.069565217,0.026086957,0.060869565,0.015217391,0.063043478,0.054347826,0.10217391,0.034782609,0.036956522,0.045652174,0.034782609,0.063043478,0.067391304,0.045652174,0.069565217,0.0043478261,0.02173913
gi|52840976,0,non-T6SE,357,0.084033613,0.019607843,0.042016807,0.06162465,0.030812325,0.078431373,0.036414566,0.078431373,0.042016807,0.084033613,0.028011204,0.025210084,0.056022409,0.042016807,0.053221289,0.067226891,0.036414566,0.095238095,0.016806723,0.022408964
gi|52840981,0,non-T6SE,516,0.044573643,0.0096899225,0.067829457,0.091085271,0.036821705,0.032945736,0.019379845,0.085271318,0.09496124,0.10658915,0.019379845,0.058139535,0.011627907,0.062015504,0.05620155,0.079457364,0.042635659,0.05620155,0.0019379845,0.023255814
gi|52840987,0,non-T6SE,213,0.051643192,0.014084507,0.046948357,0.061032864,0.051643192,0.093896714,0.03286385,0.070422535,0.042253521,0.093896714,0.042253521,0.037558685,0.046948357,0.046948357,0.023474178,0.098591549,0.03286385,0.079812207,0.0093896714,0.023474178
gi|52840994,0,non-T6SE,294,0.06122449,0.017006803,0.06122449,0.068027211,0.034013605,0.047619048,0.034013605,0.078231293,0.078231293,0.091836735,0.0068027211,0.047619048,0.034013605,0.030612245,0.044217687,0.068027211,0.068027211,0.074829932,0.017006803,0.037414966
gi|52841018,0,non-T6SE,82,0.036585366,0.012195122,0.06097561,0.1097561,0.012195122,0.085365854,0.012195122,0.1097561,0.036585366,0.085365854,0.024390244,0.036585366,0.012195122,0.048780488,0.073170732,0.048780488,0.036585366,0.12195122,0,0.036585366
gi|52841020,0,non-T6SE,331,0.036253776,0.021148036,0.048338369,0.042296073,0.051359517,0.066465257,0.024169184,0.096676737,0.066465257,0.11480363,0.0090634441,0.093655589,0.027190332,0.045317221,0.027190332,0.10574018,0.045317221,0.036253776,0.021148036,0.021148036
gi|52841023,0,non-T6SE,433,0.083140878,0.018475751,0.050808314,0.055427252,0.041570439,0.046189376,0.036951501,0.066974596,0.060046189,0.13394919,0.011547344,0.048498845,0.046189376,0.057736721,0.053117783,0.050808314,0.034642032,0.057736721,0.025404157,0.020785219
gi|52841028,0,non-T6SE,235,0.093617021,0,0.05106383,0.046808511,0.034042553,0.093617021,0.0042553191,0.042553191,0.10638298,0.076595745,0.05106383,0.046808511,0.046808511,0.042553191,0.012765957,0.068085106,0.076595745,0.076595745,0.0085106383,0.021276596
gi|52841029,0,non-T6SE,423,0.094562648,0.0047281324,0.014184397,0.028368794,0.085106383,0.080378251,0.0094562648,0.082742317,0.037825059,0.16312057,0.047281324,0.030732861,0.035460993,0.033096927,0.033096927,0.070921986,0.044917258,0.056737589,0.014184397,0.033096927
gi|52841038,0,non-T6SE,567,0.1005291,0.0052910053,0.019400353,0.037037037,0.059964727,0.091710758,0.017636684,0.10582011,0.028218695,0.11640212,0.026455026,0.031746032,0.047619048,0.042328042,0.038800705,0.059964727,0.044091711,0.095238095,0.014109347,0.017636684
gi|52841043,0,non-T6SE,280,0.089285714,0.017857143,0.053571429,0.071428571,0.025,0.057142857,0.028571429,0.075,0.053571429,0.12142857,0.021428571,0.046428571,0.025,0.053571429,0.035714286,0.05,0.075,0.071428571,0.0071428571,0.021428571
gi|52841048,0,non-T6SE,302,0.066225166,0,0.046357616,0.059602649,0.026490066,0.062913907,0.013245033,0.059602649,0.049668874,0.12251656,0.026490066,0.046357616,0.036423841,0.049668874,0.059602649,0.089403974,0.043046358,0.10596026,0.0066225166,0.029801325
gi|52841050,0,non-T6SE,222,0.036036036,0,0.040540541,0.058558559,0.040540541,0.054054054,0.036036036,0.094594595,0.1036036,0.13513514,0.013513514,0.040540541,0.072072072,0.054054054,0.067567568,0.027027027,0.063063063,0.018018018,0.022522523,0.022522523
gi|52841053,0,non-T6SE,111,0.054054054,0.009009009,0.045045045,0.099099099,0.045045045,0.036036036,0.036036036,0.063063063,0.063063063,0.099099099,0.045045045,0.045045045,0.036036036,0.054054054,0.036036036,0.045045045,0.063063063,0.099099099,0,0.027027027
gi|52841062,0,non-T6SE,443,0.085778781,0.0090293454,0.036117381,0.054176072,0.033860045,0.0496614,0.018058691,0.10609481,0.051918736,0.11512415,0.0090293454,0.054176072,0.036117381,0.079006772,0.056433409,0.060948081,0.065462754,0.047404063,0.0045146727,0.027088036
gi|52841069,0,non-T6SE,258,0.073643411,0.011627907,0.062015504,0.058139535,0.034883721,0.03875969,0.023255814,0.10077519,0.089147287,0.13178295,0.027131783,0.042635659,0.034883721,0.054263566,0.03875969,0.065891473,0.046511628,0.050387597,0,0.015503876
gi|52841070,0,non-T6SE,344,0.10465116,0.01744186,0.055232558,0.046511628,0.040697674,0.063953488,0.026162791,0.069767442,0.043604651,0.11337209,0.020348837,0.052325581,0.026162791,0.063953488,0.043604651,0.093023256,0.037790698,0.063953488,0.0058139535,0.011627907
gi|52841075,0,non-T6SE,183,0.081967213,0.016393443,0.076502732,0.06010929,0.027322404,0.087431694,0.032786885,0.06557377,0.06557377,0.13114754,0.027322404,0.049180328,0.016393443,0.06010929,0.032786885,0.021857923,0.043715847,0.071038251,0.0054644809,0.027322404
gi|52841078,0,non-T6SE,260,0.096153846,0.0076923077,0.026923077,0.019230769,0.065384615,0.10769231,0.0038461538,0.076923077,0.019230769,0.14615385,0.038461538,0.019230769,0.026923077,0.038461538,0.038461538,0.080769231,0.038461538,0.096153846,0.019230769,0.034615385
gi|52841079,0,non-T6SE,158,0.063291139,0,0.082278481,0.050632911,0.03164557,0.088607595,0.0063291139,0.094936709,0.063291139,0.11392405,0.037974684,0.037974684,0.03164557,0.025316456,0.050632911,0.044303797,0.069620253,0.075949367,0,0.03164557
gi|52841084,0,non-T6SE,252,0.083333333,0.01984127,0.043650794,0.067460317,0.047619048,0.071428571,0.051587302,0.067460317,0.043650794,0.11111111,0.027777778,0.05952381,0.027777778,0.047619048,0.031746032,0.075396825,0.023809524,0.03968254,0.015873016,0.043650794
gi|52841089,0,non-T6SE,471,0.067940552,0.01910828,0.04670913,0.089171975,0.042462845,0.061571125,0.016985138,0.070063694,0.050955414,0.10828025,0.025477707,0.04670913,0.044585987,0.029723992,0.076433121,0.072186837,0.042462845,0.06581741,0.0063694268,0.016985138
gi|229270458,0,non-T6SE,312,0.086538462,0.0064102564,0.048076923,0.070512821,0.038461538,0.054487179,0.016025641,0.086538462,0.11217949,0.125,0.028846154,0.03525641,0.03525641,0.025641026,0.041666667,0.044871795,0.048076923,0.060897436,0.0096153846,0.025641026
gi|52841094,0,non-T6SE,263,0.1026616,0.0038022814,0.02661597,0.038022814,0.057034221,0.053231939,0.015209125,0.091254753,0.049429658,0.16730038,0.038022814,0.019011407,0.038022814,0.030418251,0.02661597,0.053231939,0.030418251,0.060836502,0.053231939,0.045627376
gi|52841096,0,non-T6SE,143,0.11888112,0,0.041958042,0.041958042,0.048951049,0.055944056,0.041958042,0.062937063,0.062937063,0.097902098,0.020979021,0.034965035,0.041958042,0.048951049,0.048951049,0.041958042,0.055944056,0.1048951,0,0.027972028
gi|52841097,0,non-T6SE,650,0.081538462,0.016923077,0.029230769,0.024615385,0.066153846,0.076923077,0.012307692,0.056923077,0.027692308,0.16,0.032307692,0.030769231,0.038461538,0.033846154,0.047692308,0.056923077,0.047692308,0.086153846,0.04,0.033846154
gi|52841098,0,non-T6SE,177,0.062146893,0.02259887,0.04519774,0.050847458,0.04519774,0.06779661,0.028248588,0.062146893,0.050847458,0.11864407,0.028248588,0.050847458,0.06779661,0.039548023,0.050847458,0.039548023,0.02259887,0.079096045,0.039548023,0.028248588
gi|52841103,0,non-T6SE,608,0.075657895,0.018092105,0.049342105,0.0625,0.041118421,0.050986842,0.039473684,0.0625,0.067434211,0.11348684,0.016447368,0.050986842,0.052631579,0.047697368,0.050986842,0.0625,0.046052632,0.049342105,0.0065789474,0.036184211
gi|52841104,0,non-T6SE,384,0.10677083,0.0234375,0.049479167,0.075520833,0.044270833,0.080729167,0.020833333,0.0546875,0.044270833,0.09375,0.052083333,0.036458333,0.028645833,0.033854167,0.065104167,0.057291667,0.0390625,0.041666667,0.0078125,0.044270833
gi|52841112,0,non-T6SE,377,0.12201592,0.01061008,0.045092838,0.063660477,0.021220159,0.063660477,0.013262599,0.079575597,0.068965517,0.1061008,0.034482759,0.050397878,0.045092838,0.050397878,0.023872679,0.063660477,0.050397878,0.058355438,0.0026525199,0.026525199
gi|52841115,0,non-T6SE,380,0.068421053,0.010526316,0.044736842,0.044736842,0.076315789,0.042105263,0.021052632,0.12368421,0.060526316,0.12631579,0.026315789,0.060526316,0.026315789,0.018421053,0.039473684,0.065789474,0.042105263,0.05,0.0078947368,0.044736842
gi|52841120,0,non-T6SE,358,0.061452514,0.011173184,0.072625698,0.041899441,0.039106145,0.075418994,0.027932961,0.089385475,0.041899441,0.11452514,0.030726257,0.055865922,0.036312849,0.047486034,0.041899441,0.067039106,0.053072626,0.058659218,0.0027932961,0.030726257
gi|52841124,0,non-T6SE,297,0.063973064,0.02020202,0.03030303,0.03030303,0.063973064,0.04040404,0.016835017,0.1043771,0.10774411,0.097643098,0.02020202,0.067340067,0.04040404,0.067340067,0.03030303,0.050505051,0.04040404,0.047138047,0.037037037,0.023569024
gi|52841126,0,non-T6SE,771,0.055771725,0.0051880674,0.062256809,0.089494163,0.037613489,0.051880674,0.023346304,0.079118029,0.063553826,0.11284047,0.031128405,0.053177691,0.027237354,0.046692607,0.057068742,0.060959792,0.038910506,0.060959792,0.010376135,0.032425422
gi|52841132,0,non-T6SE,319,0.081504702,0.015673981,0.021943574,0.018808777,0.037617555,0.068965517,0.012539185,0.15673981,0.040752351,0.17554859,0.018808777,0.05015674,0.043887147,0.0062695925,0.015673981,0.10031348,0.040752351,0.037617555,0.012539185,0.043887147
gi|52841134,0,non-T6SE,355,0.053521127,0.025352113,0.033802817,0.042253521,0.047887324,0.047887324,0.030985915,0.064788732,0.05915493,0.12957746,0.014084507,0.05915493,0.061971831,0.067605634,0.047887324,0.067605634,0.056338028,0.036619718,0.025352113,0.028169014
gi|52841138,0,non-T6SE,363,0.071625344,0.0027548209,0.049586777,0.03030303,0.024793388,0.096418733,0.024793388,0.11019284,0.060606061,0.093663912,0.024793388,0.05785124,0.052341598,0.038567493,0.046831956,0.05785124,0.041322314,0.090909091,0.0055096419,0.019283747
gi|52841149,0,non-T6SE,334,0.083832335,0.005988024,0.056886228,0.077844311,0.056886228,0.077844311,0.032934132,0.065868263,0.074850299,0.086826347,0.017964072,0.041916168,0.032934132,0.041916168,0.068862275,0.053892216,0.02994012,0.071856287,0.005988024,0.01497006
gi|52841152,0,non-T6SE,483,0.091097308,0.01242236,0.055900621,0.053830228,0.022774327,0.070393375,0.031055901,0.074534161,0.068322981,0.097308489,0.02484472,0.049689441,0.041407867,0.053830228,0.035196687,0.053830228,0.049689441,0.068322981,0.010351967,0.035196687
gi|52841153,0,non-T6SE,350,0.085714286,0.028571429,0.062857143,0.051428571,0.04,0.048571429,0.048571429,0.071428571,0.057142857,0.13714286,0.0057142857,0.048571429,0.054285714,0.028571429,0.031428571,0.065714286,0.051428571,0.04,0.0028571429,0.04
gi|52841160,0,non-T6SE,794,0.090680101,0.0025188917,0.049118388,0.059193955,0.036523929,0.061712846,0.016372796,0.06675063,0.069269521,0.10075567,0.020151134,0.059193955,0.056675063,0.049118388,0.044080605,0.052896725,0.046599496,0.06675063,0.012594458,0.039042821
gi|52841166,0,non-T6SE,698,0.06017192,0,0.06017192,0.053008596,0.031518625,0.054441261,0.0071633238,0.10888252,0.073065903,0.10458453,0.017191977,0.050143266,0.041547278,0.058739255,0.048710602,0.068767908,0.064469914,0.077363897,0.0042979943,0.015759312
gi|52841167,0,non-T6SE,175,0.062857143,0,0.062857143,0.11428571,0.04,0.08,0,0.08,0.068571429,0.097142857,0.011428571,0.034285714,0.022857143,0.034285714,0.08,0.04,0.068571429,0.068571429,0.0057142857,0.028571429
gi|52841168,0,non-T6SE,369,0.075880759,0.021680217,0.048780488,0.06504065,0.029810298,0.070460705,0.035230352,0.092140921,0.06504065,0.11924119,0.01897019,0.037940379,0.037940379,0.048780488,0.040650407,0.048780488,0.043360434,0.067750678,0.0027100271,0.029810298
gi|52841171,0,non-T6SE,328,0.073170732,0.012195122,0.048780488,0.042682927,0.054878049,0.073170732,0.030487805,0.073170732,0.06097561,0.12195122,0.012195122,0.054878049,0.027439024,0.048780488,0.057926829,0.051829268,0.039634146,0.073170732,0.006097561,0.036585366
gi|52841173,0,non-T6SE,121,0.099173554,0.0082644628,0.049586777,0.016528926,0.099173554,0.090909091,0.041322314,0.10743802,0.0082644628,0.1322314,0.033057851,0.033057851,0.024793388,0.016528926,0.049586777,0.05785124,0.033057851,0.049586777,0.024793388,0.024793388
gi|52841177,0,non-T6SE,311,0.041800643,0.022508039,0.07073955,0.057877814,0.038585209,0.054662379,0.019292605,0.077170418,0.096463023,0.11254019,0.025723473,0.038585209,0.032154341,0.057877814,0.051446945,0.048231511,0.051446945,0.061093248,0.01607717,0.025723473
gi|52841181,0,non-T6SE,268,0.11940299,0.014925373,0.048507463,0.097014925,0.02238806,0.048507463,0.044776119,0.067164179,0.037313433,0.1119403,0.03358209,0.041044776,0.026119403,0.041044776,0.074626866,0.03358209,0.041044776,0.067164179,0.0037313433,0.026119403
gi|52841184,0,non-T6SE,224,0.089285714,0,0.013392857,0.013392857,0.080357143,0.09375,0.0044642857,0.09375,0.013392857,0.16071429,0.035714286,0.049107143,0.022321429,0.03125,0.026785714,0.080357143,0.071428571,0.071428571,0.0044642857,0.044642857
gi|52841187,0,non-T6SE,292,0.065068493,0.020547945,0.051369863,0.047945205,0.037671233,0.10273973,0.017123288,0.078767123,0.054794521,0.12671233,0.030821918,0.037671233,0.04109589,0.02739726,0.051369863,0.068493151,0.037671233,0.068493151,0.01369863,0.020547945
gi|52841196,0,non-T6SE,457,0.085339168,0.0087527352,0.032822757,0.026258206,0.054704595,0.056892779,0.01750547,0.085339168,0.048140044,0.1750547,0.024070022,0.026258206,0.030634573,0.026258206,0.032822757,0.067833698,0.074398249,0.080962801,0.013129103,0.032822757
gi|52841197,0,non-T6SE,1148,0.090592334,0.015679443,0.06271777,0.073170732,0.046167247,0.067073171,0.019163763,0.06184669,0.054878049,0.11149826,0.021777003,0.034843206,0.035714286,0.052264808,0.053135889,0.051393728,0.040069686,0.068815331,0.0069686411,0.032229965
gi|52841205,0,non-T6SE,487,0.078028747,0.014373717,0.022587269,0.020533881,0.067761807,0.098562628,0.01026694,0.10882957,0.04312115,0.13552361,0.018480493,0.032854209,0.04312115,0.018480493,0.026694045,0.067761807,0.045174538,0.082135524,0.018480493,0.047227926
gi|52841263,0,non-T6SE,1071,0.078431373,0.0028011204,0.031746032,0.054154995,0.047619048,0.070961718,0.01774043,0.074696545,0.033613445,0.11391223,0.025210084,0.0410831,0.042016807,0.054154995,0.052287582,0.060690943,0.054154995,0.11764706,0.0084033613,0.018674136
gi|52841304,0,non-T6SE,393,0.055979644,0.0025445293,0.040712468,0.066157761,0.027989822,0.048346056,0.017811705,0.10941476,0.094147583,0.089058524,0.022900763,0.043256997,0.053435115,0.050890585,0.063613232,0.073791349,0.050890585,0.040712468,0.020356234,0.027989822
gi|52841318,0,non-T6SE,343,0.052478134,0.011661808,0.052478134,0.087463557,0.034985423,0.029154519,0.020408163,0.058309038,0.072886297,0.13411079,0.020408163,0.052478134,0.034985423,0.075801749,0.058309038,0.058309038,0.034985423,0.04664723,0.014577259,0.049562682
gi|52841321,0,non-T6SE,535,0.1046729,0.013084112,0.01682243,0.018691589,0.087850467,0.065420561,0.014953271,0.095327103,0.039252336,0.13831776,0.031775701,0.035514019,0.029906542,0.022429907,0.035514019,0.085981308,0.05046729,0.072897196,0.013084112,0.028037383
gi|52841327,0,non-T6SE,904,0.10066372,0.012168142,0.044247788,0.055309735,0.043141593,0.066371681,0.0088495575,0.082964602,0.05199115,0.12610619,0.026548673,0.034292035,0.030973451,0.043141593,0.048672566,0.057522124,0.057522124,0.082964602,0.011061947,0.015486726
gi|52841365,0,non-T6SE,388,0.051546392,0.020618557,0.06185567,0.043814433,0.054123711,0.067010309,0.020618557,0.077319588,0.077319588,0.097938144,0.038659794,0.067010309,0.018041237,0.056701031,0.043814433,0.056701031,0.028350515,0.036082474,0.028350515,0.054123711
gi|52841384,0,non-T6SE,359,0.10306407,0.022284123,0.04178273,0.061281337,0.044568245,0.072423398,0.030640669,0.04735376,0.064066852,0.08356546,0.027855153,0.04735376,0.04735376,0.038997214,0.077994429,0.044568245,0.033426184,0.064066852,0.011142061,0.036211699
gi|52841398,0,non-T6SE,384,0.0703125,0.0234375,0.057291667,0.059895833,0.044270833,0.065104167,0.028645833,0.067708333,0.0546875,0.09375,0.026041667,0.0625,0.049479167,0.044270833,0.03125,0.0625,0.052083333,0.065104167,0.0052083333,0.036458333
gi|52841406,0,non-T6SE,495,0.11717172,0,0.054545455,0.054545455,0.022222222,0.10707071,0.0060606061,0.048484848,0.10707071,0.096969697,0.032323232,0.066666667,0.014141414,0.078787879,0.014141414,0.028282828,0.018181818,0.034343434,0.028282828,0.070707071
gi|52841407,0,non-T6SE,528,0.071969697,0.017045455,0.034090909,0.047348485,0.064393939,0.051136364,0.028409091,0.090909091,0.041666667,0.13068182,0.018939394,0.068181818,0.024621212,0.045454545,0.053030303,0.075757576,0.041666667,0.049242424,0.0075757576,0.037878788
gi|52841410,0,non-T6SE,482,0.11618257,0.0082987552,0.029045643,0.053941909,0.039419087,0.045643154,0.024896266,0.064315353,0.070539419,0.12240664,0.026970954,0.06846473,0.03526971,0.062240664,0.041493776,0.06846473,0.039419087,0.031120332,0.0020746888,0.049792531
gi|52841412,0,non-T6SE,204,0.039215686,0.0098039216,0.044117647,0.058823529,0.034313725,0.078431373,0.034313725,0.06372549,0.034313725,0.12254902,0.034313725,0.053921569,0.034313725,0.034313725,0.039215686,0.093137255,0.073529412,0.098039216,0,0.019607843
gi|52841413,0,non-T6SE,402,0.082089552,0.017412935,0.052238806,0.077114428,0.02238806,0.074626866,0.027363184,0.087064677,0.05721393,0.11691542,0.024875622,0.034825871,0.049751244,0.037313433,0.05721393,0.049751244,0.049751244,0.05721393,0,0.024875622
gi|52841414,0,non-T6SE,155,0.077419355,0.019354839,0.058064516,0.064516129,0.032258065,0.077419355,0.019354839,0.077419355,0.058064516,0.090322581,0.019354839,0.019354839,0.025806452,0.058064516,0.04516129,0.051612903,0.064516129,0.12258065,0,0.019354839
gi|52841416,0,non-T6SE,274,0.080291971,0.02189781,0.047445255,0.065693431,0.047445255,0.076642336,0.01459854,0.051094891,0.072992701,0.091240876,0.032846715,0.040145985,0.058394161,0.040145985,0.032846715,0.080291971,0.032846715,0.080291971,0.0072992701,0.025547445
gi|52841419,0,non-T6SE,260,0.13076923,0.0076923077,0.046153846,0.05,0.038461538,0.030769231,0.015384615,0.038461538,0.080769231,0.076923077,0.057692308,0.046153846,0.034615385,0.053846154,0.042307692,0.057692308,0.05,0.046153846,0.0076923077,0.088461538
gi|52841420,0,non-T6SE,314,0.076433121,0.022292994,0.044585987,0.10191083,0.047770701,0.041401274,0.01910828,0.070063694,0.070063694,0.13694268,0.02866242,0.038216561,0.038216561,0.057324841,0.041401274,0.057324841,0.044585987,0.035031847,0.012738854,0.015923567
gi|52841423,0,non-T6SE,390,0.092307692,0.017948718,0.033333333,0.056410256,0.035897436,0.061538462,0.038461538,0.058974359,0.064102564,0.12051282,0.012820513,0.048717949,0.033333333,0.053846154,0.038461538,0.074358974,0.041025641,0.066666667,0.01025641,0.041025641
gi|52841426,0,non-T6SE,207,0.072463768,0.028985507,0.053140097,0.06763285,0.0096618357,0.057971014,0.024154589,0.057971014,0.043478261,0.15458937,0.024154589,0.077294686,0.024154589,0.048309179,0.038647343,0.082125604,0.043478261,0.043478261,0.0096618357,0.038647343
gi|52841427,0,non-T6SE,255,0.082352941,0.019607843,0.070588235,0.050980392,0.02745098,0.066666667,0.023529412,0.10588235,0.058823529,0.078431373,0.019607843,0.058823529,0.02745098,0.035294118,0.047058824,0.070588235,0.031372549,0.082352941,0.011764706,0.031372549
gi|52841430,0,non-T6SE,352,0.068181818,0.019886364,0.071022727,0.0625,0.068181818,0.068181818,0.034090909,0.085227273,0.053977273,0.090909091,0.022727273,0.03125,0.036931818,0.039772727,0.036931818,0.059659091,0.076704545,0.051136364,0.0085227273,0.014204545
gi|52841432,0,non-T6SE,431,0.10904872,0.016241299,0.044083527,0.062645012,0.018561485,0.060324826,0.016241299,0.099767981,0.041763341,0.097447796,0.020881671,0.062645012,0.048723898,0.060324826,0.032482599,0.064965197,0.053364269,0.05800464,0.0069605568,0.025522042
gi|52841433,0,non-T6SE,312,0.076923077,0.016025641,0.054487179,0.060897436,0.038461538,0.054487179,0.0096153846,0.064102564,0.057692308,0.13782051,0.016025641,0.048076923,0.044871795,0.048076923,0.064102564,0.067307692,0.038461538,0.073717949,0.0064102564,0.022435897
gi|52841435,0,non-T6SE,378,0.082010582,0.0052910053,0.034391534,0.021164021,0.074074074,0.087301587,0.0052910053,0.087301587,0.031746032,0.14021164,0.021164021,0.029100529,0.047619048,0.018518519,0.031746032,0.071428571,0.037037037,0.092592593,0.03968254,0.042328042
gi|52841443,0,non-T6SE,223,0.058295964,0,0.013452915,0.01793722,0.080717489,0.067264574,0.013452915,0.11210762,0.062780269,0.18834081,0.01793722,0.044843049,0.035874439,0.031390135,0.022421525,0.085201794,0.062780269,0.040358744,0.013452915,0.031390135
gi|52841449,0,non-T6SE,140,0.10714286,0,0.05,0.078571429,0.021428571,0.05,0.0071428571,0.064285714,0.042857143,0.057142857,0.05,0.085714286,0.035714286,0.057142857,0.035714286,0.085714286,0.057142857,0.057142857,0.0071428571,0.05
gi|52841450,0,non-T6SE,225,0.075555556,0,0.044444444,0.035555556,0.026666667,0.10666667,0,0.035555556,0.035555556,0.11111111,0.022222222,0.071111111,0.026666667,0.11111111,0.031111111,0.10666667,0.062222222,0.075555556,0.0044444444,0.017777778
gi|52841451,0,non-T6SE,437,0.10297483,0,0.04805492,0.020594966,0.041189931,0.10297483,0.0068649886,0.064073227,0.013729977,0.082379863,0.0091533181,0.12356979,0.032036613,0.04805492,0.029748284,0.11670481,0.075514874,0.04805492,0.0068649886,0.027459954
gi|52841454,0,non-T6SE,230,0.07826087,0.0086956522,0.052173913,0.034782609,0.030434783,0.082608696,0.0086956522,0.069565217,0.047826087,0.086956522,0.013043478,0.082608696,0.065217391,0.043478261,0.060869565,0.060869565,0.082608696,0.052173913,0.013043478,0.026086957
gi|52841455,0,non-T6SE,394,0.091370558,0,0.043147208,0.02284264,0.027918782,0.091370558,0.0076142132,0.093908629,0.053299492,0.076142132,0.030456853,0.063451777,0.040609137,0.038071066,0.040609137,0.086294416,0.07106599,0.098984772,0.0025380711,0.020304569
gi|52841457,0,non-T6SE,649,0.06779661,0,0.069337442,0.027734977,0.043143297,0.086286595,0.0061633282,0.078582435,0.036979969,0.10015408,0.016949153,0.078582435,0.026194145,0.072419106,0.036979969,0.092449923,0.080123267,0.049306626,0.001540832,0.029275809
gi|52841467,0,non-T6SE,142,0.014084507,0.028169014,0.021126761,0.063380282,0.063380282,0.049295775,0.049295775,0.077464789,0.11267606,0.098591549,0.028169014,0.084507042,0.035211268,0.035211268,0.063380282,0.070422535,0.014084507,0.042253521,0.035211268,0.014084507
gi|52841511,0,non-T6SE,574,0.076655052,0.017421603,0.069686411,0.050522648,0.041811847,0.067944251,0.022648084,0.078397213,0.050522648,0.10801394,0.015679443,0.043554007,0.054006969,0.057491289,0.047038328,0.055749129,0.057491289,0.045296167,0.010452962,0.029616725
gi|52841515,0,non-T6SE,359,0.055710306,0,0.075208914,0.13091922,0.036211699,0.044568245,0.013927577,0.061281337,0.072423398,0.13649025,0.022284123,0.033426184,0.038997214,0.044568245,0.066852368,0.038997214,0.061281337,0.044568245,0.008356546,0.013927577
gi|52841517,0,non-T6SE,247,0.097165992,0.004048583,0.076923077,0.08097166,0.020242915,0.089068826,0.020242915,0.068825911,0.060728745,0.072874494,0.04048583,0.056680162,0.020242915,0.032388664,0.048582996,0.060728745,0.044534413,0.08097166,0.004048583,0.020242915
gi|52841518,0,non-T6SE,174,0.10344828,0.017241379,0.051724138,0.051724138,0.011494253,0.074712644,0.045977011,0.091954023,0.057471264,0.086206897,0.040229885,0.034482759,0.022988506,0.034482759,0.074712644,0.08045977,0.034482759,0.051724138,0,0.034482759
gi|52841522,0,non-T6SE,471,0.067940552,0.0042462845,0.055201699,0.074309979,0.029723992,0.050955414,0.021231423,0.082802548,0.063694268,0.13800425,0.014861996,0.055201699,0.048832272,0.048832272,0.057324841,0.04670913,0.053078556,0.053078556,0.0063694268,0.027600849
gi|52841524,0,non-T6SE,181,0.071823204,0,0.022099448,0.022099448,0.12154696,0.055248619,0.022099448,0.071823204,0.071823204,0.12707182,0.038674033,0.033149171,0.022099448,0.033149171,0.011049724,0.038674033,0.066298343,0.071823204,0.033149171,0.066298343
gi|52841525,0,non-T6SE,479,0.068893528,0.0020876827,0.029227557,0.039665971,0.022964509,0.052192067,0.016701461,0.096033403,0.091858038,0.1085595,0.010438413,0.070981211,0.064718163,0.045929019,0.050104384,0.075156576,0.035490605,0.054279749,0.022964509,0.041753653
gi|52841526,0,non-T6SE,254,0.039370079,0.027559055,0.051181102,0.039370079,0.059055118,0.05511811,0.051181102,0.078740157,0.05511811,0.098425197,0.0078740157,0.05511811,0.051181102,0.059055118,0.027559055,0.086614173,0.059055118,0.05511811,0.011811024,0.031496063
gi|52841527,0,non-T6SE,287,0.027874564,0.013937282,0.027874564,0.073170732,0.041811847,0.048780488,0.034843206,0.066202091,0.080139373,0.12891986,0.017421603,0.055749129,0.066202091,0.020905923,0.034843206,0.080139373,0.052264808,0.038327526,0.013937282,0.076655052
gi|52841528,0,non-T6SE,284,0.070422535,0.01056338,0.049295775,0.066901408,0.021126761,0.066901408,0.035211268,0.091549296,0.056338028,0.10915493,0.028169014,0.038732394,0.056338028,0.038732394,0.059859155,0.038732394,0.049295775,0.084507042,0.0070422535,0.021126761
gi|52841533,0,non-T6SE,262,0.072519084,0.019083969,0.045801527,0.038167939,0.034351145,0.083969466,0.045801527,0.049618321,0.041984733,0.08778626,0.019083969,0.049618321,0.034351145,0.061068702,0.064885496,0.049618321,0.049618321,0.091603053,0.022900763,0.038167939
gi|52841536,0,non-T6SE,272,0.099264706,0.0073529412,0.055147059,0.0625,0.018382353,0.069852941,0.018382353,0.0625,0.058823529,0.10661765,0.044117647,0.033088235,0.055147059,0.051470588,0.036764706,0.058823529,0.040441176,0.069852941,0.0036764706,0.047794118
gi|52841537,0,non-T6SE,551,0.061705989,0.023593466,0.061705989,0.087114338,0.045372051,0.047186933,0.034482759,0.056261343,0.054446461,0.083484574,0.023593466,0.045372051,0.056261343,0.036297641,0.072595281,0.047186933,0.043557169,0.059891107,0.012704174,0.047186933
gi|52841550,0,non-T6SE,494,0.060728745,0.012145749,0.056680162,0.078947368,0.016194332,0.058704453,0.028340081,0.082995951,0.046558704,0.12753036,0.028340081,0.04048583,0.038461538,0.056680162,0.058704453,0.056680162,0.062753036,0.068825911,0,0.020242915
gi|52841551,0,non-T6SE,791,0.074589128,0.002528445,0.058154235,0.032869785,0.021491783,0.054361568,0.0088495575,0.089759798,0.051833123,0.089759798,0.016434893,0.069532238,0.054361568,0.059418458,0.048040455,0.093552465,0.074589128,0.073324905,0.00505689,0.021491783
gi|52841562,0,non-T6SE,241,0.070539419,0.024896266,0.033195021,0.070539419,0.037344398,0.053941909,0.020746888,0.087136929,0.058091286,0.10373444,0.0082987552,0.078838174,0.045643154,0.037344398,0.045643154,0.049792531,0.074688797,0.041493776,0.024896266,0.033195021
gi|52841563,0,non-T6SE,321,0.046728972,0.018691589,0.052959502,0.040498442,0.024922118,0.056074766,0.062305296,0.080996885,0.059190031,0.12149533,0.018691589,0.07165109,0.049844237,0.043613707,0.049844237,0.037383178,0.062305296,0.07165109,0.0031152648,0.028037383
gi|52841568,0,non-T6SE,541,0.060998152,0,0.053604436,0.033271719,0.025878004,0.077634011,0.0055452865,0.073937153,0.066543438,0.1090573,0.012939002,0.077634011,0.022181146,0.064695009,0.018484288,0.10351201,0.11275416,0.053604436,0.0018484288,0.025878004
gi|52841570,0,non-T6SE,475,0.15578947,0,0.046315789,0.023157895,0.016842105,0.10736842,0,0.075789474,0.014736842,0.075789474,0.023157895,0.090526316,0.0021052632,0.061052632,0.042105263,0.11157895,0.094736842,0.050526316,0,0.0084210526
gi|52841571,0,non-T6SE,294,0.095238095,0.017006803,0.023809524,0.081632653,0.06462585,0.081632653,0.020408163,0.051020408,0.068027211,0.085034014,0.037414966,0.020408163,0.037414966,0.044217687,0.057823129,0.074829932,0.051020408,0.071428571,0.0068027211,0.010204082
gi|52841572,0,non-T6SE,428,0.079439252,0.014018692,0.060747664,0.053738318,0.042056075,0.049065421,0.030373832,0.063084112,0.060747664,0.12616822,0.018691589,0.044392523,0.03271028,0.056074766,0.039719626,0.046728972,0.063084112,0.060747664,0.014018692,0.044392523
gi|52841574,0,non-T6SE,177,0.084745763,0.0056497175,0.033898305,0.033898305,0.06779661,0.06779661,0.0056497175,0.096045198,0.04519774,0.1299435,0.02259887,0.016949153,0.028248588,0.039548023,0.033898305,0.073446328,0.04519774,0.11299435,0.02259887,0.033898305
gi|52841575,0,non-T6SE,211,0.042654028,0.009478673,0.066350711,0.042654028,0.047393365,0.037914692,0.033175355,0.075829384,0.071090047,0.11374408,0.014218009,0.056872038,0.056872038,0.066350711,0.033175355,0.075829384,0.042654028,0.037914692,0.009478673,0.066350711
gi|52841579,0,non-T6SE,511,0.052837573,0.01369863,0.029354207,0.031311155,0.066536204,0.068493151,0.015655577,0.1037182,0.046966732,0.14872798,0.015655577,0.048923679,0.056751468,0.039138943,0.019569472,0.070450098,0.050880626,0.052837573,0.021526419,0.046966732
gi|52841582,0,non-T6SE,789,0.096324461,0.013941698,0.053231939,0.062103929,0.035487959,0.070975919,0.034220532,0.057034221,0.057034221,0.11280101,0.027883397,0.041825095,0.036755387,0.045627376,0.043092522,0.059569075,0.045627376,0.059569075,0.013941698,0.032953105
gi|52841592,0,non-T6SE,140,0.064285714,0,0.071428571,0.035714286,0.014285714,0.092857143,0.014285714,0.064285714,0.071428571,0.092857143,0.028571429,0.057142857,0.071428571,0.05,0.028571429,0.042857143,0.05,0.085714286,0.021428571,0.042857143
gi|52841596,0,non-T6SE,257,0.054474708,0,0.035019455,0.070038911,0.038910506,0.038910506,0.015564202,0.077821012,0.089494163,0.14396887,0.035019455,0.081712062,0.038910506,0.050583658,0.027237354,0.085603113,0.019455253,0.035019455,0.0077821012,0.054474708
gi|52841605,0,non-T6SE,626,0.068690096,0.0031948882,0.04313099,0.052715655,0.041533546,0.060702875,0.023961661,0.075079872,0.063897764,0.089456869,0.020766773,0.051118211,0.052715655,0.039936102,0.057507987,0.065495208,0.062300319,0.073482428,0.0063897764,0.047923323
gi|52841606,0,non-T6SE,156,0.057692308,0.012820513,0.038461538,0.064102564,0.019230769,0.044871795,0.032051282,0.10897436,0.064102564,0.17307692,0.019230769,0.051282051,0.044871795,0.025641026,0.057692308,0.08974359,0.038461538,0.019230769,0.019230769,0.019230769
gi|52841614,0,non-T6SE,251,0.035856574,0.011952191,0.043824701,0.099601594,0.047808765,0.055776892,0.047808765,0.091633466,0.06374502,0.11155378,0.023904382,0.035856574,0.023904382,0.051792829,0.047808765,0.059760956,0.043824701,0.059760956,0.019920319,0.023904382
gi|52841622,0,non-T6SE,342,0.093567251,0.01754386,0.052631579,0.046783626,0.023391813,0.087719298,0.029239766,0.073099415,0.070175439,0.11988304,0.029239766,0.061403509,0.029239766,0.032163743,0.035087719,0.055555556,0.032163743,0.093567251,0.0029239766,0.014619883
gi|52841624,0,non-T6SE,315,0.10793651,0.015873016,0.050793651,0.053968254,0.019047619,0.06031746,0.022222222,0.063492063,0.028571429,0.11428571,0.028571429,0.034920635,0.044444444,0.076190476,0.038095238,0.06031746,0.041269841,0.1047619,0.0063492063,0.028571429
gi|52841628,0,non-T6SE,332,0.081325301,0,0.036144578,0.042168675,0.039156627,0.048192771,0.024096386,0.072289157,0.072289157,0.12650602,0.024096386,0.051204819,0.048192771,0.06626506,0.039156627,0.060240964,0.051204819,0.039156627,0.0090361446,0.069277108
gi|52841629,0,non-T6SE,212,0.04245283,0.0047169811,0.04245283,0.094339623,0.033018868,0.066037736,0.018867925,0.11792453,0.061320755,0.11792453,0.023584906,0.051886792,0.028301887,0.04245283,0.056603774,0.070754717,0.04245283,0.056603774,0.0047169811,0.023584906
gi|52841632,0,non-T6SE,270,0.088888889,0.022222222,0.055555556,0.066666667,0.048148148,0.044444444,0.040740741,0.088888889,0.033333333,0.088888889,0.025925926,0.055555556,0.044444444,0.059259259,0.048148148,0.048148148,0.044444444,0.059259259,0.0037037037,0.033333333
gi|52841633,0,non-T6SE,366,0.084699454,0.013661202,0.046448087,0.040983607,0.027322404,0.090163934,0.035519126,0.095628415,0.046448087,0.12021858,0.021857923,0.046448087,0.040983607,0.046448087,0.021857923,0.06557377,0.06010929,0.046448087,0.013661202,0.035519126
gi|52841635,0,non-T6SE,426,0.10093897,0.021126761,0.011737089,0.030516432,0.068075117,0.072769953,0.021126761,0.14319249,0.025821596,0.13380282,0.030516432,0.046948357,0.039906103,0.025821596,0.025821596,0.05399061,0.039906103,0.044600939,0.014084507,0.049295775
gi|52841641,0,non-T6SE,236,0.055084746,0.0042372881,0.072033898,0.076271186,0.029661017,0.084745763,0.025423729,0.093220339,0.063559322,0.097457627,0.021186441,0.025423729,0.050847458,0.046610169,0.055084746,0.046610169,0.050847458,0.059322034,0.0084745763,0.033898305
gi|52841643,0,non-T6SE,506,0.067193676,0.0098814229,0.053359684,0.051383399,0.041501976,0.055335968,0.04743083,0.07312253,0.063241107,0.10869565,0.015810277,0.051383399,0.041501976,0.041501976,0.035573123,0.065217391,0.063241107,0.04743083,0.011857708,0.055335968
gi|52841644,0,non-T6SE,491,0.081466395,0.016293279,0.054989817,0.054989817,0.038696538,0.075356415,0.020366599,0.061099796,0.052953157,0.10183299,0.024439919,0.042769857,0.024439919,0.050916497,0.038696538,0.075356415,0.073319756,0.057026477,0.026476578,0.028513238
gi|52841650,0,non-T6SE,231,0.1038961,0.0086580087,0.064935065,0.060606061,0.025974026,0.047619048,0.012987013,0.060606061,0.043290043,0.11255411,0.017316017,0.069264069,0.034632035,0.047619048,0.073593074,0.047619048,0.051948052,0.090909091,0.0043290043,0.021645022
gi|52841653,0,non-T6SE,389,0.084832905,0.020565553,0.05655527,0.064267352,0.025706941,0.053984576,0.043701799,0.074550129,0.061696658,0.11311054,0.028277635,0.041131105,0.030848329,0.048843188,0.064267352,0.064267352,0.020565553,0.048843188,0.020565553,0.033419023
gi|52841660,0,non-T6SE,282,0.10283688,0.021276596,0.035460993,0.010638298,0.081560284,0.046099291,0.010638298,0.10638298,0.039007092,0.17375887,0.031914894,0.042553191,0.035460993,0.014184397,0.035460993,0.04964539,0.035460993,0.046099291,0.035460993,0.046099291
gi|52841664,0,non-T6SE,279,0.089605735,0.014336918,0.028673835,0.068100358,0.028673835,0.086021505,0.035842294,0.064516129,0.050179211,0.10394265,0.021505376,0.039426523,0.046594982,0.032258065,0.028673835,0.064516129,0.075268817,0.071684588,0,0.050179211
gi|52841667,0,non-T6SE,464,0.086206897,0.0064655172,0.047413793,0.064655172,0.030172414,0.058189655,0.023706897,0.099137931,0.064655172,0.11637931,0.017241379,0.038793103,0.032327586,0.038793103,0.056034483,0.084051724,0.051724138,0.040948276,0.010775862,0.032327586
gi|52841672,0,non-T6SE,282,0.081560284,0.021276596,0.046099291,0.063829787,0.021276596,0.081560284,0.053191489,0.081560284,0.070921986,0.092198582,0.031914894,0.028368794,0.021276596,0.046099291,0.042553191,0.074468085,0.04964539,0.046099291,0.014184397,0.031914894
gi|52841673,0,non-T6SE,221,0.063348416,0.018099548,0.054298643,0.063348416,0.031674208,0.076923077,0.036199095,0.067873303,0.040723982,0.14479638,0.027149321,0.036199095,0.07239819,0.022624434,0.063348416,0.049773756,0.067873303,0.036199095,0,0.027149321
gi|52841677,0,non-T6SE,248,0.024193548,0,0.036290323,0.072580645,0.032258065,0.092741935,0.024193548,0.036290323,0.064516129,0.125,0.024193548,0.060483871,0.044354839,0.048387097,0.084677419,0.076612903,0.036290323,0.072580645,0.02016129,0.024193548
gi|52841686,0,non-T6SE,444,0.056306306,0.02027027,0.056306306,0.058558559,0.04954955,0.047297297,0.031531532,0.067567568,0.060810811,0.092342342,0.033783784,0.058558559,0.045045045,0.054054054,0.054054054,0.060810811,0.051801802,0.06981982,0.0022522523,0.029279279
gi|52841687,0,non-T6SE,734,0.079019074,0.01226158,0.061307902,0.07493188,0.021798365,0.057220708,0.042234332,0.059945504,0.070844687,0.10762943,0.023160763,0.046321526,0.028610354,0.044959128,0.057220708,0.040871935,0.050408719,0.077656676,0.01226158,0.03133515
gi|52841689,0,non-T6SE,397,0.090680101,0.010075567,0.057934509,0.050377834,0.040302267,0.070528967,0.020151134,0.085642317,0.057934509,0.093198992,0.022670025,0.04534005,0.068010076,0.032745592,0.057934509,0.040302267,0.037783375,0.060453401,0.01511335,0.042821159
gi|52841691,0,non-T6SE,579,0.091537133,0.015544041,0.06044905,0.062176166,0.037996546,0.065630397,0.025906736,0.077720207,0.041450777,0.12262522,0.029360967,0.053540587,0.043177893,0.053540587,0.055267703,0.051813472,0.031088083,0.056994819,0.0086355786,0.015544041
gi|52841697,0,non-T6SE,207,0.057971014,0.019323671,0.038647343,0.077294686,0.024154589,0.033816425,0.028985507,0.09178744,0.09178744,0.13043478,0.0096618357,0.053140097,0.038647343,0.048309179,0.043478261,0.072463768,0.038647343,0.062801932,0.0048309179,0.033816425
gi|52841699,0,non-T6SE,532,0.052631579,0.007518797,0.043233083,0.063909774,0.056390977,0.041353383,0.018796992,0.12030075,0.071428571,0.11654135,0.013157895,0.073308271,0.028195489,0.04887218,0.02443609,0.063909774,0.05075188,0.046992481,0.011278195,0.046992481
gi|52841701,0,non-T6SE,460,0.084782609,0.023913043,0.056521739,0.041304348,0.034782609,0.067391304,0.034782609,0.1,0.07826087,0.091304348,0.023913043,0.041304348,0.034782609,0.041304348,0.015217391,0.076086957,0.047826087,0.047826087,0.017391304,0.041304348
gi|52841704,0,non-T6SE,239,0.041841004,0.0041841004,0.058577406,0.046025105,0.075313808,0.062761506,0.016736402,0.092050209,0.071129707,0.11297071,0.041841004,0.050209205,0.075313808,0.037656904,0.025104603,0.046025105,0.041841004,0.037656904,0.025104603,0.037656904
gi|52841705,0,non-T6SE,212,0.051886792,0.033018868,0.066037736,0.047169811,0.028301887,0.056603774,0.023584906,0.070754717,0.056603774,0.13679245,0.028301887,0.070754717,0.037735849,0.047169811,0.028301887,0.061320755,0.047169811,0.066037736,0.014150943,0.028301887
gi|52841709,0,non-T6SE,982,0.052953157,0.0030549898,0.033604888,0.053971487,0.051934827,0.032586558,0.012219959,0.10488798,0.072301426,0.15885947,0.015274949,0.056008147,0.025458248,0.047861507,0.035641548,0.071283096,0.058044807,0.061099796,0.019348269,0.033604888
gi|52841710,0,non-T6SE,223,0.058295964,0.022421525,0.031390135,0.071748879,0.040358744,0.071748879,0.013452915,0.062780269,0.071748879,0.13452915,0.0044843049,0.049327354,0.067264574,0.058295964,0.040358744,0.071748879,0.040358744,0.040358744,0.022421525,0.02690583
gi|52841716,0,non-T6SE,173,0.040462428,0.01734104,0.057803468,0.080924855,0.052023121,0.01734104,0.01734104,0.086705202,0.086705202,0.080924855,0.023121387,0.086705202,0.052023121,0.040462428,0.075144509,0.028901734,0.040462428,0.080924855,0,0.034682081
gi|52841727,0,non-T6SE,900,0.066666667,0.0077777778,0.071111111,0.073333333,0.053333333,0.046666667,0.015555556,0.054444444,0.072222222,0.12888889,0.024444444,0.056666667,0.038888889,0.034444444,0.036666667,0.063333333,0.054444444,0.054444444,0.01,0.036666667
gi|52841732,0,non-T6SE,479,0.10229645,0.014613779,0.048016701,0.075156576,0.035490605,0.09394572,0.018789144,0.070981211,0.098121086,0.089770355,0.025052192,0.033402923,0.041753653,0.020876827,0.025052192,0.041753653,0.054279749,0.089770355,0.006263048,0.014613779
gi|52841739,0,non-T6SE,430,0.069767442,0.0046511628,0.062790698,0.037209302,0.046511628,0.06744186,0.011627907,0.065116279,0.062790698,0.1,0.025581395,0.058139535,0.041860465,0.044186047,0.046511628,0.081395349,0.069767442,0.055813953,0.011627907,0.037209302
gi|52841742,0,non-T6SE,678,0.054572271,0.0073746313,0.029498525,0.026548673,0.063421829,0.053097345,0.02359882,0.10029499,0.048672566,0.15339233,0.020648968,0.03539823,0.044247788,0.030973451,0.036873156,0.085545723,0.054572271,0.064896755,0.022123894,0.044247788
gi|52841753,0,non-T6SE,406,0.10591133,0.0024630542,0.039408867,0.0591133,0.051724138,0.064039409,0.012315271,0.096059113,0.088669951,0.10591133,0.039408867,0.032019704,0.034482759,0.034482759,0.027093596,0.049261084,0.051724138,0.073891626,0.0024630542,0.02955665
gi|52841754,0,non-T6SE,289,0.062283737,0.027681661,0.027681661,0.024221453,0.065743945,0.069204152,0.017301038,0.11418685,0.034602076,0.17647059,0.031141869,0.034602076,0.038062284,0.027681661,0.024221453,0.062283737,0.031141869,0.044982699,0.041522491,0.044982699
gi|52841758,0,non-T6SE,271,0.066420664,0.018450185,0.040590406,0.081180812,0.044280443,0.055350554,0.018450185,0.095940959,0.05904059,0.084870849,0.018450185,0.033210332,0.036900369,0.04797048,0.062730627,0.070110701,0.062730627,0.055350554,0,0.04797048
gi|52841759,0,non-T6SE,490,0.10204082,0.016326531,0.067346939,0.057142857,0.03877551,0.055102041,0.034693878,0.063265306,0.048979592,0.091836735,0.040816327,0.044897959,0.03877551,0.026530612,0.059183673,0.055102041,0.044897959,0.067346939,0.012244898,0.034693878
gi|52841762,0,non-T6SE,666,0.069069069,0.018018018,0.036036036,0.06006006,0.034534535,0.061561562,0.025525526,0.073573574,0.064564565,0.11861862,0.013513514,0.063063063,0.051051051,0.043543544,0.03003003,0.078078078,0.048048048,0.045045045,0.024024024,0.042042042
gi|52841763,0,non-T6SE,538,0.059479554,0.013011152,0.011152416,0.018587361,0.072490706,0.098513011,0.011152416,0.092936803,0.037174721,0.14312268,0.039033457,0.050185874,0.031598513,0.055762082,0.029739777,0.072490706,0.050185874,0.063197026,0.018587361,0.031598513
gi|52841767,0,non-T6SE,243,0.069958848,0,0.037037037,0.049382716,0.057613169,0.053497942,0.016460905,0.11522634,0.061728395,0.1563786,0.032921811,0.020576132,0.028806584,0.0082304527,0.04526749,0.0781893,0.049382716,0.090534979,0.016460905,0.012345679
gi|52841768,0,non-T6SE,436,0.075688073,0.004587156,0.050458716,0.052752294,0.055045872,0.04587156,0.029816514,0.080275229,0.059633028,0.10321101,0.018348624,0.055045872,0.048165138,0.03440367,0.082568807,0.068807339,0.038990826,0.055045872,0.01146789,0.029816514
gi|52841769,0,non-T6SE,141,0.014184397,0.035460993,0.021276596,0.04964539,0.035460993,0.028368794,0.028368794,0.09929078,0.078014184,0.12056738,0.0070921986,0.085106383,0.056737589,0.04964539,0.092198582,0.035460993,0.042553191,0.056737589,0.028368794,0.035460993
gi|52841771,0,non-T6SE,462,0.069264069,0.0064935065,0.060606061,0.054112554,0.041125541,0.077922078,0.034632035,0.093073593,0.084415584,0.095238095,0.012987013,0.051948052,0.032467532,0.038961039,0.056277056,0.058441558,0.051948052,0.060606061,0.0043290043,0.015151515
gi|52841772,0,non-T6SE,387,0.082687339,0.0051679587,0.054263566,0.020671835,0.012919897,0.085271318,0.012919897,0.062015504,0.067183463,0.11111111,0.018087855,0.062015504,0.036175711,0.049095607,0.023255814,0.087855297,0.062015504,0.090439276,0.020671835,0.036175711
gi|52841777,0,non-T6SE,386,0.064766839,0.025906736,0.051813472,0.056994819,0.033678756,0.049222798,0.020725389,0.054404145,0.069948187,0.11139896,0.033678756,0.059585492,0.038860104,0.054404145,0.056994819,0.067357513,0.054404145,0.064766839,0.012953368,0.018134715
gi|52841778,0,non-T6SE,158,0.12658228,0.018987342,0.056962025,0.082278481,0.063291139,0.044303797,0.025316456,0.094936709,0.063291139,0.063291139,0.050632911,0.044303797,0.03164557,0.025316456,0.050632911,0.063291139,0.03164557,0.050632911,0,0.012658228
gi|52841783,0,non-T6SE,236,0.084745763,0.021186441,0.046610169,0.063559322,0.038135593,0.072033898,0.029661017,0.093220339,0.033898305,0.11016949,0.016949153,0.046610169,0.038135593,0.059322034,0.038135593,0.06779661,0.055084746,0.06779661,0,0.016949153
gi|52841787,0,non-T6SE,440,0.061363636,0.015909091,0.065909091,0.056818182,0.056818182,0.052272727,0.031818182,0.077272727,0.077272727,0.088636364,0.018181818,0.052272727,0.036363636,0.038636364,0.038636364,0.077272727,0.045454545,0.059090909,0.0068181818,0.043181818
gi|52841797,0,non-T6SE,263,0.10646388,0.022813688,0.045627376,0.049429658,0.038022814,0.076045627,0.034220532,0.079847909,0.041825095,0.11026616,0.030418251,0.049429658,0.053231939,0.038022814,0.038022814,0.041825095,0.057034221,0.049429658,0.019011407,0.019011407
gi|52841798,0,non-T6SE,495,0.092929293,0.018181818,0.048484848,0.056565657,0.034343434,0.058585859,0.026262626,0.094949495,0.056565657,0.094949495,0.018181818,0.042424242,0.042424242,0.04040404,0.042424242,0.078787879,0.044444444,0.054545455,0.014141414,0.04040404
gi|52841801,0,non-T6SE,419,0.064439141,0,0.045346062,0.040572792,0.038186158,0.093078759,0.014319809,0.076372315,0.026252983,0.085918854,0.014319809,0.057279236,0.047732697,0.052505967,0.064439141,0.12171838,0.052505967,0.069212411,0.0071599045,0.028639618
gi|52841819,0,non-T6SE,149,0.093959732,0,0.033557047,0.10738255,0.013422819,0.060402685,0.026845638,0.087248322,0.087248322,0.087248322,0.020134228,0.067114094,0.026845638,0.046979866,0.040268456,0.046979866,0.020134228,0.10738255,0,0.026845638
gi|52841821,0,non-T6SE,75,0.066666667,0.026666667,0.04,0.04,0.053333333,0.066666667,0.026666667,0.093333333,0.093333333,0.066666667,0.026666667,0.04,0.026666667,0.04,0.10666667,0.053333333,0.066666667,0.013333333,0,0.053333333
gi|52841825,0,non-T6SE,244,0.06557377,0.0040983607,0.024590164,0.057377049,0.028688525,0.086065574,0.016393443,0.090163934,0.045081967,0.086065574,0.016393443,0.053278689,0.090163934,0.032786885,0.057377049,0.057377049,0.032786885,0.090163934,0.016393443,0.049180328
gi|52841826,0,non-T6SE,672,0.095238095,0.010416667,0.056547619,0.058035714,0.041666667,0.074404762,0.023809524,0.066964286,0.083333333,0.099702381,0.02827381,0.03422619,0.037202381,0.029761905,0.053571429,0.061011905,0.037202381,0.074404762,0.0074404762,0.026785714
gi|52841827,0,non-T6SE,439,0.12756264,0.020501139,0.050113895,0.0523918,0.027334852,0.093394077,0.018223235,0.054669704,0.0523918,0.10250569,0.034168565,0.041002278,0.050113895,0.041002278,0.047835991,0.056947608,0.036446469,0.059225513,0.011389522,0.022779043
gi|52841835,0,non-T6SE,775,0.042580645,0.0077419355,0.030967742,0.078709677,0.042580645,0.049032258,0.024516129,0.082580645,0.087741935,0.11870968,0.025806452,0.043870968,0.033548387,0.055483871,0.037419355,0.090322581,0.050322581,0.042580645,0.016774194,0.038709677
gi|52841837,0,non-T6SE,417,0.081534772,0.011990408,0.06235012,0.050359712,0.03117506,0.055155875,0.023980815,0.095923261,0.076738609,0.11990408,0.011990408,0.074340528,0.035971223,0.035971223,0.038369305,0.047961631,0.059952038,0.059952038,0.0023980815,0.023980815
gi|52841838,0,non-T6SE,356,0.050561798,0.0028089888,0.050561798,0.039325843,0.02247191,0.070224719,0.02247191,0.11516854,0.06741573,0.12921348,0.016853933,0.087078652,0.030898876,0.033707865,0.042134831,0.078651685,0.042134831,0.06741573,0.0056179775,0.025280899
gi|52841844,0,non-T6SE,486,0.049382716,0.012345679,0.04526749,0.072016461,0.037037037,0.055555556,0.059670782,0.08436214,0.072016461,0.11728395,0.018518519,0.049382716,0.034979424,0.047325103,0.059670782,0.057613169,0.047325103,0.047325103,0.0061728395,0.026748971
gi|52841851,0,non-T6SE,343,0.055393586,0.0029154519,0.043731778,0.084548105,0.040816327,0.078717201,0.014577259,0.075801749,0.069970845,0.11953353,0.011661808,0.049562682,0.037900875,0.040816327,0.055393586,0.064139942,0.034985423,0.064139942,0.023323615,0.032069971
gi|52841852,0,non-T6SE,327,0.073394495,0.003058104,0.04587156,0.04587156,0.055045872,0.06116208,0.027522936,0.058103976,0.051987768,0.13149847,0.01529052,0.058103976,0.051987768,0.033639144,0.051987768,0.082568807,0.048929664,0.04587156,0.021406728,0.036697248
gi|52841858,0,non-T6SE,328,0.076219512,0.015243902,0.045731707,0.051829268,0.048780488,0.057926829,0.024390244,0.10060976,0.070121951,0.1097561,0.0091463415,0.045731707,0.045731707,0.033536585,0.042682927,0.057926829,0.051829268,0.06097561,0.006097561,0.045731707
gi|52841862,0,non-T6SE,1000,0.053,0.019,0.049,0.06,0.045,0.064,0.033,0.058,0.073,0.123,0.014,0.052,0.037,0.039,0.041,0.075,0.046,0.06,0.011,0.048
gi|161723252,0,non-T6SE,422,0.073459716,0.018957346,0.037914692,0.049763033,0.068720379,0.056872038,0.037914692,0.073459716,0.071090047,0.11848341,0.011848341,0.056872038,0.042654028,0.045023697,0.028436019,0.061611374,0.049763033,0.056872038,0.0071090047,0.033175355
gi|52841906,0,non-T6SE,780,0.079487179,0.016666667,0.052564103,0.070512821,0.032051282,0.083333333,0.026923077,0.065384615,0.048717949,0.08974359,0.014102564,0.053846154,0.052564103,0.042307692,0.035897436,0.066666667,0.038461538,0.088461538,0.0076923077,0.034615385
gi|52841908,0,non-T6SE,459,0.069716776,0.0087145969,0.023965142,0.019607843,0.061002179,0.091503268,0.0065359477,0.098039216,0.052287582,0.12418301,0.052287582,0.039215686,0.034858388,0.047930283,0.017429194,0.08496732,0.05664488,0.067538126,0.017429194,0.026143791
gi|52841910,0,non-T6SE,283,0.060070671,0.0070671378,0.049469965,0.038869258,0.060070671,0.070671378,0.010600707,0.081272085,0.06360424,0.11660777,0.024734982,0.056537102,0.035335689,0.045936396,0.06360424,0.077738516,0.045936396,0.067137809,0,0.024734982
gi|52841931,0,non-T6SE,431,0.064965197,0.027842227,0.03712297,0.048723898,0.039443155,0.053364269,0.034802784,0.067285383,0.069605568,0.1136891,0.023201856,0.041763341,0.027842227,0.053364269,0.05800464,0.076566125,0.039443155,0.071925754,0.016241299,0.034802784
gi|52841932,0,non-T6SE,184,0.059782609,0,0.048913043,0.070652174,0.027173913,0.10326087,0.032608696,0.092391304,0.043478261,0.076086957,0.032608696,0.027173913,0.054347826,0.027173913,0.054347826,0.081521739,0.043478261,0.076086957,0.0054347826,0.043478261
gi|52841934,0,non-T6SE,347,0.060518732,0.014409222,0.054755043,0.063400576,0.048991354,0.043227666,0.020172911,0.077809798,0.054755043,0.097982709,0.028818444,0.066282421,0.051873199,0.028818444,0.063400576,0.074927954,0.060518732,0.04610951,0.0057636888,0.037463977
gi|52841936,0,non-T6SE,448,0.087053571,0.015625,0.053571429,0.051339286,0.033482143,0.046875,0.037946429,0.058035714,0.053571429,0.12723214,0.020089286,0.075892857,0.049107143,0.0625,0.029017857,0.069196429,0.033482143,0.049107143,0.0044642857,0.042410714
gi|52841940,0,non-T6SE,247,0.10526316,0.012145749,0.068825911,0.036437247,0.028340081,0.097165992,0.020242915,0.060728745,0.060728745,0.10931174,0.048582996,0.028340081,0.036437247,0.032388664,0.056680162,0.04048583,0.052631579,0.08097166,0,0.024291498
gi|52841948,0,non-T6SE,861,0.058072009,0.013937282,0.053426249,0.055749129,0.056910569,0.040650407,0.040650407,0.087108014,0.069686411,0.11614402,0.019744483,0.051103368,0.020905923,0.066202091,0.055749129,0.048780488,0.055749129,0.038327526,0.010452962,0.040650407
gi|52841952,0,non-T6SE,276,0.083333333,0.010869565,0.06884058,0.06884058,0.032608696,0.06884058,0.010869565,0.10869565,0.06884058,0.097826087,0.02173913,0.039855072,0.036231884,0.014492754,0.057971014,0.06884058,0.054347826,0.072463768,0,0.014492754
gi|52841953,0,non-T6SE,828,0.09057971,0.015700483,0.04468599,0.065217391,0.041062802,0.082125604,0.020531401,0.082125604,0.053140097,0.10869565,0.024154589,0.033816425,0.049516908,0.030193237,0.057971014,0.065217391,0.048309179,0.050724638,0.012077295,0.024154589
gi|52841960,0,non-T6SE,427,0.084309133,0.0093676815,0.0093676815,0.037470726,0.067915691,0.093676815,0.011709602,0.084309133,0.030444965,0.14051522,0.06557377,0.025761124,0.039812646,0.032786885,0.032786885,0.058548009,0.051522248,0.081967213,0.011709602,0.030444965
gi|52841961,0,non-T6SE,718,0.048746518,0.016713092,0.057103064,0.077994429,0.054317549,0.068245125,0.027855153,0.059888579,0.057103064,0.096100279,0.020891365,0.033426184,0.040389972,0.04735376,0.048746518,0.066852368,0.050139276,0.076601671,0.0097493036,0.04178273
gi|52841974,0,non-T6SE,257,0.085603113,0.011673152,0.035019455,0.070038911,0.027237354,0.050583658,0.019455253,0.070038911,0.050583658,0.12840467,0.031128405,0.062256809,0.046692607,0.042801556,0.06614786,0.081712062,0.042801556,0.054474708,0.0038910506,0.019455253
gi|52841975,0,non-T6SE,261,0.095785441,0.0076628352,0.057471264,0.057471264,0.042145594,0.088122605,0.026819923,0.076628352,0.042145594,0.10344828,0.0038314176,0.038314176,0.038314176,0.038314176,0.068965517,0.061302682,0.042145594,0.0651341,0.011494253,0.034482759
gi|52841987,0,non-T6SE,544,0.080882353,0,0.064338235,0.053308824,0.038602941,0.051470588,0.011029412,0.0625,0.060661765,0.099264706,0.016544118,0.060661765,0.044117647,0.068014706,0.049632353,0.091911765,0.051470588,0.069852941,0.0073529412,0.018382353
gi|52841990,0,non-T6SE,343,0.087463557,0.011661808,0.040816327,0.067055394,0.017492711,0.064139942,0.034985423,0.084548105,0.026239067,0.11661808,0.023323615,0.049562682,0.032069971,0.055393586,0.040816327,0.087463557,0.052478134,0.064139942,0.014577259,0.029154519
gi|52841993,0,non-T6SE,794,0.079345088,0.0050377834,0.059193955,0.054156171,0.034005038,0.08186398,0.020151134,0.064231738,0.061712846,0.11460957,0.034005038,0.025188917,0.050377834,0.037783375,0.04534005,0.068010076,0.046599496,0.085642317,0.010075567,0.022670025
gi|52841994,0,non-T6SE,349,0.10888252,0.020057307,0.063037249,0.034383954,0.045845272,0.091690544,0.025787966,0.083094556,0.040114613,0.085959885,0.031518625,0.034383954,0.025787966,0.040114613,0.045845272,0.05730659,0.077363897,0.051575931,0.005730659,0.031518625
gi|52841995,0,non-T6SE,222,0.045045045,0.018018018,0.04954955,0.04954955,0.058558559,0.063063063,0.031531532,0.072072072,0.067567568,0.1036036,0.031531532,0.031531532,0.054054054,0.036036036,0.031531532,0.085585586,0.067567568,0.031531532,0.031531532,0.040540541
gi|52842001,0,non-T6SE,942,0.07537155,0.012738854,0.060509554,0.067940552,0.025477707,0.048832272,0.01910828,0.061571125,0.066878981,0.10084926,0.029723992,0.04670913,0.040339703,0.04670913,0.058386412,0.071125265,0.054140127,0.05626327,0.012738854,0.044585987
gi|52842012,0,non-T6SE,692,0.076589595,0,0.043352601,0.047687861,0.037572254,0.075144509,0.01734104,0.099710983,0.040462428,0.1199422,0.027456647,0.047687861,0.039017341,0.057803468,0.036127168,0.065028902,0.044797688,0.096820809,0.0057803468,0.021676301
gi|52842013,0,non-T6SE,383,0.08616188,0,0.026109661,0.067885117,0.049608355,0.044386423,0.0078328982,0.080939948,0.091383812,0.1305483,0.026109661,0.023498695,0.046997389,0.057441253,0.046997389,0.078328982,0.031331593,0.075718016,0.0052219321,0.023498695
gi|52842014,0,non-T6SE,256,0.04296875,0.0078125,0.01171875,0.02734375,0.07421875,0.07421875,0.01171875,0.109375,0.01953125,0.16796875,0.05859375,0.02734375,0.046875,0.0390625,0.0234375,0.08203125,0.05078125,0.09375,0.01171875,0.01953125
gi|52842016,0,non-T6SE,249,0.060240964,0,0.02811245,0.020080321,0.076305221,0.040160643,0.0080321285,0.10843373,0.036144578,0.16465863,0.072289157,0.036144578,0.060240964,0.044176707,0.020080321,0.084337349,0.060240964,0.060240964,0.0080321285,0.012048193
gi|52842018,0,non-T6SE,109,0.036697248,0,0.064220183,0.064220183,0.0091743119,0.082568807,0.0091743119,0.064220183,0.055045872,0.13761468,0.018348624,0.082568807,0.04587156,0.04587156,0.055045872,0.027522936,0.073394495,0.12844037,0,0
gi|52842019,0,non-T6SE,355,0.053521127,0.0028169014,0.081690141,0.095774648,0.050704225,0.045070423,0.0084507042,0.067605634,0.073239437,0.10704225,0.025352113,0.042253521,0.045070423,0.036619718,0.036619718,0.056338028,0.067605634,0.073239437,0.0056338028,0.025352113
gi|52842035,0,non-T6SE,331,0.11178248,0.021148036,0.042296073,0.072507553,0.039274924,0.066465257,0.024169184,0.087613293,0.054380665,0.096676737,0.036253776,0.048338369,0.042296073,0.048338369,0.036253776,0.066465257,0.027190332,0.036253776,0.003021148,0.039274924
gi|52842037,0,non-T6SE,492,0.10365854,0.0020325203,0.054878049,0.022357724,0.048780488,0.095528455,0.022357724,0.044715447,0.026422764,0.087398374,0.010162602,0.071138211,0.06504065,0.022357724,0.038617886,0.069105691,0.081300813,0.077235772,0.012195122,0.044715447
gi|52842038,0,non-T6SE,859,0.08032596,0.013969732,0.039580908,0.061699651,0.036088475,0.066356228,0.044237485,0.075669383,0.054714785,0.12107101,0.015133877,0.040745052,0.047729919,0.046565774,0.030267753,0.073341094,0.055878929,0.059371362,0.012805588,0.024447031
gi|52842042,0,non-T6SE,296,0.081081081,0.023648649,0.043918919,0.074324324,0.040540541,0.037162162,0.02027027,0.057432432,0.064189189,0.14864865,0.033783784,0.033783784,0.047297297,0.050675676,0.050675676,0.047297297,0.064189189,0.057432432,0.0067567568,0.016891892
gi|52842045,0,non-T6SE,323,0.049535604,0.012383901,0.049535604,0.049535604,0.046439628,0.06501548,0.024767802,0.083591331,0.06501548,0.086687307,0.021671827,0.043343653,0.055727554,0.049535604,0.049535604,0.061919505,0.024767802,0.089783282,0.018575851,0.052631579
gi|52842048,0,non-T6SE,388,0.059278351,0.012886598,0.043814433,0.048969072,0.043814433,0.079896907,0.023195876,0.074742268,0.06443299,0.13402062,0.020618557,0.056701031,0.041237113,0.046391753,0.043814433,0.06443299,0.043814433,0.059278351,0,0.038659794
gi|52842062,0,non-T6SE,263,0.095057034,0.0076045627,0.049429658,0.076045627,0.034220532,0.053231939,0.011406844,0.08365019,0.079847909,0.11406844,0.015209125,0.057034221,0.064638783,0.030418251,0.02661597,0.060836502,0.049429658,0.053231939,0.0038022814,0.034220532
gi|52842064,0,non-T6SE,243,0.098765432,0.012345679,0.074074074,0.049382716,0.032921811,0.041152263,0.020576132,0.065843621,0.086419753,0.11934156,0.041152263,0.037037037,0.041152263,0.049382716,0.049382716,0.061728395,0.037037037,0.053497942,0.012345679,0.016460905
gi|52842071,0,non-T6SE,145,0.04137931,0.034482759,0.062068966,0.04137931,0.055172414,0.082758621,0.013793103,0.04137931,0.062068966,0.15172414,0.034482759,0.068965517,0.04137931,0.062068966,0.04137931,0.048275862,0.048275862,0.055172414,0,0.013793103
gi|52842072,0,non-T6SE,260,0.084615385,0.0038461538,0.073076923,0.034615385,0.065384615,0.069230769,0.011538462,0.057692308,0.057692308,0.11538462,0.019230769,0.057692308,0.053846154,0.030769231,0.038461538,0.061538462,0.046153846,0.057692308,0.019230769,0.042307692
gi|52842080,0,non-T6SE,240,0.05,0.0041666667,0.041666667,0.079166667,0.0375,0.045833333,0.041666667,0.10833333,0.045833333,0.095833333,0.0375,0.033333333,0.0375,0.0375,0.083333333,0.075,0.041666667,0.058333333,0,0.045833333
gi|52842087,0,non-T6SE,443,0.060948081,0,0.072234763,0.12866817,0.047404063,0.056433409,0.029345372,0.054176072,0.10835214,0.069977427,0.038374718,0.033860045,0.042889391,0.020316027,0.045146727,0.047404063,0.022573363,0.09255079,0.0045146727,0.0248307
gi|52842092,0,non-T6SE,260,0.042307692,0,0.069230769,0.053846154,0.069230769,0.065384615,0.011538462,0.076923077,0.073076923,0.088461538,0.023076923,0.034615385,0.065384615,0.0076923077,0.057692308,0.065384615,0.034615385,0.096153846,0.030769231,0.034615385
gi|52842114,0,non-T6SE,159,0.044025157,0.044025157,0.044025157,0.06918239,0.044025157,0.062893082,0.012578616,0.056603774,0.11949686,0.06918239,0.025157233,0.050314465,0.050314465,0.081761006,0.025157233,0.075471698,0.037735849,0.025157233,0.018867925,0.044025157
gi|52842119,0,non-T6SE,395,0.037974684,0.012658228,0.063291139,0.083544304,0.050632911,0.048101266,0.030379747,0.043037975,0.053164557,0.12911392,0.020253165,0.040506329,0.048101266,0.06835443,0.037974684,0.06835443,0.040506329,0.043037975,0.030379747,0.050632911
gi|52842124,0,non-T6SE,177,0.079096045,0.02259887,0.06779661,0.073446328,0.079096045,0.04519774,0.050847458,0.050847458,0.033898305,0.09039548,0.011299435,0.039548023,0.04519774,0.050847458,0.073446328,0.050847458,0.028248588,0.04519774,0.016949153,0.04519774
gi|52842129,0,non-T6SE,494,0.066801619,0.01417004,0.072874494,0.060728745,0.036437247,0.058704453,0.036437247,0.058704453,0.052631579,0.11336032,0.020242915,0.044534413,0.038461538,0.052631579,0.058704453,0.058704453,0.032388664,0.070850202,0.01417004,0.038461538
gi|52842130,0,non-T6SE,910,0.067032967,0.015384615,0.057142857,0.061538462,0.045054945,0.049450549,0.025274725,0.10549451,0.078021978,0.12197802,0.020879121,0.053846154,0.032967033,0.047252747,0.041758242,0.057142857,0.053846154,0.035164835,0.0043956044,0.026373626
gi|52842134,0,non-T6SE,105,0.047619048,0.0095238095,0.038095238,0.076190476,0.047619048,0.028571429,0.066666667,0.047619048,0.076190476,0.12380952,0.038095238,0.057142857,0.028571429,0.047619048,0.047619048,0.085714286,0.057142857,0.047619048,0.0095238095,0.019047619
gi|52842139,0,non-T6SE,223,0.11659193,0.013452915,0.058295964,0.044843049,0.035874439,0.058295964,0.013452915,0.10313901,0.035874439,0.10762332,0.02690583,0.031390135,0.040358744,0.076233184,0.040358744,0.071748879,0.031390135,0.062780269,0.013452915,0.01793722
gi|52842140,0,non-T6SE,666,0.078078078,0.021021021,0.061561562,0.066066066,0.045045045,0.054054054,0.022522523,0.055555556,0.069069069,0.13213213,0.015015015,0.031531532,0.042042042,0.043543544,0.054054054,0.063063063,0.057057057,0.058558559,0.010510511,0.01951952
gi|52842146,0,non-T6SE,308,0.097402597,0.0064935065,0.038961039,0.074675325,0.038961039,0.051948052,0.025974026,0.090909091,0.064935065,0.094155844,0.032467532,0.045454545,0.048701299,0.032467532,0.029220779,0.074675325,0.061688312,0.074675325,0,0.016233766
gi|52842151,0,non-T6SE,436,0.052752294,0.020642202,0.05733945,0.05733945,0.052752294,0.055045872,0.032110092,0.061926606,0.061926606,0.13073394,0.02293578,0.075688073,0.041284404,0.052752294,0.036697248,0.043577982,0.03440367,0.066513761,0.01146789,0.032110092
gi|52842173,0,non-T6SE,367,0.11171662,0.024523161,0.065395095,0.049046322,0.019073569,0.076294278,0.013623978,0.13351499,0.057220708,0.10081744,0.019073569,0.054495913,0.040871935,0.032697548,0.029972752,0.059945504,0.038147139,0.051771117,0.0027247956,0.019073569
gi|52842215,0,non-T6SE,375,0.074666667,0.013333333,0.04,0.048,0.042666667,0.04,0.024,0.096,0.042666667,0.12266667,0.024,0.085333333,0.050666667,0.048,0.026666667,0.074666667,0.045333333,0.045333333,0.008,0.048
gi|52842217,0,non-T6SE,305,0.095081967,0,0.052459016,0.036065574,0.059016393,0.075409836,0.006557377,0.10163934,0.042622951,0.11147541,0.032786885,0.032786885,0.029508197,0.029508197,0.045901639,0.068852459,0.042622951,0.10163934,0.006557377,0.029508197
gi|52842218,0,non-T6SE,618,0.079288026,0.001618123,0.04368932,0.05987055,0.027508091,0.080906149,0.0097087379,0.087378641,0.042071197,0.11488673,0.024271845,0.048543689,0.030744337,0.042071197,0.051779935,0.063106796,0.064724919,0.095469256,0.0048543689,0.027508091
gi|52842221,0,non-T6SE,349,0.085959885,0.028653295,0.068767908,0.051575931,0.048710602,0.063037249,0.028653295,0.05730659,0.045845272,0.12034384,0.022922636,0.034383954,0.037249284,0.034383954,0.05730659,0.063037249,0.045845272,0.054441261,0.0028653295,0.048710602
gi|52842227,0,non-T6SE,209,0.066985646,0,0.066985646,0.076555024,0.04784689,0.057416268,0.028708134,0.081339713,0.066985646,0.076555024,0.033492823,0.043062201,0.033492823,0.052631579,0.04784689,0.071770335,0.023923445,0.086124402,0.009569378,0.028708134
gi|52842228,0,non-T6SE,288,0.065972222,0.017361111,0.059027778,0.10069444,0.03125,0.024305556,0.027777778,0.048611111,0.0625,0.14583333,0.038194444,0.034722222,0.010416667,0.045138889,0.072916667,0.090277778,0.041666667,0.065972222,0.0069444444,0.010416667
gi|52842231,0,non-T6SE,231,0.051948052,0.0086580087,0.025974026,0.060606061,0.034632035,0.051948052,0.021645022,0.086580087,0.073593074,0.12987013,0.025974026,0.073593074,0.051948052,0.082251082,0.047619048,0.069264069,0.047619048,0.034632035,0.0086580087,0.012987013
gi|52842232,0,non-T6SE,262,0.1259542,0.011450382,0.034351145,0.064885496,0.041984733,0.064885496,0.022900763,0.06870229,0.080152672,0.095419847,0.030534351,0.041984733,0.026717557,0.045801527,0.015267176,0.083969466,0.053435115,0.061068702,0.011450382,0.019083969
gi|52842243,0,non-T6SE,200,0.08,0,0.055,0.13,0.025,0.03,0.04,0.03,0.09,0.1,0.035,0.035,0.055,0.07,0.04,0.06,0.035,0.065,0.01,0.015
gi|52842251,0,non-T6SE,387,0.067183463,0.012919897,0.067183463,0.03875969,0.036175711,0.054263566,0.064599483,0.10852713,0.051679587,0.10594315,0.023255814,0.033591731,0.025839793,0.028423773,0.031007752,0.087855297,0.033591731,0.082687339,0.020671835,0.025839793
gi|52842271,0,non-T6SE,334,0.068862275,0.002994012,0.041916168,0.050898204,0.041916168,0.035928144,0.04491018,0.05988024,0.083832335,0.10179641,0.017964072,0.050898204,0.02994012,0.068862275,0.065868263,0.053892216,0.068862275,0.056886228,0.041916168,0.011976048
gi|52842289,0,non-T6SE,278,0.086330935,0.014388489,0.035971223,0.061151079,0.09352518,0.053956835,0.025179856,0.075539568,0.079136691,0.082733813,0.021582734,0.071942446,0.032374101,0.028776978,0.04676259,0.071942446,0.043165468,0.035971223,0.0035971223,0.035971223
gi|52842313,0,non-T6SE,173,0.057803468,0.0057803468,0.034682081,0.057803468,0.063583815,0.052023121,0.01734104,0.034682081,0.080924855,0.092485549,0.028901734,0.057803468,0.063583815,0.046242775,0.023121387,0.086705202,0.063583815,0.063583815,0.011560694,0.057803468
gi|52842333,0,non-T6SE,341,0.035190616,0.020527859,0.038123167,0.085043988,0.038123167,0.070381232,0.023460411,0.049853372,0.099706745,0.093841642,0.014662757,0.041055718,0.058651026,0.041055718,0.070381232,0.052785924,0.064516129,0.038123167,0.014662757,0.049853372
gi|52842392,0,non-T6SE,1453,0.0440468,0.017205781,0.047487956,0.065381968,0.048176187,0.047487956,0.022711631,0.085340674,0.076393668,0.10598761,0.0220234,0.072264281,0.044735031,0.035788025,0.02752925,0.083964212,0.052993806,0.041982106,0.012388162,0.046111493
gi|52842404,0,non-T6SE,175,0.051428571,0,0.051428571,0.097142857,0.034285714,0.045714286,0.022857143,0.085714286,0.074285714,0.08,0.034285714,0.045714286,0.04,0.04,0.062857143,0.097142857,0.068571429,0.034285714,0,0.034285714
gi|52842427,0,non-T6SE,307,0.071661238,0.016286645,0.045602606,0.06514658,0.042345277,0.084690554,0.029315961,0.074918567,0.06514658,0.11074919,0.013029316,0.045602606,0.042345277,0.045602606,0.042345277,0.055374593,0.052117264,0.045602606,0.026058632,0.026058632
gi|52842442,0,non-T6SE,581,0.065404475,0.018932874,0.048192771,0.068846816,0.049913941,0.051635112,0.04130809,0.074010327,0.072289157,0.10154905,0.024096386,0.04475043,0.053356282,0.04130809,0.030981067,0.058519793,0.055077453,0.051635112,0.012048193,0.036144578
gi|52842445,0,non-T6SE,336,0.11011905,0.020833333,0.050595238,0.056547619,0.050595238,0.080357143,0.020833333,0.056547619,0.05952381,0.089285714,0.014880952,0.053571429,0.035714286,0.035714286,0.032738095,0.080357143,0.047619048,0.080357143,0.0089285714,0.014880952
gi|52842456,0,non-T6SE,214,0.070093458,0.0046728972,0.056074766,0.070093458,0.03271028,0.065420561,0.046728972,0.070093458,0.070093458,0.12149533,0.03271028,0.028037383,0.056074766,0.028037383,0.037383178,0.037383178,0.060747664,0.079439252,0,0.03271028
gi|52842460,0,non-T6SE,251,0.071713147,0.0039840637,0.023904382,0.019920319,0.075697211,0.067729084,0.039840637,0.13944223,0.035856574,0.12749004,0.023904382,0.039840637,0.051792829,0.023904382,0.039840637,0.071713147,0.043824701,0.043824701,0.015936255,0.039840637
gi|52842463,0,non-T6SE,386,0.12176166,0.010362694,0.049222798,0.051813472,0.023316062,0.088082902,0.028497409,0.064766839,0.044041451,0.11658031,0.041450777,0.049222798,0.038860104,0.03626943,0.03626943,0.051813472,0.046632124,0.064766839,0.010362694,0.025906736
gi|52842475,0,non-T6SE,372,0.072580645,0.016129032,0.032258065,0.061827957,0.034946237,0.072580645,0.037634409,0.096774194,0.037634409,0.12096774,0.029569892,0.048387097,0.045698925,0.048387097,0.037634409,0.067204301,0.064516129,0.043010753,0.0080645161,0.024193548
gi|52842487,0,non-T6SE,239,0.062761506,0.025104603,0.071129707,0.058577406,0.041841004,0.062761506,0.033472803,0.054393305,0.083682008,0.11297071,0.020920502,0.033472803,0.041841004,0.029288703,0.041841004,0.058577406,0.037656904,0.062761506,0.029288703,0.037656904
gi|52842498,0,non-T6SE,451,0.068736142,0.0044345898,0.033259424,0.042128603,0.057649667,0.079822616,0.013303769,0.088691796,0.059866962,0.12195122,0.053215078,0.039911308,0.033259424,0.035476718,0.024390244,0.064301552,0.057649667,0.084257206,0.011086475,0.026607539
gi|52842500,0,non-T6SE,206,0.077669903,0,0.029126214,0.058252427,0.033980583,0.048543689,0.019417476,0.10194175,0.04368932,0.10679612,0.024271845,0.04368932,0.029126214,0.072815534,0.053398058,0.10679612,0.048543689,0.058252427,0.0097087379,0.033980583
gi|52842501,0,non-T6SE,306,0.062091503,0.016339869,0.04248366,0.055555556,0.055555556,0.04248366,0.026143791,0.08496732,0.039215686,0.11437908,0.019607843,0.035947712,0.04248366,0.062091503,0.071895425,0.078431373,0.065359477,0.055555556,0.0065359477,0.022875817
gi|52842503,0,non-T6SE,187,0.10160428,0,0.032085561,0.026737968,0.048128342,0.048128342,0.010695187,0.10695187,0.042780749,0.14973262,0.048128342,0.010695187,0.042780749,0.0053475936,0.032085561,0.080213904,0.048128342,0.096256684,0.037433155,0.032085561
gi|52842509,0,non-T6SE,958,0.059498956,0.0083507307,0.042797495,0.092901879,0.038622129,0.051148225,0.030271399,0.082463466,0.045929019,0.12526096,0.018789144,0.053235908,0.037578288,0.056367432,0.055323591,0.065762004,0.051148225,0.044885177,0.0083507307,0.03131524
gi|52842514,0,non-T6SE,310,0.067741935,0.032258065,0.061290323,0.083870968,0.041935484,0.048387097,0.025806452,0.058064516,0.032258065,0.12258065,0.019354839,0.048387097,0.048387097,0.038709677,0.038709677,0.061290323,0.04516129,0.074193548,0.0096774194,0.041935484
gi|52842518,0,non-T6SE,162,0.086419753,0.0061728395,0.043209877,0.067901235,0.049382716,0.024691358,0.018518519,0.055555556,0.049382716,0.098765432,0.024691358,0.049382716,0.043209877,0.11111111,0.018518519,0.043209877,0.10493827,0.067901235,0.0061728395,0.030864198
gi|52842519,0,non-T6SE,355,0.10985915,0.01971831,0.033802817,0.047887324,0.028169014,0.073239437,0.03943662,0.076056338,0.061971831,0.11549296,0.028169014,0.056338028,0.047887324,0.045070423,0.033802817,0.053521127,0.042253521,0.05915493,0.011267606,0.016901408
gi|52842520,0,non-T6SE,288,0.12152778,0.010416667,0.059027778,0.045138889,0.024305556,0.045138889,0.024305556,0.055555556,0.048611111,0.12847222,0.027777778,0.048611111,0.045138889,0.034722222,0.052083333,0.065972222,0.059027778,0.079861111,0,0.024305556
gi|52842524,0,non-T6SE,290,0.1137931,0.017241379,0.037931034,0.068965517,0.010344828,0.065517241,0.037931034,0.079310345,0.055172414,0.12068966,0.048275862,0.027586207,0.037931034,0.044827586,0.031034483,0.044827586,0.062068966,0.068965517,0.0068965517,0.020689655
gi|52842528,0,non-T6SE,301,0.086378738,0.0099667774,0.026578073,0.056478405,0.046511628,0.069767442,0.029900332,0.096345515,0.03654485,0.12624585,0.03986711,0.056478405,0.046511628,0.049833887,0.016611296,0.07641196,0.059800664,0.053156146,0,0.016611296
gi|52842531,0,non-T6SE,453,0.068432671,0.0066225166,0.013245033,0.01986755,0.057395143,0.057395143,0.022075055,0.13907285,0.04415011,0.12582781,0.052980132,0.052980132,0.041942605,0.033112583,0.015452539,0.094922737,0.048565121,0.059602649,0.011037528,0.035320088
gi|52842540,0,non-T6SE,309,0.097087379,0.0097087379,0.058252427,0.055016181,0.022653722,0.051779935,0.029126214,0.077669903,0.048543689,0.15210356,0.029126214,0.029126214,0.029126214,0.074433657,0.038834951,0.067961165,0.045307443,0.055016181,0,0.029126214
gi|52842543,0,non-T6SE,363,0.071625344,0.0082644628,0.03030303,0.024793388,0.044077135,0.066115702,0.024793388,0.1184573,0.049586777,0.15702479,0.027548209,0.027548209,0.038567493,0.060606061,0.022038567,0.077134986,0.024793388,0.077134986,0.024793388,0.024793388
gi|52842545,0,non-T6SE,460,0.080434783,0.013043478,0.043478261,0.063043478,0.034782609,0.045652174,0.036956522,0.063043478,0.039130435,0.12826087,0.026086957,0.063043478,0.030434783,0.069565217,0.060869565,0.063043478,0.047826087,0.056521739,0.0065217391,0.02826087
gi|52842548,0,non-T6SE,158,0.075949367,0.025316456,0.063291139,0.14556962,0.018987342,0.050632911,0.012658228,0.075949367,0.075949367,0.088607595,0.03164557,0.044303797,0.025316456,0.044303797,0.082278481,0.037974684,0.050632911,0.018987342,0.0063291139,0.025316456
gi|52842550,0,non-T6SE,421,0.066508314,0.0071258907,0.040380048,0.057007126,0.047505938,0.06175772,0.028503563,0.054631829,0.047505938,0.13064133,0.021377672,0.045130641,0.040380048,0.049881235,0.057007126,0.076009501,0.035629454,0.087885986,0.014251781,0.03087886
gi|161723245,0,non-T6SE,296,0.077702703,0.0067567568,0.043918919,0.050675676,0.064189189,0.064189189,0.040540541,0.054054054,0.077702703,0.097972973,0.023648649,0.047297297,0.030405405,0.081081081,0.047297297,0.064189189,0.030405405,0.040540541,0.013513514,0.043918919
gi|52842557,0,non-T6SE,674,0.091988131,0.013353116,0.037091988,0.066765579,0.037091988,0.081602374,0.034124629,0.084569733,0.066765579,0.087537092,0.017804154,0.041543027,0.045994065,0.044510386,0.053412463,0.044510386,0.048961424,0.068249258,0.0089020772,0.025222552
gi|52842560,0,non-T6SE,212,0.066037736,0.014150943,0.066037736,0.066037736,0.075471698,0.051886792,0.014150943,0.061320755,0.051886792,0.094339623,0.028301887,0.075471698,0.047169811,0.033018868,0.051886792,0.028301887,0.061320755,0.08490566,0.018867925,0.0094339623
gi|52842563,0,non-T6SE,187,0.096256684,0.0053475936,0.026737968,0.12299465,0.037433155,0.058823529,0.026737968,0.048128342,0.053475936,0.10695187,0.021390374,0.026737968,0.064171123,0.010695187,0.080213904,0.058823529,0.042780749,0.053475936,0.016042781,0.042780749
gi|52842564,0,non-T6SE,375,0.053333333,0.010666667,0.045333333,0.064,0.042666667,0.050666667,0.042666667,0.072,0.053333333,0.13333333,0.013333333,0.066666667,0.061333333,0.053333333,0.04,0.056,0.072,0.013333333,0.010666667,0.045333333
gi|52842566,0,non-T6SE,277,0.093862816,0.0036101083,0.02166065,0.064981949,0.064981949,0.064981949,0.018050542,0.083032491,0.10469314,0.090252708,0.028880866,0.032490975,0.054151625,0.010830325,0.025270758,0.054151625,0.075812274,0.079422383,0.0072202166,0.02166065
gi|52842568,0,non-T6SE,79,0.075949367,0.012658228,0.012658228,0.10126582,0.025316456,0.050632911,0.025316456,0.025316456,0.13924051,0.050632911,0.012658228,0.012658228,0.037974684,0.012658228,0.18987342,0.063291139,0.063291139,0.063291139,0,0.025316456
gi|52842570,0,non-T6SE,581,0.063683305,0.008605852,0.046471601,0.061962134,0.04302926,0.060240964,0.037865749,0.067125645,0.068846816,0.13080895,0.013769363,0.060240964,0.04130809,0.058519793,0.048192771,0.063683305,0.04130809,0.04302926,0.0068846816,0.034423408
gi|52842585,0,non-T6SE,305,0.039344262,0.0098360656,0.045901639,0.055737705,0.042622951,0.055737705,0.032786885,0.081967213,0.06557377,0.15409836,0.032786885,0.039344262,0.042622951,0.049180328,0.049180328,0.081967213,0.039344262,0.039344262,0.006557377,0.036065574
gi|52842593,0,non-T6SE,641,0.085803432,0.0093603744,0.024960998,0.031201248,0.053042122,0.082683307,0.023400936,0.12168487,0.048361934,0.1201248,0.026521061,0.035881435,0.042121685,0.028081123,0.028081123,0.062402496,0.067082683,0.057722309,0.015600624,0.035881435
gi|52842596,0,non-T6SE,308,0.071428571,0.0064935065,0.064935065,0.038961039,0.051948052,0.084415584,0.035714286,0.035714286,0.051948052,0.097402597,0.016233766,0.071428571,0.029220779,0.035714286,0.032467532,0.074675325,0.055194805,0.032467532,0.032467532,0.081168831
gi|161723243,0,non-T6SE,359,0.075208914,0.0027855153,0.016713092,0.033426184,0.064066852,0.077994429,0.013927577,0.066852368,0.075208914,0.10306407,0.016713092,0.077994429,0.061281337,0.04735376,0.038997214,0.055710306,0.055710306,0.061281337,0.008356546,0.04735376
gi|52842649,0,non-T6SE,338,0.047337278,0.01183432,0.047337278,0.071005917,0.044378698,0.056213018,0.044378698,0.073964497,0.073964497,0.094674556,0.017751479,0.079881657,0.032544379,0.032544379,0.053254438,0.053254438,0.044378698,0.038461538,0.017751479,0.065088757
gi|52842662,0,non-T6SE,148,0.040540541,0.027027027,0.047297297,0.081081081,0.067567568,0.054054054,0.033783784,0.047297297,0.054054054,0.12837838,0.027027027,0.027027027,0.033783784,0.033783784,0.060810811,0.067567568,0.047297297,0.047297297,0.0067567568,0.067567568
gi|52842679,0,non-T6SE,352,0.096590909,0.014204545,0.051136364,0.059659091,0.036931818,0.10511364,0.03125,0.082386364,0.059659091,0.10795455,0.025568182,0.028409091,0.042613636,0.028409091,0.036931818,0.045454545,0.056818182,0.073863636,0.0056818182,0.011363636
gi|52842680,0,non-T6SE,368,0.10054348,0.038043478,0.035326087,0.067934783,0.048913043,0.0625,0.024456522,0.078804348,0.054347826,0.08423913,0.027173913,0.04076087,0.057065217,0.046195652,0.043478261,0.057065217,0.029891304,0.070652174,0.0027173913,0.029891304
gi|52842682,0,non-T6SE,741,0.068825911,0.024291498,0.039136302,0.064777328,0.04048583,0.078272605,0.033738192,0.071524966,0.041835358,0.12415655,0.016194332,0.039136302,0.060728745,0.051282051,0.055330634,0.059379217,0.039136302,0.056680162,0.0094466937,0.025641026
gi|52842683,0,non-T6SE,252,0.05952381,0.027777778,0.067460317,0.047619048,0.031746032,0.063492063,0.071428571,0.067460317,0.055555556,0.11507937,0.027777778,0.05952381,0.027777778,0.043650794,0.023809524,0.083333333,0.03968254,0.063492063,0.011904762,0.011904762
gi|52842684,0,non-T6SE,113,0.053097345,0.053097345,0.017699115,0.088495575,0.017699115,0.053097345,0.026548673,0.097345133,0.10619469,0.088495575,0.026548673,0.044247788,0.017699115,0.07079646,0.017699115,0.044247788,0.044247788,0.10619469,0.0088495575,0.017699115
gi|52842686,0,non-T6SE,343,0.078717201,0.011661808,0.055393586,0.049562682,0.06122449,0.058309038,0.023323615,0.096209913,0.055393586,0.11078717,0.017492711,0.029154519,0.029154519,0.023323615,0.052478134,0.081632653,0.049562682,0.058309038,0.017492711,0.040816327
gi|52842689,0,non-T6SE,300,0.08,0.013333333,0.0033333333,0.026666667,0.09,0.073333333,0.016666667,0.096666667,0.026666667,0.15333333,0.033333333,0.02,0.05,0.026666667,0.013333333,0.066666667,0.036666667,0.12333333,0.026666667,0.023333333
gi|52842696,0,non-T6SE,462,0.1038961,0.021645022,0.038961039,0.058441558,0.03030303,0.060606061,0.019480519,0.062770563,0.051948052,0.10606061,0.036796537,0.047619048,0.03030303,0.045454545,0.04978355,0.077922078,0.04978355,0.075757576,0.0086580087,0.023809524
gi|52842697,0,non-T6SE,227,0.0969163,0.013215859,0.057268722,0.057268722,0.035242291,0.035242291,0.044052863,0.074889868,0.04845815,0.14537445,0.0088105727,0.066079295,0.013215859,0.057268722,0.057268722,0.061674009,0.044052863,0.04845815,0.0044052863,0.030837004
gi|52842704,0,non-T6SE,174,0.08045977,0.022988506,0.040229885,0.040229885,0.034482759,0.040229885,0.045977011,0.08045977,0.040229885,0.12643678,0.045977011,0.068965517,0.045977011,0.063218391,0.057471264,0.057471264,0.034482759,0.017241379,0.017241379,0.040229885
gi|52842722,0,non-T6SE,520,0.10576923,0.0038461538,0.042307692,0.038461538,0.023076923,0.057692308,0.0057692308,0.053846154,0.055769231,0.12692308,0.015384615,0.067307692,0.032692308,0.075,0.038461538,0.078846154,0.053846154,0.067307692,0.019230769,0.038461538
gi|52842742,0,non-T6SE,143,0.083916084,0.034965035,0.034965035,0.048951049,0.027972028,0.041958042,0.020979021,0.11188811,0.076923077,0.14685315,0.027972028,0.062937063,0.034965035,0.041958042,0.027972028,0.06993007,0.048951049,0.020979021,0,0.034965035
gi|52842761,0,non-T6SE,455,0.074725275,0.01978022,0.01978022,0.030769231,0.087912088,0.087912088,0.015384615,0.074725275,0.041758242,0.12747253,0.026373626,0.037362637,0.035164835,0.028571429,0.032967033,0.065934066,0.054945055,0.048351648,0.041758242,0.048351648
gi|52842795,0,non-T6SE,597,0.088777219,0.0050251256,0.038525963,0.025125628,0.030150754,0.072026801,0.013400335,0.050251256,0.055276382,0.11892797,0.023450586,0.060301508,0.055276382,0.058626466,0.046901173,0.082077052,0.061976549,0.060301508,0.016750419,0.036850921
gi|52842799,0,non-T6SE,427,0.072599532,0.025761124,0.067915691,0.044496487,0.028103044,0.056206089,0.025761124,0.056206089,0.058548009,0.12412178,0.023419204,0.037470726,0.056206089,0.056206089,0.053864169,0.06557377,0.030444965,0.06557377,0.025761124,0.025761124
gi|52842801,0,non-T6SE,170,0.064705882,0.011764706,0.070588235,0.082352941,0.041176471,0.064705882,0.017647059,0.070588235,0.088235294,0.10588235,0.041176471,0.017647059,0.047058824,0.029411765,0.070588235,0.041176471,0.035294118,0.082352941,0,0.017647059
gi|52842803,0,non-T6SE,361,0.08033241,0.013850416,0.03601108,0.060941828,0.030470914,0.083102493,0.030470914,0.083102493,0.049861496,0.13573407,0.019390582,0.049861496,0.052631579,0.033240997,0.047091413,0.072022161,0.04432133,0.04432133,0.011080332,0.022160665
gi|52842805,0,non-T6SE,759,0.067193676,0.025032938,0.057971014,0.076416337,0.035573123,0.052700922,0.021080369,0.071146245,0.085638999,0.076416337,0.013175231,0.032938076,0.052700922,0.052700922,0.061923584,0.060606061,0.059288538,0.048748353,0.010540184,0.038208169
gi|52842815,0,non-T6SE,398,0.11557789,0.0025125628,0.055276382,0.08040201,0.030150754,0.10552764,0.010050251,0.067839196,0.035175879,0.077889447,0.032663317,0.047738693,0.030150754,0.050251256,0.052763819,0.047738693,0.06281407,0.090452261,0,0.0050251256
gi|52842816,0,non-T6SE,420,0.10238095,0.019047619,0.045238095,0.076190476,0.021428571,0.09047619,0.026190476,0.1047619,0.038095238,0.071428571,0.021428571,0.04047619,0.028571429,0.038095238,0.057142857,0.061904762,0.054761905,0.085714286,0.0047619048,0.011904762
gi|52842818,0,non-T6SE,368,0.081521739,0.024456522,0.051630435,0.073369565,0.029891304,0.0625,0.035326087,0.057065217,0.057065217,0.12228261,0.027173913,0.051630435,0.04076087,0.024456522,0.032608696,0.073369565,0.027173913,0.076086957,0.0081521739,0.043478261
gi|52842820,0,non-T6SE,469,0.081023454,0.0085287846,0.051172708,0.066098081,0.046908316,0.085287846,0.034115139,0.07249467,0.034115139,0.095948827,0.031982942,0.034115139,0.034115139,0.046908316,0.063965885,0.057569296,0.049040512,0.078891258,0.0042643923,0.023454158
gi|52842821,0,non-T6SE,394,0.078680203,0.010152284,0.017766497,0.027918782,0.050761421,0.088832487,0.015228426,0.081218274,0.025380711,0.16497462,0.038071066,0.02284264,0.038071066,0.032994924,0.045685279,0.068527919,0.04822335,0.083756345,0.017766497,0.043147208
gi|52842822,0,non-T6SE,447,0.10067114,0.015659955,0.055928412,0.051454139,0.031319911,0.085011186,0.024608501,0.067114094,0.044742729,0.093959732,0.022371365,0.03803132,0.042505593,0.03803132,0.042505593,0.064876957,0.058165548,0.089485459,0.011185682,0.022371365
gi|52842823,0,non-T6SE,372,0.067204301,0.01344086,0.021505376,0.01344086,0.051075269,0.096774194,0.016129032,0.064516129,0.029569892,0.16129032,0.02688172,0.024193548,0.034946237,0.034946237,0.040322581,0.061827957,0.053763441,0.11290323,0.032258065,0.043010753
gi|52842824,0,non-T6SE,461,0.097613883,0.013015184,0.04989154,0.047722343,0.034707158,0.088937093,0.045553145,0.071583514,0.034707158,0.091106291,0.023861171,0.04989154,0.034707158,0.043383948,0.043383948,0.075921909,0.054229935,0.084598698,0.0043383948,0.010845987
gi|52842835,0,non-T6SE,356,0.070224719,0.0028089888,0.030898876,0.033707865,0.061797753,0.06741573,0.028089888,0.078651685,0.033707865,0.12078652,0.033707865,0.050561798,0.042134831,0.047752809,0.050561798,0.050561798,0.056179775,0.095505618,0.011235955,0.033707865
gi|52842840,0,non-T6SE,454,0.10132159,0.013215859,0.052863436,0.061674009,0.039647577,0.077092511,0.017621145,0.063876652,0.04845815,0.10572687,0.028634361,0.046255507,0.04845815,0.039647577,0.044052863,0.063876652,0.035242291,0.068281938,0.017621145,0.026431718
gi|52842842,0,non-T6SE,88,0.21590909,0,0.022727273,0.022727273,0,0.034090909,0.022727273,0.068181818,0.13636364,0.056818182,0.034090909,0.068181818,0.011363636,0.045454545,0.10227273,0.045454545,0.022727273,0.056818182,0,0.034090909
gi|52842851,0,non-T6SE,618,0.066343042,0.017799353,0.04368932,0.07605178,0.038834951,0.050161812,0.017799353,0.077669903,0.066343042,0.10194175,0.0097087379,0.035598706,0.042071197,0.056634304,0.080906149,0.069579288,0.042071197,0.067961165,0.0048543689,0.033980583
gi|52842852,0,non-T6SE,225,0.08,0.0044444444,0.08,0.071111111,0.013333333,0.048888889,0.022222222,0.071111111,0.071111111,0.10666667,0.062222222,0.031111111,0.031111111,0.035555556,0.053333333,0.062222222,0.04,0.08,0.0044444444,0.031111111
gi|52842856,0,non-T6SE,92,0.065217391,0.010869565,0.02173913,0.065217391,0.043478261,0.15217391,0.032608696,0.032608696,0.076086957,0.054347826,0.010869565,0.043478261,0.043478261,0.043478261,0.097826087,0.032608696,0.065217391,0.076086957,0,0.032608696
gi|52842859,0,non-T6SE,189,0.063492063,0.0052910053,0.052910053,0.037037037,0.021164021,0.1005291,0.068783069,0.10582011,0.042328042,0.095238095,0.031746032,0.047619048,0.042328042,0.052910053,0.068783069,0.037037037,0.047619048,0.052910053,0.0052910053,0.021164021
gi|52842862,0,non-T6SE,322,0.11180124,0.01242236,0.071428571,0.046583851,0.027950311,0.055900621,0.027950311,0.083850932,0.043478261,0.13975155,0.01242236,0.055900621,0.02484472,0.049689441,0.040372671,0.062111801,0.049689441,0.055900621,0.0031055901,0.02484472
gi|52842863,0,non-T6SE,751,0.1011984,0.011984021,0.03195739,0.041278296,0.057256991,0.074567244,0.026631158,0.075898802,0.037283622,0.12383489,0.034620506,0.037283622,0.034620506,0.039946738,0.035952064,0.07057257,0.047936085,0.071904128,0.014647137,0.030625832
gi|52842865,0,non-T6SE,363,0.05785124,0.011019284,0.060606061,0.082644628,0.049586777,0.035812672,0.035812672,0.079889807,0.063360882,0.10743802,0.033057851,0.027548209,0.038567493,0.05785124,0.068870523,0.041322314,0.027548209,0.05785124,0.0082644628,0.055096419
gi|52842867,0,non-T6SE,288,0.076388889,0.024305556,0.038194444,0.052083333,0.038194444,0.079861111,0.048611111,0.086805556,0.0625,0.083333333,0.034722222,0.027777778,0.034722222,0.076388889,0.020833333,0.048611111,0.069444444,0.072916667,0.0034722222,0.020833333
gi|52842868,0,non-T6SE,252,0.05952381,0.011904762,0.047619048,0.067460317,0.05952381,0.05952381,0.035714286,0.063492063,0.051587302,0.10714286,0.031746032,0.071428571,0.03968254,0.047619048,0.047619048,0.05952381,0.047619048,0.047619048,0.003968254,0.03968254
gi|52842870,0,non-T6SE,471,0.10828025,0.01910828,0.038216561,0.074309979,0.040339703,0.072186837,0.036093418,0.08492569,0.059447983,0.070063694,0.023354565,0.031847134,0.04670913,0.040339703,0.061571125,0.04670913,0.04670913,0.057324841,0.0063694268,0.036093418
gi|52842873,0,non-T6SE,292,0.082191781,0,0.071917808,0.085616438,0.030821918,0.054794521,0.020547945,0.034246575,0.054794521,0.12328767,0.044520548,0.044520548,0.023972603,0.054794521,0.075342466,0.047945205,0.020547945,0.082191781,0.01369863,0.034246575
gi|52842874,0,non-T6SE,309,0.11650485,0.0064724919,0.025889968,0.042071197,0.035598706,0.051779935,0.01618123,0.087378641,0.042071197,0.18122977,0.025889968,0.042071197,0.045307443,0.048543689,0.042071197,0.051779935,0.038834951,0.058252427,0.01618123,0.025889968
gi|52842876,0,non-T6SE,368,0.092391304,0,0.054347826,0.08423913,0.04076087,0.073369565,0.024456522,0.065217391,0.08423913,0.11956522,0.024456522,0.029891304,0.029891304,0.065217391,0.038043478,0.051630435,0.059782609,0.048913043,0.0054347826,0.0081521739
gi|52842882,0,non-T6SE,387,0.067183463,0.007751938,0.049095607,0.085271318,0.025839793,0.054263566,0.015503876,0.087855297,0.036175711,0.095607235,0.028423773,0.03875969,0.046511628,0.028423773,0.080103359,0.062015504,0.093023256,0.059431525,0.0051679587,0.033591731
gi|52842892,0,non-T6SE,1048,0.080152672,0.011450382,0.042938931,0.027671756,0.062022901,0.10114504,0.0057251908,0.067748092,0.049618321,0.08778626,0.041984733,0.050572519,0.045801527,0.054389313,0.015267176,0.084923664,0.064885496,0.059160305,0.017175573,0.029580153
gi|52842902,0,non-T6SE,321,0.087227414,0.021806854,0.046728972,0.065420561,0.037383178,0.056074766,0.031152648,0.07165109,0.037383178,0.11214953,0.034267913,0.031152648,0.040498442,0.059190031,0.059190031,0.049844237,0.056074766,0.040498442,0.015576324,0.046728972
gi|52842903,0,non-T6SE,576,0.071180556,0.015625,0.052083333,0.069444444,0.036458333,0.036458333,0.029513889,0.072916667,0.048611111,0.12326389,0.024305556,0.045138889,0.043402778,0.055555556,0.057291667,0.076388889,0.043402778,0.060763889,0.010416667,0.027777778
gi|52842904,0,non-T6SE,476,0.06302521,0,0.042016807,0.033613445,0.027310924,0.06302521,0.021008403,0.058823529,0.054621849,0.1092437,0.018907563,0.06302521,0.058823529,0.06092437,0.069327731,0.092436975,0.048319328,0.086134454,0.010504202,0.018907563
gi|52842905,0,non-T6SE,160,0.075,0.03125,0.04375,0.075,0.05625,0.075,0.03125,0.1125,0.05,0.10625,0.0125,0.03125,0.03125,0.0375,0.0375,0.075,0.04375,0.04375,0.00625,0.025
gi|52842906,0,non-T6SE,493,0.14401623,0.028397566,0.054766734,0.034482759,0.020283976,0.097363083,0.026369168,0.062880325,0.044624746,0.11359026,0.022312373,0.034482759,0.044624746,0.040567951,0.022312373,0.050709939,0.054766734,0.068965517,0.010141988,0.024340771
gi|52842907,0,non-T6SE,131,0.076335878,0,0.06870229,0.061068702,0.038167939,0.030534351,0.015267176,0.06870229,0.053435115,0.076335878,0.015267176,0.06870229,0.076335878,0.030534351,0.053435115,0.091603053,0.053435115,0.083969466,0.0076335878,0.030534351
gi|52842924,0,non-T6SE,383,0.046997389,0.015665796,0.054830287,0.060052219,0.041775457,0.039164491,0.020887728,0.10182768,0.075718016,0.093994778,0.026109661,0.036553525,0.036553525,0.049608355,0.052219321,0.091383812,0.046997389,0.033942559,0.015665796,0.060052219
gi|52842930,0,non-T6SE,209,0.086124402,0.023923445,0.033492823,0.023923445,0.066985646,0.071770335,0.033492823,0.13397129,0.038277512,0.15311005,0.028708134,0.019138756,0.033492823,0.004784689,0.038277512,0.038277512,0.066985646,0.066985646,0.004784689,0.033492823
gi|52842932,0,non-T6SE,388,0.056701031,0.030927835,0.048969072,0.046391753,0.043814433,0.087628866,0.046391753,0.06185567,0.043814433,0.069587629,0.054123711,0.043814433,0.041237113,0.041237113,0.046391753,0.072164948,0.054123711,0.067010309,0.010309278,0.033505155
gi|52842935,0,non-T6SE,416,0.079326923,0.014423077,0.038461538,0.048076923,0.036057692,0.067307692,0.033653846,0.084134615,0.069711538,0.10336538,0.016826923,0.050480769,0.033653846,0.045673077,0.038461538,0.11298077,0.043269231,0.033653846,0.012019231,0.038461538
gi|52842939,0,non-T6SE,321,0.093457944,0.024922118,0.052959502,0.056074766,0.018691589,0.052959502,0.024922118,0.080996885,0.056074766,0.14641745,0.034267913,0.034267913,0.043613707,0.049844237,0.052959502,0.062305296,0.059190031,0.034267913,0.0062305296,0.015576324
gi|52842943,0,non-T6SE,307,0.09771987,0.009771987,0.058631922,0.035830619,0.048859935,0.061889251,0.048859935,0.1009772,0.045602606,0.13029316,0.019543974,0.029315961,0.022801303,0.013029316,0.029315961,0.068403909,0.055374593,0.081433225,0.019543974,0.022801303
gi|52842945,0,non-T6SE,187,0.042780749,0.010695187,0.064171123,0.080213904,0.021390374,0.032085561,0.021390374,0.07486631,0.07486631,0.11764706,0.037433155,0.069518717,0.042780749,0.058823529,0.042780749,0.064171123,0.026737968,0.064171123,0.016042781,0.037433155
gi|161723240,0,non-T6SE,410,0.075609756,0.019512195,0.041463415,0.092682927,0.034146341,0.046341463,0.03902439,0.053658537,0.048780488,0.1097561,0.019512195,0.026829268,0.046341463,0.051219512,0.082926829,0.051219512,0.041463415,0.07804878,0.014634146,0.026829268
gi|52842947,0,non-T6SE,325,0.055384615,0.021538462,0.043076923,0.043076923,0.021538462,0.052307692,0.021538462,0.095384615,0.064615385,0.098461538,0.024615385,0.061538462,0.049230769,0.067692308,0.052307692,0.083076923,0.036923077,0.064615385,0.0092307692,0.033846154
gi|52842953,0,non-T6SE,556,0.09352518,0.01618705,0.048561151,0.064748201,0.032374101,0.041366906,0.028776978,0.073741007,0.061151079,0.13129496,0.017985612,0.044964029,0.043165468,0.079136691,0.032374101,0.057553957,0.06294964,0.041366906,0.0035971223,0.025179856
gi|52842962,0,non-T6SE,421,0.06175772,0.0071258907,0.047505938,0.054631829,0.03087886,0.052256532,0.028503563,0.10688836,0.040380048,0.152019,0.042755344,0.040380048,0.045130641,0.03087886,0.047505938,0.066508314,0.052256532,0.066508314,0.0071258907,0.019002375
gi|52842965,0,non-T6SE,188,0.069148936,0.026595745,0.042553191,0.085106383,0.021276596,0.079787234,0.026595745,0.074468085,0.053191489,0.13297872,0.053191489,0.053191489,0.015957447,0.015957447,0.069148936,0.053191489,0.037234043,0.058510638,0,0.031914894
gi|52842969,0,non-T6SE,308,0.071428571,0.025974026,0.045454545,0.064935065,0.029220779,0.081168831,0.025974026,0.087662338,0.071428571,0.11363636,0.029220779,0.032467532,0.025974026,0.051948052,0.038961039,0.055194805,0.077922078,0.042207792,0,0.029220779
gi|52842975,0,non-T6SE,501,0.10578842,0.0079840319,0.027944112,0.017964072,0.081836327,0.083832335,0.017964072,0.10978044,0.041916168,0.13772455,0.045908184,0.01996008,0.035928144,0.015968064,0.013972056,0.061876248,0.043912176,0.071856287,0.017964072,0.03992016
gi|52842976,0,non-T6SE,657,0.089802131,0.01217656,0.02283105,0.02587519,0.071537291,0.089802131,0.02587519,0.085235921,0.02435312,0.12785388,0.03652968,0.02435312,0.03652968,0.02130898,0.02283105,0.086757991,0.04109589,0.085235921,0.01978691,0.050228311
gi|52842979,0,non-T6SE,166,0.06626506,0.048192771,0.048192771,0.084337349,0.030120482,0.042168675,0.030120482,0.072289157,0.060240964,0.10843373,0.024096386,0.018072289,0.042168675,0.030120482,0.084337349,0.042168675,0.054216867,0.054216867,0.0060240964,0.054216867
gi|52842980,0,non-T6SE,340,0.082352941,0,0.014705882,0.032352941,0.076470588,0.079411765,0.011764706,0.10882353,0.032352941,0.14411765,0.029411765,0.023529412,0.044117647,0.020588235,0.029411765,0.055882353,0.038235294,0.10294118,0.035294118,0.038235294
gi|52842981,0,non-T6SE,783,0.093231162,0.022988506,0.043422733,0.085568327,0.026819923,0.060025543,0.029374202,0.067688378,0.053639847,0.095785441,0.028097063,0.037037037,0.045977011,0.035759898,0.051085568,0.060025543,0.058748404,0.067688378,0.010217114,0.026819923
gi|52842982,0,non-T6SE,428,0.067757009,0.023364486,0.035046729,0.072429907,0.044392523,0.12149533,0.018691589,0.065420561,0.060747664,0.08411215,0.030373832,0.046728972,0.053738318,0.018691589,0.037383178,0.056074766,0.049065421,0.056074766,0.01635514,0.042056075
gi|52842983,0,non-T6SE,167,0.077844311,0.023952096,0.053892216,0.077844311,0.011976048,0.047904192,0.041916168,0.047904192,0.053892216,0.095808383,0.05988024,0.047904192,0.035928144,0.041916168,0.035928144,0.065868263,0.047904192,0.083832335,0.005988024,0.041916168
gi|52842984,0,non-T6SE,422,0.066350711,0.016587678,0.066350711,0.071090047,0.04028436,0.068720379,0.037914692,0.056872038,0.052132701,0.092417062,0.037914692,0.023696682,0.052132701,0.023696682,0.08056872,0.04028436,0.04028436,0.068720379,0.016587678,0.047393365
gi|52842989,0,non-T6SE,249,0.080321285,0.02811245,0.0562249,0.064257028,0.040160643,0.084337349,0.02811245,0.068273092,0.068273092,0.060240964,0.024096386,0.044176707,0.036144578,0.064257028,0.036144578,0.040160643,0.036144578,0.10441767,0.0080321285,0.02811245
gi|52842991,0,non-T6SE,455,0.085714286,0.013186813,0.057142857,0.048351648,0.01978022,0.10549451,0.017582418,0.074725275,0.059340659,0.11648352,0.017582418,0.048351648,0.037362637,0.03956044,0.03956044,0.061538462,0.050549451,0.085714286,0.0043956044,0.017582418
gi|52842992,0,non-T6SE,291,0.079037801,0.017182131,0.06185567,0.058419244,0.027491409,0.079037801,0.013745704,0.079037801,0.068728522,0.11683849,0.027491409,0.051546392,0.051546392,0.037800687,0.041237113,0.054982818,0.034364261,0.072164948,0.0034364261,0.024054983
gi|52842994,0,non-T6SE,247,0.068825911,0.016194332,0.064777328,0.056680162,0.048582996,0.060728745,0.012145749,0.060728745,0.089068826,0.10526316,0.044534413,0.036437247,0.04048583,0.024291498,0.060728745,0.068825911,0.024291498,0.072874494,0.012145749,0.032388664
gi|52842998,0,non-T6SE,245,0.065306122,0.020408163,0.069387755,0.06122449,0.028571429,0.040816327,0.020408163,0.089795918,0.073469388,0.15918367,0.020408163,0.069387755,0.032653061,0.057142857,0.040816327,0.06122449,0.028571429,0.020408163,0.024489796,0.016326531
gi|52843004,0,non-T6SE,265,0.090566038,0.011320755,0.037735849,0.071698113,0.060377358,0.060377358,0.022641509,0.079245283,0.052830189,0.12075472,0.018867925,0.041509434,0.033962264,0.067924528,0.045283019,0.045283019,0.056603774,0.049056604,0.0075471698,0.026415094
gi|52843006,0,non-T6SE,668,0.056886228,0.0074850299,0.05239521,0.094311377,0.05239521,0.050898204,0.017964072,0.067365269,0.082335329,0.094311377,0.020958084,0.053892216,0.04491018,0.035928144,0.056886228,0.065868263,0.035928144,0.050898204,0.0089820359,0.049401198
gi|52843007,0,non-T6SE,426,0.0657277,0.0046948357,0.051643192,0.091549296,0.049295775,0.058685446,0.018779343,0.072769953,0.072769953,0.079812207,0.023474178,0.046948357,0.042253521,0.044600939,0.072769953,0.05399061,0.042253521,0.061032864,0.0070422535,0.039906103
gi|52843013,0,non-T6SE,287,0.059233449,0.027874564,0.045296167,0.094076655,0.052264808,0.045296167,0.013937282,0.069686411,0.041811847,0.1184669,0.038327526,0.045296167,0.013937282,0.087108014,0.048780488,0.048780488,0.069686411,0.041811847,0.0069686411,0.031358885
gi|52843019,0,non-T6SE,295,0.054237288,0.0033898305,0.061016949,0.06440678,0.030508475,0.074576271,0.044067797,0.06779661,0.054237288,0.11525424,0.020338983,0.044067797,0.040677966,0.040677966,0.057627119,0.084745763,0.037288136,0.06440678,0.0033898305,0.037288136
gi|52843020,0,non-T6SE,555,0.077477477,0.012612613,0.041441441,0.088288288,0.023423423,0.048648649,0.052252252,0.082882883,0.059459459,0.12792793,0.021621622,0.037837838,0.023423423,0.1045045,0.030630631,0.064864865,0.05045045,0.032432432,0.0036036036,0.016216216
gi|52843029,0,non-T6SE,126,0.071428571,0.0079365079,0.031746032,0.047619048,0.031746032,0.079365079,0.023809524,0.071428571,0.063492063,0.055555556,0.047619048,0.047619048,0.03968254,0.047619048,0.031746032,0.055555556,0.079365079,0.13492063,0.015873016,0.015873016
gi|52843034,0,non-T6SE,254,0.039370079,0.011811024,0.082677165,0.086614173,0.062992126,0.05511811,0.023622047,0.07480315,0.086614173,0.07480315,0.023622047,0.05511811,0.043307087,0.039370079,0.047244094,0.035433071,0.039370079,0.051181102,0.0078740157,0.059055118
gi|52843035,0,non-T6SE,156,0.057692308,0,0.057692308,0.057692308,0.025641026,0.057692308,0.025641026,0.096153846,0.13461538,0.096153846,0.019230769,0.038461538,0.038461538,0.038461538,0.064102564,0.051282051,0.057692308,0.032051282,0.019230769,0.032051282
gi|52843038,0,non-T6SE,468,0.049145299,0.0064102564,0.072649573,0.044871795,0.036324786,0.070512821,0.032051282,0.070512821,0.053418803,0.11111111,0.027777778,0.055555556,0.034188034,0.049145299,0.047008547,0.066239316,0.076923077,0.055555556,0.012820513,0.027777778
gi|52843039,0,non-T6SE,337,0.10385757,0.023738872,0.059347181,0.056379822,0.038575668,0.10682493,0.023738872,0.065281899,0.056379822,0.074183976,0.035608309,0.029673591,0.026706231,0.029673591,0.050445104,0.065281899,0.06231454,0.068249258,0.0029673591,0.020771513
gi|52843044,0,non-T6SE,337,0.038575668,0.038575668,0.050445104,0.053412463,0.029673591,0.056379822,0.03264095,0.041543027,0.068249258,0.11275964,0.017804154,0.068249258,0.050445104,0.038575668,0.029673591,0.091988131,0.065281899,0.053412463,0.014836795,0.047477745
gi|52843061,0,non-T6SE,725,0.059310345,0.022068966,0.04,0.045517241,0.028965517,0.051034483,0.045517241,0.071724138,0.063448276,0.13241379,0.016551724,0.045517241,0.057931034,0.074482759,0.045517241,0.052413793,0.052413793,0.063448276,0.0082758621,0.023448276
gi|52843064,0,non-T6SE,256,0.05859375,0.01171875,0.03125,0.02734375,0.0703125,0.1171875,0.02734375,0.0703125,0.03125,0.140625,0.03125,0.02734375,0.05078125,0.03515625,0.04296875,0.0390625,0.015625,0.06640625,0.0546875,0.05078125
gi|52843066,0,non-T6SE,764,0.10471204,0.0039267016,0.04973822,0.098167539,0.027486911,0.066753927,0.019633508,0.07591623,0.039267016,0.11387435,0.023560209,0.031413613,0.040575916,0.034031414,0.066753927,0.045811518,0.040575916,0.085078534,0.002617801,0.030104712
gi|52843067,0,non-T6SE,175,0.04,0,0.057142857,0.074285714,0.034285714,0.08,0.022857143,0.04,0.074285714,0.11428571,0.017142857,0.017142857,0.045714286,0.068571429,0.10285714,0.045714286,0.022857143,0.068571429,0.034285714,0.04
gi|52843068,0,non-T6SE,336,0.068452381,0.020833333,0.041666667,0.056547619,0.041666667,0.0625,0.047619048,0.092261905,0.047619048,0.11309524,0.020833333,0.053571429,0.05952381,0.050595238,0.035714286,0.053571429,0.05952381,0.032738095,0.005952381,0.035714286
gi|52843070,0,non-T6SE,461,0.071583514,0.026030369,0.041214751,0.056399132,0.015184382,0.084598698,0.032537961,0.078091106,0.052060738,0.10195228,0.0086767896,0.071583514,0.039045553,0.062906725,0.036876356,0.052060738,0.05856833,0.073752711,0.0086767896,0.028199566
gi|52843076,0,non-T6SE,204,0.12745098,0.06372549,0.058823529,0.068627451,0,0.058823529,0.029411765,0.06372549,0.088235294,0.078431373,0.019607843,0.019607843,0.058823529,0.058823529,0.039215686,0.034313725,0.039215686,0.053921569,0,0.039215686
gi|52843081,0,non-T6SE,233,0.12017167,0.042918455,0.051502146,0.051502146,0.051502146,0.081545064,0.021459227,0.064377682,0.0472103,0.081545064,0.017167382,0.017167382,0.034334764,0.038626609,0.042918455,0.081545064,0.060085837,0.051502146,0,0.042918455
gi|52843082,0,non-T6SE,497,0.084507042,0.016096579,0.058350101,0.056338028,0.034205231,0.056338028,0.034205231,0.06639839,0.052313883,0.096579477,0.020120724,0.052313883,0.040241449,0.06639839,0.034205231,0.058350101,0.054325956,0.064386318,0.018108652,0.036217304
gi|52843085,0,non-T6SE,208,0.043269231,0.0096153846,0.057692308,0.057692308,0.038461538,0.0625,0.024038462,0.10096154,0.072115385,0.13461538,0.019230769,0.067307692,0.048076923,0.038461538,0.048076923,0.038461538,0.048076923,0.052884615,0.019230769,0.019230769
gi|52843095,0,non-T6SE,201,0.084577114,0.014925373,0.014925373,0.0099502488,0.049751244,0.059701493,0.034825871,0.094527363,0.044776119,0.16915423,0.039800995,0.044776119,0.024875622,0.049751244,0.019900498,0.089552239,0.044776119,0.059701493,0.019900498,0.029850746
gi|52843099,0,non-T6SE,549,0.06557377,0.0072859745,0.051001821,0.063752277,0.063752277,0.04007286,0.027322404,0.089253188,0.06557377,0.11657559,0.023679417,0.043715847,0.051001821,0.047358834,0.058287796,0.043715847,0.038251366,0.06010929,0.014571949,0.029143898
gi|52843104,0,non-T6SE,644,0.066770186,0.01552795,0.063664596,0.083850932,0.054347826,0.069875776,0.02173913,0.055900621,0.068322981,0.068322981,0.01552795,0.048136646,0.059006211,0.040372671,0.043478261,0.055900621,0.043478261,0.059006211,0.020186335,0.046583851
gi|52843112,0,non-T6SE,325,0.089230769,0.0061538462,0.036923077,0.052307692,0.052307692,0.089230769,0.012307692,0.064615385,0.076923077,0.070769231,0.030769231,0.049230769,0.052307692,0.055384615,0.046153846,0.058461538,0.021538462,0.049230769,0.030769231,0.055384615
gi|52843116,0,non-T6SE,415,0.089156627,0.0072289157,0.03373494,0.048192771,0.045783133,0.072289157,0.012048193,0.096385542,0.048192771,0.12048193,0.021686747,0.040963855,0.03373494,0.048192771,0.040963855,0.086746988,0.038554217,0.084337349,0.0096385542,0.021686747
gi|52843120,0,non-T6SE,281,0.056939502,0.024911032,0.085409253,0.056939502,0.039145907,0.088967972,0.039145907,0.042704626,0.035587189,0.13879004,0.028469751,0.03202847,0.046263345,0.03202847,0.060498221,0.049822064,0.024911032,0.053380783,0.028469751,0.035587189
gi|52843122,0,non-T6SE,256,0.0703125,0.015625,0.05078125,0.0546875,0.04296875,0.05078125,0.01953125,0.078125,0.0546875,0.1328125,0.0234375,0.0546875,0.0625,0.05078125,0.05078125,0.046875,0.046875,0.05859375,0,0.03515625
gi|52843123,0,non-T6SE,133,0.10526316,0.022556391,0.045112782,0.07518797,0.030075188,0.052631579,0.022556391,0.097744361,0.052631579,0.067669173,0.015037594,0.045112782,0.052631579,0.022556391,0.052631579,0.045112782,0.07518797,0.082706767,0.007518797,0.030075188
gi|52843124,0,non-T6SE,241,0.074688797,0.012448133,0.020746888,0.029045643,0.095435685,0.045643154,0.012448133,0.087136929,0.024896266,0.2033195,0.037344398,0.0082987552,0.062240664,0.049792531,0.041493776,0.037344398,0.058091286,0.058091286,0.0082987552,0.033195021
gi|52843139,0,non-T6SE,385,0.07012987,0.0077922078,0.038961039,0.057142857,0.038961039,0.054545455,0.036363636,0.088311688,0.062337662,0.12467532,0.028571429,0.033766234,0.051948052,0.044155844,0.051948052,0.051948052,0.044155844,0.077922078,0.01038961,0.025974026
gi|52843145,0,non-T6SE,316,0.088607595,0.012658228,0.056962025,0.066455696,0.03164557,0.10443038,0.018987342,0.10126582,0.075949367,0.079113924,0.028481013,0.047468354,0.047468354,0.022151899,0.03164557,0.047468354,0.050632911,0.044303797,0.0063291139,0.037974684
gi|52843158,0,non-T6SE,207,0.10144928,0.019323671,0.06763285,0.053140097,0.072463768,0.043478261,0.028985507,0.06763285,0.06763285,0.12560386,0.024154589,0.043478261,0.038647343,0.043478261,0.043478261,0.038647343,0.048309179,0.048309179,0.0096618357,0.014492754
gi|52843160,0,non-T6SE,89,0.1011236,0.033707865,0.06741573,0.056179775,0.056179775,0.078651685,0,0.06741573,0.033707865,0.078651685,0.056179775,0.011235955,0.078651685,0.078651685,0.033707865,0.033707865,0.02247191,0.06741573,0.011235955,0.033707865
gi|52843167,0,non-T6SE,283,0.06360424,0.017667845,0.056537102,0.053003534,0.06360424,0.070671378,0.017667845,0.077738516,0.077738516,0.098939929,0.03180212,0.021201413,0.049469965,0.053003534,0.042402827,0.056537102,0.038869258,0.067137809,0.0070671378,0.035335689
gi|52843179,0,non-T6SE,156,0.17948718,0,0.051282051,0.11538462,0.019230769,0.019230769,0.019230769,0.083333333,0.10897436,0.11538462,0.025641026,0.032051282,0.012820513,0.070512821,0.051282051,0.019230769,0.019230769,0.051282051,0.0064102564,0
gi|52843181,0,non-T6SE,292,0.065068493,0.0034246575,0.02739726,0.023972603,0.082191781,0.061643836,0.030821918,0.092465753,0.04109589,0.18150685,0.034246575,0.054794521,0.034246575,0.023972603,0.010273973,0.051369863,0.071917808,0.071917808,0.010273973,0.02739726
gi|52843189,0,non-T6SE,283,0.091872792,0.014134276,0.038869258,0.074204947,0.035335689,0.049469965,0.035335689,0.084805654,0.067137809,0.13780919,0.0070671378,0.049469965,0.053003534,0.024734982,0.035335689,0.074204947,0.056537102,0.045936396,0.0035335689,0.021201413
gi|52843195,0,non-T6SE,556,0.064748201,0.0017985612,0.057553957,0.039568345,0.039568345,0.052158273,0.0071942446,0.068345324,0.084532374,0.12230216,0.023381295,0.043165468,0.053956835,0.053956835,0.019784173,0.084532374,0.04676259,0.066546763,0.023381295,0.04676259
gi|61219632,0,non-T6SE,150,0.12,0.02,0.08,0.026666667,0.053333333,0.1,0.026666667,0.02,0.093333333,0.093333333,0.046666667,0.026666667,0.02,0.04,0.013333333,0.046666667,0.066666667,0.086666667,0.0066666667,0.013333333
gi|34978353,0,non-T6SE,3590,0.14233983,0.0008356546,0.057381616,0.042896936,0.013649025,0.12395543,0.01643454,0.031476323,0.051253482,0.080501393,0.0097493036,0.040947075,0.035097493,0.045961003,0.054038997,0.071866295,0.064345404,0.097493036,0.0044568245,0.015320334
gi|34978358,0,non-T6SE,712,0.125,0.015449438,0.040730337,0.049157303,0.040730337,0.075842697,0.02247191,0.049157303,0.012640449,0.13764045,0.019662921,0.023876404,0.03511236,0.046348315,0.088483146,0.049157303,0.040730337,0.10252809,0.0084269663,0.016853933
gi|462099,0,non-T6SE,873,0.11225659,0.0045819015,0.043528064,0.030927835,0.03207331,0.11912944,0.0080183276,0.02978236,0.013745704,0.088201604,0.013745704,0.040091638,0.041237113,0.054982818,0.079037801,0.09163803,0.057273769,0.07674685,0.013745704,0.049255441
gi|462082,0,non-T6SE,584,0.090753425,0.0017123288,0.063356164,0.022260274,0.032534247,0.1010274,0.0085616438,0.025684932,0.032534247,0.10958904,0.017123288,0.053082192,0.049657534,0.053082192,0.082191781,0.061643836,0.054794521,0.070205479,0.010273973,0.059931507
gi|37538301,0,non-T6SE,743,0.098250336,0.00269179,0.060565276,0.040376851,0.030955585,0.086137281,0.017496635,0.028263795,0.036339166,0.090174966,0.01076716,0.037685061,0.065948856,0.034993271,0.080753701,0.078061911,0.075370121,0.061911171,0.01345895,0.049798116
gi|34978536,0,non-T6SE,916,0.14519651,0,0.049126638,0.032751092,0.024017467,0.14519651,0.019650655,0.027292576,0.024017467,0.088427948,0.012008734,0.029475983,0.058951965,0.045851528,0.073144105,0.061135371,0.05349345,0.076419214,0.013100437,0.020742358
gi|1709465,0,non-T6SE,385,0.1038961,0,0.067532468,0.020779221,0.067532468,0.14545455,0.0051948052,0.031168831,0.038961039,0.067532468,0.025974026,0.067532468,0.020779221,0.041558442,0.041558442,0.075324675,0.054545455,0.062337662,0.01038961,0.051948052
gi|585615,0,non-T6SE,194,0.13402062,0.010309278,0.051546392,0.051546392,0.036082474,0.072164948,0,0.051546392,0.077319588,0.051546392,0.015463918,0.067010309,0.056701031,0.036082474,0.06185567,0.051546392,0.06185567,0.072164948,0.020618557,0.020618557
gi|585479,0,non-T6SE,396,0.14141414,0.01010101,0.058080808,0.042929293,0.035353535,0.085858586,0.037878788,0.027777778,0.017676768,0.13131313,0.025252525,0.02020202,0.042929293,0.04040404,0.060606061,0.068181818,0.047979798,0.065656566,0.015151515,0.025252525
gi|48428535,0,non-T6SE,885,0.10734463,0.013559322,0.066666667,0.058757062,0.023728814,0.081355932,0.01920904,0.038418079,0.048587571,0.082485876,0.036158192,0.033898305,0.062146893,0.044067797,0.058757062,0.032768362,0.046327684,0.072316384,0.029378531,0.044067797
gi|68565998,0,non-T6SE,692,0.13872832,0.011560694,0.070809249,0.059248555,0.049132948,0.073699422,0.027456647,0.050578035,0.046242775,0.083815029,0.026011561,0.021676301,0.053468208,0.034682081,0.062138728,0.044797688,0.036127168,0.059248555,0.015895954,0.034682081
gi|41016780,0,non-T6SE,191,0.089005236,0.0052356021,0.062827225,0.041884817,0.036649215,0.083769634,0.010471204,0.047120419,0.020942408,0.12041885,0.02617801,0.015706806,0.052356021,0.041884817,0.078534031,0.020942408,0.089005236,0.10471204,0.0052356021,0.047120419
gi|39932128,0,non-T6SE,451,0.16186253,0.0088691796,0.064301552,0.064301552,0.037694013,0.070953437,0.015521064,0.031042129,0.035476718,0.11086475,0.024390244,0.026607539,0.053215078,0.046563193,0.079822616,0.035476718,0.042128603,0.053215078,0.0088691796,0.028824834
gi|46576492,0,non-T6SE,707,0.090523338,0.0028288543,0.056577086,0.090523338,0.036775106,0.089108911,0.021216407,0.063649222,0.046676096,0.055162659,0.038189533,0.022630835,0.045261669,0.041018388,0.074964639,0.048090523,0.052333805,0.091937765,0.0070721358,0.025459689
gi|1262291,0,non-T6SE,782,0.089514066,0.0025575448,0.071611253,0.047314578,0.058823529,0.089514066,0.0063938619,0.05370844,0.043478261,0.061381074,0.015345269,0.046035806,0.037084399,0.034526854,0.079283887,0.079283887,0.051150895,0.081841432,0.0076726343,0.043478261
gi|61220326,0,non-T6SE,499,0.086172345,0.004008016,0.058116232,0.058116232,0.048096192,0.072144289,0.044088176,0.054108216,0.048096192,0.06012024,0.024048096,0.056112224,0.072144289,0.044088176,0.058116232,0.048096192,0.058116232,0.048096192,0.018036072,0.04008016
gi|61229444,0,non-T6SE,126,0.1031746,0.023809524,0.015873016,0.047619048,0.031746032,0.095238095,0.0079365079,0.063492063,0.023809524,0.087301587,0.023809524,0.071428571,0.055555556,0.015873016,0.063492063,0.1031746,0.095238095,0.047619048,0.0079365079,0.015873016
gi|61229448,0,non-T6SE,177,0.13559322,0.016949153,0.033898305,0.0056497175,0.011299435,0.1299435,0,0.016949153,0.028248588,0.096045198,0.011299435,0.050847458,0.096045198,0.06779661,0.028248588,0.10734463,0.062146893,0.06779661,0.011299435,0.02259887
gi|91208178,0,non-T6SE,369,0.081300813,0.0081300813,0.06504065,0.092140921,0.056910569,0.075880759,0.027100271,0.054200542,0.048780488,0.06504065,0.046070461,0.024390244,0.059620596,0.027100271,0.073170732,0.048780488,0.043360434,0.073170732,0.010840108,0.01897019
gi|3914201,0,non-T6SE,213,0.10798122,0,0.056338028,0.037558685,0.03286385,0.12206573,0,0.042253521,0.075117371,0.079812207,0.0093896714,0.042253521,0.042253521,0.042253521,0.037558685,0.056338028,0.056338028,0.070422535,0.028169014,0.061032864
gi|38258390,0,non-T6SE,506,0.12450593,0.011857708,0.077075099,0.055335968,0.035573123,0.071146245,0.0256917,0.045454545,0.035573123,0.088932806,0.031620553,0.041501976,0.049407115,0.035573123,0.077075099,0.039525692,0.045454545,0.063241107,0.02173913,0.023715415
gi|27805741,0,non-T6SE,551,0.090744102,0.0054446461,0.063520871,0.068965517,0.056261343,0.074410163,0.01814882,0.045372051,0.065335753,0.092558984,0.021778584,0.030852995,0.065335753,0.023593466,0.052631579,0.047186933,0.059891107,0.061705989,0.012704174,0.043557169
gi|13431457,0,non-T6SE,656,0.11585366,0.0030487805,0.086890244,0.088414634,0.021341463,0.077743902,0.015243902,0.06554878,0.10365854,0.070121951,0.016768293,0.033536585,0.032012195,0.033536585,0.036585366,0.048780488,0.048780488,0.085365854,0.0015243902,0.015243902
gi|11387189,0,non-T6SE,319,0.078369906,0.0094043887,0.047021944,0.07523511,0.059561129,0.072100313,0.018808777,0.047021944,0.028213166,0.090909091,0.028213166,0.037617555,0.053291536,0.068965517,0.053291536,0.053291536,0.043887147,0.065830721,0.021943574,0.047021944
gi|39932160,0,non-T6SE,592,0.091216216,0.0050675676,0.050675676,0.070945946,0.038851351,0.074324324,0.033783784,0.0625,0.055743243,0.10641892,0.018581081,0.048986486,0.038851351,0.047297297,0.050675676,0.040540541,0.047297297,0.057432432,0.0084459459,0.052364865
gi|2501392,0,non-T6SE,326,0.10122699,0.015337423,0.015337423,0.024539877,0.058282209,0.073619632,0.012269939,0.079754601,0.021472393,0.20858896,0.018404908,0.030674847,0.030674847,0.018404908,0.030674847,0.10429448,0.021472393,0.11042945,0.015337423,0.009202454
gi|8472786,0,non-T6SE,450,0.068888889,0.015555556,0.046666667,0.088888889,0.053333333,0.066666667,0.013333333,0.062222222,0.10444444,0.097777778,0.024444444,0.048888889,0.037777778,0.028888889,0.035555556,0.062222222,0.04,0.062222222,0.0044444444,0.037777778
gi|20137257,0,non-T6SE,96,0.16666667,0.020833333,0.052083333,0.052083333,0.03125,0.041666667,0.010416667,0.0625,0.17708333,0.09375,0.072916667,0.041666667,0.020833333,0.010416667,0,0.0625,0.020833333,0.052083333,0,0.010416667
gi|137069,0,non-T6SE,238,0.084033613,0.0042016807,0.06302521,0.096638655,0.046218487,0.084033613,0.033613445,0.06302521,0.11344538,0.079831933,0.029411765,0.042016807,0.029411765,0.012605042,0.054621849,0.033613445,0.042016807,0.075630252,0,0.012605042
gi|2506399,0,non-T6SE,167,0.05988024,0.005988024,0.047904192,0.10179641,0.047904192,0.041916168,0.05988024,0.077844311,0.083832335,0.10179641,0.023952096,0.071856287,0.011976048,0.047904192,0.005988024,0.083832335,0.023952096,0.047904192,0.011976048,0.041916168
gi|2497283,0,non-T6SE,203,0.0591133,0.0098522167,0.039408867,0.093596059,0.039408867,0.044334975,0.019704433,0.064039409,0.15270936,0.064039409,0.02955665,0.093596059,0.039408867,0.044334975,0.039408867,0.049261084,0.019704433,0.073891626,0.0049261084,0.019704433
gi|2494278,0,non-T6SE,355,0.10704225,0.0084507042,0.067605634,0.098591549,0.036619718,0.047887324,0.022535211,0.076056338,0.12394366,0.095774648,0.025352113,0.042253521,0.028169014,0.028169014,0.030985915,0.03943662,0.033802817,0.067605634,0.0056338028,0.014084507
gi|2499849,0,non-T6SE,835,0.073053892,0.005988024,0.061077844,0.095808383,0.02754491,0.047904192,0.014371257,0.081437126,0.10898204,0.10299401,0.021556886,0.051497006,0.046706587,0.037125749,0.044311377,0.047904192,0.039520958,0.061077844,0.0011976048,0.02994012
gi|2494256,0,non-T6SE,399,0.067669173,0.0050125313,0.050125313,0.10776942,0.027568922,0.097744361,0.027568922,0.062656642,0.062656642,0.067669173,0.032581454,0.030075188,0.047619048,0.01754386,0.050125313,0.035087719,0.07518797,0.11027569,0.0025062657,0.022556391
gi|57014162,0,non-T6SE,569,0.09314587,0.0052724077,0.066783831,0.061511424,0.035149385,0.098418278,0.033391916,0.082601054,0.07029877,0.054481547,0.031634446,0.049209139,0.038664323,0.028119508,0.029876977,0.050966608,0.077328647,0.057996485,0.007029877,0.028119508
gi|2507531,0,non-T6SE,195,0.087179487,0.01025641,0.035897436,0.025641026,0.051282051,0.082051282,0.035897436,0.11794872,0.025641026,0.13333333,0.015384615,0.030769231,0.046153846,0.01025641,0.0051282051,0.051282051,0.066666667,0.071794872,0.056410256,0.041025641
gi|39932098,0,non-T6SE,518,0.054054054,0.0057915058,0.061776062,0.077220077,0.065637066,0.054054054,0.027027027,0.094594595,0.075289575,0.1023166,0.025096525,0.061776062,0.034749035,0.042471042,0.042471042,0.052123552,0.040540541,0.042471042,0.0057915058,0.034749035
gi|41018183,0,non-T6SE,892,0.079596413,0.013452915,0.056053812,0.078475336,0.053811659,0.075112108,0.022421525,0.057174888,0.078475336,0.09529148,0.023542601,0.042600897,0.023542601,0.057174888,0.042600897,0.069506726,0.033632287,0.05941704,0.0089686099,0.029147982
gi|11135458,0,non-T6SE,701,0.062767475,0.0057061341,0.047075606,0.091298146,0.069900143,0.041369472,0.021398003,0.07275321,0.10271041,0.12696148,0.012838802,0.05278174,0.035663338,0.042796006,0.029957204,0.065620542,0.027104137,0.058487874,0.002853067,0.029957204
gi|12229872,0,non-T6SE,257,0.089494163,0.0038910506,0.042801556,0.077821012,0.042801556,0.031128405,0.015564202,0.070038911,0.089494163,0.081712062,0.027237354,0.070038911,0.062256809,0.042801556,0.035019455,0.085603113,0.042801556,0.054474708,0.0038910506,0.031128405
gi|11386759,0,non-T6SE,443,0.11512415,0.011286682,0.029345372,0.020316027,0.060948081,0.06772009,0.018058691,0.094808126,0.047404063,0.13769752,0.031602709,0.020316027,0.045146727,0.020316027,0.013544018,0.083521445,0.045146727,0.099322799,0.006772009,0.031602709
gi|11386871,0,non-T6SE,481,0.064449064,0.0083160083,0.056133056,0.076923077,0.076923077,0.074844075,0.029106029,0.054054054,0.072765073,0.064449064,0.029106029,0.047817048,0.043659044,0.029106029,0.037422037,0.074844075,0.03950104,0.066528067,0.01039501,0.043659044
gi|11387015,0,non-T6SE,237,0.071729958,0.0084388186,0.025316456,0.016877637,0.10126582,0.063291139,0.0042194093,0.097046414,0.042194093,0.14345992,0.033755274,0.054852321,0.037974684,0.0042194093,0.033755274,0.071729958,0.033755274,0.097046414,0.012658228,0.046413502
gi|7388358,0,non-T6SE,170,0.064705882,0.0058823529,0.058823529,0.088235294,0.052941176,0.041176471,0.023529412,0.076470588,0.10588235,0.11176471,0.011764706,0.041176471,0.035294118,0.029411765,0.052941176,0.064705882,0.029411765,0.082352941,0.0058823529,0.017647059
gi|511474,0,non-T6SE,414,0.11352657,0,0.033816425,0.055555556,0.024154589,0.055555556,0.016908213,0.036231884,0.053140097,0.13285024,0.02173913,0.033816425,0.031400966,0.089371981,0.055555556,0.065217391,0.060386473,0.060386473,0.0072463768,0.053140097
gi|58200461,0,non-T6SE,433,0.066974596,0.011547344,0.062355658,0.060046189,0.060046189,0.046189376,0.025404157,0.057736721,0.055427252,0.099307159,0.023094688,0.062355658,0.050808314,0.030023095,0.034642032,0.050808314,0.046189376,0.080831409,0.016166282,0.060046189
gi|1706524,0,non-T6SE,204,0.10294118,0.0098039216,0.053921569,0.044117647,0.058823529,0.039215686,0.014705882,0.049019608,0.088235294,0.088235294,0.053921569,0.053921569,0.049019608,0.034313725,0.029411765,0.053921569,0.058823529,0.058823529,0.014705882,0.044117647
gi|30581027,0,non-T6SE,233,0.077253219,0.017167382,0.055793991,0.081545064,0.021459227,0.08583691,0.021459227,0.0472103,0.060085837,0.13304721,0.021459227,0.0472103,0.021459227,0.0472103,0.08583691,0.051502146,0.0472103,0.042918455,0.008583691,0.025751073
gi|1706429,0,non-T6SE,113,0.061946903,0.0088495575,0.026548673,0.017699115,0.079646018,0.03539823,0.044247788,0.12389381,0.026548673,0.13274336,0.026548673,0.0088495575,0.026548673,0.017699115,0.061946903,0.044247788,0.053097345,0.097345133,0.061946903,0.044247788
gi|266440,0,non-T6SE,422,0.12559242,0.0047393365,0.073459716,0.056872038,0.045023697,0.085308057,0.0047393365,0.052132701,0.056872038,0.085308057,0.021327014,0.04028436,0.030805687,0.047393365,0.028436019,0.049763033,0.071090047,0.063981043,0.021327014,0.035545024
gi|51338788,0,non-T6SE,267,0.086142322,0.0037453184,0.078651685,0.063670412,0.048689139,0.048689139,0.018726592,0.063670412,0.04494382,0.11985019,0.014981273,0.026217228,0.029962547,0.018726592,0.1011236,0.074906367,0.041198502,0.1011236,0.0037453184,0.011235955
gi|1346009,0,non-T6SE,539,0.10760668,0.0037105751,0.020408163,0.024118738,0.072356215,0.087198516,0.027829314,0.05380334,0.014842301,0.11317254,0.050092764,0.029684601,0.040816327,0.024118738,0.038961039,0.050092764,0.055658627,0.087198516,0.042671614,0.055658627
gi|61229375,0,non-T6SE,276,0.14130435,0.010869565,0.061594203,0.054347826,0.039855072,0.097826087,0.0036231884,0.057971014,0.094202899,0.09057971,0.028985507,0.025362319,0.032608696,0.028985507,0.010869565,0.065217391,0.061594203,0.061594203,0.010869565,0.02173913
gi|1706206,0,non-T6SE,354,0.087570621,0.0028248588,0.084745763,0.036723164,0.028248588,0.09039548,0,0.062146893,0.084745763,0.073446328,0.028248588,0.042372881,0.039548023,0.048022599,0.016949153,0.073446328,0.050847458,0.096045198,0.0056497175,0.048022599
gi|30316251,0,non-T6SE,807,0.1016109,0.011152416,0.068153656,0.07063197,0.02850062,0.10285006,0.013630731,0.058240397,0.064436183,0.087980173,0.022304833,0.026022305,0.055762082,0.017348203,0.053283767,0.050805452,0.053283767,0.086741016,0.0086741016,0.018587361
gi|7531062,0,non-T6SE,351,0.14245014,0.017094017,0.048433048,0.062678063,0.01994302,0.085470085,0.017094017,0.042735043,0.03988604,0.088319088,0.037037037,0.025641026,0.071225071,0.031339031,0.074074074,0.042735043,0.048433048,0.091168091,0,0.014245014
gi|22654115,0,non-T6SE,667,0.088455772,0.010494753,0.053973013,0.094452774,0.044977511,0.073463268,0.026986507,0.053973013,0.058470765,0.070464768,0.029985007,0.029985007,0.03898051,0.037481259,0.067466267,0.046476762,0.055472264,0.068965517,0.019490255,0.029985007
gi|32130126,0,non-T6SE,507,0.094674556,0.0019723866,0.076923077,0.078895464,0.039447732,0.11242604,0.0059171598,0.045364892,0.059171598,0.082840237,0.029585799,0.029585799,0.039447732,0.035502959,0.07495069,0.037475345,0.035502959,0.08086785,0.0059171598,0.033530572
gi|20141429,0,non-T6SE,321,0.099688474,0.0093457944,0.068535826,0.052959502,0.031152648,0.08411215,0.012461059,0.080996885,0.056074766,0.093457944,0.043613707,0.040498442,0.037383178,0.031152648,0.046728972,0.07165109,0.049844237,0.068535826,0.0062305296,0.015576324
