id,label,class,length,CTDC_Hydrophobicity_C1,CTDC_Hydrophobicity_C2,CTDC_Hydrophobicity_C3,CTDC_NormalizedVDWV_C1,CTDC_NormalizedVDWV_C2,CTDC_NormalizedVDWV_C3,CTDC_Polarity_C1,CTDC_Polarity_C2,CTDC_Polarity_C3,CTDC_Polarizability_C1,CTDC_Polarizability_C2,CTDC_Polarizability_C3,CTDC_Charge_C1,CTDC_Charge_C2,CTDC_Charge_C3,CTDC_SecondaryStr_C1,CTDC_SecondaryStr_C2,CTDC_SecondaryStr_C3,CTDC_SolventAccessibility_C1,CTDC_SolventAccessibility_C2,CTDC_SolventAccessibility_C3
gi|77358963,1,T6SE,169,0.31360947,0.4260355,0.26035503,0.40236686,0.33136095,0.26627219,0.30177515,0.34911243,0.34911243,0.36686391,0.36686391,0.26627219,0.11242604,0.74556213,0.14201183,0.47337278,0.26035503,0.26627219,0.40828402,0.31360947,0.27810651
gi|9948776,1,T6SE,158,0.32911392,0.42405063,0.24683544,0.44936709,0.27848101,0.2721519,0.30379747,0.34810127,0.34810127,0.36708861,0.36075949,0.2721519,0.13291139,0.7278481,0.13924051,0.42405063,0.25316456,0.32278481,0.39873418,0.32911392,0.2721519
gi|32261790,1,T6SE,169,0.31360947,0.40828402,0.27810651,0.3964497,0.39053254,0.21301775,0.30769231,0.34319527,0.34911243,0.35502959,0.43195266,0.21301775,0.082840237,0.80473373,0.11242604,0.38461538,0.31360947,0.30177515,0.40828402,0.31360947,0.27810651
gi|49080696,1,T6SE,163,0.3190184,0.40490798,0.27607362,0.42331288,0.34355828,0.23312883,0.30674847,0.35582822,0.33742331,0.39263804,0.37423313,0.23312883,0.10429448,0.78527607,0.11042945,0.39877301,0.25766871,0.34355828,0.43558282,0.3190184,0.24539877
gi|32261789,1,T6SE,932,0.32188841,0.40450644,0.27360515,0.38626609,0.41738197,0.19635193,0.31330472,0.32725322,0.35944206,0.33583691,0.46781116,0.19635193,0.071888412,0.82725322,0.10085837,0.36587983,0.29935622,0.33476395,0.35622318,0.32188841,0.32188841
gi|66967748,1,T6SE,659,0.25189681,0.53110774,0.21699545,0.53869499,0.24582701,0.215478,0.23520486,0.48254932,0.28224583,0.43095599,0.35356601,0.215478,0.1198786,0.79817906,0.081942337,0.4491654,0.21092564,0.33990895,0.41578149,0.25189681,0.3323217
gi|15600791,1,T6SE,1085,0.32442396,0.37880184,0.29677419,0.38156682,0.38801843,0.23041475,0.32442396,0.32995392,0.34562212,0.33456221,0.43502304,0.23041475,0.10322581,0.78801843,0.10875576,0.48571429,0.2562212,0.25806452,0.4359447,0.32442396,0.23963134
gi|15600889,1,T6SE,227,0.2907489,0.39647577,0.31277533,0.44052863,0.37885463,0.18061674,0.31718062,0.37885463,0.30396476,0.36123348,0.45814978,0.18061674,0.088105727,0.79295154,0.11894273,0.50220264,0.20704846,0.2907489,0.4845815,0.2907489,0.2246696
gi|237861353,1,T6SE,185,0.23783784,0.43783784,0.32432432,0.42162162,0.33513514,0.24324324,0.34594595,0.38918919,0.26486486,0.35135135,0.40540541,0.24324324,0.091891892,0.84324324,0.064864865,0.35675676,0.26486486,0.37837838,0.44864865,0.23783784,0.31351351
gi|83654653,1,T6SE,146,0.23972603,0.5,0.26027397,0.5,0.28082192,0.21917808,0.30821918,0.43150685,0.26027397,0.39041096,0.39041096,0.21917808,0.095890411,0.85616438,0.047945205,0.31506849,0.34931507,0.33561644,0.45890411,0.23972603,0.30136986
gi|83650570,1,T6SE,926,0.30885529,0.42980562,0.26133909,0.46760259,0.3336933,0.1987041,0.2775378,0.38336933,0.33909287,0.40712743,0.39416847,0.1987041,0.10043197,0.78401728,0.11555076,0.46544276,0.21922246,0.31533477,0.47516199,0.30885529,0.21598272
gi|83653954,1,T6SE,1111,0.29522952,0.44284428,0.26192619,0.45634563,0.33483348,0.20882088,0.28712871,0.38793879,0.32493249,0.39963996,0.39153915,0.20882088,0.095409541,0.78217822,0.12241224,0.43564356,0.25922592,0.30513051,0.45364536,0.29522952,0.25112511
gi|83652307,1,T6SE,942,0.27070064,0.50636943,0.22292994,0.51061571,0.29087049,0.1985138,0.24097665,0.45329087,0.30573248,0.46178344,0.33970276,0.1985138,0.088110403,0.81953291,0.092356688,0.49150743,0.19745223,0.31104034,0.49681529,0.27070064,0.23248408
gi|83652651,1,T6SE,932,0.26609442,0.48390558,0.25,0.50321888,0.30901288,0.18776824,0.27145923,0.43240343,0.29613734,0.45600858,0.35622318,0.18776824,0.083690987,0.81759657,0.098712446,0.46566524,0.22424893,0.31008584,0.50429185,0.26609442,0.22961373
gi|83655353,1,T6SE,174,0.24712644,0.45402299,0.29885057,0.46551724,0.31034483,0.22413793,0.32758621,0.4137931,0.25862069,0.4137931,0.36206897,0.22413793,0.086206897,0.83908046,0.074712644,0.47126437,0.27586207,0.25287356,0.48275862,0.24712644,0.27011494
gi|83650739,1,T6SE,230,0.19565217,0.50434783,0.3,0.47826087,0.30434783,0.2173913,0.37391304,0.42608696,0.2,0.35652174,0.42608696,0.2173913,0.047826087,0.9,0.052173913,0.25217391,0.34347826,0.40434783,0.47826087,0.19565217,0.32608696
gi|83654886,1,T6SE,800,0.3225,0.3975,0.28,0.4275,0.30625,0.26625,0.30875,0.3475,0.34375,0.37,0.36375,0.26625,0.12875,0.74875,0.1225,0.46625,0.23625,0.2975,0.46125,0.3225,0.21625
gi|83653368,1,T6SE,728,0.33791209,0.39972527,0.26236264,0.42994505,0.31181319,0.25824176,0.29120879,0.34615385,0.36263736,0.36126374,0.38049451,0.25824176,0.12774725,0.75274725,0.11950549,0.44505495,0.24450549,0.31043956,0.40659341,0.33791209,0.25549451
gi|83654025,1,T6SE,1007,0.32274081,0.39126117,0.28599801,0.41410129,0.33366435,0.25223436,0.31380338,0.35054618,0.33565045,0.36643496,0.38133069,0.25223436,0.13306852,0.75372393,0.11320755,0.4796425,0.25620655,0.26415094,0.47467726,0.32274081,0.20258193
gi|28872543,1,T6SE,172,0.27906977,0.47093023,0.25,0.45348837,0.30813953,0.23837209,0.29069767,0.38372093,0.3255814,0.40116279,0.36046512,0.23837209,0.081395349,0.79651163,0.12209302,0.39534884,0.33139535,0.27325581,0.37790698,0.27906977,0.34302326
gi|15597881,1,T6SE,726,0.32369146,0.3953168,0.28099174,0.38980716,0.36225895,0.24793388,0.31955923,0.32231405,0.35812672,0.3292011,0.42286501,0.24793388,0.1046832,0.76859504,0.12672176,0.42424242,0.27410468,0.30165289,0.41184573,0.32369146,0.26446281
gi|154353564,1,T6SE,305,0.32786885,0.38360656,0.28852459,0.41967213,0.38688525,0.19344262,0.29180328,0.35737705,0.35081967,0.38360656,0.42295082,0.19344262,0.12131148,0.76065574,0.11803279,0.4852459,0.2295082,0.2852459,0.46885246,0.32786885,0.20327869
gi|40287638,1,T6SE,163,0.31288344,0.39877301,0.28834356,0.44785276,0.29447853,0.25766871,0.3190184,0.35582822,0.32515337,0.39263804,0.34969325,0.25766871,0.11042945,0.76687117,0.12269939,0.39877301,0.3190184,0.28220859,0.44785276,0.31288344,0.2392638
tr|H9L4Q3|Hcp,1,T6SE,172,0.30813953,0.40697674,0.28488372,0.43604651,0.34302326,0.22093023,0.30813953,0.34883721,0.34302326,0.35465116,0.4244186,0.22093023,0.087209302,0.78488372,0.12790698,0.37790698,0.31976744,0.30232558,0.38953488,0.30813953,0.30232558
gi|15600894,1,T6SE,1017,0.33431662,0.39233038,0.273353,0.3913471,0.37561455,0.23303835,0.30776794,0.32350049,0.36873156,0.34513274,0.42182891,0.23303835,0.10422812,0.7699115,0.12586037,0.4660767,0.24877089,0.28515241,0.42576205,0.33431662,0.23992134
gi|9655913,1,T6SE,1163,0.31728289,0.41788478,0.26483233,0.3972485,0.37747206,0.22527945,0.29836629,0.34737747,0.35425623,0.33018057,0.44453998,0.22527945,0.089423904,0.79793637,0.11263972,0.44539983,0.26483233,0.28976784,0.40584695,0.31728289,0.27687016
gi|56708403,1,T6SE,164,0.3597561,0.33536585,0.30487805,0.40243902,0.45121951,0.14634146,0.30487805,0.32317073,0.37195122,0.39634146,0.45731707,0.14634146,0.1097561,0.75,0.1402439,0.37804878,0.26829268,0.35365854,0.40243902,0.3597561,0.23780488
gi|56708408,1,T6SE,383,0.42558747,0.24804178,0.32637076,0.27937337,0.49086162,0.22976501,0.36553525,0.20365535,0.4308094,0.25326371,0.51697128,0.22976501,0.11227154,0.73629243,0.15143603,0.37597911,0.32375979,0.3002611,0.34725849,0.42558747,0.22715405
gi|284924280,1,T6SE,168,0.33333333,0.33928571,0.32738095,0.3452381,0.38690476,0.26785714,0.35714286,0.2797619,0.36309524,0.30952381,0.42261905,0.26785714,0.11904762,0.74404762,0.13690476,0.41071429,0.26785714,0.32142857,0.4047619,0.33333333,0.26190476
gi|284924250,1,T6SE,163,0.34969325,0.37423313,0.27607362,0.35582822,0.37423313,0.26993865,0.33128834,0.28220859,0.38650307,0.31288344,0.41717791,0.26993865,0.11656442,0.73619632,0.14723926,0.39263804,0.34355828,0.26380368,0.37423313,0.34969325,0.27607362
gi|15890638,1,T6SE,158,0.29113924,0.4556962,0.25316456,0.4556962,0.33544304,0.20886076,0.29113924,0.39240506,0.3164557,0.40506329,0.38607595,0.20886076,0.082278481,0.79746835,0.12025316,0.38607595,0.30379747,0.31012658,0.36708861,0.29113924,0.34177215
gi|49612877,1,T6SE,678,0.30825959,0.42920354,0.26253687,0.42477876,0.33185841,0.24336283,0.29646018,0.36283186,0.34070796,0.37168142,0.38495575,0.24336283,0.10324484,0.7699115,0.12684366,0.42477876,0.28761062,0.28761062,0.42920354,0.30825959,0.26253687
gi|49612878,1,T6SE,172,0.27906977,0.43023256,0.29069767,0.44186047,0.33139535,0.22674419,0.3255814,0.36046512,0.31395349,0.36046512,0.4127907,0.22674419,0.081395349,0.79069767,0.12790698,0.36627907,0.34883721,0.28488372,0.38372093,0.27906977,0.3372093
gi|158512116,1,T6SE,661,0.31316188,0.397882,0.28895613,0.39939486,0.36459909,0.23600605,0.31770045,0.33585477,0.34644478,0.34644478,0.41754917,0.23600605,0.10892587,0.77609682,0.11497731,0.44780635,0.27080182,0.28139183,0.43267776,0.31316188,0.25416036
gi|169752312,1,T6SE,172,0.31976744,0.34883721,0.33139535,0.38953488,0.37209302,0.23837209,0.35465116,0.31395349,0.33139535,0.3372093,0.4244186,0.23837209,0.093023256,0.79069767,0.11627907,0.4127907,0.27325581,0.31395349,0.48837209,0.31976744,0.19186047
gi|110277123,1,T6SE,172,0.28488372,0.4127907,0.30232558,0.43604651,0.3372093,0.22674419,0.3255814,0.35465116,0.31976744,0.35465116,0.41860465,0.22674419,0.075581395,0.80813953,0.11627907,0.38953488,0.33139535,0.27906977,0.4127907,0.28488372,0.30232558
gi|251753421,1,T6SE,159,0.29559748,0.40880503,0.29559748,0.37735849,0.40251572,0.22012579,0.34591195,0.31446541,0.33962264,0.33333333,0.44654088,0.22012579,0.06918239,0.82389937,0.10691824,0.37106918,0.3081761,0.32075472,0.35220126,0.29559748,0.35220126
tr|A0KHA9|Rhs,1,T6SE,927,0.31067961,0.42502697,0.26429342,0.43257821,0.33333333,0.23408846,0.29341963,0.36569579,0.34088457,0.34951456,0.41639698,0.23408846,0.10571737,0.76591154,0.12837109,0.44660194,0.23408846,0.3193096,0.42286947,0.31067961,0.26645092
gi|110277142,1,T6SE,682,0.3372434,0.38416422,0.27859238,0.3856305,0.37243402,0.24193548,0.30791789,0.31964809,0.37243402,0.32697947,0.43108504,0.24193548,0.1085044,0.75659824,0.13489736,0.46334311,0.24633431,0.29032258,0.44281525,0.3372434,0.21994135
gi|225382164,1,T6SE,172,0.3372093,0.38953488,0.27325581,0.40116279,0.37209302,0.22674419,0.30813953,0.31395349,0.37790698,0.33139535,0.44186047,0.22674419,0.098837209,0.76162791,0.13953488,0.43604651,0.30813953,0.25581395,0.37790698,0.3372093,0.28488372
gi|68347098,1,T6SE,123,0.21138211,0.55284553,0.23577236,0.45528455,0.24390244,0.30081301,0.27642276,0.42276423,0.30081301,0.38211382,0.31707317,0.30081301,0.089430894,0.86178862,0.048780488,0.44715447,0.25203252,0.30081301,0.46341463,0.21138211,0.32520325
gi|282949892,1,T6SE,161,0.32298137,0.39751553,0.27950311,0.42236025,0.32919255,0.2484472,0.31055901,0.34161491,0.34782609,0.39751553,0.35403727,0.2484472,0.11180124,0.74534161,0.14285714,0.40372671,0.29192547,0.30434783,0.41614907,0.32298137,0.26086957
gi|169752307,1,T6SE,782,0.2685422,0.45524297,0.27621483,0.46930946,0.32480818,0.20588235,0.30818414,0.40153453,0.29028133,0.42838875,0.3657289,0.20588235,0.072890026,0.82225064,0.10485934,0.31329923,0.33120205,0.35549872,0.38491049,0.2685422,0.34654731
gi|15641429,1,T6SE,641,0.33697348,0.37129485,0.29173167,0.3775351,0.38065523,0.24180967,0.33541342,0.30265211,0.36193448,0.33385335,0.42433697,0.24180967,0.10140406,0.76599064,0.1326053,0.44149766,0.27613105,0.28237129,0.39313573,0.33697348,0.2698908
gi|126387226,1,T6SE,167,0.33532934,0.41317365,0.25149701,0.4011976,0.32335329,0.2754491,0.2994012,0.33532934,0.36526946,0.37125749,0.35329341,0.2754491,0.1257485,0.74251497,0.13173653,0.4011976,0.30538922,0.29341317,0.38922156,0.33532934,0.2754491
gi|9949632,1,T6SE,1099,0.31938126,0.37852593,0.30209281,0.39126479,0.38398544,0.22474977,0.32393085,0.3366697,0.33939945,0.3266606,0.44858963,0.22474977,0.10464058,0.78252957,0.11282985,0.49681529,0.20928116,0.29390355,0.45040946,0.31938126,0.23020928
gi|159186127,1,T6SE,166,0.25903614,0.48192771,0.25903614,0.44578313,0.30722892,0.24698795,0.31927711,0.39759036,0.28313253,0.36144578,0.39156627,0.24698795,0.090361446,0.84337349,0.06626506,0.31325301,0.31325301,0.37349398,0.41566265,0.25903614,0.3253012
gi|68344701,1,T6SE,177,0.28248588,0.4519774,0.26553672,0.46327684,0.3220339,0.21468927,0.29943503,0.40677966,0.29378531,0.40677966,0.37853107,0.21468927,0.10169492,0.83050847,0.06779661,0.44067797,0.24858757,0.31073446,0.49152542,0.28248588,0.2259887
gi|529189693,1,T6SE,1034,0.34042553,0.33945841,0.32011605,0.32011605,0.41972921,0.26015474,0.36847195,0.27079304,0.36073501,0.2794971,0.46034816,0.26015474,0.10928433,0.78239845,0.10831721,0.41102515,0.31141199,0.27756286,0.40618956,0.34042553,0.25338491
gi|529189690,1,T6SE,172,0.27906977,0.43604651,0.28488372,0.44767442,0.33139535,0.22093023,0.31395349,0.37209302,0.31395349,0.36627907,0.4127907,0.22093023,0.075581395,0.81395349,0.11046512,0.40697674,0.31976744,0.27325581,0.41860465,0.27906977,0.30232558
gi|529189691,1,T6SE,723,0.35131397,0.38035961,0.26832642,0.38312586,0.38174274,0.2351314,0.29875519,0.30705394,0.39419087,0.33471646,0.43015214,0.2351314,0.096818811,0.77316736,0.13001383,0.41493776,0.29875519,0.28630705,0.38727524,0.35131397,0.26141079
gi|529187559,1,T6SE,730,0.30821918,0.41232877,0.27945205,0.42465753,0.34931507,0.2260274,0.30273973,0.35342466,0.34383562,0.36849315,0.40547945,0.2260274,0.082191781,0.80410959,0.11369863,0.39726027,0.28356164,0.31917808,0.41917808,0.30821918,0.27260274
gi|15595291,1,T6SE,430,0.23953488,0.46976744,0.29069767,0.4744186,0.32790698,0.19767442,0.31395349,0.43255814,0.25348837,0.41627907,0.38604651,0.19767442,0.08372093,0.83953488,0.076744186,0.44418605,0.2372093,0.31860465,0.53488372,0.23953488,0.2255814
gi|15597880,1,T6SE,1317,0.32801822,0.42596811,0.24601367,0.44039484,0.3143508,0.24525437,0.28777525,0.36142749,0.35079727,0.38420653,0.3705391,0.24525437,0.12756264,0.7342445,0.13819286,0.48443432,0.21943812,0.29612756,0.46393318,0.32801822,0.2080486
gi|15597970,1,T6SE,195,0.15897436,0.51794872,0.32307692,0.52307692,0.31794872,0.15897436,0.34358974,0.4974359,0.15897436,0.47179487,0.36923077,0.15897436,0.066666667,0.88717949,0.046153846,0.41538462,0.21025641,0.37435897,0.61538462,0.15897436,0.22564103
gi|15600282,1,T6SE,745,0.35033557,0.38255034,0.26711409,0.39328859,0.36107383,0.24563758,0.29395973,0.33020134,0.37583893,0.33422819,0.42013423,0.24563758,0.12483221,0.75033557,0.12483221,0.49261745,0.21879195,0.2885906,0.42281879,0.35033557,0.22684564
gi|28901118,1,T6SE,869,0.34177215,0.38780207,0.27042578,0.40161105,0.39125432,0.20713464,0.30494822,0.33026467,0.36478711,0.33947066,0.45339471,0.20713464,0.087456847,0.76409666,0.14844649,0.43153049,0.28423475,0.28423475,0.40966628,0.34177215,0.24856157
gi|28898162,1,T6SE,588,0.34353741,0.37244898,0.28401361,0.37755102,0.38605442,0.23639456,0.32312925,0.31632653,0.36054422,0.31292517,0.45068027,0.23639456,0.12414966,0.74319728,0.13265306,0.42346939,0.26870748,0.30782313,0.38265306,0.34353741,0.27380952
gi|28898189,1,T6SE,734,0.34196185,0.3746594,0.28337875,0.4346049,0.3133515,0.2520436,0.30790191,0.33651226,0.35558583,0.37874659,0.36920981,0.2520436,0.13760218,0.73569482,0.126703,0.38828338,0.28065395,0.33106267,0.42915531,0.34196185,0.22888283
gi|91190981,1,T6SE,888,0.32995495,0.38626126,0.28378378,0.38288288,0.38513514,0.23198198,0.32882883,0.31531532,0.35585586,0.32545045,0.44256757,0.23198198,0.093468468,0.76914414,0.13738739,0.42004505,0.2759009,0.30405405,0.40990991,0.32995495,0.26013514
gi|15891300,1,T6SE,526,0.32129278,0.43536122,0.24334601,0.46958175,0.32509506,0.20532319,0.26425856,0.39353612,0.34220532,0.37262357,0.42205323,0.20532319,0.10836502,0.77756654,0.11406844,0.41254753,0.23574144,0.35171103,0.40494297,0.32129278,0.27376426
gi|15890633,1,T6SE,278,0.39568345,0.42446043,0.17985612,0.49640288,0.29856115,0.20503597,0.19784173,0.39928058,0.4028777,0.43884892,0.35611511,0.20503597,0.14028777,0.6942446,0.16546763,0.47122302,0.17266187,0.35611511,0.4028777,0.39568345,0.20143885
gi|146301001,1,T6SE,550,0.36727273,0.37272727,0.26,0.38909091,0.33818182,0.27272727,0.31636364,0.3,0.38363636,0.34363636,0.38363636,0.27272727,0.12727273,0.73272727,0.14,0.35636364,0.31818182,0.32545455,0.36363636,0.36727273,0.26909091
gi|146301018,1,T6SE,910,0.37692308,0.35274725,0.27032967,0.35714286,0.36703297,0.27582418,0.31098901,0.28571429,0.4032967,0.30549451,0.41868132,0.27582418,0.15054945,0.71868132,0.13076923,0.40549451,0.28461538,0.30989011,0.39230769,0.37692308,0.23076923
gi|146301004,1,T6SE,602,0.31395349,0.410299,0.27574751,0.39036545,0.37043189,0.23920266,0.31893688,0.33554817,0.34551495,0.36877076,0.39202658,0.23920266,0.084717608,0.80730897,0.10797342,0.37375415,0.29900332,0.32724252,0.41362126,0.31395349,0.27242525
gi|146301006,1,T6SE,128,0.34375,0.3671875,0.2890625,0.3828125,0.328125,0.2890625,0.3203125,0.328125,0.3515625,0.3671875,0.34375,0.2890625,0.125,0.7265625,0.1484375,0.3984375,0.3046875,0.296875,0.3671875,0.34375,0.2890625
gi|296101929,1,T6SE,1462,0.32831737,0.42407661,0.24760602,0.4370725,0.32147743,0.24145007,0.28659371,0.35909713,0.35430917,0.38508892,0.37346101,0.24145007,0.1121751,0.750342,0.1374829,0.42886457,0.25307798,0.31805746,0.42339261,0.32831737,0.24829001
gi|296103479,1,T6SE,1418,0.3180536,0.42313117,0.25881523,0.43582511,0.32299013,0.24118477,0.30394922,0.35472496,0.34132581,0.38928068,0.36953456,0.24118477,0.11071932,0.76163611,0.12764457,0.42383639,0.25317348,0.32299013,0.44358251,0.3180536,0.23836389
gi|83717090,1,T6SE,1012,0.2944664,0.43972332,0.26581028,0.46047431,0.30039526,0.23913043,0.28853755,0.38735178,0.32411067,0.41403162,0.34683794,0.23913043,0.12648221,0.75988142,0.11363636,0.48616601,0.22628458,0.28754941,0.48023715,0.2944664,0.22529644
gi|83716550,1,T6SE,162,0.30864198,0.39506173,0.2962963,0.38271605,0.38271605,0.2345679,0.33333333,0.32716049,0.33950617,0.30246914,0.46296296,0.2345679,0.10493827,0.75925926,0.13580247,0.44444444,0.29012346,0.2654321,0.37037037,0.30864198,0.32098765
gi|300698040,1,T6SE,708,0.29519774,0.44774011,0.25706215,0.45762712,0.27542373,0.26694915,0.28389831,0.38559322,0.33050847,0.39548023,0.33757062,0.26694915,0.11864407,0.77683616,0.10451977,0.45338983,0.25564972,0.29096045,0.44632768,0.29519774,0.25847458
gi|384418314,1,T6SE,730,0.33835616,0.38219178,0.27945205,0.42328767,0.32739726,0.24931507,0.30273973,0.33972603,0.35753425,0.36712329,0.38356164,0.24931507,0.12739726,0.74657534,0.1260274,0.48767123,0.23013699,0.28219178,0.45616438,0.33835616,0.20547945
gi|157370037,1,T6SE,815,0.29570552,0.41840491,0.28588957,0.4392638,0.33251534,0.22822086,0.31533742,0.37055215,0.31411043,0.36564417,0.40613497,0.22822086,0.10429448,0.78159509,0.11411043,0.47239264,0.22331288,0.30429448,0.46134969,0.29570552,0.24294479
gi|386034524,1,T6SE,813,0.30873309,0.40467405,0.28659287,0.43542435,0.33087331,0.23370234,0.31365314,0.35670357,0.3296433,0.35301353,0.41328413,0.23370234,0.10455105,0.7699877,0.12546125,0.45264453,0.2496925,0.29766298,0.44772448,0.30873309,0.24354244
gi|336250618,1,T6SE,795,0.30440252,0.43899371,0.25660377,0.4591195,0.31069182,0.23018868,0.29811321,0.37610063,0.32578616,0.38742138,0.38238994,0.23018868,0.10691824,0.77232704,0.12075472,0.43899371,0.26037736,0.30062893,0.43899371,0.30440252,0.25660377
gi|15598486,1,T6SE,882,0.31179138,0.39909297,0.28911565,0.42517007,0.35034014,0.2244898,0.3106576,0.35714286,0.33219955,0.35260771,0.42290249,0.2244898,0.10657596,0.76643991,0.12698413,0.48412698,0.21995465,0.29591837,0.47052154,0.31179138,0.21768707
gi|34495467,1,T6SE,512,0.34960938,0.35742188,0.29296875,0.38085938,0.32617188,0.29296875,0.33203125,0.296875,0.37109375,0.3203125,0.38671875,0.29296875,0.13671875,0.7265625,0.13671875,0.44140625,0.25585938,0.30273438,0.41796875,0.34960938,0.23242188
gi|16416934,1,T6SE,641,0.32917317,0.35725429,0.31357254,0.35569423,0.3775351,0.26677067,0.36349454,0.27613105,0.36037441,0.28237129,0.45085803,0.26677067,0.11076443,0.76287051,0.12636505,0.44773791,0.2698908,0.28237129,0.41029641,0.32917317,0.26053042
gi|290474535,1,T6SE,624,0.34775641,0.35897436,0.29326923,0.33814103,0.36698718,0.29487179,0.34134615,0.27564103,0.38301282,0.28525641,0.41987179,0.29487179,0.12339744,0.74358974,0.13301282,0.44230769,0.28044872,0.27724359,0.37179487,0.34775641,0.28044872
gi|197285188,1,T6SE,636,0.33805031,0.35691824,0.30503145,0.35849057,0.35377358,0.28773585,0.36006289,0.27515723,0.36477987,0.30188679,0.41037736,0.28773585,0.12421384,0.75157233,0.12421384,0.40408805,0.29245283,0.30345912,0.38993711,0.33805031,0.27201258
gi|152983811,1,T6SE,539,0.28571429,0.43042672,0.283859,0.42115028,0.3432282,0.23562152,0.32282004,0.36178108,0.31539889,0.35435993,0.41001855,0.23562152,0.096474954,0.78107607,0.12244898,0.48237477,0.24118738,0.27643785,0.45269017,0.28571429,0.26159555
gi|28870646,1,T6SE,758,0.29287599,0.42084433,0.28627968,0.4182058,0.34036939,0.2414248,0.32453826,0.3469657,0.32849604,0.34960422,0.40897098,0.2414248,0.096306069,0.78100264,0.12269129,0.41952507,0.29419525,0.28627968,0.4353562,0.29287599,0.27176781
gi|77456377,1,T6SE,727,0.2957359,0.42503439,0.27922971,0.40990371,0.33975241,0.25034388,0.32049519,0.34250344,0.33700138,0.33149931,0.41815681,0.25034388,0.10729023,0.77166437,0.12104539,0.47455296,0.26134801,0.26409904,0.434663,0.2957359,0.2696011
gi|104784379,1,T6SE,717,0.30404463,0.39748954,0.29846583,0.40027894,0.35564854,0.24407252,0.33751743,0.32496513,0.33751743,0.32357043,0.43235704,0.24407252,0.092050209,0.78521618,0.12273361,0.46304045,0.25801953,0.27894003,0.42817294,0.30404463,0.26778243
gi|146305851,1,T6SE,726,0.31267218,0.41460055,0.27272727,0.40909091,0.33608815,0.25482094,0.315427,0.33884298,0.34573003,0.34986226,0.3953168,0.25482094,0.11157025,0.75757576,0.13085399,0.48760331,0.24655647,0.26584022,0.43801653,0.31267218,0.24931129
gi|119899760,1,T6SE,710,0.33239437,0.41408451,0.25352113,0.44507042,0.3084507,0.24647887,0.28591549,0.35492958,0.35915493,0.37464789,0.37887324,0.24647887,0.11690141,0.74929577,0.13380282,0.42676056,0.25633803,0.31690141,0.43521127,0.33239437,0.23239437
gi|28872169,1,T6SE,674,0.32344214,0.41246291,0.26409496,0.43916914,0.30712166,0.2537092,0.29970326,0.35163205,0.34866469,0.35163205,0.39465875,0.2537092,0.11721068,0.7537092,0.12908012,0.42136499,0.25074184,0.32789318,0.39317507,0.32344214,0.28338279
gi|188578355,1,T6SE,715,0.33006993,0.42377622,0.24615385,0.43216783,0.32167832,0.24615385,0.29090909,0.36083916,0.34825175,0.34965035,0.4041958,0.24615385,0.11468531,0.76923077,0.11608392,0.44895105,0.25034965,0.3006993,0.38741259,0.33006993,0.28251748
gi|15595457,1,T6SE,716,0.30726257,0.41620112,0.27653631,0.43156425,0.33798883,0.23044693,0.31005587,0.3603352,0.32960894,0.36452514,0.40502793,0.23044693,0.1103352,0.77374302,0.11592179,0.42178771,0.25837989,0.3198324,0.46787709,0.30726257,0.22486034
gi|401762249,1,T6SE,733,0.33151432,0.4106412,0.25784447,0.41200546,0.32878581,0.25920873,0.3042292,0.33424284,0.36152797,0.33969986,0.40109141,0.25920873,0.10914052,0.7680764,0.12278308,0.41746248,0.2633015,0.31923602,0.39972715,0.33151432,0.26875853
gi|26249230,1,T6SE,658,0.33890578,0.42857143,0.2325228,0.42705167,0.31458967,0.25835866,0.28267477,0.35410334,0.36322188,0.34650456,0.39513678,0.25835866,0.12006079,0.75075988,0.12917933,0.40273556,0.25987842,0.33738602,0.36930091,0.33890578,0.29179331
gi|300718511,1,T6SE,678,0.34513274,0.40412979,0.25073746,0.4159292,0.31858407,0.26548673,0.29498525,0.33923304,0.36578171,0.3259587,0.40855457,0.26548673,0.11946903,0.75663717,0.12389381,0.40707965,0.25958702,0.33333333,0.35840708,0.34513274,0.29646018
gi|300697663,1,T6SE,742,0.31536388,0.43126685,0.25336927,0.42722372,0.30727763,0.26549865,0.29784367,0.35175202,0.35040431,0.34231806,0.39218329,0.26549865,0.106469,0.76415094,0.12938005,0.42857143,0.2574124,0.31401617,0.40566038,0.31536388,0.27897574
gi|15596707,1,T6SE,569,0.33919156,0.4059754,0.25483304,0.42003515,0.34973638,0.23022847,0.29349736,0.34622144,0.3602812,0.35325132,0.41652021,0.23022847,0.10544815,0.75922671,0.13532513,0.43585237,0.23550088,0.32864675,0.41652021,0.33919156,0.24428822
gi|116687279,1,T6SE,646,0.31424149,0.41950464,0.26625387,0.43962848,0.31888545,0.24148607,0.29721362,0.36377709,0.33900929,0.37151703,0.3869969,0.24148607,0.10681115,0.76006192,0.13312693,0.42879257,0.25077399,0.32043344,0.43498452,0.31424149,0.25077399
gi|300715001,1,T6SE,556,0.32553957,0.38309353,0.29136691,0.39208633,0.36870504,0.23920863,0.32913669,0.32374101,0.3471223,0.32913669,0.43165468,0.23920863,0.11330935,0.77697842,0.10971223,0.4118705,0.26079137,0.32733813,0.43705036,0.32553957,0.23741007
gi|295095406,1,T6SE,513,0.30994152,0.38791423,0.30214425,0.39181287,0.36062378,0.24756335,0.33918129,0.32358674,0.33723197,0.32163743,0.43079922,0.24756335,0.11111111,0.77582846,0.11306043,0.41325536,0.25925926,0.32748538,0.41520468,0.30994152,0.2748538
gi|91212193,1,T6SE,589,0.35144312,0.3565365,0.29202037,0.36502547,0.38709677,0.24787776,0.3344652,0.29371817,0.37181664,0.30730051,0.44482173,0.24787776,0.11714771,0.74193548,0.14091681,0.42614601,0.25806452,0.31578947,0.39388795,0.35144312,0.25466893
gi|384420437,1,T6SE,625,0.2944,0.4368,0.2688,0.4464,0.304,0.2496,0.3024,0.3776,0.32,0.3744,0.376,0.2496,0.1152,0.7808,0.104,0.4272,0.2544,0.3184,0.4528,0.2944,0.2528
gi|300697198,1,T6SE,672,0.35863095,0.375,0.26636905,0.40178571,0.33482143,0.26339286,0.29315476,0.32440476,0.38244048,0.34970238,0.38690476,0.26339286,0.125,0.75595238,0.11904762,0.48660714,0.25446429,0.25892857,0.40327381,0.35863095,0.23809524
gi|34496689,1,T6SE,656,0.35518293,0.37652439,0.26829268,0.37347561,0.34908537,0.27743902,0.30030488,0.29878049,0.40091463,0.30335366,0.41920732,0.27743902,0.12195122,0.77134146,0.10670732,0.46341463,0.24695122,0.28963415,0.37804878,0.35518293,0.26676829
gi|251792084,1,T6SE,724,0.39364641,0.33701657,0.26933702,0.35359116,0.38535912,0.26104972,0.29696133,0.28038674,0.42265193,0.30110497,0.4378453,0.26104972,0.12845304,0.71961326,0.1519337,0.43508287,0.27486188,0.29005525,0.36740331,0.39364641,0.23895028
gi|194291793,1,T6SE,999,0.31131131,0.3993994,0.28928929,0.42642643,0.33433433,0.23923924,0.31731732,0.35135135,0.33133133,0.36736737,0.39339339,0.23923924,0.11611612,0.77777778,0.10610611,0.44544545,0.25625626,0.2982983,0.44944945,0.31131131,0.23923924
tr|A1TI59|Uncharacterized,1,T6SE,130,0.28461538,0.47692308,0.23846154,0.44615385,0.28461538,0.26923077,0.28461538,0.39230769,0.32307692,0.36923077,0.36153846,0.26923077,0.1,0.83076923,0.069230769,0.4,0.26153846,0.33846154,0.41538462,0.28461538,0.3
tr|A1TMA4|Uncharacterized,1,T6SE,145,0.26206897,0.50344828,0.23448276,0.47586207,0.31034483,0.2137931,0.28965517,0.42758621,0.28275862,0.35172414,0.43448276,0.2137931,0.082758621,0.87586207,0.04137931,0.30344828,0.31724138,0.37931034,0.42758621,0.26206897,0.31034483
tr|A1TPV9|Uncharacterized,1,T6SE,116,0.29310345,0.43965517,0.26724138,0.42241379,0.31896552,0.25862069,0.30172414,0.37931034,0.31896552,0.36206897,0.37931034,0.25862069,0.12068966,0.81034483,0.068965517,0.4137931,0.25,0.3362069,0.49137931,0.29310345,0.21551724
tr|A1TWF0|Uncharacterized,1,T6SE,162,0.24691358,0.5,0.25308642,0.48148148,0.2654321,0.25308642,0.2962963,0.42592593,0.27777778,0.40123457,0.34567901,0.25308642,0.098765432,0.84567901,0.055555556,0.41975309,0.25925926,0.32098765,0.4691358,0.24691358,0.28395062
tr|A7MQ14|Uncharacterized,1,T6SE,164,0.33536585,0.35365854,0.31097561,0.38414634,0.31707317,0.29878049,0.36585366,0.2804878,0.35365854,0.32926829,0.37195122,0.29878049,0.13414634,0.75,0.11585366,0.41463415,0.28658537,0.29878049,0.46341463,0.33536585,0.20121951
tr|A8AER8|Uncharacterized,1,T6SE,125,0.288,0.504,0.208,0.48,0.208,0.312,0.264,0.408,0.328,0.416,0.272,0.312,0.12,0.8,0.08,0.384,0.264,0.352,0.4,0.288,0.312
tr|A8AGA8|Uncharacterized,1,T6SE,56,0.30357143,0.32142857,0.375,0.26785714,0.41071429,0.32142857,0.41071429,0.23214286,0.35714286,0.19642857,0.48214286,0.32142857,0.125,0.82142857,0.053571429,0.51785714,0.375,0.10714286,0.39285714,0.30357143,0.30357143
tr|A9BLK0|Putative,1,T6SE,123,0.2601626,0.50406504,0.23577236,0.49593496,0.19512195,0.30894309,0.29268293,0.42276423,0.28455285,0.43902439,0.25203252,0.30894309,0.11382114,0.80487805,0.081300813,0.3902439,0.28455285,0.32520325,0.45528455,0.2601626,0.28455285
tr|A9BLY3|Putative,1,T6SE,173,0.26589595,0.47398844,0.26011561,0.4566474,0.2716763,0.2716763,0.31213873,0.39884393,0.28901734,0.39306358,0.33526012,0.2716763,0.10982659,0.80346821,0.086705202,0.3583815,0.28901734,0.35260116,0.45086705,0.26589595,0.28323699
tr|B0VVE2|Uncharacterized,1,T6SE,200,0.335,0.335,0.33,0.38,0.38,0.24,0.36,0.285,0.355,0.345,0.415,0.24,0.105,0.75,0.145,0.325,0.33,0.345,0.42,0.335,0.245
tr|B1YTK4|Uncharacterized,1,T6SE,126,0.34920635,0.42063492,0.23015873,0.4047619,0.29365079,0.3015873,0.27777778,0.34126984,0.38095238,0.34920635,0.34920635,0.3015873,0.16666667,0.72222222,0.11111111,0.4047619,0.28571429,0.30952381,0.3968254,0.34920635,0.25396825
tr|B2SWU8|Putative,1,T6SE,122,0.2704918,0.46721311,0.26229508,0.40163934,0.28688525,0.31147541,0.36065574,0.32786885,0.31147541,0.32786885,0.36065574,0.31147541,0.081967213,0.83606557,0.081967213,0.36885246,0.30327869,0.32786885,0.39344262,0.2704918,0.33606557
tr|B2TCX2|Uncharacterized,1,T6SE,133,0.2481203,0.45864662,0.29323308,0.44360902,0.30075188,0.2556391,0.34586466,0.36842105,0.28571429,0.39849624,0.34586466,0.2556391,0.097744361,0.83458647,0.067669173,0.41353383,0.30827068,0.27819549,0.52631579,0.2481203,0.22556391
tr|B2VH84|Putative,1,T6SE,159,0.30188679,0.37735849,0.32075472,0.38993711,0.33333333,0.27672956,0.36477987,0.31446541,0.32075472,0.33333333,0.38993711,0.27672956,0.11949686,0.79874214,0.081761006,0.33962264,0.32075472,0.33962264,0.46540881,0.30188679,0.2327044
tr|C6BHF2|Putative,1,T6SE,119,0.22689076,0.55462185,0.21848739,0.45378151,0.22689076,0.31932773,0.30252101,0.41176471,0.28571429,0.3697479,0.31092437,0.31932773,0.1092437,0.82352941,0.067226891,0.41176471,0.2605042,0.32773109,0.42857143,0.22689076,0.34453782
tr|C9XXJ5|Uncharacterized,1,T6SE,122,0.26229508,0.49180328,0.24590164,0.46721311,0.25409836,0.27868852,0.29508197,0.41803279,0.28688525,0.3852459,0.33606557,0.27868852,0.1147541,0.81147541,0.073770492,0.41803279,0.23770492,0.3442623,0.42622951,0.26229508,0.31147541
tr|C9XYW6|Uncharacterized,1,T6SE,129,0.28682171,0.46511628,0.24806202,0.41085271,0.3255814,0.26356589,0.31007752,0.35658915,0.33333333,0.35658915,0.37984496,0.26356589,0.093023256,0.84496124,0.062015504,0.37209302,0.31007752,0.31782946,0.45736434,0.28682171,0.25581395
tr|C9XZ04|Uncharacterized,1,T6SE,136,0.27941176,0.48529412,0.23529412,0.44117647,0.30882353,0.25,0.28676471,0.39705882,0.31617647,0.38970588,0.36029412,0.25,0.095588235,0.84558824,0.058823529,0.39705882,0.30147059,0.30147059,0.41911765,0.27941176,0.30147059
tr|D2ZDL2|Uncharacterized,1,T6SE,122,0.25409836,0.49180328,0.25409836,0.45081967,0.24590164,0.30327869,0.31967213,0.40163934,0.27868852,0.3852459,0.31147541,0.30327869,0.1147541,0.81967213,0.06557377,0.39344262,0.27868852,0.32786885,0.42622951,0.25409836,0.31967213
tr|D4E4R6|Uncharacterized,1,T6SE,168,0.2797619,0.41666667,0.30357143,0.41071429,0.31547619,0.27380952,0.35119048,0.35119048,0.29761905,0.32738095,0.39880952,0.27380952,0.10714286,0.82738095,0.06547619,0.35119048,0.32142857,0.32738095,0.46428571,0.2797619,0.25595238
tr|D5WCZ6|Uncharacterized,1,T6SE,131,0.29007634,0.45801527,0.2519084,0.41984733,0.3129771,0.26717557,0.28244275,0.38167939,0.33587786,0.35114504,0.38167939,0.26717557,0.10687023,0.83206107,0.061068702,0.39694656,0.30534351,0.29770992,0.41984733,0.29007634,0.29007634
tr|D6J6Z7|Putative,1,T6SE,161,0.25465839,0.40993789,0.33540373,0.42236025,0.34161491,0.23602484,0.36645963,0.35403727,0.27950311,0.34161491,0.42236025,0.23602484,0.080745342,0.8447205,0.074534161,0.26708075,0.33540373,0.39751553,0.47826087,0.25465839,0.26708075
tr|D8NKY6|D8NKY6_RALSLUncharacterized,1,T6SE,125,0.264,0.536,0.2,0.464,0.256,0.28,0.28,0.408,0.312,0.384,0.336,0.28,0.088,0.832,0.08,0.384,0.256,0.36,0.408,0.264,0.328
tr|E8WJ67|Uncharacterized,1,T6SE,93,0.29032258,0.23655914,0.47311828,0.33333333,0.41935484,0.24731183,0.48387097,0.19354839,0.32258065,0.19354839,0.55913978,0.24731183,0.10752688,0.8172043,0.075268817,0.39784946,0.35483871,0.24731183,0.46236559,0.29032258,0.24731183
tr|F5RYK9|Uncharacterized,1,T6SE,160,0.2375,0.4375,0.325,0.44375,0.30625,0.25,0.35625,0.38125,0.2625,0.3625,0.3875,0.25,0.0875,0.85625,0.05625,0.3125,0.33125,0.35625,0.475,0.2375,0.2875
tr|G2S527|Uncharacterized,1,T6SE,120,0.275,0.46666667,0.25833333,0.41666667,0.28333333,0.3,0.31666667,0.325,0.35833333,0.35833333,0.34166667,0.3,0.091666667,0.81666667,0.091666667,0.41666667,0.28333333,0.3,0.40833333,0.275,0.31666667
tr|G4QDA2|Uncharacterized,1,T6SE,143,0.3006993,0.38461538,0.31468531,0.34965035,0.30769231,0.34265734,0.37762238,0.27972028,0.34265734,0.32167832,0.33566434,0.34265734,0.13286713,0.78321678,0.083916084,0.36363636,0.32867133,0.30769231,0.44755245,0.3006993,0.25174825
tr|Q13LX5|Uncharacterized,1,T6SE,126,0.26984127,0.46825397,0.26190476,0.43650794,0.33333333,0.23015873,0.3015873,0.38095238,0.31746032,0.38888889,0.38095238,0.23015873,0.079365079,0.84126984,0.079365079,0.35714286,0.31746032,0.32539683,0.45238095,0.26984127,0.27777778
tr|Q13YG4|Uncharacterized,1,T6SE,133,0.29323308,0.4887218,0.21804511,0.43609023,0.29323308,0.27067669,0.29323308,0.37593985,0.33082707,0.36842105,0.36090226,0.27067669,0.097744361,0.81954887,0.082706767,0.42105263,0.26315789,0.31578947,0.44360902,0.29323308,0.26315789
tr|Q4ZP52|Putative,1,T6SE,167,0.28742515,0.4251497,0.28742515,0.41916168,0.29341317,0.28742515,0.33532934,0.34730539,0.31736527,0.34131737,0.37125749,0.28742515,0.11377246,0.79640719,0.089820359,0.35928144,0.32934132,0.31137725,0.43712575,0.28742515,0.2754491
tr|Q8Z4Z6|NlpC/P60,1,T6SE,122,0.26229508,0.53278689,0.20491803,0.46721311,0.19672131,0.33606557,0.28688525,0.40983607,0.30327869,0.40983607,0.25409836,0.33606557,0.12295082,0.79508197,0.081967213,0.40983607,0.28688525,0.30327869,0.40983607,0.26229508,0.32786885
tr|Q8Z969|Uncharacterised,1,T6SE,133,0.33082707,0.39097744,0.27819549,0.34586466,0.36842105,0.28571429,0.33082707,0.29323308,0.37593985,0.31578947,0.39849624,0.28571429,0.10526316,0.81203008,0.082706767,0.39097744,0.32330827,0.28571429,0.43609023,0.33082707,0.23308271
tr|Q912Q1|VP1,1,T6SE,169,0.32544379,0.43195266,0.24260355,0.40236686,0.36686391,0.23076923,0.28402367,0.33727811,0.37869822,0.33727811,0.43195266,0.23076923,0.082840237,0.79289941,0.12426036,0.4260355,0.20118343,0.37278107,0.36094675,0.32544379,0.31360947
tr|Q93IS4|Putative,1,T6SE,161,0.27950311,0.39130435,0.32919255,0.39751553,0.34782609,0.25465839,0.36645963,0.32298137,0.31055901,0.31677019,0.42857143,0.25465839,0.093167702,0.83850932,0.068322981,0.29192547,0.32298137,0.38509317,0.46583851,0.27950311,0.25465839
sp|E0SAL0|VGRGA_DICD3Putative,1,T6SE,617,0.31118314,0.41329011,0.27552674,0.4165316,0.36952998,0.21393841,0.30307942,0.36142626,0.33549433,0.36628849,0.4197731,0.21393841,0.085899514,0.79416532,0.11993517,0.42301459,0.28849271,0.28849271,0.44570502,0.31118314,0.24311183
gi|56416452,0,non-T6SE,171,0.31578947,0.36842105,0.31578947,0.38596491,0.33918129,0.2748538,0.35087719,0.32163743,0.32748538,0.34502924,0.38011696,0.2748538,0.13450292,0.75438596,0.11111111,0.39766082,0.29239766,0.30994152,0.4502924,0.31578947,0.23391813
gi|56416486,0,non-T6SE,262,0.33969466,0.32824427,0.33206107,0.41984733,0.32061069,0.25954198,0.3740458,0.27480916,0.35114504,0.32061069,0.41984733,0.25954198,0.14122137,0.72519084,0.13358779,0.39694656,0.29007634,0.3129771,0.40458015,0.33969466,0.25572519
gi|56416658,0,non-T6SE,179,0.31284916,0.36871508,0.31843575,0.42458101,0.3575419,0.21787709,0.33519553,0.33519553,0.32960894,0.36871508,0.41340782,0.21787709,0.10055866,0.75418994,0.1452514,0.4301676,0.25698324,0.31284916,0.46368715,0.31284916,0.22346369
gi|56416728,0,non-T6SE,369,0.25745257,0.40921409,0.33333333,0.45528455,0.35772358,0.18699187,0.35230352,0.38211382,0.26558266,0.38482385,0.42818428,0.18699187,0.097560976,0.7804878,0.12195122,0.4200542,0.27100271,0.30894309,0.50948509,0.25745257,0.23306233
gi|56416785,0,non-T6SE,431,0.30162413,0.38515081,0.31322506,0.41763341,0.39443155,0.18793503,0.34106729,0.34570766,0.31322506,0.38051044,0.43155452,0.18793503,0.10440835,0.77262181,0.12296984,0.42459397,0.27610209,0.29930394,0.49651972,0.30162413,0.20185615
gi|56416813,0,non-T6SE,201,0.23880597,0.39800995,0.36318408,0.3880597,0.37313433,0.23880597,0.3880597,0.32338308,0.28855721,0.32835821,0.43283582,0.23880597,0.094527363,0.81094527,0.094527363,0.47263682,0.28855721,0.23880597,0.46766169,0.23880597,0.29353234
gi|161544987,0,non-T6SE,327,0.29357798,0.40978593,0.29663609,0.43119266,0.36085627,0.20795107,0.32415902,0.35474006,0.32110092,0.37003058,0.42201835,0.20795107,0.10703364,0.76146789,0.13149847,0.41284404,0.25993884,0.32721713,0.47094801,0.29357798,0.23547401
gi|49474890,0,non-T6SE,381,0.37007874,0.37532808,0.25459318,0.40682415,0.31233596,0.2808399,0.27559055,0.32808399,0.39632546,0.33858268,0.38057743,0.2808399,0.15223097,0.70866142,0.13910761,0.44619423,0.23884514,0.31496063,0.41732283,0.37007874,0.21259843
gi|49474941,0,non-T6SE,672,0.14732143,0.39583333,0.45684524,0.36309524,0.35119048,0.28571429,0.48958333,0.33035714,0.18005952,0.30654762,0.4077381,0.28571429,0.050595238,0.90625,0.043154762,0.35416667,0.39880952,0.24702381,0.5952381,0.14732143,0.25744048
gi|49475017,0,non-T6SE,332,0.35843373,0.29518072,0.34638554,0.30120482,0.42168675,0.27710843,0.38554217,0.23493976,0.37951807,0.25301205,0.46987952,0.27710843,0.14457831,0.73493976,0.12048193,0.44879518,0.31024096,0.24096386,0.4126506,0.35843373,0.22891566
gi|49475022,0,non-T6SE,733,0.33015007,0.36562074,0.3042292,0.39427012,0.37653479,0.22919509,0.32469304,0.32742156,0.3478854,0.35061392,0.420191,0.22919509,0.12414734,0.72442019,0.15143247,0.45020464,0.28785812,0.26193724,0.43929059,0.33015007,0.23055935
gi|49475050,0,non-T6SE,373,0.20107239,0.37533512,0.42359249,0.37533512,0.38605898,0.2386059,0.46648794,0.32439678,0.20911528,0.33512064,0.42627346,0.2386059,0.072386059,0.84718499,0.080428954,0.35656836,0.35120643,0.2922252,0.54423592,0.20107239,0.25469169
gi|49475082,0,non-T6SE,383,0.2689295,0.38642298,0.34464752,0.4073107,0.33681462,0.25587467,0.37336815,0.33681462,0.28981723,0.36814621,0.37597911,0.25587467,0.11488251,0.78067885,0.10443864,0.45430809,0.27937337,0.26631854,0.52219321,0.2689295,0.20887728
gi|49475197,0,non-T6SE,451,0.16407982,0.37250554,0.46341463,0.37472284,0.42793792,0.19733925,0.4767184,0.35033259,0.172949,0.33481153,0.46784922,0.19733925,0.055432373,0.90022173,0.044345898,0.38359202,0.34368071,0.27272727,0.60088692,0.16407982,0.23503326
gi|49475229,0,non-T6SE,366,0.28415301,0.41530055,0.30054645,0.43715847,0.33606557,0.22677596,0.32786885,0.3579235,0.31420765,0.37704918,0.39617486,0.22677596,0.10928962,0.78688525,0.10382514,0.36612022,0.30874317,0.32513661,0.48087432,0.28415301,0.23497268
gi|49475398,0,non-T6SE,1383,0.35502531,0.33261027,0.31236443,0.37744035,0.37310195,0.2494577,0.33984093,0.28850325,0.37165582,0.32899494,0.42154736,0.2494577,0.12509038,0.71294288,0.16196674,0.45119306,0.26102675,0.28778019,0.42443962,0.35502531,0.22053507
gi|49475551,0,non-T6SE,161,0.34782609,0.39130435,0.26086957,0.37888199,0.32919255,0.29192547,0.29192547,0.34161491,0.36645963,0.34782609,0.36024845,0.29192547,0.1863354,0.72670807,0.086956522,0.46583851,0.29192547,0.24223602,0.42857143,0.34782609,0.22360248
gi|49475600,0,non-T6SE,276,0.29347826,0.39130435,0.31521739,0.40217391,0.34057971,0.25724638,0.36231884,0.3115942,0.32608696,0.33333333,0.40942029,0.25724638,0.10144928,0.77898551,0.11956522,0.36956522,0.34057971,0.28985507,0.45289855,0.29347826,0.25362319
gi|49475756,0,non-T6SE,931,0.34801289,0.33727175,0.31471536,0.38238453,0.38560687,0.23200859,0.33727175,0.29752954,0.36519871,0.33190118,0.43609023,0.23200859,0.13104189,0.71106337,0.15789474,0.44360902,0.27282492,0.28356606,0.42857143,0.34801289,0.22341568
gi|49475880,0,non-T6SE,405,0.28148148,0.31358025,0.40493827,0.31358025,0.44444444,0.24197531,0.43209877,0.27160494,0.2962963,0.2691358,0.48888889,0.24197531,0.098765432,0.82469136,0.07654321,0.41234568,0.35555556,0.23209877,0.49135802,0.28148148,0.22716049
gi|49475883,0,non-T6SE,171,0.31578947,0.34502924,0.33918129,0.35672515,0.35672515,0.28654971,0.36842105,0.28070175,0.35087719,0.26315789,0.4502924,0.28654971,0.14035088,0.73684211,0.12280702,0.46783626,0.26900585,0.26315789,0.39181287,0.31578947,0.29239766
gi|49476134,0,non-T6SE,715,0.35804196,0.35664336,0.28531469,0.38041958,0.38181818,0.23776224,0.2979021,0.33286713,0.36923077,0.33706294,0.42517483,0.23776224,0.13846154,0.73706294,0.12447552,0.48251748,0.22937063,0.28811189,0.43356643,0.35804196,0.20839161
gi|49476146,0,non-T6SE,361,0.33518006,0.34626039,0.31855956,0.39058172,0.39058172,0.21883657,0.33518006,0.30747922,0.35734072,0.32963989,0.45152355,0.21883657,0.12742382,0.72853186,0.14404432,0.51800554,0.23268698,0.24930748,0.47922438,0.33518006,0.18559557
gi|49476187,0,non-T6SE,531,0.29378531,0.41054614,0.29566855,0.42937853,0.38041431,0.19020716,0.32015066,0.37288136,0.30696798,0.37664783,0.43314501,0.19020716,0.10357815,0.7740113,0.12241055,0.41996234,0.28248588,0.29755179,0.46516008,0.29378531,0.24105461
gi|33591276,0,non-T6SE,639,0.31298905,0.40688576,0.2801252,0.40532081,0.38028169,0.2143975,0.3114241,0.34741784,0.34115806,0.34741784,0.43818466,0.2143975,0.10798122,0.77308294,0.11893584,0.48513302,0.23943662,0.27543036,0.46165884,0.31298905,0.22535211
gi|33591308,0,non-T6SE,131,0.36641221,0.36641221,0.26717557,0.38167939,0.3129771,0.30534351,0.32061069,0.28244275,0.39694656,0.35114504,0.34351145,0.30534351,0.14503817,0.67938931,0.17557252,0.44274809,0.29007634,0.26717557,0.40458015,0.36641221,0.22900763
gi|33591337,0,non-T6SE,193,0.28497409,0.42487047,0.29015544,0.42487047,0.31088083,0.2642487,0.31606218,0.3626943,0.32124352,0.33678756,0.39896373,0.2642487,0.12435233,0.78756477,0.088082902,0.4507772,0.23834197,0.31088083,0.48704663,0.28497409,0.22797927
gi|33591364,0,non-T6SE,220,0.24545455,0.45454545,0.3,0.44545455,0.34545455,0.20909091,0.34545455,0.38181818,0.27272727,0.35909091,0.43181818,0.20909091,0.090909091,0.81818182,0.090909091,0.49545455,0.25,0.25454545,0.54090909,0.24545455,0.21363636
gi|33591365,0,non-T6SE,333,0.31231231,0.40540541,0.28228228,0.41441441,0.32132132,0.26426426,0.31231231,0.33033033,0.35735736,0.32432432,0.41141141,0.26426426,0.12312312,0.74774775,0.12912913,0.48348348,0.24924925,0.26726727,0.40840841,0.31231231,0.27927928
gi|33591421,0,non-T6SE,158,0.39240506,0.26582278,0.34177215,0.29113924,0.46835443,0.24050633,0.37341772,0.18987342,0.43670886,0.26582278,0.49367089,0.24050633,0.094936709,0.72151899,0.1835443,0.5443038,0.23417722,0.22151899,0.42405063,0.39240506,0.1835443
gi|33591450,0,non-T6SE,637,0.31711146,0.40188383,0.28100471,0.4144427,0.32496075,0.26059655,0.30926217,0.3422292,0.34850863,0.34065934,0.39874411,0.26059655,0.1177394,0.74097331,0.14128728,0.46153846,0.26844584,0.2700157,0.42700157,0.31711146,0.25588697
gi|33591498,0,non-T6SE,539,0.20222635,0.39888683,0.39888683,0.38589981,0.35250464,0.26159555,0.432282,0.35064935,0.21706865,0.34137291,0.39703154,0.26159555,0.07606679,0.84786642,0.07606679,0.43970315,0.32282004,0.23747681,0.55844156,0.20222635,0.2393321
gi|33591525,0,non-T6SE,619,0.27463651,0.42649435,0.29886914,0.47172859,0.31987076,0.20840065,0.31825525,0.38449111,0.29725363,0.41357027,0.37802908,0.20840065,0.096930533,0.7819063,0.12116317,0.44426494,0.26009693,0.29563813,0.50403877,0.27463651,0.22132472
gi|33591569,0,non-T6SE,216,0.25925926,0.44444444,0.2962963,0.46759259,0.28240741,0.25,0.31481481,0.39814815,0.28703704,0.375,0.375,0.25,0.10185185,0.81018519,0.087962963,0.50462963,0.20833333,0.28703704,0.51851852,0.25925926,0.22222222
gi|33591598,0,non-T6SE,224,0.22767857,0.47767857,0.29464286,0.5,0.28571429,0.21428571,0.32142857,0.43303571,0.24553571,0.45982143,0.32589286,0.21428571,0.089285714,0.80803571,0.10267857,0.42857143,0.27232143,0.29910714,0.54464286,0.22767857,0.22767857
gi|33591615,0,non-T6SE,200,0.26,0.405,0.335,0.445,0.355,0.2,0.34,0.355,0.305,0.395,0.405,0.2,0.07,0.8,0.13,0.5,0.235,0.265,0.515,0.26,0.225
gi|33591651,0,non-T6SE,134,0.30597015,0.37313433,0.32089552,0.39552239,0.38059701,0.2238806,0.35074627,0.3358209,0.31343284,0.32835821,0.44776119,0.2238806,0.082089552,0.80597015,0.1119403,0.39552239,0.30597015,0.29850746,0.49253731,0.30597015,0.20149254
gi|33591687,0,non-T6SE,1042,0.36756238,0.4193858,0.21305182,0.4462572,0.36084453,0.19289827,0.22072937,0.38963532,0.38963532,0.37619962,0.43090211,0.19289827,0.12763916,0.71305182,0.15930902,0.54126679,0.20825336,0.25047985,0.42418426,0.36756238,0.20825336
gi|33591698,0,non-T6SE,817,0.34394125,0.36474908,0.29130967,0.39657283,0.36964504,0.23378213,0.31334149,0.31823745,0.36842105,0.35862913,0.40758874,0.23378213,0.12974296,0.7246022,0.14565483,0.49204406,0.24357405,0.26438188,0.45777234,0.34394125,0.19828641
gi|33591728,0,non-T6SE,111,0.31531532,0.51351351,0.17117117,0.4954955,0.27027027,0.23423423,0.22522523,0.44144144,0.33333333,0.45945946,0.30630631,0.23423423,0.10810811,0.81081081,0.081081081,0.42342342,0.24324324,0.33333333,0.35135135,0.31531532,0.33333333
gi|33591806,0,non-T6SE,250,0.344,0.376,0.28,0.388,0.352,0.26,0.324,0.308,0.368,0.336,0.404,0.26,0.132,0.724,0.144,0.516,0.24,0.244,0.456,0.344,0.2
gi|33591844,0,non-T6SE,573,0.30191972,0.39965096,0.29842932,0.41186736,0.32984293,0.2582897,0.33333333,0.32984293,0.33682373,0.34205934,0.39965096,0.2582897,0.12041885,0.7574171,0.12216405,0.47120419,0.2565445,0.27225131,0.47993019,0.30191972,0.21815009
gi|33591852,0,non-T6SE,327,0.26299694,0.40978593,0.32721713,0.44954128,0.36391437,0.18654434,0.34250765,0.37920489,0.27828746,0.39755352,0.41590214,0.18654434,0.097859327,0.79816514,0.10397554,0.47094801,0.23853211,0.29051988,0.55045872,0.26299694,0.18654434
gi|33591890,0,non-T6SE,404,0.27227723,0.42079208,0.30693069,0.43564356,0.36881188,0.19554455,0.32673267,0.37623762,0.2970297,0.37376238,0.43069307,0.19554455,0.096534653,0.78217822,0.12128713,0.46039604,0.27722772,0.26237624,0.50990099,0.27227723,0.21782178
gi|33591923,0,non-T6SE,377,0.32625995,0.4137931,0.25994695,0.46419098,0.32095491,0.21485411,0.27851459,0.37400531,0.34748011,0.4005305,0.38461538,0.21485411,0.11671088,0.74270557,0.14058355,0.42970822,0.22811671,0.34217507,0.47480106,0.32625995,0.19893899
gi|33591961,0,non-T6SE,163,0.33128834,0.30674847,0.36196319,0.32515337,0.45398773,0.2208589,0.37423313,0.27607362,0.34969325,0.31288344,0.46625767,0.2208589,0.14110429,0.70552147,0.15337423,0.46625767,0.33128834,0.20245399,0.46625767,0.33128834,0.20245399
gi|33592032,0,non-T6SE,162,0.22839506,0.4691358,0.30246914,0.48148148,0.32716049,0.19135802,0.31481481,0.40740741,0.27777778,0.4382716,0.37037037,0.19135802,0.086419753,0.82098765,0.092592593,0.4691358,0.2345679,0.2962963,0.60493827,0.22839506,0.16666667
gi|33592099,0,non-T6SE,241,0.25726141,0.43983402,0.30290456,0.43983402,0.34439834,0.21576763,0.33195021,0.39419087,0.27385892,0.36929461,0.41493776,0.21576763,0.091286307,0.80497925,0.10373444,0.45228216,0.25726141,0.29045643,0.46473029,0.25726141,0.2780083
gi|33592102,0,non-T6SE,377,0.25729443,0.44297082,0.29973475,0.44297082,0.30769231,0.24933687,0.32891247,0.38196286,0.28912467,0.37931034,0.37135279,0.24933687,0.087533156,0.80636605,0.1061008,0.46949602,0.23076923,0.29973475,0.48806366,0.25729443,0.25464191
gi|33592105,0,non-T6SE,442,0.239819,0.4479638,0.31221719,0.48642534,0.30769231,0.20588235,0.33710407,0.41176471,0.25113122,0.42760181,0.36651584,0.20588235,0.095022624,0.78959276,0.11538462,0.44570136,0.25339367,0.30090498,0.54977376,0.239819,0.21040724
gi|161610761,0,non-T6SE,571,0.35376532,0.32924694,0.31698774,0.37127846,0.42206655,0.20665499,0.32749562,0.30647986,0.36602452,0.34500876,0.44833625,0.20665499,0.12434326,0.71978984,0.1558669,0.44483363,0.26619965,0.28896673,0.46234676,0.35376532,0.18388792
gi|33592108,0,non-T6SE,119,0.32773109,0.41176471,0.2605042,0.44537815,0.31092437,0.24369748,0.27731092,0.3697479,0.35294118,0.39495798,0.36134454,0.24369748,0.11764706,0.76470588,0.11764706,0.48739496,0.17647059,0.33613445,0.39495798,0.32773109,0.27731092
gi|33592122,0,non-T6SE,344,0.31686047,0.40406977,0.27906977,0.43313953,0.3372093,0.22965116,0.31686047,0.35465116,0.32848837,0.37790698,0.39244186,0.22965116,0.12209302,0.75872093,0.11918605,0.43604651,0.28197674,0.28197674,0.47383721,0.31686047,0.20930233
gi|33592143,0,non-T6SE,901,0.32186459,0.4017758,0.2763596,0.38956715,0.33740289,0.27302997,0.31853496,0.32297447,0.35849057,0.3318535,0.39511654,0.27302997,0.11320755,0.75471698,0.13207547,0.47946726,0.236404,0.28412875,0.43618202,0.32186459,0.24195339
gi|33592161,0,non-T6SE,491,0.19144603,0.41344196,0.39511202,0.41955193,0.37270876,0.20773931,0.41344196,0.37270876,0.21384929,0.3808554,0.4114053,0.20773931,0.077393075,0.85947047,0.063136456,0.43584521,0.29735234,0.26680244,0.57841141,0.19144603,0.23014257
gi|33592162,0,non-T6SE,216,0.24074074,0.46296296,0.2962963,0.51851852,0.32407407,0.15740741,0.31018519,0.43981481,0.25,0.41666667,0.42592593,0.15740741,0.087962963,0.80555556,0.10648148,0.44444444,0.25925926,0.2962963,0.5,0.24074074,0.25925926
gi|33592170,0,non-T6SE,186,0.24731183,0.44086022,0.31182796,0.4516129,0.28494624,0.26344086,0.33870968,0.38172043,0.27956989,0.36021505,0.37634409,0.26344086,0.10752688,0.8172043,0.075268817,0.48924731,0.25268817,0.25806452,0.47849462,0.24731183,0.27419355
gi|33592172,0,non-T6SE,315,0.34285714,0.38095238,0.27619048,0.4,0.36190476,0.23809524,0.29206349,0.34603175,0.36190476,0.35873016,0.4031746,0.23809524,0.13650794,0.74920635,0.11428571,0.4952381,0.2,0.3047619,0.44761905,0.34285714,0.20952381
gi|33592173,0,non-T6SE,685,0.31094891,0.38540146,0.30364964,0.43211679,0.39854015,0.16934307,0.31386861,0.35620438,0.32992701,0.3649635,0.46569343,0.16934307,0.084671533,0.77372263,0.14160584,0.49635036,0.23211679,0.27153285,0.47737226,0.31094891,0.21167883
gi|33592174,0,non-T6SE,166,0.30120482,0.31927711,0.37951807,0.34939759,0.46987952,0.18072289,0.40361446,0.28915663,0.30722892,0.31927711,0.5,0.18072289,0.090361446,0.76506024,0.14457831,0.41566265,0.34337349,0.24096386,0.5,0.30120482,0.19879518
gi|33592178,0,non-T6SE,210,0.39047619,0.31904762,0.29047619,0.4047619,0.41428571,0.18095238,0.3,0.3047619,0.3952381,0.36190476,0.45714286,0.18095238,0.09047619,0.75714286,0.15238095,0.55714286,0.19047619,0.25238095,0.42380952,0.39047619,0.18571429
gi|33592184,0,non-T6SE,447,0.33557047,0.35346756,0.31096197,0.39373602,0.36912752,0.23713647,0.33557047,0.30872483,0.3557047,0.32662192,0.43624161,0.23713647,0.12080537,0.74272931,0.13646532,0.44519016,0.27293065,0.28187919,0.43400447,0.33557047,0.23042506
gi|33592201,0,non-T6SE,519,0.28131021,0.40655106,0.31213873,0.43545279,0.32947977,0.23506744,0.33911368,0.36223507,0.29865125,0.34489403,0.42003854,0.23506744,0.10789981,0.76685934,0.12524085,0.44894027,0.25626204,0.29479769,0.46628131,0.28131021,0.25240848
gi|33592209,0,non-T6SE,278,0.1618705,0.41726619,0.42086331,0.39568345,0.40647482,0.19784173,0.45323741,0.37769784,0.16906475,0.3381295,0.46402878,0.19784173,0.064748201,0.91007194,0.025179856,0.41726619,0.33093525,0.25179856,0.60431655,0.1618705,0.23381295
gi|33592210,0,non-T6SE,338,0.15976331,0.40532544,0.43491124,0.40532544,0.39349112,0.20118343,0.45266272,0.38757396,0.15976331,0.34615385,0.45266272,0.20118343,0.053254438,0.8964497,0.050295858,0.38757396,0.33431953,0.27810651,0.58579882,0.15976331,0.25443787
gi|33592211,0,non-T6SE,346,0.29479769,0.43641618,0.26878613,0.45953757,0.32369942,0.21676301,0.29768786,0.4017341,0.30057803,0.4132948,0.3699422,0.21676301,0.10404624,0.80057803,0.095375723,0.42485549,0.2716763,0.30346821,0.52312139,0.29479769,0.18208092
gi|33592259,0,non-T6SE,956,0.31485356,0.40271967,0.28242678,0.39644351,0.35669456,0.24686192,0.31799163,0.33368201,0.34832636,0.34518828,0.40794979,0.24686192,0.10355649,0.7709205,0.12552301,0.458159,0.26778243,0.27405858,0.43410042,0.31485356,0.25104603
gi|33592276,0,non-T6SE,791,0.3312263,0.38432364,0.28445006,0.43109987,0.35777497,0.21112516,0.29709229,0.35777497,0.34513274,0.37420986,0.41466498,0.21112516,0.13274336,0.72566372,0.14159292,0.51201011,0.23261694,0.25537295,0.49557522,0.3312263,0.17319848
gi|33592355,0,non-T6SE,453,0.26490066,0.42604857,0.30905077,0.44370861,0.38189845,0.17439294,0.32229581,0.39293598,0.28476821,0.37969095,0.44591611,0.17439294,0.099337748,0.799117,0.10154525,0.49448124,0.24503311,0.26048565,0.5209713,0.26490066,0.21412804
gi|33592369,0,non-T6SE,201,0.28855721,0.45771144,0.25373134,0.45771144,0.30845771,0.23383085,0.28855721,0.4079602,0.30348259,0.3681592,0.39800995,0.23383085,0.094527363,0.8159204,0.089552239,0.48756219,0.20895522,0.30348259,0.45273632,0.28855721,0.25870647
gi|33592375,0,non-T6SE,997,0.34102307,0.41524574,0.24373119,0.44332999,0.37311936,0.18355065,0.25075226,0.39117352,0.35807422,0.37211635,0.444333,0.18355065,0.12437312,0.73019057,0.14543631,0.52758275,0.22367101,0.24874624,0.45035105,0.34102307,0.20862588
gi|33592382,0,non-T6SE,904,0.3119469,0.38606195,0.30199115,0.41482301,0.36504425,0.22013274,0.33075221,0.3340708,0.33517699,0.35951327,0.42035398,0.22013274,0.10730088,0.75331858,0.13938053,0.49668142,0.24336283,0.25995575,0.47566372,0.3119469,0.21238938
gi|33592384,0,non-T6SE,262,0.23664122,0.48854962,0.27480916,0.48091603,0.29389313,0.22519084,0.32061069,0.40458015,0.27480916,0.41603053,0.35877863,0.22519084,0.080152672,0.82061069,0.099236641,0.45801527,0.24427481,0.29770992,0.52671756,0.23664122,0.23664122
gi|33592386,0,non-T6SE,463,0.26349892,0.42980562,0.30669546,0.4362851,0.33909287,0.22462203,0.33261339,0.37365011,0.2937365,0.37796976,0.39740821,0.22462203,0.097192225,0.79697624,0.10583153,0.48812095,0.23542117,0.27645788,0.52267819,0.26349892,0.21382289
gi|33592390,0,non-T6SE,141,0.29078014,0.39716312,0.31205674,0.43262411,0.34751773,0.21985816,0.34042553,0.36170213,0.29787234,0.36879433,0.41134752,0.21985816,0.10638298,0.80141844,0.092198582,0.45390071,0.27659574,0.26950355,0.4751773,0.29078014,0.23404255
gi|33592400,0,non-T6SE,308,0.13961039,0.42207792,0.43831169,0.3961039,0.39285714,0.21103896,0.47727273,0.37337662,0.14935065,0.35714286,0.43181818,0.21103896,0.055194805,0.90909091,0.035714286,0.39285714,0.35714286,0.25,0.62012987,0.13961039,0.24025974
gi|33592405,0,non-T6SE,437,0.30663616,0.42334096,0.27002288,0.41418764,0.32951945,0.25629291,0.31121281,0.36842105,0.32036613,0.36384439,0.3798627,0.25629291,0.11212815,0.78489703,0.10297483,0.44622426,0.27459954,0.2791762,0.46224256,0.30663616,0.23112128
gi|33592407,0,non-T6SE,283,0.16961131,0.38162544,0.44876325,0.3745583,0.36749117,0.25795053,0.48409894,0.33922261,0.17667845,0.31448763,0.42756184,0.25795053,0.067137809,0.87279152,0.060070671,0.40989399,0.36749117,0.22261484,0.56890459,0.16961131,0.2614841
gi|33592423,0,non-T6SE,233,0.31330472,0.40343348,0.2832618,0.38197425,0.36051502,0.25751073,0.3304721,0.33476395,0.33476395,0.30472103,0.43776824,0.25751073,0.10300429,0.78540773,0.11158798,0.45922747,0.27467811,0.26609442,0.45064378,0.31330472,0.2360515
gi|33592476,0,non-T6SE,135,0.36296296,0.36296296,0.27407407,0.39259259,0.36296296,0.24444444,0.3037037,0.31851852,0.37777778,0.34074074,0.41481481,0.24444444,0.11111111,0.77037037,0.11851852,0.51111111,0.19259259,0.2962963,0.36296296,0.36296296,0.27407407
gi|33592484,0,non-T6SE,340,0.32352941,0.42941176,0.24705882,0.44705882,0.33529412,0.21764706,0.27647059,0.39411765,0.32941176,0.4,0.38235294,0.21764706,0.11470588,0.77352941,0.11176471,0.53529412,0.18823529,0.27647059,0.45882353,0.32352941,0.21764706
gi|33592487,0,non-T6SE,606,0.32673267,0.41254125,0.26072607,0.44719472,0.38118812,0.17161716,0.2689769,0.3960396,0.3349835,0.41419142,0.41419142,0.17161716,0.1039604,0.77227723,0.12376238,0.53960396,0.21287129,0.24752475,0.48184818,0.32673267,0.19141914
gi|33592501,0,non-T6SE,336,0.35416667,0.32142857,0.32440476,0.38392857,0.41369048,0.20238095,0.33333333,0.30357143,0.36309524,0.36904762,0.42857143,0.20238095,0.11011905,0.72321429,0.16666667,0.53571429,0.20238095,0.26190476,0.4672619,0.35416667,0.17857143
gi|33592520,0,non-T6SE,186,0.40322581,0.32258065,0.27419355,0.37096774,0.39247312,0.23655914,0.29032258,0.29569892,0.41397849,0.33333333,0.43010753,0.23655914,0.17204301,0.65591398,0.17204301,0.51612903,0.23655914,0.24731183,0.37634409,0.40322581,0.22043011
gi|33592528,0,non-T6SE,151,0.29139073,0.34437086,0.36423841,0.36423841,0.37748344,0.25827815,0.39072848,0.29139073,0.31788079,0.28476821,0.45695364,0.25827815,0.1192053,0.75496689,0.12582781,0.48344371,0.26490066,0.25165563,0.48344371,0.29139073,0.22516556
gi|33592575,0,non-T6SE,216,0.34722222,0.31944444,0.33333333,0.35648148,0.38425926,0.25925926,0.35648148,0.27777778,0.36574074,0.28703704,0.4537037,0.25925926,0.125,0.74074074,0.13425926,0.46759259,0.23611111,0.2962963,0.48148148,0.34722222,0.1712963
gi|33592577,0,non-T6SE,376,0.27925532,0.3856383,0.33510638,0.44414894,0.35638298,0.19946809,0.34840426,0.3643617,0.28723404,0.38297872,0.41755319,0.19946809,0.093085106,0.79521277,0.11170213,0.45744681,0.24734043,0.29521277,0.52393617,0.27925532,0.19680851
gi|33592642,0,non-T6SE,108,0.34259259,0.35185185,0.30555556,0.41666667,0.34259259,0.24074074,0.30555556,0.34259259,0.35185185,0.37037037,0.38888889,0.24074074,0.12037037,0.75,0.12962963,0.62037037,0.14814815,0.23148148,0.4537037,0.34259259,0.2037037
gi|33592677,0,non-T6SE,246,0.28455285,0.42682927,0.28861789,0.4796748,0.32926829,0.19105691,0.30081301,0.39837398,0.30081301,0.43902439,0.3699187,0.19105691,0.1097561,0.76829268,0.12195122,0.49186992,0.2398374,0.26829268,0.5203252,0.28455285,0.19512195
gi|33592689,0,non-T6SE,232,0.29310345,0.44396552,0.26293103,0.45258621,0.29310345,0.25431034,0.28448276,0.37068966,0.34482759,0.40517241,0.34051724,0.25431034,0.10344828,0.75862069,0.13793103,0.46982759,0.20258621,0.32758621,0.46982759,0.29310345,0.23706897
gi|33592773,0,non-T6SE,149,0.25503356,0.4295302,0.31543624,0.44295302,0.36241611,0.19463087,0.34228188,0.37583893,0.28187919,0.36912752,0.43624161,0.19463087,0.10738255,0.79194631,0.10067114,0.4966443,0.26845638,0.23489933,0.55033557,0.25503356,0.19463087
gi|33592860,0,non-T6SE,170,0.32352941,0.38823529,0.28823529,0.44117647,0.34705882,0.21176471,0.30588235,0.35294118,0.34117647,0.38823529,0.4,0.21176471,0.12352941,0.78235294,0.094117647,0.47058824,0.24705882,0.28235294,0.44117647,0.32352941,0.23529412
gi|33592866,0,non-T6SE,113,0.30973451,0.3539823,0.33628319,0.43362832,0.39823009,0.16814159,0.34513274,0.2920354,0.36283186,0.31858407,0.51327434,0.16814159,0.07079646,0.74336283,0.18584071,0.44247788,0.30088496,0.25663717,0.43362832,0.30973451,0.25663717
gi|33592952,0,non-T6SE,321,0.33333333,0.37383178,0.29283489,0.38317757,0.37071651,0.24610592,0.3271028,0.32398754,0.34890966,0.32398754,0.42990654,0.24610592,0.13084112,0.74766355,0.12149533,0.52024922,0.22741433,0.25233645,0.46728972,0.33333333,0.19937695
gi|33593047,0,non-T6SE,863,0.29432213,0.4032445,0.30243337,0.44843569,0.33719583,0.21436848,0.32560834,0.36384705,0.31054461,0.37079954,0.41483198,0.21436848,0.10428737,0.76477404,0.13093859,0.43453071,0.25955968,0.30590962,0.46234067,0.29432213,0.2433372
gi|33593102,0,non-T6SE,440,0.31590909,0.40681818,0.27727273,0.41590909,0.34318182,0.24090909,0.31136364,0.35454545,0.33409091,0.37727273,0.38181818,0.24090909,0.10227273,0.77954545,0.11818182,0.47954545,0.26136364,0.25909091,0.47272727,0.31590909,0.21136364
gi|33593188,0,non-T6SE,760,0.38421053,0.36842105,0.24736842,0.425,0.32894737,0.24605263,0.26578947,0.33684211,0.39736842,0.37763158,0.37631579,0.24605263,0.15657895,0.675,0.16842105,0.525,0.21973684,0.25526316,0.39473684,0.38421053,0.22105263
gi|33593279,0,non-T6SE,329,0.27051672,0.4224924,0.30699088,0.41033435,0.38297872,0.20668693,0.33738602,0.36474164,0.29787234,0.35866261,0.43465046,0.20668693,0.10638298,0.80243161,0.09118541,0.46808511,0.27051672,0.26139818,0.53495441,0.27051672,0.19452888
gi|33593284,0,non-T6SE,528,0.16477273,0.44507576,0.39015152,0.45075758,0.34469697,0.20454545,0.40719697,0.41477273,0.1780303,0.39772727,0.39772727,0.20454545,0.056818182,0.89583333,0.047348485,0.41287879,0.33333333,0.25378788,0.57007576,0.16477273,0.26515152
gi|33593301,0,non-T6SE,532,0.29887218,0.40601504,0.29511278,0.44172932,0.35714286,0.20112782,0.30827068,0.38157895,0.31015038,0.37593985,0.42293233,0.20112782,0.11278195,0.77443609,0.11278195,0.5037594,0.21616541,0.28007519,0.4887218,0.29887218,0.21240602
gi|33593303,0,non-T6SE,446,0.2735426,0.45067265,0.27578475,0.47757848,0.30269058,0.21973094,0.30044843,0.39461883,0.30493274,0.4103139,0.36995516,0.21973094,0.10313901,0.7735426,0.12331839,0.46412556,0.25560538,0.28026906,0.48878924,0.2735426,0.23766816
gi|33593318,0,non-T6SE,90,0.26666667,0.41111111,0.32222222,0.56666667,0.25555556,0.17777778,0.32222222,0.4,0.27777778,0.36666667,0.45555556,0.17777778,0.1,0.77777778,0.12222222,0.42222222,0.22222222,0.35555556,0.42222222,0.26666667,0.31111111
gi|33593330,0,non-T6SE,90,0.42222222,0.28888889,0.28888889,0.3,0.43333333,0.26666667,0.32222222,0.25555556,0.42222222,0.23333333,0.5,0.26666667,0.14444444,0.71111111,0.14444444,0.53333333,0.24444444,0.22222222,0.4,0.42222222,0.17777778
gi|33593333,0,non-T6SE,226,0.28761062,0.38495575,0.32743363,0.45132743,0.38938053,0.15929204,0.33628319,0.36725664,0.29646018,0.39823009,0.44247788,0.15929204,0.10176991,0.77433628,0.12389381,0.46460177,0.23893805,0.29646018,0.55752212,0.28761062,0.15486726
gi|33593350,0,non-T6SE,436,0.28899083,0.38761468,0.3233945,0.40366972,0.33486239,0.26146789,0.3646789,0.31880734,0.31651376,0.33486239,0.40366972,0.26146789,0.096330275,0.7912844,0.11238532,0.42431193,0.28899083,0.28669725,0.45642202,0.28899083,0.25458716
gi|33593385,0,non-T6SE,633,0.30015798,0.3807267,0.31911532,0.39652449,0.37598736,0.22748815,0.33017378,0.33965245,0.33017378,0.33175355,0.44075829,0.22748815,0.11690363,0.76619273,0.11690363,0.50394945,0.23696682,0.25908373,0.46603476,0.30015798,0.23380727
gi|33593386,0,non-T6SE,326,0.25153374,0.48159509,0.26687117,0.5,0.31595092,0.18404908,0.28834356,0.42944785,0.28220859,0.44478528,0.37116564,0.18404908,0.082822086,0.80674847,0.11042945,0.47239264,0.25460123,0.27300613,0.5398773,0.25153374,0.20858896
gi|33593394,0,non-T6SE,339,0.25663717,0.45427729,0.28908555,0.48672566,0.2979351,0.21533923,0.30088496,0.39823009,0.30088496,0.42477876,0.35988201,0.21533923,0.09439528,0.80235988,0.10324484,0.50442478,0.21238938,0.28318584,0.53097345,0.25663717,0.21238938
gi|33593421,0,non-T6SE,199,0.37688442,0.34170854,0.28140704,0.3919598,0.36683417,0.24120603,0.30653266,0.31658291,0.37688442,0.34673367,0.4120603,0.24120603,0.14572864,0.67839196,0.1758794,0.51758794,0.25628141,0.22613065,0.41708543,0.37688442,0.20603015
gi|33593453,0,non-T6SE,451,0.33037694,0.37472284,0.29490022,0.40133038,0.37694013,0.22172949,0.31485588,0.33259424,0.35254989,0.34146341,0.4368071,0.22172949,0.10643016,0.76053215,0.13303769,0.50997783,0.22616408,0.26385809,0.44124169,0.33037694,0.22838137
gi|33593454,0,non-T6SE,446,0.3206278,0.41255605,0.26681614,0.43273543,0.32959641,0.23766816,0.30044843,0.35650224,0.34304933,0.38116592,0.38116592,0.23766816,0.11434978,0.75560538,0.13004484,0.51569507,0.20852018,0.27578475,0.47085202,0.3206278,0.20852018
gi|33593464,0,non-T6SE,721,0.21359223,0.45214979,0.33425798,0.49098474,0.34257975,0.16643551,0.34396671,0.43966713,0.21636616,0.43411928,0.39944521,0.16643551,0.085991678,0.83356449,0.080443828,0.48404993,0.2482663,0.26768377,0.58252427,0.21359223,0.2038835
gi|33593492,0,non-T6SE,269,0.26022305,0.43494424,0.30483271,0.48327138,0.32342007,0.19330855,0.31598513,0.39776952,0.28624535,0.43866171,0.36802974,0.19330855,0.089219331,0.80297398,0.10780669,0.44237918,0.27881041,0.27881041,0.5204461,0.26022305,0.21933086
gi|33593516,0,non-T6SE,178,0.33707865,0.35393258,0.30898876,0.38202247,0.34269663,0.2752809,0.35955056,0.28089888,0.35955056,0.29775281,0.42696629,0.2752809,0.12921348,0.70786517,0.16292135,0.42696629,0.28089888,0.29213483,0.43258427,0.33707865,0.23033708
gi|33593549,0,non-T6SE,257,0.37743191,0.33463035,0.28793774,0.35019455,0.33463035,0.3151751,0.33463035,0.25680934,0.40856031,0.25680934,0.42801556,0.3151751,0.17120623,0.73151751,0.097276265,0.51361868,0.26848249,0.21789883,0.42412451,0.37743191,0.19844358
gi|33593602,0,non-T6SE,530,0.27735849,0.39622642,0.32641509,0.40566038,0.35660377,0.23773585,0.35283019,0.33584906,0.31132075,0.35283019,0.40943396,0.23773585,0.096226415,0.77735849,0.12641509,0.44716981,0.28113208,0.27169811,0.48867925,0.27735849,0.23396226
gi|33593644,0,non-T6SE,437,0.30663616,0.40503432,0.28832952,0.41647597,0.34782609,0.23569794,0.32036613,0.35011442,0.32951945,0.35240275,0.41189931,0.23569794,0.11670481,0.75514874,0.12814645,0.43478261,0.2791762,0.28604119,0.43249428,0.30663616,0.26086957
gi|33593645,0,non-T6SE,156,0.23717949,0.48076923,0.28205128,0.5,0.30128205,0.19871795,0.31410256,0.42307692,0.26282051,0.42948718,0.37179487,0.19871795,0.076923077,0.83333333,0.08974359,0.3974359,0.28205128,0.32051282,0.49358974,0.23717949,0.26923077
gi|33593651,0,non-T6SE,94,0.28723404,0.41489362,0.29787234,0.38297872,0.28723404,0.32978723,0.31914894,0.31914894,0.36170213,0.29787234,0.37234043,0.32978723,0.11702128,0.75531915,0.12765957,0.44680851,0.25531915,0.29787234,0.38297872,0.28723404,0.32978723
gi|33593652,0,non-T6SE,329,0.3343465,0.37082067,0.29483283,0.38601824,0.32826748,0.28571429,0.33130699,0.30091185,0.36778116,0.31914894,0.39513678,0.28571429,0.12158055,0.74772036,0.13069909,0.49544073,0.24924012,0.25531915,0.43465046,0.3343465,0.23100304
gi|33593672,0,non-T6SE,173,0.30635838,0.38150289,0.31213873,0.45086705,0.32947977,0.21965318,0.32947977,0.33526012,0.33526012,0.38150289,0.39884393,0.21965318,0.098265896,0.76878613,0.13294798,0.42196532,0.27745665,0.30057803,0.45086705,0.30635838,0.24277457
gi|33593692,0,non-T6SE,135,0.14814815,0.43703704,0.41481481,0.39259259,0.34814815,0.25925926,0.43703704,0.34074074,0.22222222,0.34074074,0.4,0.25925926,0.02962963,0.88888889,0.081481481,0.42222222,0.31111111,0.26666667,0.5037037,0.14814815,0.34814815
gi|33593693,0,non-T6SE,213,0.15492958,0.42253521,0.42253521,0.38967136,0.35211268,0.25821596,0.45539906,0.35211268,0.19248826,0.31924883,0.42253521,0.25821596,0.051643192,0.88732394,0.061032864,0.42723005,0.3286385,0.24413146,0.56807512,0.15492958,0.27699531
gi|33593709,0,non-T6SE,1273,0.28358209,0.42655145,0.28986646,0.4375491,0.36056559,0.20188531,0.3197172,0.37470542,0.30557738,0.37391987,0.42419482,0.20188531,0.094265515,0.78947368,0.1162608,0.50039277,0.23409269,0.26551453,0.49960723,0.28358209,0.21681068
gi|33593717,0,non-T6SE,81,0.32098765,0.41975309,0.25925926,0.48148148,0.28395062,0.2345679,0.25925926,0.40740741,0.33333333,0.44444444,0.32098765,0.2345679,0.098765432,0.79012346,0.11111111,0.35802469,0.2962963,0.34567901,0.44444444,0.32098765,0.2345679
gi|33593802,0,non-T6SE,399,0.26817043,0.42606516,0.30576441,0.44611529,0.33082707,0.22305764,0.3433584,0.37092732,0.28571429,0.38345865,0.39348371,0.22305764,0.097744361,0.79197995,0.11027569,0.46115288,0.26065163,0.27819549,0.52130326,0.26817043,0.21052632
gi|33593847,0,non-T6SE,486,0.27572016,0.43415638,0.29012346,0.46090535,0.33333333,0.20576132,0.31687243,0.39300412,0.29012346,0.41769547,0.37654321,0.20576132,0.10493827,0.77572016,0.11934156,0.42592593,0.25102881,0.32304527,0.49588477,0.27572016,0.22839506
gi|33593886,0,non-T6SE,160,0.38125,0.325,0.29375,0.3875,0.3375,0.275,0.325,0.29375,0.38125,0.325,0.4,0.275,0.1875,0.64375,0.16875,0.48125,0.25625,0.2625,0.39375,0.38125,0.225
gi|33593948,0,non-T6SE,307,0.31596091,0.36156352,0.32247557,0.36156352,0.39739414,0.24104235,0.34527687,0.30618893,0.3485342,0.32899023,0.42996743,0.24104235,0.11074919,0.75895765,0.13029316,0.49185668,0.25732899,0.25081433,0.48859935,0.31596091,0.19543974
gi|33593964,0,non-T6SE,359,0.24791086,0.47075209,0.28133705,0.46518106,0.30083565,0.23398329,0.31197772,0.40111421,0.28690808,0.38718663,0.37883008,0.23398329,0.097493036,0.79108635,0.11142061,0.48746518,0.2729805,0.23955432,0.48189415,0.24791086,0.27019499
gi|33594074,0,non-T6SE,145,0.22758621,0.46206897,0.31034483,0.50344828,0.26896552,0.22758621,0.32413793,0.4137931,0.26206897,0.44137931,0.33103448,0.22758621,0.089655172,0.8,0.11034483,0.46206897,0.27586207,0.26206897,0.50344828,0.22758621,0.26896552
gi|33594098,0,non-T6SE,512,0.359375,0.359375,0.28125,0.33984375,0.36132812,0.29882812,0.33789062,0.2734375,0.38867188,0.28320312,0.41796875,0.29882812,0.125,0.73046875,0.14453125,0.48632812,0.26953125,0.24414062,0.40625,0.359375,0.234375
gi|33594166,0,non-T6SE,245,0.25714286,0.40408163,0.33877551,0.42857143,0.35102041,0.22040816,0.35510204,0.35102041,0.29387755,0.35102041,0.42857143,0.22040816,0.085714286,0.80408163,0.11020408,0.43265306,0.29387755,0.27346939,0.51428571,0.25714286,0.22857143
gi|33594173,0,non-T6SE,320,0.30625,0.3875,0.30625,0.434375,0.31875,0.246875,0.33125,0.34375,0.325,0.346875,0.40625,0.246875,0.125,0.753125,0.121875,0.44375,0.2625,0.29375,0.459375,0.30625,0.234375
gi|33594185,0,non-T6SE,301,0.34883721,0.35215947,0.29900332,0.3654485,0.39202658,0.24252492,0.33554817,0.3089701,0.35548173,0.33222591,0.42524917,0.24252492,0.1461794,0.73421927,0.11960133,0.50498339,0.25913621,0.2358804,0.43189369,0.34883721,0.2192691
gi|33594187,0,non-T6SE,140,0.30714286,0.4,0.29285714,0.42857143,0.4,0.17142857,0.29285714,0.37857143,0.32857143,0.39285714,0.43571429,0.17142857,0.11428571,0.72857143,0.15714286,0.55714286,0.24285714,0.2,0.55,0.30714286,0.14285714
gi|33594225,0,non-T6SE,488,0.28893443,0.42418033,0.28688525,0.45491803,0.32786885,0.21721311,0.31147541,0.375,0.31352459,0.40163934,0.38114754,0.21721311,0.11270492,0.75819672,0.12909836,0.46516393,0.2602459,0.27459016,0.4692623,0.28893443,0.24180328
gi|33594408,0,non-T6SE,445,0.31910112,0.39550562,0.28539326,0.4,0.36629213,0.23370787,0.32808989,0.34382022,0.32808989,0.35505618,0.41123596,0.23370787,0.10786517,0.76179775,0.13033708,0.4741573,0.26067416,0.26516854,0.45168539,0.31910112,0.22921348
gi|33594429,0,non-T6SE,696,0.31752874,0.39367816,0.2887931,0.42097701,0.36494253,0.21408046,0.3045977,0.35488506,0.34051724,0.3591954,0.42672414,0.21408046,0.12356322,0.73850575,0.13793103,0.51149425,0.23275862,0.25574713,0.48994253,0.31752874,0.19252874
gi|161610757,0,non-T6SE,229,0.28384279,0.46724891,0.2489083,0.46724891,0.30131004,0.23144105,0.26200873,0.42358079,0.31441048,0.41921397,0.34934498,0.23144105,0.13537118,0.78165939,0.082969432,0.4279476,0.26200873,0.31004367,0.47598253,0.28384279,0.24017467
gi|33594485,0,non-T6SE,263,0.36882129,0.38403042,0.24714829,0.39163498,0.31558935,0.29277567,0.26996198,0.3460076,0.38403042,0.33079848,0.37642586,0.29277567,0.19011407,0.68821293,0.121673,0.50190114,0.22813688,0.26996198,0.41444867,0.36882129,0.21673004
gi|33594488,0,non-T6SE,93,0.39784946,0.30107527,0.30107527,0.29032258,0.40860215,0.30107527,0.32258065,0.25806452,0.41935484,0.2688172,0.43010753,0.30107527,0.20430108,0.68817204,0.10752688,0.48387097,0.31182796,0.20430108,0.38709677,0.39784946,0.21505376
gi|33594494,0,non-T6SE,101,0.44554455,0.30693069,0.24752475,0.33663366,0.30693069,0.35643564,0.26732673,0.27722772,0.45544554,0.28712871,0.35643564,0.35643564,0.25742574,0.64356436,0.099009901,0.6039604,0.18811881,0.20792079,0.36633663,0.44554455,0.18811881
gi|33594497,0,non-T6SE,120,0.325,0.40833333,0.26666667,0.39166667,0.325,0.28333333,0.28333333,0.36666667,0.35,0.375,0.34166667,0.28333333,0.2,0.71666667,0.083333333,0.575,0.20833333,0.21666667,0.525,0.325,0.15
gi|33594500,0,non-T6SE,146,0.30821918,0.44520548,0.24657534,0.41780822,0.32876712,0.25342466,0.26027397,0.40410959,0.33561644,0.39041096,0.35616438,0.25342466,0.17123288,0.75342466,0.075342466,0.54794521,0.17808219,0.2739726,0.5,0.30821918,0.19178082
gi|33594505,0,non-T6SE,133,0.28571429,0.48120301,0.23308271,0.48120301,0.27067669,0.2481203,0.2406015,0.45112782,0.30827068,0.42105263,0.33082707,0.2481203,0.17293233,0.77443609,0.052631579,0.41353383,0.26315789,0.32330827,0.45112782,0.28571429,0.26315789
gi|33594506,0,non-T6SE,207,0.38164251,0.352657,0.26570048,0.37681159,0.3236715,0.29951691,0.29468599,0.30917874,0.39613527,0.34782609,0.352657,0.29951691,0.19806763,0.6763285,0.12560386,0.52657005,0.21256039,0.26086957,0.39613527,0.38164251,0.22222222
gi|33594553,0,non-T6SE,254,0.27952756,0.44094488,0.27952756,0.42913386,0.31102362,0.25984252,0.2992126,0.37401575,0.32677165,0.33858268,0.4015748,0.25984252,0.11023622,0.77952756,0.11023622,0.49606299,0.22047244,0.28346457,0.45275591,0.27952756,0.26771654
gi|33594669,0,non-T6SE,416,0.33653846,0.38701923,0.27644231,0.42548077,0.39663462,0.17788462,0.29086538,0.37019231,0.33894231,0.37259615,0.44951923,0.17788462,0.11298077,0.78846154,0.098557692,0.49038462,0.25,0.25961538,0.48076923,0.33653846,0.18269231
gi|33594691,0,non-T6SE,257,0.24902724,0.45914397,0.29182879,0.47081712,0.30350195,0.22568093,0.307393,0.40466926,0.28793774,0.40466926,0.36964981,0.22568093,0.093385214,0.78599222,0.12062257,0.50583658,0.24513619,0.24902724,0.47859922,0.24902724,0.27237354
gi|384409781,0,non-T6SE,263,0.28136882,0.40304183,0.31558935,0.41064639,0.40304183,0.18631179,0.33079848,0.36882129,0.30038023,0.37262357,0.44106464,0.18631179,0.1026616,0.78326996,0.11406844,0.45627376,0.28897338,0.25475285,0.49429658,0.28136882,0.2243346
gi|384409783,0,non-T6SE,424,0.28066038,0.41745283,0.30188679,0.46226415,0.35377358,0.18396226,0.31839623,0.39622642,0.28537736,0.40801887,0.40801887,0.18396226,0.089622642,0.80660377,0.10377358,0.44575472,0.26179245,0.29245283,0.52122642,0.28066038,0.19811321
gi|384409813,0,non-T6SE,502,0.28685259,0.36454183,0.34860558,0.39442231,0.40438247,0.20119522,0.37051793,0.32270916,0.30677291,0.3187251,0.48007968,0.20119522,0.091633466,0.77689243,0.1314741,0.45418327,0.26095618,0.28486056,0.5,0.28685259,0.21314741
gi|384409948,0,non-T6SE,329,0.3343465,0.35258359,0.31306991,0.36170213,0.3768997,0.26139818,0.35866261,0.28571429,0.3556231,0.32218845,0.41641337,0.26139818,0.10334347,0.74468085,0.15197568,0.45592705,0.27963526,0.26443769,0.4224924,0.3343465,0.24316109
gi|384409965,0,non-T6SE,150,0.35333333,0.32666667,0.32,0.39333333,0.33333333,0.27333333,0.34,0.29333333,0.36666667,0.32666667,0.4,0.27333333,0.10666667,0.76,0.13333333,0.46,0.26,0.28,0.42666667,0.35333333,0.22
gi|384409966,0,non-T6SE,286,0.27622378,0.4020979,0.32167832,0.41258741,0.31818182,0.26923077,0.36363636,0.34265734,0.29370629,0.32517483,0.40559441,0.26923077,0.1013986,0.77272727,0.12587413,0.41258741,0.3006993,0.28671329,0.47902098,0.27622378,0.24475524
gi|384410107,0,non-T6SE,346,0.30924855,0.4017341,0.28901734,0.45375723,0.32080925,0.22543353,0.30635838,0.36705202,0.3265896,0.3699422,0.40462428,0.22543353,0.11271676,0.75144509,0.13583815,0.5,0.20809249,0.29190751,0.44219653,0.30924855,0.24855491
gi|384410681,0,non-T6SE,269,0.32713755,0.35687732,0.31598513,0.37918216,0.34200743,0.27881041,0.34200743,0.30855019,0.34944238,0.34572491,0.37546468,0.27881041,0.12267658,0.74349442,0.133829,0.43494424,0.26394052,0.30111524,0.47583643,0.32713755,0.19702602
gi|384410778,0,non-T6SE,269,0.26765799,0.43494424,0.29739777,0.46096654,0.3605948,0.17843866,0.3197026,0.39033457,0.28996283,0.39033457,0.43122677,0.17843866,0.081784387,0.81412639,0.10408922,0.48698885,0.23048327,0.28252788,0.51672862,0.26765799,0.21561338
gi|384407507,0,non-T6SE,342,0.28947368,0.35380117,0.35672515,0.37426901,0.35964912,0.26608187,0.38304094,0.30116959,0.31578947,0.3128655,0.42105263,0.26608187,0.099415205,0.80409357,0.096491228,0.44152047,0.29532164,0.26315789,0.46783626,0.28947368,0.24269006
gi|384407668,0,non-T6SE,331,0.35347432,0.33836858,0.3081571,0.33232628,0.34441088,0.32326284,0.33232628,0.28096677,0.38670695,0.27794562,0.39879154,0.32326284,0.1510574,0.71903323,0.12990937,0.48338369,0.25679758,0.25981873,0.40483384,0.35347432,0.24169184
gi|384407867,0,non-T6SE,453,0.20750552,0.39072848,0.401766,0.35099338,0.34437086,0.30463576,0.45474614,0.31346578,0.23178808,0.29801325,0.39735099,0.30463576,0.086092715,0.85209713,0.061810155,0.3995585,0.37527594,0.22516556,0.54966887,0.20750552,0.24282561
gi|384407921,0,non-T6SE,643,0.27371695,0.44479005,0.281493,0.44945568,0.31726283,0.23328149,0.31104199,0.38258165,0.30637636,0.39346812,0.37325039,0.23328149,0.10730949,0.76982893,0.12286159,0.46656299,0.25194401,0.281493,0.48833593,0.27371695,0.23794712
gi|384408521,0,non-T6SE,170,0.27058824,0.4,0.32941176,0.42352941,0.31764706,0.25882353,0.35882353,0.34117647,0.3,0.36470588,0.37647059,0.25882353,0.12352941,0.76470588,0.11176471,0.45882353,0.28823529,0.25294118,0.5,0.27058824,0.22941176
gi|384408613,0,non-T6SE,165,0.29090909,0.40606061,0.3030303,0.45454545,0.33333333,0.21212121,0.30909091,0.38181818,0.30909091,0.40606061,0.38181818,0.21212121,0.12727273,0.73939394,0.13333333,0.50909091,0.23030303,0.26060606,0.47272727,0.29090909,0.23636364
gi|384408673,0,non-T6SE,455,0.32527473,0.45054945,0.22417582,0.49010989,0.31428571,0.1956044,0.24615385,0.4021978,0.35164835,0.43956044,0.36483516,0.1956044,0.1032967,0.76923077,0.12747253,0.45494505,0.23516484,0.30989011,0.45274725,0.32527473,0.22197802
gi|384408736,0,non-T6SE,276,0.27173913,0.41304348,0.31521739,0.41666667,0.35507246,0.22826087,0.34057971,0.3442029,0.31521739,0.36594203,0.4057971,0.22826087,0.094202899,0.79710145,0.10869565,0.43115942,0.27173913,0.29710145,0.4673913,0.27173913,0.26086957
gi|384408802,0,non-T6SE,619,0.20678514,0.40226171,0.39095315,0.4184168,0.41195477,0.16962843,0.39579968,0.3812601,0.22294023,0.3634895,0.46688207,0.16962843,0.069466882,0.84006462,0.090468498,0.46849758,0.273021,0.25848142,0.60096931,0.20678514,0.19224556
gi|384408830,0,non-T6SE,431,0.32946636,0.38051044,0.2900232,0.4037123,0.30394432,0.29234339,0.33410673,0.3225058,0.34338747,0.3387471,0.36890951,0.29234339,0.13921114,0.73781903,0.12296984,0.40139211,0.30394432,0.29466357,0.43155452,0.32946636,0.23897912
gi|384408868,0,non-T6SE,82,0.26829268,0.41463415,0.31707317,0.45121951,0.29268293,0.25609756,0.34146341,0.3902439,0.26829268,0.42682927,0.31707317,0.25609756,0.097560976,0.79268293,0.1097561,0.36585366,0.32926829,0.30487805,0.53658537,0.26829268,0.19512195
gi|384408869,0,non-T6SE,296,0.27027027,0.39864865,0.33108108,0.41554054,0.35135135,0.23310811,0.35135135,0.35472973,0.29391892,0.35810811,0.40878378,0.23310811,0.11824324,0.7972973,0.084459459,0.47635135,0.26689189,0.25675676,0.51689189,0.27027027,0.21283784
gi|384409050,0,non-T6SE,278,0.14748201,0.37410072,0.47841727,0.37410072,0.43884892,0.18705036,0.5,0.34172662,0.15827338,0.3057554,0.50719424,0.18705036,0.053956835,0.89568345,0.050359712,0.41366906,0.35971223,0.22661871,0.61510791,0.14748201,0.23741007
gi|384409056,0,non-T6SE,186,0.36021505,0.37096774,0.2688172,0.42473118,0.30645161,0.2688172,0.30107527,0.33333333,0.3655914,0.3655914,0.3655914,0.2688172,0.12903226,0.70967742,0.16129032,0.46774194,0.24193548,0.29032258,0.40322581,0.36021505,0.23655914
gi|384409057,0,non-T6SE,338,0.31952663,0.40828402,0.27218935,0.44378698,0.29289941,0.26331361,0.32248521,0.34615385,0.33136095,0.37278107,0.36390533,0.26331361,0.10946746,0.76331361,0.12721893,0.40828402,0.28698225,0.30473373,0.4260355,0.31952663,0.25443787
gi|384409086,0,non-T6SE,304,0.25657895,0.44407895,0.29934211,0.46381579,0.32565789,0.21052632,0.3125,0.41118421,0.27631579,0.40789474,0.38157895,0.21052632,0.098684211,0.8125,0.088815789,0.44736842,0.25657895,0.29605263,0.53618421,0.25657895,0.20723684
gi|384409133,0,non-T6SE,174,0.27586207,0.4137931,0.31034483,0.45402299,0.36206897,0.18390805,0.32758621,0.38505747,0.28735632,0.37356322,0.44252874,0.18390805,0.097701149,0.77011494,0.13218391,0.5,0.20689655,0.29310345,0.50574713,0.27586207,0.2183908
gi|384409267,0,non-T6SE,690,0.2942029,0.39855072,0.30724638,0.40724638,0.32608696,0.26666667,0.35507246,0.32318841,0.32173913,0.33768116,0.39565217,0.26666667,0.10869565,0.76231884,0.12898551,0.37391304,0.32898551,0.29710145,0.44637681,0.2942029,0.25942029
gi|384409325,0,non-T6SE,377,0.37400531,0.34482759,0.28116711,0.37931034,0.3872679,0.23342175,0.30238727,0.30238727,0.39522546,0.35278515,0.4137931,0.23342175,0.12466844,0.70291777,0.17241379,0.53846154,0.20954907,0.25198939,0.41114058,0.37400531,0.21485411
gi|384409625,0,non-T6SE,206,0.27669903,0.38834951,0.33495146,0.40291262,0.31553398,0.2815534,0.37378641,0.33495146,0.29126214,0.32038835,0.39805825,0.2815534,0.11650485,0.77184466,0.11165049,0.44660194,0.24757282,0.30582524,0.48543689,0.27669903,0.23786408
gi|212217694,0,non-T6SE,193,0.30569948,0.3626943,0.33160622,0.37305699,0.3626943,0.2642487,0.37305699,0.30569948,0.32124352,0.29533679,0.44041451,0.2642487,0.13471503,0.76165803,0.10362694,0.44041451,0.30051813,0.25906736,0.4611399,0.30569948,0.23316062
gi|212217715,0,non-T6SE,473,0.34038055,0.34672304,0.31289641,0.36997886,0.41437632,0.21564482,0.3255814,0.30866808,0.36575053,0.32346723,0.46088795,0.21564482,0.12262156,0.74207188,0.13530655,0.48625793,0.26215645,0.25158562,0.46723044,0.34038055,0.19238901
gi|212217716,0,non-T6SE,210,0.34285714,0.34761905,0.30952381,0.26666667,0.37619048,0.35714286,0.37619048,0.22380952,0.4,0.21904762,0.42380952,0.35714286,0.14761905,0.75714286,0.095238095,0.45238095,0.3047619,0.24285714,0.37142857,0.34285714,0.28571429
gi|212217756,0,non-T6SE,404,0.32673267,0.3539604,0.31930693,0.37871287,0.41336634,0.20792079,0.33415842,0.32920792,0.33663366,0.32920792,0.46287129,0.20792079,0.11386139,0.76980198,0.11633663,0.49257426,0.24752475,0.25990099,0.48267327,0.32673267,0.19059406
gi|212217761,0,non-T6SE,611,0.29623568,0.39443535,0.30932897,0.36824877,0.39443535,0.23731588,0.34206219,0.32405892,0.33387889,0.31260229,0.45008183,0.23731588,0.11947627,0.79214403,0.088379705,0.50736498,0.27495908,0.21767594,0.47299509,0.29623568,0.23076923
gi|212217804,0,non-T6SE,319,0.31661442,0.35423197,0.32915361,0.39184953,0.39184953,0.21630094,0.35109718,0.30721003,0.34169279,0.34169279,0.44200627,0.21630094,0.10971787,0.76175549,0.12852665,0.4169279,0.29780564,0.28526646,0.43887147,0.31661442,0.24451411
gi|212217811,0,non-T6SE,189,0.32804233,0.32804233,0.34391534,0.32275132,0.37566138,0.3015873,0.37037037,0.25925926,0.37037037,0.26455026,0.43386243,0.3015873,0.12169312,0.75661376,0.12169312,0.43915344,0.28042328,0.28042328,0.42857143,0.32804233,0.24338624
gi|212217836,0,non-T6SE,342,0.30116959,0.35380117,0.34502924,0.35380117,0.41520468,0.23099415,0.37134503,0.28947368,0.33918129,0.2748538,0.49415205,0.23099415,0.10526316,0.79532164,0.099415205,0.46783626,0.25438596,0.27777778,0.4502924,0.30116959,0.24853801
gi|212217850,0,non-T6SE,321,0.32087227,0.33021807,0.34890966,0.35202492,0.40186916,0.24610592,0.37694704,0.28660436,0.3364486,0.28660436,0.46728972,0.24610592,0.1152648,0.75700935,0.12772586,0.4517134,0.29906542,0.24922118,0.45482866,0.32087227,0.22429907
gi|212217853,0,non-T6SE,139,0.34532374,0.35251799,0.30215827,0.43165468,0.39568345,0.17266187,0.33093525,0.32374101,0.34532374,0.36690647,0.46043165,0.17266187,0.071942446,0.76258993,0.16546763,0.41726619,0.25899281,0.32374101,0.45323741,0.34532374,0.20143885
gi|212217903,0,non-T6SE,205,0.33170732,0.37073171,0.29756098,0.37560976,0.37560976,0.24878049,0.33170732,0.31707317,0.35121951,0.32682927,0.42439024,0.24878049,0.12682927,0.74146341,0.13170732,0.47804878,0.26341463,0.25853659,0.42439024,0.33170732,0.24390244
gi|212217929,0,non-T6SE,220,0.30454545,0.33636364,0.35909091,0.31818182,0.39090909,0.29090909,0.40909091,0.25454545,0.33636364,0.24090909,0.46818182,0.29090909,0.12272727,0.72727273,0.15,0.46363636,0.3,0.23636364,0.39090909,0.30454545,0.30454545
gi|212217939,0,non-T6SE,215,0.2744186,0.42790698,0.29767442,0.38604651,0.37674419,0.2372093,0.33023256,0.33953488,0.33023256,0.31627907,0.44651163,0.2372093,0.097674419,0.80465116,0.097674419,0.45581395,0.2744186,0.26976744,0.44651163,0.2744186,0.27906977
gi|212217945,0,non-T6SE,319,0.36990596,0.33855799,0.29153605,0.32915361,0.3354232,0.3354232,0.34169279,0.26332288,0.39498433,0.2539185,0.41065831,0.3354232,0.14733542,0.70846395,0.14420063,0.43887147,0.27899687,0.28213166,0.4200627,0.36990596,0.21003135
gi|212217949,0,non-T6SE,172,0.34302326,0.35465116,0.30232558,0.36046512,0.4127907,0.22674419,0.31395349,0.3255814,0.36046512,0.26162791,0.51162791,0.22674419,0.12209302,0.73255814,0.14534884,0.43023256,0.30232558,0.26744186,0.38953488,0.34302326,0.26744186
gi|212217955,0,non-T6SE,917,0.304253,0.38931298,0.30643402,0.40130862,0.36205016,0.23664122,0.33369684,0.32933479,0.33696838,0.3391494,0.42420938,0.23664122,0.1046892,0.76772083,0.12758997,0.42748092,0.28026172,0.29225736,0.44492912,0.304253,0.25081788
gi|212217957,0,non-T6SE,552,0.33333333,0.35869565,0.30797101,0.40398551,0.40036232,0.19565217,0.32065217,0.33876812,0.34057971,0.375,0.42934783,0.19565217,0.12137681,0.73188406,0.14673913,0.4692029,0.25181159,0.27898551,0.48188406,0.33333333,0.18478261
gi|212217958,0,non-T6SE,383,0.30287206,0.38381201,0.31331593,0.38642298,0.35770235,0.25587467,0.33942559,0.32375979,0.33681462,0.33159269,0.41253264,0.25587467,0.1227154,0.75195822,0.12532637,0.46736292,0.2767624,0.25587467,0.47258486,0.30287206,0.22454308
gi|212217959,0,non-T6SE,130,0.36923077,0.35384615,0.27692308,0.38461538,0.43076923,0.18461538,0.32307692,0.28461538,0.39230769,0.34615385,0.46923077,0.18461538,0.061538462,0.70769231,0.23076923,0.42307692,0.28461538,0.29230769,0.4,0.36923077,0.23076923
gi|212217993,0,non-T6SE,159,0.37106918,0.31446541,0.31446541,0.27044025,0.40880503,0.32075472,0.3836478,0.20125786,0.41509434,0.24528302,0.43396226,0.32075472,0.13836478,0.67295597,0.18867925,0.49056604,0.28930818,0.22012579,0.38993711,0.37106918,0.23899371
gi|212217999,0,non-T6SE,258,0.27131783,0.41472868,0.31395349,0.42635659,0.36434109,0.20930233,0.34496124,0.35658915,0.29844961,0.34496124,0.44573643,0.20930233,0.089147287,0.79069767,0.12015504,0.43023256,0.26356589,0.30620155,0.46511628,0.27131783,0.26356589
gi|212218000,0,non-T6SE,230,0.25652174,0.43478261,0.30869565,0.38695652,0.33913043,0.27391304,0.35652174,0.36086957,0.2826087,0.3173913,0.40869565,0.27391304,0.13043478,0.83043478,0.039130435,0.43043478,0.28695652,0.2826087,0.50869565,0.25652174,0.23478261
gi|212218012,0,non-T6SE,496,0.30241935,0.37298387,0.32459677,0.37096774,0.39717742,0.23185484,0.35080645,0.3125,0.33669355,0.33266129,0.43548387,0.23185484,0.11693548,0.77217742,0.1108871,0.50201613,0.25604839,0.24193548,0.49395161,0.30241935,0.20362903
gi|212218059,0,non-T6SE,188,0.36702128,0.26595745,0.36702128,0.26595745,0.44148936,0.29255319,0.39361702,0.22340426,0.38297872,0.21808511,0.4893617,0.29255319,0.15957447,0.68617021,0.15425532,0.44148936,0.32446809,0.23404255,0.43085106,0.36702128,0.20212766
gi|212218060,0,non-T6SE,145,0.30344828,0.42758621,0.26896552,0.44137931,0.33793103,0.22068966,0.28275862,0.40689655,0.31034483,0.36551724,0.4137931,0.22068966,0.14482759,0.75862069,0.096551724,0.44137931,0.29655172,0.26206897,0.44137931,0.30344828,0.25517241
gi|212218061,0,non-T6SE,232,0.34482759,0.375,0.28017241,0.42672414,0.34913793,0.22413793,0.29310345,0.35344828,0.35344828,0.38362069,0.39224138,0.22413793,0.1637931,0.72413793,0.11206897,0.46551724,0.26724138,0.26724138,0.47413793,0.34482759,0.18103448
gi|212218069,0,non-T6SE,140,0.35,0.37857143,0.27142857,0.37142857,0.32142857,0.30714286,0.3,0.32857143,0.37142857,0.29285714,0.4,0.30714286,0.22857143,0.7,0.071428571,0.48571429,0.25714286,0.25714286,0.42857143,0.35,0.22142857
gi|212218070,0,non-T6SE,191,0.39790576,0.34554974,0.2565445,0.35078534,0.33507853,0.31413613,0.27748691,0.30366492,0.41884817,0.32460733,0.36125654,0.31413613,0.20942408,0.67015707,0.12041885,0.56020942,0.19895288,0.2408377,0.43979058,0.39790576,0.16230366
gi|212218073,0,non-T6SE,113,0.38938053,0.30973451,0.30088496,0.37168142,0.37168142,0.25663717,0.31858407,0.27433628,0.40707965,0.33628319,0.40707965,0.25663717,0.18584071,0.66371681,0.15044248,0.48672566,0.26548673,0.24778761,0.39823009,0.38938053,0.21238938
gi|212218075,0,non-T6SE,206,0.34951456,0.35436893,0.2961165,0.38349515,0.37378641,0.24271845,0.31067961,0.33009709,0.3592233,0.34951456,0.40776699,0.24271845,0.16504854,0.72330097,0.11165049,0.48058252,0.22815534,0.29126214,0.44660194,0.34951456,0.2038835
gi|212218078,0,non-T6SE,95,0.35789474,0.37894737,0.26315789,0.33684211,0.29473684,0.36842105,0.27368421,0.30526316,0.42105263,0.28421053,0.34736842,0.36842105,0.2,0.70526316,0.094736842,0.49473684,0.24210526,0.26315789,0.34736842,0.35789474,0.29473684
gi|212218079,0,non-T6SE,115,0.39130435,0.33913043,0.26956522,0.36521739,0.3826087,0.25217391,0.27826087,0.30434783,0.4173913,0.34782609,0.4,0.25217391,0.17391304,0.71304348,0.11304348,0.57391304,0.2,0.22608696,0.45217391,0.39130435,0.15652174
gi|212218088,0,non-T6SE,133,0.35338346,0.33082707,0.31578947,0.33834586,0.39849624,0.26315789,0.35338346,0.28571429,0.36090226,0.29323308,0.44360902,0.26315789,0.16541353,0.70676692,0.12781955,0.47368421,0.2556391,0.27067669,0.37593985,0.35338346,0.27067669
gi|212218110,0,non-T6SE,361,0.29085873,0.37119114,0.33795014,0.3933518,0.38227147,0.22437673,0.36842105,0.32686981,0.30470914,0.32132964,0.45429363,0.22437673,0.10249307,0.8033241,0.094182825,0.4432133,0.28531856,0.27146814,0.47368421,0.29085873,0.23545706
gi|212218126,0,non-T6SE,79,0.44303797,0.26582278,0.29113924,0.27848101,0.35443038,0.36708861,0.29113924,0.24050633,0.46835443,0.2278481,0.40506329,0.36708861,0.26582278,0.65822785,0.075949367,0.50632911,0.25316456,0.24050633,0.35443038,0.44303797,0.20253165
gi|212218129,0,non-T6SE,161,0.24223602,0.42857143,0.32919255,0.44720497,0.37267081,0.18012422,0.35403727,0.37888199,0.26708075,0.36645963,0.45341615,0.18012422,0.080745342,0.81987578,0.099378882,0.42236025,0.25465839,0.32298137,0.50931677,0.24223602,0.2484472
gi|212218143,0,non-T6SE,656,0.40091463,0.28810976,0.31097561,0.31859756,0.41920732,0.26219512,0.33841463,0.23932927,0.4222561,0.28353659,0.45426829,0.26219512,0.14176829,0.68445122,0.17378049,0.49847561,0.24085366,0.26067073,0.40243902,0.40091463,0.19664634
gi|212218213,0,non-T6SE,161,0.26708075,0.37888199,0.35403727,0.42236025,0.27950311,0.29813665,0.40993789,0.31677019,0.27329193,0.32298137,0.37888199,0.29813665,0.11801242,0.79503106,0.086956522,0.42236025,0.29192547,0.28571429,0.45962733,0.26708075,0.27329193
gi|212218227,0,non-T6SE,153,0.35947712,0.31372549,0.32679739,0.33986928,0.43137255,0.22875817,0.34640523,0.28104575,0.37254902,0.28104575,0.49019608,0.22875817,0.14379085,0.71895425,0.1372549,0.49673203,0.26143791,0.24183007,0.47712418,0.35947712,0.16339869
gi|212218228,0,non-T6SE,503,0.40755467,0.27833002,0.31411531,0.33797217,0.45924453,0.2027833,0.32604374,0.26043738,0.41351889,0.30616302,0.49105368,0.2027833,0.12723658,0.66799205,0.20477137,0.52485089,0.24850895,0.22664016,0.44135189,0.40755467,0.15109344
gi|212218281,0,non-T6SE,113,0.27433628,0.37168142,0.3539823,0.36283186,0.38053097,0.25663717,0.37168142,0.27433628,0.3539823,0.28318584,0.46017699,0.25663717,0.079646018,0.81415929,0.10619469,0.46902655,0.27433628,0.25663717,0.49557522,0.27433628,0.2300885
gi|212218306,0,non-T6SE,461,0.3340564,0.35140998,0.31453362,0.3362256,0.4164859,0.2472885,0.35140998,0.28633406,0.36225597,0.28850325,0.46420824,0.2472885,0.11930586,0.76138829,0.11930586,0.49240781,0.26464208,0.24295011,0.42299349,0.3340564,0.24295011
gi|212218335,0,non-T6SE,158,0.30379747,0.34177215,0.35443038,0.35443038,0.38607595,0.25949367,0.39240506,0.26582278,0.34177215,0.28481013,0.4556962,0.25949367,0.10126582,0.76582278,0.13291139,0.44303797,0.30379747,0.25316456,0.44936709,0.30379747,0.24683544
gi|212218344,0,non-T6SE,127,0.38582677,0.33858268,0.27559055,0.30708661,0.4015748,0.29133858,0.31496063,0.2519685,0.43307087,0.29133858,0.41732283,0.29133858,0.1496063,0.69291339,0.15748031,0.5511811,0.21259843,0.23622047,0.37007874,0.38582677,0.24409449
gi|212218375,0,non-T6SE,506,0.32213439,0.37944664,0.29841897,0.37549407,0.38339921,0.24110672,0.34189723,0.3083004,0.34980237,0.32411067,0.43478261,0.24110672,0.11264822,0.75889328,0.1284585,0.43873518,0.26482213,0.29644269,0.44071146,0.32213439,0.23715415
gi|212218379,0,non-T6SE,353,0.29745042,0.36827195,0.33427762,0.37393768,0.36543909,0.26062323,0.36543909,0.31161473,0.32294618,0.29461756,0.44475921,0.26062323,0.12747875,0.77053824,0.101983,0.49858357,0.26062323,0.2407932,0.47025496,0.29745042,0.23229462
gi|212218392,0,non-T6SE,871,0.33754305,0.347876,0.31458094,0.34557979,0.43168772,0.22273249,0.34443169,0.29047072,0.36509759,0.29047072,0.48679679,0.22273249,0.10792193,0.77037887,0.1216992,0.5097589,0.25832377,0.23191734,0.42365098,0.33754305,0.23880597
gi|212218440,0,non-T6SE,454,0.37004405,0.3215859,0.30837004,0.34361233,0.40748899,0.24889868,0.32819383,0.2753304,0.39647577,0.29515419,0.45594714,0.24889868,0.15198238,0.71145374,0.13656388,0.50440529,0.25991189,0.23568282,0.42731278,0.37004405,0.20264317
gi|212218441,0,non-T6SE,435,0.29885057,0.38850575,0.31264368,0.38850575,0.3862069,0.22528736,0.34942529,0.32873563,0.32183908,0.32643678,0.44827586,0.22528736,0.11034483,0.77011494,0.11954023,0.42758621,0.29655172,0.27586207,0.45287356,0.29885057,0.24827586
gi|212218447,0,non-T6SE,270,0.31851852,0.33333333,0.34814815,0.38148148,0.44444444,0.17407407,0.35925926,0.31111111,0.32962963,0.32222222,0.5037037,0.17407407,0.12222222,0.75555556,0.12222222,0.47037037,0.27777778,0.25185185,0.4962963,0.31851852,0.18518519
gi|212218450,0,non-T6SE,360,0.30833333,0.38333333,0.30833333,0.38611111,0.4,0.21388889,0.32777778,0.32222222,0.35,0.33611111,0.45,0.21388889,0.11111111,0.78333333,0.10555556,0.46944444,0.25833333,0.27222222,0.44444444,0.30833333,0.24722222
gi|212218506,0,non-T6SE,177,0.28248588,0.3559322,0.36158192,0.36723164,0.33333333,0.29943503,0.37853107,0.30508475,0.31638418,0.29943503,0.40112994,0.29943503,0.13559322,0.7740113,0.09039548,0.4180791,0.31638418,0.26553672,0.4519774,0.28248588,0.26553672
gi|212218582,0,non-T6SE,371,0.33153639,0.35309973,0.31536388,0.35849057,0.37735849,0.26415094,0.35309973,0.2722372,0.37466307,0.29110512,0.44474394,0.26415094,0.10781671,0.78167116,0.11051213,0.41509434,0.30997305,0.27493261,0.44743935,0.33153639,0.22102426
gi|212218583,0,non-T6SE,1157,0.33016422,0.35609334,0.31374244,0.3474503,0.41659464,0.23595506,0.34572169,0.29472774,0.35955056,0.28781331,0.47623163,0.23595506,0.11754538,0.75885912,0.12359551,0.48746759,0.26966292,0.24286949,0.42610199,0.33016422,0.24373379
gi|212218588,0,non-T6SE,604,0.30794702,0.40231788,0.2897351,0.40562914,0.35264901,0.24172185,0.31953642,0.34271523,0.33774834,0.35761589,0.40066225,0.24172185,0.12251656,0.77980132,0.097682119,0.45364238,0.25993377,0.28642384,0.46523179,0.30794702,0.22682119
gi|212218625,0,non-T6SE,428,0.30140187,0.38084112,0.31775701,0.38551402,0.38317757,0.23130841,0.35280374,0.33411215,0.31308411,0.32943925,0.43925234,0.23130841,0.11448598,0.76401869,0.12149533,0.41121495,0.31542056,0.27336449,0.47196262,0.30140187,0.22663551
gi|212218637,0,non-T6SE,240,0.36666667,0.29583333,0.3375,0.32916667,0.3875,0.28333333,0.3625,0.24583333,0.39166667,0.27916667,0.4375,0.28333333,0.1375,0.7125,0.15,0.47916667,0.2375,0.28333333,0.42083333,0.36666667,0.2125
gi|212218656,0,non-T6SE,339,0.28318584,0.39823009,0.31858407,0.38938053,0.37168142,0.23893805,0.3539823,0.33333333,0.31268437,0.32448378,0.43657817,0.23893805,0.11504425,0.77876106,0.10619469,0.49262537,0.26548673,0.24188791,0.50737463,0.28318584,0.20943953
gi|212218689,0,non-T6SE,402,0.28358209,0.4079602,0.30845771,0.38059701,0.33830846,0.28109453,0.37064677,0.30597015,0.32338308,0.30597015,0.41293532,0.28109453,0.10199005,0.76616915,0.1318408,0.40049751,0.32089552,0.27860697,0.43532338,0.28358209,0.28109453
gi|212218695,0,non-T6SE,173,0.32369942,0.34682081,0.32947977,0.34104046,0.46820809,0.19075145,0.3583815,0.30057803,0.34104046,0.29479769,0.51445087,0.19075145,0.092485549,0.75144509,0.15606936,0.4566474,0.34682081,0.19653179,0.45086705,0.32369942,0.22543353
gi|212218714,0,non-T6SE,145,0.36551724,0.29655172,0.33793103,0.31034483,0.4,0.28965517,0.35862069,0.20689655,0.43448276,0.26206897,0.44827586,0.28965517,0.13103448,0.69655172,0.17241379,0.51724138,0.28275862,0.2,0.43448276,0.36551724,0.2
gi|212218749,0,non-T6SE,202,0.31683168,0.37128713,0.31188119,0.39108911,0.38118812,0.22772277,0.34158416,0.31683168,0.34158416,0.31188119,0.46039604,0.22772277,0.12376238,0.75247525,0.12376238,0.48514851,0.27227723,0.24257426,0.47524752,0.31683168,0.20792079
gi|212218792,0,non-T6SE,336,0.27380952,0.4047619,0.32142857,0.41666667,0.37202381,0.21130952,0.34821429,0.34821429,0.30357143,0.3422619,0.44642857,0.21130952,0.080357143,0.80357143,0.11607143,0.45833333,0.2827381,0.25892857,0.44940476,0.27380952,0.27678571
gi|212218844,0,non-T6SE,236,0.30508475,0.34745763,0.34745763,0.40254237,0.38559322,0.21186441,0.36440678,0.3220339,0.31355932,0.33474576,0.45338983,0.21186441,0.12288136,0.75847458,0.11864407,0.46610169,0.29237288,0.24152542,0.47457627,0.30508475,0.22033898
gi|212218915,0,non-T6SE,253,0.32806324,0.35573123,0.31620553,0.38339921,0.36363636,0.25296443,0.34782609,0.28853755,0.36363636,0.31225296,0.43478261,0.25296443,0.11462451,0.71936759,0.16600791,0.45059289,0.28853755,0.26086957,0.44268775,0.32806324,0.22924901
gi|212218929,0,non-T6SE,436,0.37155963,0.32798165,0.30045872,0.36238532,0.39678899,0.24082569,0.31192661,0.30275229,0.3853211,0.30733945,0.45183486,0.24082569,0.1559633,0.6766055,0.16743119,0.48853211,0.25458716,0.25688073,0.44036697,0.37155963,0.18807339
gi|212218945,0,non-T6SE,181,0.40331492,0.35911602,0.23756906,0.33149171,0.3480663,0.32044199,0.25966851,0.29834254,0.44198895,0.27624309,0.40331492,0.32044199,0.1878453,0.69060773,0.12154696,0.59668508,0.19337017,0.20994475,0.39226519,0.40331492,0.20441989
gi|212219025,0,non-T6SE,434,0.28110599,0.37788018,0.34101382,0.39400922,0.39861751,0.20737327,0.359447,0.33410138,0.30645161,0.35253456,0.44009217,0.20737327,0.10368664,0.78110599,0.11520737,0.47695853,0.2718894,0.25115207,0.50921659,0.28110599,0.20967742
gi|212219026,0,non-T6SE,324,0.24691358,0.41049383,0.34259259,0.44135802,0.35802469,0.20061728,0.35493827,0.36728395,0.27777778,0.38271605,0.41666667,0.20061728,0.098765432,0.79938272,0.10185185,0.44753086,0.28395062,0.26851852,0.47839506,0.24691358,0.27469136
gi|212219111,0,non-T6SE,201,0.27860697,0.39800995,0.32338308,0.40298507,0.40298507,0.19402985,0.34825871,0.32835821,0.32338308,0.31343284,0.49253731,0.19402985,0.089552239,0.81094527,0.099502488,0.47761194,0.25870647,0.26368159,0.47263682,0.27860697,0.24875622
gi|212219132,0,non-T6SE,1324,0.30362538,0.38444109,0.31193353,0.39199396,0.36858006,0.23942598,0.33308157,0.33232628,0.33459215,0.3255287,0.43504532,0.23942598,0.10498489,0.78096677,0.11404834,0.45845921,0.2560423,0.28549849,0.45845921,0.30362538,0.23791541
gi|212219167,0,non-T6SE,936,0.32692308,0.35470085,0.31837607,0.3792735,0.36111111,0.25961538,0.35042735,0.29594017,0.35363248,0.31517094,0.42521368,0.25961538,0.11858974,0.7457265,0.13568376,0.46047009,0.28098291,0.25854701,0.45512821,0.32692308,0.21794872
gi|212219176,0,non-T6SE,117,0.39316239,0.30769231,0.2991453,0.32478632,0.35042735,0.32478632,0.31623932,0.25641026,0.42735043,0.31623932,0.35897436,0.32478632,0.1965812,0.67521368,0.12820513,0.55555556,0.27350427,0.17094017,0.42735043,0.39316239,0.17948718
gi|212219224,0,non-T6SE,614,0.31596091,0.35504886,0.32899023,0.36807818,0.40228013,0.22964169,0.35830619,0.30781759,0.33387622,0.31107492,0.45928339,0.22964169,0.12214984,0.75570033,0.12214984,0.4771987,0.28013029,0.24267101,0.4723127,0.31596091,0.21172638
gi|212219249,0,non-T6SE,519,0.31984586,0.39884393,0.28131021,0.4026975,0.36416185,0.23314066,0.31599229,0.3256262,0.3583815,0.34682081,0.42003854,0.23314066,0.10019268,0.76300578,0.13680154,0.47013487,0.26204239,0.26782274,0.43159923,0.31984586,0.24855491
gi|212219277,0,non-T6SE,610,0.3295082,0.33770492,0.33278689,0.36393443,0.3852459,0.25081967,0.36065574,0.28852459,0.35081967,0.29836066,0.45081967,0.25081967,0.12295082,0.74262295,0.13442623,0.44262295,0.28688525,0.2704918,0.43278689,0.3295082,0.23770492
gi|212219280,0,non-T6SE,200,0.295,0.385,0.32,0.365,0.42,0.215,0.35,0.315,0.335,0.295,0.49,0.215,0.105,0.78,0.115,0.485,0.26,0.255,0.455,0.295,0.25
gi|212219373,0,non-T6SE,916,0.38209607,0.33515284,0.28275109,0.33078603,0.41266376,0.25655022,0.31659389,0.27292576,0.41048035,0.29475983,0.44868996,0.25655022,0.13100437,0.71069869,0.15829694,0.5371179,0.23908297,0.22379913,0.40502183,0.38209607,0.2128821
gi|212219402,0,non-T6SE,160,0.3375,0.3375,0.325,0.35,0.4125,0.2375,0.35,0.29375,0.35625,0.26875,0.49375,0.2375,0.125,0.71875,0.15625,0.5125,0.23125,0.25625,0.44375,0.3375,0.21875
gi|212219451,0,non-T6SE,200,0.325,0.395,0.28,0.42,0.395,0.185,0.295,0.355,0.35,0.36,0.455,0.185,0.085,0.76,0.155,0.495,0.23,0.275,0.45,0.325,0.225
gi|212219499,0,non-T6SE,91,0.40659341,0.27472527,0.31868132,0.25274725,0.35164835,0.3956044,0.37362637,0.18681319,0.43956044,0.20879121,0.3956044,0.3956044,0.17582418,0.68131868,0.14285714,0.52747253,0.23076923,0.24175824,0.35164835,0.40659341,0.24175824
gi|212219504,0,non-T6SE,314,0.31528662,0.35987261,0.32484076,0.40127389,0.37898089,0.21974522,0.33757962,0.33121019,0.33121019,0.34076433,0.43949045,0.21974522,0.12420382,0.75796178,0.11783439,0.48089172,0.25159236,0.26751592,0.48089172,0.31528662,0.20382166
gi|212219519,0,non-T6SE,204,0.30882353,0.37254902,0.31862745,0.39705882,0.3872549,0.21568627,0.33333333,0.35294118,0.31372549,0.37745098,0.40686275,0.21568627,0.13235294,0.75490196,0.1127451,0.4754902,0.2745098,0.25,0.50490196,0.30882353,0.18627451
gi|212219538,0,non-T6SE,393,0.30279898,0.40203562,0.29516539,0.43256997,0.35368957,0.21374046,0.32061069,0.35114504,0.32824427,0.36641221,0.41984733,0.21374046,0.1043257,0.76335878,0.13231552,0.41475827,0.30025445,0.28498728,0.46819338,0.30279898,0.22900763
gi|212219546,0,non-T6SE,775,0.34193548,0.32258065,0.33548387,0.35354839,0.41032258,0.23612903,0.36129032,0.27741935,0.36129032,0.28774194,0.47612903,0.23612903,0.11612903,0.7483871,0.13548387,0.46322581,0.28516129,0.2516129,0.43741935,0.34193548,0.22064516
gi|212219550,0,non-T6SE,723,0.33609959,0.36099585,0.30290456,0.35408022,0.38865837,0.25726141,0.33748271,0.29460581,0.36791148,0.3153527,0.42738589,0.25726141,0.11618257,0.7593361,0.12448133,0.48962656,0.26832642,0.24204703,0.41908714,0.33609959,0.24481328
gi|88658171,0,non-T6SE,123,0.37398374,0.30081301,0.32520325,0.30894309,0.39837398,0.29268293,0.35772358,0.24390244,0.39837398,0.2601626,0.44715447,0.29268293,0.20325203,0.71544715,0.081300813,0.42276423,0.31707317,0.2601626,0.44715447,0.37398374,0.17886179
gi|88658479,0,non-T6SE,137,0.33576642,0.38686131,0.27737226,0.42335766,0.35036496,0.22627737,0.30656934,0.33576642,0.35766423,0.3649635,0.40875912,0.22627737,0.13868613,0.73722628,0.12408759,0.46715328,0.23357664,0.29927007,0.42335766,0.33576642,0.24087591
gi|88657724,0,non-T6SE,487,0.39425051,0.29158111,0.31416838,0.33059548,0.4661191,0.20328542,0.33059548,0.26488706,0.40451745,0.29568789,0.50102669,0.20328542,0.13347023,0.70020534,0.16632444,0.46201232,0.27720739,0.26078029,0.41273101,0.39425051,0.19301848
gi|410681562,0,non-T6SE,381,0.34383202,0.35695538,0.2992126,0.32808399,0.38057743,0.29133858,0.36220472,0.26509186,0.37270341,0.29658793,0.41207349,0.29133858,0.1312336,0.73490814,0.13385827,0.46456693,0.29133858,0.24409449,0.39895013,0.34383202,0.25721785
gi|410681642,0,non-T6SE,812,0.34729064,0.34359606,0.3091133,0.34359606,0.39655172,0.25985222,0.34482759,0.28817734,0.36699507,0.2955665,0.44458128,0.25985222,0.12315271,0.73399015,0.14285714,0.44581281,0.28448276,0.26970443,0.42118227,0.34729064,0.23152709
gi|410681660,0,non-T6SE,549,0.13296903,0.3989071,0.46812386,0.38433515,0.39526412,0.22040073,0.49362477,0.36429872,0.1420765,0.32422587,0.45537341,0.22040073,0.052823315,0.90528233,0.041894353,0.35883424,0.40255009,0.23861566,0.62477231,0.13296903,0.24225865
gi|410681902,0,non-T6SE,448,0.31919643,0.37946429,0.30133929,0.37053571,0.37276786,0.25669643,0.34375,0.31696429,0.33928571,0.31696429,0.42633929,0.25669643,0.11830357,0.76339286,0.11830357,0.44419643,0.27455357,0.28125,0.45535714,0.31919643,0.22544643
gi|410681911,0,non-T6SE,213,0.32394366,0.36150235,0.31455399,0.342723,0.35211268,0.30516432,0.36619718,0.2629108,0.37089202,0.30516432,0.38967136,0.30516432,0.098591549,0.76995305,0.1314554,0.40375587,0.31924883,0.27699531,0.42253521,0.32394366,0.25352113
gi|410682152,0,non-T6SE,194,0.29896907,0.3814433,0.31958763,0.36597938,0.36082474,0.27319588,0.3556701,0.31443299,0.32989691,0.32474227,0.40206186,0.27319588,0.10309278,0.78865979,0.10824742,0.41752577,0.29381443,0.28865979,0.45360825,0.29896907,0.24742268
gi|410682211,0,non-T6SE,207,0.30434783,0.33333333,0.36231884,0.34782609,0.42995169,0.22222222,0.37681159,0.29951691,0.3236715,0.31400966,0.46376812,0.22222222,0.10144928,0.77294686,0.12560386,0.46376812,0.25603865,0.28019324,0.50724638,0.30434783,0.1884058
gi|410682383,0,non-T6SE,244,0.31557377,0.35245902,0.33196721,0.3442623,0.40163934,0.25409836,0.36885246,0.28688525,0.3442623,0.25819672,0.48770492,0.25409836,0.11065574,0.80327869,0.086065574,0.43442623,0.25409836,0.31147541,0.40983607,0.31557377,0.27459016
gi|410682680,0,non-T6SE,545,0.32844037,0.3266055,0.34495413,0.31192661,0.39082569,0.29724771,0.37798165,0.25504587,0.36697248,0.28073394,0.42201835,0.29724771,0.12293578,0.76146789,0.11559633,0.47155963,0.2733945,0.25504587,0.44220183,0.32844037,0.2293578
gi|410682694,0,non-T6SE,233,0.27038627,0.38197425,0.34763948,0.39484979,0.33476395,0.27038627,0.38626609,0.31759657,0.29613734,0.34334764,0.38626609,0.27038627,0.11158798,0.78540773,0.10300429,0.45493562,0.28755365,0.25751073,0.45922747,0.27038627,0.27038627
gi|410682695,0,non-T6SE,413,0.3220339,0.36561743,0.31234867,0.37288136,0.36561743,0.26150121,0.35108959,0.29539952,0.3535109,0.32445521,0.41404358,0.26150121,0.11380145,0.75302663,0.13317191,0.45762712,0.2590799,0.28329298,0.46731235,0.3220339,0.21065375
gi|410682831,0,non-T6SE,141,0.36879433,0.34042553,0.29078014,0.32624113,0.32624113,0.34751773,0.31205674,0.29787234,0.39007092,0.27659574,0.37588652,0.34751773,0.21985816,0.68085106,0.09929078,0.53191489,0.24822695,0.21985816,0.41134752,0.36879433,0.21985816
gi|410683030,0,non-T6SE,408,0.17401961,0.37009804,0.45588235,0.375,0.40441176,0.22058824,0.48284314,0.32843137,0.18872549,0.31617647,0.46323529,0.22058824,0.066176471,0.875,0.058823529,0.3872549,0.36029412,0.25245098,0.59558824,0.17401961,0.23039216
gi|52840394,0,non-T6SE,692,0.28323699,0.41184971,0.30491329,0.41763006,0.34971098,0.23265896,0.33092486,0.34537572,0.32369942,0.36271676,0.40462428,0.23265896,0.079479769,0.81213873,0.1083815,0.43641618,0.26445087,0.29913295,0.46387283,0.28323699,0.25289017
gi|52840829,0,non-T6SE,124,0.2983871,0.35483871,0.34677419,0.36290323,0.37903226,0.25806452,0.37903226,0.30645161,0.31451613,0.32258065,0.41935484,0.25806452,0.12096774,0.74193548,0.13709677,0.44354839,0.32258065,0.23387097,0.49193548,0.2983871,0.20967742
gi|52840997,0,non-T6SE,305,0.31803279,0.33770492,0.3442623,0.31803279,0.43278689,0.24918033,0.40327869,0.26557377,0.33114754,0.26885246,0.48196721,0.24918033,0.10491803,0.78360656,0.11147541,0.43934426,0.29508197,0.26557377,0.45245902,0.31803279,0.2295082
gi|161723256,0,non-T6SE,161,0.42236025,0.27950311,0.29813665,0.34161491,0.39751553,0.26086957,0.31677019,0.2484472,0.43478261,0.31055901,0.42857143,0.26086957,0.16149068,0.67080745,0.16770186,0.44099379,0.29813665,0.26086957,0.35403727,0.42236025,0.22360248
gi|52842031,0,non-T6SE,164,0.23170732,0.43292683,0.33536585,0.40853659,0.3902439,0.20121951,0.35365854,0.37804878,0.26829268,0.3597561,0.43902439,0.20121951,0.067073171,0.85365854,0.079268293,0.47560976,0.30487805,0.2195122,0.5304878,0.23170732,0.23780488
gi|52842402,0,non-T6SE,317,0.1829653,0.27129338,0.54574132,0.23659306,0.42586751,0.33753943,0.57728707,0.21451104,0.20820189,0.20820189,0.45425868,0.33753943,0.078864353,0.86435331,0.056782334,0.39432177,0.44164038,0.16403785,0.6214511,0.1829653,0.1955836
gi|153007409,0,non-T6SE,389,0.26992288,0.42673522,0.3033419,0.45501285,0.33161954,0.21336761,0.31876607,0.39845758,0.28277635,0.36760925,0.41902314,0.21336761,0.10796915,0.77634961,0.11568123,0.44215938,0.25192802,0.3059126,0.47557841,0.26992288,0.25449871
gi|153007490,0,non-T6SE,89,0.38202247,0.35955056,0.25842697,0.38202247,0.37078652,0.24719101,0.26966292,0.3258427,0.40449438,0.33707865,0.41573034,0.24719101,0.15730337,0.68539326,0.15730337,0.64044944,0.19101124,0.16853933,0.42696629,0.38202247,0.19101124
gi|153007542,0,non-T6SE,1263,0.31353919,0.39271576,0.29374505,0.41171813,0.3618369,0.22644497,0.32145685,0.34441805,0.3341251,0.36025337,0.41330166,0.22644497,0.10213777,0.75217736,0.14568488,0.47030879,0.27315914,0.25653207,0.47822644,0.31353919,0.20823436
gi|153007546,0,non-T6SE,644,0.31987578,0.3742236,0.30590062,0.41925466,0.36335404,0.2173913,0.32919255,0.33385093,0.33695652,0.37732919,0.4052795,0.2173913,0.11024845,0.74534161,0.14440994,0.42701863,0.29037267,0.2826087,0.46118012,0.31987578,0.2189441
gi|153007804,0,non-T6SE,264,0.31818182,0.38636364,0.29545455,0.36742424,0.38636364,0.24621212,0.34090909,0.31060606,0.34848485,0.3030303,0.45075758,0.24621212,0.098484848,0.78409091,0.11742424,0.4469697,0.28030303,0.27272727,0.46969697,0.31818182,0.21212121
gi|153007805,0,non-T6SE,294,0.28231293,0.40136054,0.31632653,0.43537415,0.36734694,0.19727891,0.31972789,0.37414966,0.30612245,0.38095238,0.42176871,0.19727891,0.095238095,0.78911565,0.11564626,0.4829932,0.21768707,0.29931973,0.51360544,0.28231293,0.20408163
gi|153007823,0,non-T6SE,116,0.37068966,0.3362069,0.29310345,0.36206897,0.31034483,0.32758621,0.32758621,0.27586207,0.39655172,0.31034483,0.36206897,0.32758621,0.1637931,0.68103448,0.15517241,0.5,0.25,0.25,0.38793103,0.37068966,0.24137931
gi|153007934,0,non-T6SE,350,0.30857143,0.36285714,0.32857143,0.38857143,0.40285714,0.20857143,0.34285714,0.31428571,0.34285714,0.32285714,0.46857143,0.20857143,0.10285714,0.76285714,0.13428571,0.44857143,0.29142857,0.26,0.48,0.30857143,0.21142857
gi|153008098,0,non-T6SE,165,0.33333333,0.38787879,0.27878788,0.42424242,0.33939394,0.23636364,0.3030303,0.32121212,0.37575758,0.4,0.36363636,0.23636364,0.10909091,0.73939394,0.15151515,0.49090909,0.25454545,0.25454545,0.43636364,0.33333333,0.23030303
gi|153008136,0,non-T6SE,134,0.39552239,0.37313433,0.23134328,0.37313433,0.29104478,0.3358209,0.26119403,0.32089552,0.41791045,0.35820896,0.30597015,0.3358209,0.23134328,0.67164179,0.097014925,0.55970149,0.23880597,0.20149254,0.45522388,0.39552239,0.14925373
gi|153008267,0,non-T6SE,300,0.27666667,0.43,0.29333333,0.45333333,0.34333333,0.20333333,0.30666667,0.40666667,0.28666667,0.39333333,0.40333333,0.20333333,0.11333333,0.76333333,0.12333333,0.42666667,0.28666667,0.28666667,0.5,0.27666667,0.22333333
gi|153008282,0,non-T6SE,469,0.31130064,0.40298507,0.28571429,0.43496802,0.33049041,0.23454158,0.30490405,0.35394456,0.34115139,0.37739872,0.3880597,0.23454158,0.11513859,0.74413646,0.14072495,0.43710021,0.2750533,0.28784648,0.45415778,0.31130064,0.23454158
gi|153008288,0,non-T6SE,614,0.28827362,0.42508143,0.28664495,0.43973941,0.31107492,0.24918567,0.31596091,0.36156352,0.32247557,0.38273616,0.36807818,0.24918567,0.10423453,0.76872964,0.12703583,0.4495114,0.26547231,0.28501629,0.45928339,0.28827362,0.252443
gi|153008404,0,non-T6SE,339,0.27433628,0.41887906,0.30678466,0.44542773,0.32448378,0.2300885,0.33333333,0.37463127,0.2920354,0.37463127,0.39528024,0.2300885,0.10619469,0.77876106,0.11504425,0.43362832,0.25663717,0.30973451,0.51327434,0.27433628,0.21238938
gi|153008421,0,non-T6SE,538,0.28066914,0.43866171,0.28066914,0.45724907,0.33085502,0.21189591,0.30111524,0.38847584,0.31040892,0.41078067,0.37732342,0.21189591,0.10594796,0.76765799,0.12639405,0.47583643,0.26394052,0.26022305,0.51486989,0.28066914,0.20446097
gi|153008448,0,non-T6SE,453,0.33333333,0.39514349,0.27152318,0.43267108,0.36203091,0.20529801,0.28697572,0.3598234,0.35320088,0.38852097,0.40618102,0.20529801,0.11699779,0.72626932,0.15673289,0.48565121,0.2384106,0.27593819,0.47019868,0.33333333,0.19646799
gi|153008609,0,non-T6SE,369,0.28184282,0.42276423,0.29539295,0.4200542,0.32520325,0.25474255,0.33875339,0.35230352,0.30894309,0.36314363,0.38211382,0.25474255,0.10298103,0.78590786,0.11111111,0.44444444,0.24661247,0.30894309,0.45528455,0.28184282,0.26287263
gi|153008685,0,non-T6SE,284,0.3028169,0.36971831,0.32746479,0.41197183,0.37323944,0.21478873,0.34507042,0.34507042,0.30985915,0.34507042,0.44014085,0.21478873,0.10915493,0.76760563,0.12323944,0.37676056,0.30985915,0.31338028,0.48943662,0.3028169,0.20774648
gi|153008699,0,non-T6SE,319,0.28213166,0.42946708,0.28840125,0.41065831,0.3354232,0.2539185,0.33855799,0.37304075,0.28840125,0.32915361,0.4169279,0.2539185,0.10658307,0.79310345,0.10031348,0.4169279,0.27899687,0.30407524,0.44514107,0.28213166,0.27272727
gi|153008701,0,non-T6SE,218,0.30733945,0.39908257,0.29357798,0.38990826,0.36697248,0.24311927,0.33027523,0.33486239,0.33486239,0.31651376,0.44036697,0.24311927,0.1146789,0.78440367,0.10091743,0.44495413,0.27522936,0.27981651,0.44036697,0.30733945,0.25229358
gi|153008749,0,non-T6SE,319,0.32601881,0.40752351,0.26645768,0.45141066,0.34482759,0.20376176,0.28526646,0.37931034,0.3354232,0.40752351,0.38871473,0.20376176,0.11285266,0.7492163,0.13793103,0.44514107,0.27899687,0.27586207,0.46708464,0.32601881,0.20689655
gi|153008791,0,non-T6SE,488,0.31557377,0.39754098,0.28688525,0.40778689,0.34221311,0.25,0.31147541,0.33606557,0.35245902,0.35245902,0.39754098,0.25,0.10860656,0.73565574,0.1557377,0.4897541,0.24795082,0.26229508,0.44672131,0.31557377,0.23770492
gi|153008944,0,non-T6SE,93,0.38709677,0.29032258,0.32258065,0.27956989,0.39784946,0.32258065,0.35483871,0.22580645,0.41935484,0.23655914,0.44086022,0.32258065,0.17204301,0.7311828,0.096774194,0.52688172,0.2688172,0.20430108,0.37634409,0.38709677,0.23655914
gi|153008959,0,non-T6SE,367,0.34059946,0.36239782,0.29700272,0.40054496,0.39509537,0.20435967,0.32425068,0.32425068,0.35149864,0.35149864,0.44414169,0.20435967,0.11444142,0.72752044,0.15803815,0.47411444,0.27520436,0.2506812,0.47683924,0.34059946,0.18256131
gi|153009013,0,non-T6SE,407,0.27518428,0.44226044,0.28255528,0.45208845,0.35135135,0.1965602,0.2997543,0.38820639,0.31203931,0.39312039,0.41031941,0.1965602,0.085995086,0.78624079,0.12776413,0.42751843,0.28501229,0.28746929,0.47911548,0.27518428,0.24570025
gi|153009021,0,non-T6SE,168,0.31547619,0.3452381,0.33928571,0.44642857,0.30357143,0.25,0.36904762,0.26785714,0.36309524,0.32142857,0.42857143,0.25,0.095238095,0.74404762,0.16071429,0.36309524,0.32738095,0.30952381,0.39285714,0.31547619,0.29166667
gi|153009122,0,non-T6SE,264,0.29545455,0.35984848,0.34469697,0.37121212,0.35227273,0.27651515,0.38257576,0.28787879,0.32954545,0.3030303,0.42045455,0.27651515,0.098484848,0.79166667,0.10984848,0.43560606,0.28409091,0.28030303,0.46590909,0.29545455,0.23863636
gi|153009134,0,non-T6SE,607,0.29159802,0.40197694,0.30642504,0.42504119,0.35420099,0.22075783,0.33443163,0.34596376,0.31960461,0.35255354,0.42668863,0.22075783,0.090609555,0.79736409,0.11202636,0.43163097,0.27512356,0.29324547,0.46293245,0.29159802,0.24546952
gi|153009296,0,non-T6SE,122,0.36065574,0.29508197,0.3442623,0.35245902,0.37704918,0.2704918,0.35245902,0.27868852,0.36885246,0.29508197,0.43442623,0.2704918,0.19672131,0.70491803,0.098360656,0.42622951,0.28688525,0.28688525,0.45901639,0.36065574,0.18032787
gi|153009298,0,non-T6SE,185,0.37297297,0.30810811,0.31891892,0.34594595,0.35135135,0.3027027,0.34594595,0.27567568,0.37837838,0.2972973,0.4,0.3027027,0.16756757,0.7027027,0.12972973,0.47567568,0.28648649,0.23783784,0.44324324,0.37297297,0.18378378
gi|153009306,0,non-T6SE,446,0.19506726,0.41255605,0.39237668,0.38116592,0.40807175,0.21076233,0.42600897,0.3632287,0.21076233,0.33183857,0.4573991,0.21076233,0.073991031,0.88116592,0.044843049,0.41479821,0.33632287,0.24887892,0.56726457,0.19506726,0.23766816
gi|153009310,0,non-T6SE,337,0.35905045,0.32344214,0.31750742,0.35311573,0.45103858,0.1958457,0.34124629,0.28783383,0.37091988,0.29673591,0.5074184,0.1958457,0.10979228,0.73293769,0.15727003,0.44510386,0.27299703,0.28189911,0.4421365,0.35905045,0.19881306
gi|153009311,0,non-T6SE,142,0.37323944,0.37323944,0.25352113,0.38732394,0.32394366,0.28873239,0.26760563,0.33098592,0.40140845,0.36619718,0.34507042,0.28873239,0.19014085,0.69014085,0.11971831,0.5915493,0.21126761,0.1971831,0.47183099,0.37323944,0.15492958
gi|153009331,0,non-T6SE,714,0.31932773,0.3837535,0.29691877,0.40196078,0.3697479,0.22829132,0.32212885,0.34173669,0.33613445,0.3557423,0.41596639,0.22829132,0.11344538,0.75070028,0.13585434,0.48039216,0.25630252,0.26330532,0.4719888,0.31932773,0.20868347
gi|153009387,0,non-T6SE,117,0.34188034,0.34188034,0.31623932,0.4017094,0.25641026,0.34188034,0.34188034,0.30769231,0.35042735,0.35897436,0.2991453,0.34188034,0.14529915,0.68376068,0.17094017,0.46153846,0.28205128,0.25641026,0.43589744,0.34188034,0.22222222
gi|153009466,0,non-T6SE,199,0.27638191,0.46231156,0.26130653,0.44723618,0.32160804,0.23115578,0.30653266,0.39698492,0.29648241,0.40703518,0.36180905,0.23115578,0.090452261,0.80904523,0.10050251,0.48241206,0.25125628,0.26633166,0.45728643,0.27638191,0.26633166
gi|153009524,0,non-T6SE,369,0.34417344,0.36856369,0.28726287,0.39566396,0.36314363,0.24119241,0.31707317,0.31436314,0.36856369,0.33875339,0.4200542,0.24119241,0.11382114,0.71273713,0.17344173,0.50406504,0.23306233,0.26287263,0.43360434,0.34417344,0.22222222
gi|153009530,0,non-T6SE,974,0.32854209,0.3798768,0.29158111,0.40657084,0.36036961,0.23305955,0.32032854,0.33367556,0.34599589,0.35112936,0.41581109,0.23305955,0.12833676,0.73100616,0.14065708,0.44353183,0.27310062,0.28336756,0.44455852,0.32854209,0.22689938
gi|153009536,0,non-T6SE,230,0.32608696,0.35217391,0.32173913,0.35217391,0.3826087,0.26521739,0.35652174,0.29130435,0.35217391,0.3,0.43478261,0.26521739,0.11304348,0.76521739,0.12173913,0.46521739,0.27391304,0.26086957,0.4,0.32608696,0.27391304
gi|153009585,0,non-T6SE,507,0.34122288,0.37869822,0.2800789,0.38461538,0.38461538,0.23076923,0.32544379,0.31952663,0.35502959,0.32938856,0.43984221,0.23076923,0.10650888,0.7495069,0.14398422,0.4122288,0.30374753,0.28402367,0.41814596,0.34122288,0.24063116
gi|153009733,0,non-T6SE,442,0.32579186,0.37330317,0.30090498,0.40271493,0.33257919,0.26470588,0.33936652,0.31674208,0.3438914,0.34615385,0.38914027,0.26470588,0.11764706,0.73076923,0.15158371,0.4479638,0.26470588,0.28733032,0.43665158,0.32579186,0.23755656
gi|153009820,0,non-T6SE,152,0.32236842,0.35526316,0.32236842,0.36842105,0.40131579,0.23026316,0.34210526,0.30921053,0.34868421,0.27631579,0.49342105,0.23026316,0.11842105,0.75,0.13157895,0.46710526,0.25,0.28289474,0.43421053,0.32236842,0.24342105
gi|153009822,0,non-T6SE,154,0.37662338,0.34415584,0.27922078,0.33116883,0.38311688,0.28571429,0.30519481,0.28571429,0.40909091,0.27922078,0.43506494,0.28571429,0.17532468,0.72077922,0.1038961,0.49350649,0.26623377,0.24025974,0.43506494,0.37662338,0.18831169
gi|153009857,0,non-T6SE,439,0.30523918,0.40091116,0.29384966,0.41230068,0.35763098,0.23006834,0.31890661,0.35079727,0.33029613,0.36218679,0.40774487,0.23006834,0.1070615,0.77676538,0.11617312,0.44874715,0.24601367,0.30523918,0.48291572,0.30523918,0.2118451
gi|153009903,0,non-T6SE,363,0.27272727,0.40495868,0.32231405,0.46280992,0.35261708,0.184573,0.33884298,0.38016529,0.28099174,0.40220386,0.41322314,0.184573,0.096418733,0.77134986,0.1322314,0.4214876,0.25619835,0.32231405,0.54545455,0.27272727,0.18181818
gi|153009959,0,non-T6SE,403,0.1439206,0.44168734,0.41439206,0.4044665,0.3573201,0.2382134,0.45657568,0.382134,0.16129032,0.34987593,0.41191067,0.2382134,0.05707196,0.91315136,0.029776675,0.40694789,0.32754342,0.26550868,0.58064516,0.1439206,0.27543424
gi|153010181,0,non-T6SE,207,0.32850242,0.3236715,0.34782609,0.35748792,0.42028986,0.22222222,0.37198068,0.26570048,0.36231884,0.28502415,0.49275362,0.22222222,0.096618357,0.76811594,0.1352657,0.4589372,0.26570048,0.27536232,0.47826087,0.32850242,0.19323671
gi|153010186,0,non-T6SE,824,0.30946602,0.38592233,0.30461165,0.41140777,0.31432039,0.27427184,0.33980583,0.33373786,0.32645631,0.33980583,0.38592233,0.27427184,0.1092233,0.76699029,0.12378641,0.38834951,0.29975728,0.3118932,0.43325243,0.30946602,0.25728155
gi|153010187,0,non-T6SE,313,0.30351438,0.4057508,0.29073482,0.45686901,0.31948882,0.22364217,0.32268371,0.34504792,0.33226837,0.32587859,0.45047923,0.22364217,0.099041534,0.77955272,0.12140575,0.38338658,0.2971246,0.31948882,0.44408946,0.30351438,0.25239617
gi|153010206,0,non-T6SE,594,0.3030303,0.4023569,0.29461279,0.39393939,0.35185185,0.25420875,0.32491582,0.33164983,0.34343434,0.34680135,0.3989899,0.25420875,0.11952862,0.75589226,0.12457912,0.46464646,0.26262626,0.27272727,0.47138047,0.3030303,0.22558923
gi|153010214,0,non-T6SE,1254,0.30701754,0.41148325,0.2814992,0.4138756,0.31578947,0.27033493,0.3245614,0.33971292,0.33572568,0.3492823,0.38038278,0.27033493,0.11244019,0.76315789,0.12440191,0.40669856,0.28548644,0.30781499,0.42583732,0.30701754,0.26714514
gi|153010215,0,non-T6SE,512,0.32617188,0.36328125,0.31054688,0.390625,0.328125,0.28125,0.35546875,0.3046875,0.33984375,0.296875,0.421875,0.28125,0.12304688,0.74023438,0.13671875,0.41796875,0.30273438,0.27929688,0.41796875,0.32617188,0.25585938
gi|153010251,0,non-T6SE,400,0.1125,0.505,0.3825,0.5025,0.3225,0.175,0.3975,0.4825,0.12,0.45,0.375,0.175,0.0475,0.92,0.0325,0.4325,0.2875,0.28,0.64,0.1125,0.2475
gi|153010276,0,non-T6SE,135,0.3037037,0.37777778,0.31851852,0.38518519,0.34814815,0.26666667,0.34814815,0.34074074,0.31111111,0.31851852,0.41481481,0.26666667,0.12592593,0.78518519,0.088888889,0.34074074,0.31111111,0.34814815,0.45185185,0.3037037,0.24444444
gi|153010338,0,non-T6SE,215,0.3255814,0.35813953,0.31627907,0.39069767,0.30697674,0.30232558,0.34418605,0.30232558,0.35348837,0.33023256,0.36744186,0.30232558,0.14418605,0.7255814,0.13023256,0.42790698,0.30232558,0.26976744,0.45116279,0.3255814,0.22325581
gi|153010448,0,non-T6SE,307,0.26710098,0.40716612,0.3257329,0.4495114,0.40065147,0.14983713,0.33876221,0.38436482,0.27687296,0.40065147,0.4495114,0.14983713,0.087947883,0.7980456,0.11400651,0.43973941,0.27035831,0.28990228,0.50814332,0.26710098,0.2247557
gi|153010522,0,non-T6SE,141,0.30496454,0.38297872,0.31205674,0.41843972,0.39007092,0.19148936,0.33333333,0.33333333,0.33333333,0.31914894,0.4893617,0.19148936,0.11347518,0.74468085,0.14184397,0.46808511,0.21985816,0.31205674,0.43971631,0.30496454,0.25531915
gi|153011148,0,non-T6SE,173,0.25433526,0.49132948,0.25433526,0.49132948,0.31213873,0.19653179,0.2716763,0.42196532,0.30635838,0.40462428,0.39884393,0.19653179,0.080924855,0.79768786,0.12138728,0.46820809,0.19075145,0.34104046,0.47398844,0.25433526,0.2716763
gi|153011176,0,non-T6SE,275,0.36,0.36,0.28,0.41454545,0.36727273,0.21818182,0.32,0.30909091,0.37090909,0.37090909,0.41090909,0.21818182,0.12727273,0.68363636,0.18909091,0.48727273,0.23636364,0.27636364,0.44727273,0.36,0.19272727
gi|153011177,0,non-T6SE,444,0.32882883,0.3963964,0.27477477,0.43018018,0.33108108,0.23873874,0.29504505,0.35585586,0.3490991,0.3490991,0.41216216,0.23873874,0.11711712,0.75675676,0.12612613,0.45045045,0.22072072,0.32882883,0.43468468,0.32882883,0.23648649
gi|153011307,0,non-T6SE,208,0.29326923,0.37019231,0.33653846,0.40865385,0.35576923,0.23557692,0.36057692,0.32692308,0.3125,0.34615385,0.41826923,0.23557692,0.096153846,0.78365385,0.12019231,0.39903846,0.31730769,0.28365385,0.47596154,0.29326923,0.23076923
gi|153011653,0,non-T6SE,269,0.19330855,0.38289963,0.42379182,0.38289963,0.39033457,0.2267658,0.43494424,0.34572491,0.21933086,0.34944238,0.42379182,0.2267658,0.055762082,0.85130112,0.092936803,0.37918216,0.35315985,0.26765799,0.53159851,0.19330855,0.27509294
gi|153011849,0,non-T6SE,95,0.36842105,0.33684211,0.29473684,0.30526316,0.38947368,0.30526316,0.34736842,0.26315789,0.38947368,0.26315789,0.43157895,0.30526316,0.18947368,0.71578947,0.094736842,0.51578947,0.26315789,0.22105263,0.37894737,0.36842105,0.25263158
gi|153012036,0,non-T6SE,333,0.30930931,0.37837838,0.31231231,0.3993994,0.34834835,0.25225225,0.34234234,0.32732733,0.33033033,0.34534535,0.4024024,0.25225225,0.11111111,0.75675676,0.13213213,0.45645646,0.2972973,0.24624625,0.45945946,0.30930931,0.23123123
gi|15887405,0,non-T6SE,744,0.31048387,0.39919355,0.29032258,0.42876344,0.34274194,0.22849462,0.31586022,0.35483871,0.32930108,0.375,0.39650538,0.22849462,0.10752688,0.7594086,0.13306452,0.44892473,0.24731183,0.30376344,0.45698925,0.31048387,0.23252688
gi|159184174,0,non-T6SE,257,0.28015564,0.40856031,0.31128405,0.46692607,0.34241245,0.19066148,0.3229572,0.38910506,0.28793774,0.41245136,0.39688716,0.19066148,0.10505837,0.76653696,0.12840467,0.49027237,0.28015564,0.22957198,0.53307393,0.28015564,0.18677043
gi|15887488,0,non-T6SE,438,0.25570776,0.4109589,0.33333333,0.47488584,0.35616438,0.16894977,0.34018265,0.39726027,0.26255708,0.4109589,0.42009132,0.16894977,0.093607306,0.78538813,0.12100457,0.46118721,0.24885845,0.28995434,0.543379,0.25570776,0.20091324
gi|15887516,0,non-T6SE,340,0.21470588,0.50882353,0.27647059,0.51176471,0.32352941,0.16470588,0.28235294,0.48823529,0.22941176,0.43235294,0.40294118,0.16470588,0.076470588,0.84705882,0.076470588,0.44117647,0.27647059,0.28235294,0.48235294,0.21470588,0.30294118
gi|15887532,0,non-T6SE,300,0.32333333,0.38,0.29666667,0.40333333,0.33,0.26666667,0.34,0.30666667,0.35333333,0.32666667,0.40666667,0.26666667,0.11666667,0.73,0.15333333,0.44333333,0.29,0.26666667,0.41666667,0.32333333,0.26
gi|159184202,0,non-T6SE,381,0.21784777,0.3832021,0.39895013,0.38582677,0.34908136,0.26509186,0.42782152,0.34908136,0.22309711,0.3175853,0.41732283,0.26509186,0.081364829,0.85301837,0.065616798,0.38845144,0.33333333,0.27821522,0.53018373,0.21784777,0.2519685
gi|15887547,0,non-T6SE,442,0.25565611,0.44343891,0.30090498,0.42533937,0.33484163,0.239819,0.34162896,0.37330317,0.28506787,0.37104072,0.38914027,0.239819,0.095022624,0.79864253,0.10633484,0.41628959,0.2760181,0.30769231,0.49321267,0.25565611,0.25113122
gi|15887552,0,non-T6SE,303,0.2970297,0.41254125,0.29042904,0.44224422,0.37293729,0.18481848,0.31683168,0.37953795,0.30363036,0.39933993,0.41584158,0.18481848,0.089108911,0.8019802,0.10891089,0.43564356,0.28382838,0.28052805,0.4950495,0.2970297,0.20792079
gi|159184273,0,non-T6SE,351,0.33048433,0.37037037,0.2991453,0.3960114,0.37606838,0.22792023,0.31908832,0.33618234,0.34472934,0.34472934,0.42735043,0.22792023,0.12250712,0.75213675,0.12535613,0.50712251,0.23646724,0.25641026,0.44729345,0.33048433,0.22222222
gi|15887822,0,non-T6SE,241,0.1120332,0.48962656,0.39834025,0.45228216,0.36514523,0.18257261,0.41908714,0.44813278,0.13278008,0.40248963,0.41493776,0.18257261,0.037344398,0.92946058,0.033195021,0.38589212,0.34439834,0.26970954,0.68879668,0.1120332,0.19917012
gi|159184358,0,non-T6SE,99,0.36363636,0.32323232,0.31313131,0.29292929,0.38383838,0.32323232,0.35353535,0.24242424,0.4040404,0.23232323,0.44444444,0.32323232,0.16161616,0.70707071,0.13131313,0.49494949,0.32323232,0.18181818,0.37373737,0.36363636,0.26262626
gi|159184474,0,non-T6SE,544,0.29411765,0.40257353,0.30330882,0.42095588,0.35477941,0.22426471,0.32536765,0.36580882,0.30882353,0.36213235,0.41360294,0.22426471,0.091911765,0.79227941,0.11580882,0.44301471,0.24816176,0.30882353,0.46691176,0.29411765,0.23897059
gi|159184484,0,non-T6SE,549,0.30236794,0.41712204,0.28051002,0.41165756,0.32786885,0.26047359,0.3132969,0.35154827,0.33515483,0.3424408,0.39708561,0.26047359,0.10564663,0.78142077,0.1129326,0.41894353,0.24954463,0.33151184,0.45355191,0.30236794,0.24408015
gi|15888245,0,non-T6SE,165,0.2969697,0.36969697,0.33333333,0.38181818,0.34545455,0.27272727,0.36363636,0.2969697,0.33939394,0.36969697,0.35757576,0.27272727,0.11515152,0.74545455,0.13939394,0.42424242,0.30909091,0.26666667,0.5030303,0.2969697,0.2
gi|15888690,0,non-T6SE,836,0.34569378,0.38397129,0.27033493,0.40550239,0.35885167,0.23564593,0.29545455,0.33492823,0.36961722,0.35047847,0.4138756,0.23564593,0.13636364,0.71650718,0.14712919,0.48444976,0.24043062,0.27511962,0.42464115,0.34569378,0.22966507
gi|15888931,0,non-T6SE,578,0.31314879,0.38754325,0.29930796,0.38408304,0.36678201,0.24913495,0.33737024,0.32352941,0.33910035,0.316609,0.43425606,0.24913495,0.11591696,0.74221453,0.14186851,0.44117647,0.29065744,0.26816609,0.44636678,0.31314879,0.24048443
gi|15888975,0,non-T6SE,375,0.26133333,0.40533333,0.33333333,0.44266667,0.336,0.22133333,0.35466667,0.36,0.28533333,0.37333333,0.40533333,0.22133333,0.096,0.79733333,0.10666667,0.352,0.33866667,0.30933333,0.50133333,0.26133333,0.23733333
gi|159184959,0,non-T6SE,363,0.33333333,0.36639118,0.30027548,0.41322314,0.39669421,0.19008264,0.31404959,0.34986226,0.33608815,0.37741047,0.43250689,0.19008264,0.1184573,0.74655647,0.13498623,0.45179063,0.23966942,0.30853994,0.47107438,0.33333333,0.19559229
gi|159184984,0,non-T6SE,189,0.35978836,0.3968254,0.24338624,0.40740741,0.30687831,0.28571429,0.25396825,0.34920635,0.3968254,0.38095238,0.33333333,0.28571429,0.18518519,0.7037037,0.11111111,0.50793651,0.21693122,0.27513228,0.46560847,0.35978836,0.17460317
gi|15889239,0,non-T6SE,278,0.3381295,0.42446043,0.23741007,0.41726619,0.29496403,0.28776978,0.26258993,0.36690647,0.3705036,0.35971223,0.35251799,0.28776978,0.17985612,0.74820144,0.071942446,0.42446043,0.24100719,0.33453237,0.40647482,0.3381295,0.25539568
gi|15889291,0,non-T6SE,988,0.35020243,0.40283401,0.24696356,0.43218623,0.33198381,0.23582996,0.27327935,0.36437247,0.36234818,0.37348178,0.39068826,0.23582996,0.13663968,0.71153846,0.15182186,0.47267206,0.22672065,0.30060729,0.4048583,0.35020243,0.24493927
gi|15889454,0,non-T6SE,305,0.3147541,0.41639344,0.26885246,0.4557377,0.32459016,0.21967213,0.28852459,0.38032787,0.33114754,0.41311475,0.36721311,0.21967213,0.091803279,0.79344262,0.1147541,0.39016393,0.26885246,0.34098361,0.44262295,0.3147541,0.24262295
gi|159185089,0,non-T6SE,1162,0.31239243,0.38554217,0.3020654,0.41652324,0.37435456,0.2091222,0.32616179,0.35197935,0.32185886,0.35714286,0.43373494,0.2091222,0.11015491,0.75473322,0.13511188,0.46127367,0.26592083,0.27280551,0.46299484,0.31239243,0.22461274
gi|15889610,0,non-T6SE,502,0.35458167,0.39243028,0.25298805,0.4123506,0.34860558,0.23904382,0.26693227,0.35458167,0.37848606,0.34462151,0.41633466,0.23904382,0.15737052,0.73705179,0.10557769,0.46812749,0.21513944,0.31673307,0.42629482,0.35458167,0.21912351
gi|159185223,0,non-T6SE,237,0.29957806,0.37130802,0.32911392,0.36708861,0.37130802,0.26160338,0.35021097,0.30379747,0.34599156,0.30379747,0.43459916,0.26160338,0.10970464,0.77637131,0.11392405,0.47257384,0.24050633,0.28691983,0.48945148,0.29957806,0.21097046
gi|15889760,0,non-T6SE,481,0.18918919,0.42619543,0.38461538,0.42619543,0.37837838,0.1954262,0.40956341,0.38461538,0.20582121,0.38669439,0.41787942,0.1954262,0.062370062,0.86070686,0.076923077,0.40956341,0.30561331,0.28482328,0.58835759,0.18918919,0.22245322
gi|159185243,0,non-T6SE,128,0.2421875,0.4375,0.3203125,0.4453125,0.34375,0.2109375,0.359375,0.3671875,0.2734375,0.359375,0.4296875,0.2109375,0.078125,0.8203125,0.1015625,0.328125,0.3828125,0.2890625,0.46875,0.2421875,0.2890625
gi|15889765,0,non-T6SE,246,0.28861789,0.41056911,0.30081301,0.42682927,0.3495935,0.22357724,0.33739837,0.35772358,0.30487805,0.36585366,0.41056911,0.22357724,0.089430894,0.79674797,0.11382114,0.38211382,0.31300813,0.30487805,0.46747967,0.28861789,0.24390244
gi|15889766,0,non-T6SE,363,0.28650138,0.39393939,0.31955923,0.41597796,0.32782369,0.25619835,0.35261708,0.35261708,0.29476584,0.36914601,0.37465565,0.25619835,0.093663912,0.7768595,0.12947658,0.42424242,0.27823691,0.29752066,0.46280992,0.28650138,0.25068871
gi|159185267,0,non-T6SE,263,0.25855513,0.44486692,0.29657795,0.46768061,0.30038023,0.23193916,0.32319392,0.41064639,0.2661597,0.41825095,0.34980989,0.23193916,0.11406844,0.78326996,0.1026616,0.47148289,0.25475285,0.27376426,0.52471483,0.25855513,0.21673004
gi|15889957,0,non-T6SE,179,0.39106145,0.40223464,0.20670391,0.39106145,0.37988827,0.22905028,0.23463687,0.37430168,0.39106145,0.36312849,0.40782123,0.22905028,0.17877095,0.67039106,0.15083799,0.60893855,0.22346369,0.16759777,0.46368715,0.39106145,0.1452514
gi|159185343,0,non-T6SE,337,0.27299703,0.41543027,0.3115727,0.42433234,0.33827893,0.23738872,0.34718101,0.36795252,0.28486647,0.35608309,0.40652819,0.23738872,0.10089021,0.78635015,0.11275964,0.43916914,0.27893175,0.28189911,0.47181009,0.27299703,0.25519288
gi|159185594,0,non-T6SE,440,0.12727273,0.47727273,0.39545455,0.47272727,0.35454545,0.17272727,0.41590909,0.44772727,0.13636364,0.41363636,0.41363636,0.17272727,0.05,0.90909091,0.040909091,0.36363636,0.34318182,0.29318182,0.65681818,0.12727273,0.21590909
gi|15891708,0,non-T6SE,348,0.15229885,0.41666667,0.43103448,0.43965517,0.41666667,0.14367816,0.43678161,0.40517241,0.15804598,0.39367816,0.46264368,0.14367816,0.063218391,0.89655172,0.040229885,0.41666667,0.3362069,0.24712644,0.67528736,0.15229885,0.17241379
gi|15891676,0,non-T6SE,402,0.30845771,0.40049751,0.29104478,0.43781095,0.3159204,0.24626866,0.30845771,0.34328358,0.34825871,0.38059701,0.37313433,0.24626866,0.11442786,0.74129353,0.14427861,0.45024876,0.26865672,0.28109453,0.46517413,0.30845771,0.22636816
gi|15891640,0,non-T6SE,418,0.25598086,0.4354067,0.30861244,0.46172249,0.30382775,0.23444976,0.33732057,0.39473684,0.26794258,0.3923445,0.37320574,0.23444976,0.10526316,0.78708134,0.1076555,0.43062201,0.29425837,0.27511962,0.48564593,0.25598086,0.25837321
gi|159185731,0,non-T6SE,603,0.24212272,0.39303483,0.36484245,0.38308458,0.40630182,0.2106136,0.38640133,0.35323383,0.26036484,0.33001658,0.45936982,0.2106136,0.099502488,0.81757877,0.08291874,0.44444444,0.30348259,0.25207297,0.52902156,0.24212272,0.22885572
gi|159185737,0,non-T6SE,389,0.28020566,0.44215938,0.27763496,0.45244216,0.32904884,0.218509,0.31105398,0.38817481,0.30077121,0.39845758,0.38303342,0.218509,0.10539846,0.77120823,0.12339332,0.4344473,0.24164524,0.32390746,0.49871465,0.28020566,0.22107969
gi|15891357,0,non-T6SE,186,0.29032258,0.43010753,0.27956989,0.46774194,0.32258065,0.20967742,0.29569892,0.38709677,0.3172043,0.40322581,0.38709677,0.20967742,0.10752688,0.7688172,0.12365591,0.46236559,0.2311828,0.30645161,0.46774194,0.29032258,0.24193548
gi|15891222,0,non-T6SE,333,0.26726727,0.42342342,0.30930931,0.40540541,0.35435435,0.24024024,0.33033033,0.35735736,0.31231231,0.34234234,0.41741742,0.24024024,0.087087087,0.7957958,0.11711712,0.48648649,0.23123123,0.28228228,0.45645646,0.26726727,0.27627628
gi|15891196,0,non-T6SE,166,0.24096386,0.48192771,0.27710843,0.52409639,0.29518072,0.18072289,0.30120482,0.44578313,0.25301205,0.46385542,0.35542169,0.18072289,0.06626506,0.81325301,0.12048193,0.47590361,0.22891566,0.29518072,0.5,0.24096386,0.25903614
gi|159185894,0,non-T6SE,349,0.30659026,0.39255014,0.3008596,0.40687679,0.3982808,0.19484241,0.31805158,0.36676218,0.31518625,0.36389685,0.44126074,0.19484241,0.10315186,0.77936963,0.11747851,0.46991404,0.26361032,0.26647564,0.46991404,0.30659026,0.2234957
gi|15891161,0,non-T6SE,567,0.15167549,0.45149912,0.3968254,0.42504409,0.37037037,0.20458554,0.42504409,0.41269841,0.1622575,0.37389771,0.42151675,0.20458554,0.040564374,0.92239859,0.037037037,0.40917108,0.329806,0.26102293,0.6031746,0.15167549,0.24514991
gi|15891157,0,non-T6SE,481,0.29106029,0.40540541,0.3035343,0.40748441,0.41787942,0.17463617,0.32432432,0.35966736,0.31600832,0.35758836,0.46777547,0.17463617,0.089397089,0.7962578,0.11434511,0.49480249,0.25779626,0.24740125,0.4989605,0.29106029,0.20997921
gi|159185947,0,non-T6SE,495,0.32727273,0.37373737,0.2989899,0.41414141,0.31919192,0.26666667,0.33535354,0.3030303,0.36161616,0.35353535,0.37979798,0.26666667,0.096969697,0.72525253,0.17777778,0.4,0.28484848,0.31515152,0.44848485,0.32727273,0.22424242
gi|15890896,0,non-T6SE,420,0.30952381,0.38095238,0.30952381,0.40714286,0.33809524,0.2547619,0.35,0.31190476,0.33809524,0.34761905,0.39761905,0.2547619,0.10952381,0.74285714,0.14761905,0.40714286,0.2952381,0.29761905,0.44761905,0.30952381,0.24285714
gi|15890895,0,non-T6SE,735,0.30204082,0.39319728,0.3047619,0.38095238,0.32244898,0.29659864,0.34557823,0.31428571,0.34013605,0.31292517,0.39047619,0.29659864,0.1047619,0.76054422,0.13469388,0.42993197,0.27482993,0.2952381,0.44897959,0.30204082,0.24897959
gi|15890719,0,non-T6SE,365,0.24657534,0.43561644,0.31780822,0.47945205,0.32876712,0.19178082,0.3369863,0.40273973,0.26027397,0.40821918,0.4,0.19178082,0.093150685,0.8,0.10684932,0.43835616,0.26575342,0.29589041,0.51232877,0.24657534,0.24109589
gi|159186117,0,non-T6SE,497,0.20925553,0.39839034,0.39235412,0.39235412,0.37625755,0.23138833,0.42857143,0.3501006,0.22132797,0.33802817,0.4305835,0.23138833,0.080482897,0.83098592,0.088531187,0.44265594,0.33199195,0.22535211,0.56539235,0.20925553,0.22535211
gi|15890574,0,non-T6SE,834,0.31055156,0.39568345,0.29376499,0.39808153,0.31654676,0.2853717,0.33093525,0.32973621,0.33932854,0.33093525,0.38369305,0.2853717,0.117506,0.75779376,0.12470024,0.43165468,0.28896882,0.2793765,0.43884892,0.31055156,0.25059952
gi|15890572,0,non-T6SE,233,0.30042918,0.36480687,0.33476395,0.40343348,0.29613734,0.30042918,0.34334764,0.31330472,0.34334764,0.33476395,0.36480687,0.30042918,0.12875536,0.75965665,0.11158798,0.46781116,0.28755365,0.24463519,0.44635193,0.30042918,0.25321888
gi|15890527,0,non-T6SE,260,0.31538462,0.36538462,0.31923077,0.38076923,0.36538462,0.25384615,0.33461538,0.32307692,0.34230769,0.29615385,0.45,0.25384615,0.15,0.74230769,0.10769231,0.49230769,0.29230769,0.21538462,0.45384615,0.31538462,0.23076923
gi|15890521,0,non-T6SE,321,0.30841121,0.3894081,0.30218069,0.43925234,0.36448598,0.19626168,0.32087227,0.36760125,0.31152648,0.40186916,0.40186916,0.19626168,0.12149533,0.74143302,0.13707165,0.48909657,0.27725857,0.23364486,0.50155763,0.30841121,0.19003115
gi|159186182,0,non-T6SE,436,0.33715596,0.37844037,0.28440367,0.39220183,0.33256881,0.27522936,0.32568807,0.31422018,0.36009174,0.33486239,0.38990826,0.27522936,0.10550459,0.75458716,0.13990826,0.43577982,0.26376147,0.30045872,0.44036697,0.33715596,0.22247706
gi|159186266,0,non-T6SE,457,0.3107221,0.37417943,0.31509847,0.38074398,0.36980306,0.24945295,0.35448578,0.3107221,0.33479212,0.30415755,0.4463895,0.24945295,0.10940919,0.76586433,0.12472648,0.44857768,0.29978118,0.25164114,0.44420131,0.3107221,0.24507659
gi|15890217,0,non-T6SE,764,0.29057592,0.43062827,0.27879581,0.44371728,0.32068063,0.23560209,0.30628272,0.37041885,0.32329843,0.38481675,0.37958115,0.23560209,0.09947644,0.77879581,0.12172775,0.43848168,0.26308901,0.29842932,0.46335079,0.29057592,0.2460733
gi|16119673,0,non-T6SE,364,0.28571429,0.46153846,0.25274725,0.46428571,0.34065934,0.19505495,0.2967033,0.4010989,0.3021978,0.41208791,0.39285714,0.19505495,0.087912088,0.79945055,0.11263736,0.41758242,0.27472527,0.30769231,0.49450549,0.28571429,0.21978022
gi|16119726,0,non-T6SE,177,0.29378531,0.39548023,0.31073446,0.46327684,0.38418079,0.15254237,0.33333333,0.36158192,0.30508475,0.38983051,0.45762712,0.15254237,0.073446328,0.8079096,0.11864407,0.40112994,0.31073446,0.28813559,0.48587571,0.29378531,0.22033898
gi|159161959,0,non-T6SE,370,0.35135135,0.38378378,0.26486486,0.43243243,0.32432432,0.24324324,0.27297297,0.35675676,0.37027027,0.37297297,0.38378378,0.24324324,0.15945946,0.71891892,0.12162162,0.51621622,0.20810811,0.27567568,0.41621622,0.35135135,0.23243243
gi|16119900,0,non-T6SE,266,0.16917293,0.41353383,0.41729323,0.39849624,0.38345865,0.21804511,0.43984962,0.37969925,0.18045113,0.36090226,0.42105263,0.21804511,0.063909774,0.88345865,0.052631579,0.42857143,0.32330827,0.2481203,0.60150376,0.16917293,0.22932331
gi|240851295,0,non-T6SE,122,0.24590164,0.3852459,0.36885246,0.36885246,0.41803279,0.21311475,0.39344262,0.33606557,0.2704918,0.33606557,0.45081967,0.21311475,0.098360656,0.86885246,0.032786885,0.48360656,0.32786885,0.18852459,0.55737705,0.24590164,0.19672131
gi|240851310,0,non-T6SE,314,0.36305732,0.3566879,0.28025478,0.35987261,0.37898089,0.2611465,0.30573248,0.31528662,0.37898089,0.29617834,0.44267516,0.2611465,0.15605096,0.71974522,0.12420382,0.48407643,0.2388535,0.27707006,0.35350318,0.36305732,0.28343949
gi|163869227,0,non-T6SE,73,0.32876712,0.23287671,0.43835616,0.26027397,0.46575342,0.2739726,0.45205479,0.21917808,0.32876712,0.19178082,0.53424658,0.2739726,0.20547945,0.75342466,0.04109589,0.45205479,0.32876712,0.21917808,0.52054795,0.32876712,0.15068493
gi|163869107,0,non-T6SE,134,0.52985075,0.26119403,0.20895522,0.29104478,0.3880597,0.32089552,0.23134328,0.23134328,0.53731343,0.26865672,0.41044776,0.32089552,0.20895522,0.55970149,0.23134328,0.68656716,0.17164179,0.14179104,0.34328358,0.52985075,0.12686567
gi|240850960,0,non-T6SE,173,0.44508671,0.32369942,0.23121387,0.32369942,0.43930636,0.23699422,0.26011561,0.27745665,0.46242775,0.31213873,0.45086705,0.23699422,0.16184971,0.68208092,0.15606936,0.64739884,0.19653179,0.15606936,0.31213873,0.44508671,0.24277457
gi|148557907,0,non-T6SE,128,0.2265625,0.3671875,0.40625,0.3828125,0.34375,0.2734375,0.421875,0.34375,0.234375,0.296875,0.4296875,0.2734375,0.125,0.8359375,0.0390625,0.40625,0.34375,0.25,0.5,0.2265625,0.2734375
gi|148558277,0,non-T6SE,105,0.18095238,0.41904762,0.4,0.4,0.39047619,0.20952381,0.41904762,0.37142857,0.20952381,0.36190476,0.42857143,0.20952381,0.095238095,0.85714286,0.047619048,0.46666667,0.27619048,0.25714286,0.56190476,0.18095238,0.25714286
gi|161620153,0,non-T6SE,57,0.22807018,0.45614035,0.31578947,0.50877193,0.31578947,0.1754386,0.33333333,0.43859649,0.22807018,0.33333333,0.49122807,0.1754386,0.10526316,0.8245614,0.070175439,0.35087719,0.33333333,0.31578947,0.47368421,0.22807018,0.29824561
gi|52841485,0,non-T6SE,236,0.37711864,0.35169492,0.27118644,0.3559322,0.41525424,0.22881356,0.30084746,0.30084746,0.39830508,0.33050847,0.44067797,0.22881356,0.10169492,0.79237288,0.1059322,0.53813559,0.19067797,0.27118644,0.38983051,0.37711864,0.23305085
gi|54298679,0,non-T6SE,472,0.3029661,0.43008475,0.26694915,0.42161017,0.42161017,0.15677966,0.31355932,0.38347458,0.3029661,0.34957627,0.49364407,0.15677966,0.046610169,0.90677966,0.046610169,0.37923729,0.26271186,0.35805085,0.37923729,0.3029661,0.31779661
gi|148360942,0,non-T6SE,86,0.15116279,0.39534884,0.45348837,0.37209302,0.25581395,0.37209302,0.46511628,0.34883721,0.18604651,0.3372093,0.29069767,0.37209302,0.11627907,0.84883721,0.034883721,0.38372093,0.39534884,0.22093023,0.61627907,0.15116279,0.23255814
gi|148360941,0,non-T6SE,114,0.29824561,0.33333333,0.36842105,0.4122807,0.35964912,0.22807018,0.4122807,0.28947368,0.29824561,0.34210526,0.42982456,0.22807018,0.087719298,0.75438596,0.15789474,0.43859649,0.27192982,0.28947368,0.46491228,0.29824561,0.23684211
gi|148360940,0,non-T6SE,120,0.34166667,0.41666667,0.24166667,0.46666667,0.34166667,0.19166667,0.25833333,0.39166667,0.35,0.4,0.40833333,0.19166667,0.10833333,0.73333333,0.15833333,0.38333333,0.26666667,0.35,0.375,0.34166667,0.28333333
gi|148360927,0,non-T6SE,1009,0.29038652,0.38949455,0.32011893,0.41129832,0.35877106,0.22993062,0.35282458,0.34093162,0.30624381,0.3518335,0.41823588,0.22993062,0.10505451,0.76808722,0.12685828,0.44103072,0.2765114,0.28245788,0.44301288,0.29038652,0.26660059
gi|148360925,0,non-T6SE,973,0.33710175,0.3381295,0.32476876,0.3340185,0.44295992,0.22302158,0.35765673,0.28571429,0.35662898,0.28674203,0.49023638,0.22302158,0.092497431,0.81397739,0.09352518,0.43576567,0.28982528,0.27440904,0.40698869,0.33710175,0.25590956
gi|148360924,0,non-T6SE,261,0.29118774,0.36781609,0.34099617,0.34099617,0.42145594,0.23754789,0.3908046,0.29501916,0.31417625,0.27203065,0.49042146,0.23754789,0.099616858,0.80076628,0.099616858,0.45210728,0.30651341,0.24137931,0.44444444,0.29118774,0.26436782
gi|148360819,0,non-T6SE,208,0.29807692,0.375,0.32692308,0.37019231,0.36057692,0.26923077,0.36538462,0.29326923,0.34134615,0.31730769,0.41346154,0.26923077,0.096153846,0.75961538,0.14423077,0.39423077,0.30769231,0.29807692,0.41346154,0.29807692,0.28846154
gi|148358576,0,non-T6SE,151,0.35099338,0.29139073,0.35761589,0.32450331,0.42384106,0.25165563,0.38410596,0.24503311,0.37086093,0.28476821,0.46357616,0.25165563,0.1192053,0.70860927,0.17218543,0.49668874,0.2384106,0.26490066,0.45033113,0.35099338,0.1986755
gi|296106004,0,non-T6SE,194,0.15463918,0.45876289,0.38659794,0.44329897,0.37113402,0.18556701,0.42783505,0.41237113,0.15979381,0.38659794,0.42783505,0.18556701,0.051546392,0.91752577,0.030927835,0.32474227,0.3556701,0.31958763,0.55670103,0.15463918,0.28865979
gi|289163712,0,non-T6SE,308,0.34415584,0.34090909,0.31493506,0.3474026,0.39285714,0.25974026,0.3474026,0.28896104,0.36363636,0.30194805,0.43831169,0.25974026,0.13961039,0.76298701,0.097402597,0.47077922,0.27272727,0.25649351,0.42857143,0.34415584,0.22727273
gi|289166110,0,non-T6SE,277,0.36462094,0.35379061,0.28158845,0.36101083,0.46570397,0.1732852,0.3032491,0.32851986,0.36823105,0.28880866,0.53790614,0.1732852,0.097472924,0.79422383,0.10830325,0.40794224,0.28158845,0.31046931,0.37906137,0.36462094,0.25631769
gi|289166111,0,non-T6SE,1525,0.29442623,0.47540984,0.23016393,0.52918033,0.29377049,0.17704918,0.24852459,0.4557377,0.2957377,0.48590164,0.33704918,0.17704918,0.10491803,0.79672131,0.098360656,0.46819672,0.20721311,0.32459016,0.51868852,0.29442623,0.18688525
gi|289166112,0,non-T6SE,372,0.28494624,0.43010753,0.28494624,0.44086022,0.36827957,0.19086022,0.31451613,0.39247312,0.29301075,0.34139785,0.46774194,0.19086022,0.080645161,0.85215054,0.067204301,0.42473118,0.24462366,0.33064516,0.41666667,0.28494624,0.2983871
gi|54296146,0,non-T6SE,100,0.22,0.37,0.41,0.37,0.38,0.25,0.46,0.32,0.22,0.31,0.44,0.25,0.11,0.86,0.03,0.37,0.39,0.24,0.54,0.22,0.24
gi|54293113,0,non-T6SE,93,0.16129032,0.38709677,0.4516129,0.3655914,0.32258065,0.31182796,0.49462366,0.31182796,0.19354839,0.25806452,0.43010753,0.31182796,0.064516129,0.87096774,0.064516129,0.37634409,0.39784946,0.22580645,0.52688172,0.16129032,0.31182796
gi|54295881,0,non-T6SE,667,0.32833583,0.32983508,0.34182909,0.33583208,0.39430285,0.26986507,0.37331334,0.28035982,0.34632684,0.29235382,0.43778111,0.26986507,0.12443778,0.75862069,0.11694153,0.44827586,0.29535232,0.25637181,0.42728636,0.32833583,0.24437781
gi|308051519,0,non-T6SE,107,0.17757009,0.39252336,0.42990654,0.34579439,0.38317757,0.27102804,0.48598131,0.31775701,0.19626168,0.28971963,0.43925234,0.27102804,0.065420561,0.89719626,0.037383178,0.37383178,0.35514019,0.27102804,0.54205607,0.17757009,0.28037383
gi|308051520,0,non-T6SE,96,0.10416667,0.46875,0.42708333,0.375,0.39583333,0.22916667,0.47916667,0.375,0.14583333,0.30208333,0.46875,0.22916667,0.041666667,0.9375,0.020833333,0.39583333,0.32291667,0.28125,0.55208333,0.10416667,0.34375
gi|308051522,0,non-T6SE,239,0.31380753,0.38075314,0.30543933,0.34728033,0.40585774,0.24686192,0.33891213,0.31799163,0.34309623,0.30962343,0.44351464,0.24686192,0.10041841,0.78661088,0.11297071,0.46025105,0.28033473,0.25941423,0.38912134,0.31380753,0.29707113
gi|308051523,0,non-T6SE,484,0.33677686,0.40702479,0.25619835,0.41528926,0.3677686,0.21694215,0.28512397,0.36157025,0.35330579,0.37396694,0.40909091,0.21694215,0.11363636,0.7892562,0.097107438,0.46900826,0.21694215,0.31404959,0.41528926,0.33677686,0.24793388
gi|308051528,0,non-T6SE,331,0.2326284,0.41993958,0.34743202,0.44108761,0.32326284,0.23564955,0.3897281,0.35649547,0.25377644,0.32024169,0.44410876,0.23564955,0.075528701,0.8429003,0.081570997,0.35045317,0.33534743,0.3141994,0.47432024,0.2326284,0.29305136
gi|308051531,0,non-T6SE,262,0.32061069,0.33969466,0.33969466,0.30534351,0.39312977,0.30152672,0.38549618,0.26717557,0.34732824,0.25572519,0.44274809,0.30152672,0.11832061,0.78244275,0.099236641,0.46946565,0.27862595,0.2519084,0.39312977,0.32061069,0.28625954
gi|308051533,0,non-T6SE,467,0.32119914,0.38543897,0.29336188,0.39400428,0.40256959,0.20342612,0.3254818,0.33832976,0.33618844,0.35974304,0.43683084,0.20342612,0.083511777,0.82655246,0.08993576,0.47109208,0.25053533,0.27837259,0.45396146,0.32119914,0.2248394
gi|308051536,0,non-T6SE,1956,0.37627812,0.35122699,0.27249489,0.34406953,0.40593047,0.25,0.30521472,0.28067485,0.41411043,0.3103272,0.4396728,0.25,0.13190184,0.73619632,0.13190184,0.49539877,0.24795501,0.25664622,0.3793456,0.37627812,0.24437628
gi|289165178,0,non-T6SE,211,0.2985782,0.34123223,0.36018957,0.32701422,0.44075829,0.23222749,0.39810427,0.27488152,0.32701422,0.26540284,0.50236967,0.23222749,0.099526066,0.8056872,0.09478673,0.42180095,0.33649289,0.24170616,0.46445498,0.2985782,0.23696682
gi|289165184,0,non-T6SE,189,0.30687831,0.35449735,0.33862434,0.31216931,0.4021164,0.28571429,0.38095238,0.27513228,0.34391534,0.28571429,0.42857143,0.28571429,0.12698413,0.7989418,0.074074074,0.42328042,0.2962963,0.28042328,0.37566138,0.30687831,0.31746032
gi|54292921,0,non-T6SE,95,0.2,0.32631579,0.47368421,0.36842105,0.31578947,0.31578947,0.47368421,0.32631579,0.2,0.34736842,0.33684211,0.31578947,0.11578947,0.83157895,0.052631579,0.45263158,0.31578947,0.23157895,0.57894737,0.2,0.22105263
gi|54292935,0,non-T6SE,935,0.28770053,0.40748663,0.30481283,0.39465241,0.36042781,0.24491979,0.33368984,0.34224599,0.32406417,0.37005348,0.38502674,0.24491979,0.087700535,0.82032086,0.09197861,0.45026738,0.25240642,0.2973262,0.43315508,0.28770053,0.27914439
gi|52842291,0,non-T6SE,1981,0.38869258,0.33922261,0.27208481,0.340737,0.40434124,0.25492176,0.30035336,0.28621908,0.41342756,0.31095406,0.43412418,0.25492176,0.14437153,0.73397274,0.12165573,0.49722362,0.23725391,0.26552246,0.38717819,0.38869258,0.22412923
gi|52842295,0,non-T6SE,140,0.24285714,0.38571429,0.37142857,0.38571429,0.37142857,0.24285714,0.39285714,0.32857143,0.27857143,0.31428571,0.44285714,0.24285714,0.078571429,0.84285714,0.078571429,0.4,0.3,0.3,0.47857143,0.24285714,0.27857143
gi|52842297,0,non-T6SE,603,0.34494196,0.36650083,0.28855721,0.4079602,0.37645108,0.21558872,0.32504146,0.30182421,0.37313433,0.31509121,0.46932007,0.21558872,0.094527363,0.79436153,0.11111111,0.43615257,0.28855721,0.27529022,0.40298507,0.34494196,0.25207297
gi|52842298,0,non-T6SE,223,0.30493274,0.34529148,0.34977578,0.37219731,0.38116592,0.24663677,0.37219731,0.30941704,0.31838565,0.31390135,0.43946188,0.24663677,0.11210762,0.77130045,0.11659193,0.46636771,0.28699552,0.24663677,0.41704036,0.30493274,0.27802691
gi|52842301,0,non-T6SE,865,0.3283237,0.35606936,0.31560694,0.36300578,0.37456647,0.26242775,0.36069364,0.29017341,0.34913295,0.31213873,0.42543353,0.26242775,0.11676301,0.7583815,0.12485549,0.43352601,0.28901734,0.27745665,0.41040462,0.3283237,0.26127168
gi|52842302,0,non-T6SE,116,0.31034483,0.36206897,0.32758621,0.40517241,0.36206897,0.23275862,0.37068966,0.31034483,0.31896552,0.29310345,0.47413793,0.23275862,0.10344828,0.80172414,0.094827586,0.4137931,0.26724138,0.31896552,0.42241379,0.31034483,0.26724138
gi|52842304,0,non-T6SE,237,0.32067511,0.3628692,0.3164557,0.35443038,0.38818565,0.25738397,0.35021097,0.3164557,0.33333333,0.28691983,0.4556962,0.25738397,0.13080169,0.78902954,0.080168776,0.43037975,0.31223629,0.25738397,0.42194093,0.32067511,0.25738397
gi|52842306,0,non-T6SE,97,0.19587629,0.37113402,0.43298969,0.32989691,0.30927835,0.36082474,0.50515464,0.28865979,0.20618557,0.2371134,0.40206186,0.36082474,0.10309278,0.83505155,0.06185567,0.39175258,0.39175258,0.21649485,0.50515464,0.19587629,0.29896907
gi|52842307,0,non-T6SE,100,0.19,0.38,0.43,0.37,0.43,0.2,0.46,0.34,0.2,0.36,0.44,0.2,0.06,0.89,0.05,0.43,0.35,0.22,0.6,0.19,0.21
gi|148360347,0,non-T6SE,120,0.19166667,0.41666667,0.39166667,0.35833333,0.325,0.31666667,0.425,0.34166667,0.23333333,0.28333333,0.4,0.31666667,0.11666667,0.85833333,0.025,0.4,0.35833333,0.24166667,0.5,0.19166667,0.30833333
gi|148360344,0,non-T6SE,108,0.37962963,0.23148148,0.38888889,0.27777778,0.53703704,0.18518519,0.39814815,0.2037037,0.39814815,0.19444444,0.62037037,0.18518519,0.10185185,0.78703704,0.11111111,0.49074074,0.25,0.25925926,0.44444444,0.37962963,0.17592593
gi|148359934,0,non-T6SE,278,0.33453237,0.34532374,0.32014388,0.32374101,0.4352518,0.24100719,0.35611511,0.26978417,0.37410072,0.27338129,0.48561151,0.24100719,0.09352518,0.79856115,0.10791367,0.48201439,0.26978417,0.24820144,0.41726619,0.33453237,0.24820144
gi|148359948,0,non-T6SE,522,0.27011494,0.3908046,0.33908046,0.37356322,0.36206897,0.26436782,0.38888889,0.31609195,0.29501916,0.32183908,0.4137931,0.26436782,0.090038314,0.82758621,0.082375479,0.43869732,0.29310345,0.26819923,0.46934866,0.27011494,0.2605364
gi|154706876,0,non-T6SE,376,0.35904255,0.35904255,0.28191489,0.38031915,0.42819149,0.19148936,0.31382979,0.31914894,0.36702128,0.33776596,0.47074468,0.19148936,0.098404255,0.79787234,0.1037234,0.4787234,0.22340426,0.29787234,0.40957447,0.35904255,0.23138298
gi|209363766,0,non-T6SE,164,0.29268293,0.31097561,0.39634146,0.30487805,0.34756098,0.34756098,0.42682927,0.26219512,0.31097561,0.24390244,0.40853659,0.34756098,0.1402439,0.78658537,0.073170732,0.43292683,0.3597561,0.20731707,0.4695122,0.29268293,0.23780488
gi|154707117,0,non-T6SE,169,0.26035503,0.4260355,0.31360947,0.3964497,0.37278107,0.23076923,0.34911243,0.36686391,0.28402367,0.30769231,0.46153846,0.23076923,0.1183432,0.82840237,0.053254438,0.4852071,0.26627219,0.24852071,0.43195266,0.26035503,0.30769231
gi|154706791,0,non-T6SE,387,0.28423773,0.32299742,0.39276486,0.31524548,0.40568475,0.27906977,0.41343669,0.27131783,0.31524548,0.27390181,0.44702842,0.27906977,0.11886305,0.77777778,0.10335917,0.49095607,0.30232558,0.20671835,0.50387597,0.28423773,0.2118863
gi|154706520,0,non-T6SE,792,0.32954545,0.34848485,0.3219697,0.36111111,0.36742424,0.27146465,0.35353535,0.29419192,0.35227273,0.31691919,0.41161616,0.27146465,0.12626263,0.74116162,0.13257576,0.45707071,0.2739899,0.26893939,0.42424242,0.32954545,0.24621212
gi|209363772,0,non-T6SE,212,0.28301887,0.43867925,0.27830189,0.39150943,0.31603774,0.29245283,0.34433962,0.34433962,0.31132075,0.33490566,0.37264151,0.29245283,0.13679245,0.80188679,0.061320755,0.43396226,0.29245283,0.27358491,0.40566038,0.28301887,0.31132075
gi|154706496,0,non-T6SE,218,0.27981651,0.34862385,0.37155963,0.34862385,0.3853211,0.26605505,0.40825688,0.29357798,0.29816514,0.28440367,0.44954128,0.26605505,0.091743119,0.82110092,0.087155963,0.38990826,0.34862385,0.26146789,0.43577982,0.27981651,0.28440367
gi|269958325,0,non-T6SE,808,0.35643564,0.35767327,0.28589109,0.38118812,0.3799505,0.23886139,0.33787129,0.28712871,0.375,0.32054455,0.44059406,0.23886139,0.08539604,0.72524752,0.18935644,0.41955446,0.26361386,0.31683168,0.39851485,0.35643564,0.2450495
gi|222475288,0,non-T6SE,893,0.24300112,0.42329227,0.33370661,0.44456887,0.31466965,0.24076148,0.37066069,0.37402016,0.25531915,0.37178052,0.38745801,0.24076148,0.1019037,0.81522956,0.082866741,0.38969765,0.31690929,0.29339306,0.48824188,0.24300112,0.268757
gi|56416578,0,non-T6SE,84,0.23809524,0.30952381,0.45238095,0.36904762,0.3452381,0.28571429,0.45238095,0.29761905,0.25,0.27380952,0.44047619,0.28571429,0.14285714,0.82142857,0.035714286,0.44047619,0.3452381,0.21428571,0.5952381,0.23809524,0.16666667
gi|10954961,0,non-T6SE,245,0.31020408,0.45306122,0.23673469,0.50204082,0.32653061,0.17142857,0.25306122,0.42040816,0.32653061,0.4122449,0.41632653,0.17142857,0.081632653,0.79183673,0.12653061,0.43265306,0.20408163,0.36326531,0.42040816,0.31020408,0.26938776
gi|10954800,0,non-T6SE,121,0.11570248,0.48760331,0.39669421,0.48760331,0.30578512,0.20661157,0.40495868,0.46280992,0.1322314,0.4214876,0.37190083,0.20661157,0.049586777,0.92561983,0.024793388,0.37190083,0.32231405,0.30578512,0.66942149,0.11570248,0.21487603
gi|10954803,0,non-T6SE,222,0.28828829,0.43243243,0.27927928,0.46396396,0.38738739,0.14864865,0.28378378,0.40990991,0.30630631,0.43693694,0.41441441,0.14864865,0.063063063,0.84234234,0.094594595,0.52702703,0.23873874,0.23423423,0.46846847,0.28828829,0.24324324
gi|222109065,0,non-T6SE,135,0.17777778,0.48148148,0.34074074,0.48148148,0.37037037,0.14814815,0.34814815,0.46666667,0.18518519,0.44444444,0.40740741,0.14814815,0.044444444,0.88888889,0.066666667,0.44444444,0.26666667,0.28888889,0.63703704,0.17777778,0.18518519
gi|10955095,0,non-T6SE,159,0.18867925,0.49685535,0.31446541,0.52201258,0.31446541,0.16352201,0.33333333,0.47169811,0.19496855,0.46540881,0.37106918,0.16352201,0.075471698,0.85534591,0.06918239,0.43396226,0.28301887,0.28301887,0.51572327,0.18867925,0.29559748
gi|190404434,0,non-T6SE,283,0.35335689,0.38869258,0.25795053,0.42402827,0.38162544,0.19434629,0.27208481,0.3639576,0.3639576,0.39929329,0.40636042,0.19434629,0.081272085,0.81272085,0.10600707,0.51590106,0.20848057,0.27561837,0.38162544,0.35335689,0.26501767
gi|222102015,0,non-T6SE,244,0.24590164,0.49590164,0.25819672,0.5204918,0.36885246,0.11065574,0.26639344,0.48360656,0.25,0.5,0.38934426,0.11065574,0.045081967,0.9057377,0.049180328,0.41393443,0.27868852,0.30737705,0.50819672,0.24590164,0.24590164
gi|222102018,0,non-T6SE,248,0.30645161,0.41129032,0.28225806,0.42741935,0.33467742,0.23790323,0.32258065,0.36693548,0.31048387,0.39516129,0.36693548,0.23790323,0.11693548,0.77016129,0.11290323,0.38709677,0.32258065,0.29032258,0.43145161,0.30645161,0.26209677
gi|222102021,0,non-T6SE,370,0.30810811,0.38918919,0.3027027,0.41351351,0.35405405,0.23243243,0.31891892,0.35675676,0.32432432,0.34864865,0.41891892,0.23243243,0.11621622,0.75675676,0.12702703,0.48108108,0.24324324,0.27567568,0.43243243,0.30810811,0.25945946
gi|222102022,0,non-T6SE,787,0.30114358,0.38246506,0.31639136,0.40025413,0.37484117,0.2249047,0.33926302,0.34307497,0.31766201,0.34815756,0.42693774,0.2249047,0.10800508,0.77001271,0.12198221,0.46505718,0.24904701,0.28589581,0.48284625,0.30114358,0.21601017
gi|222109183,0,non-T6SE,211,0.30805687,0.44075829,0.25118483,0.46445498,0.32227488,0.21327014,0.28436019,0.39336493,0.32227488,0.39336493,0.39336493,0.21327014,0.099526066,0.74407583,0.1563981,0.43601896,0.27014218,0.29383886,0.41232227,0.30805687,0.27962085
gi|222102346,0,non-T6SE,362,0.33977901,0.41712707,0.24309392,0.46132597,0.33425414,0.20441989,0.26243094,0.39502762,0.34254144,0.40607735,0.38950276,0.20441989,0.10773481,0.78453039,0.10773481,0.43370166,0.22375691,0.34254144,0.37845304,0.33977901,0.28176796
gi|116006756,0,non-T6SE,103,0.29126214,0.39805825,0.31067961,0.3592233,0.2815534,0.3592233,0.3592233,0.33009709,0.31067961,0.30097087,0.33980583,0.3592233,0.17475728,0.76699029,0.058252427,0.53398058,0.23300971,0.23300971,0.47572816,0.29126214,0.23300971
gi|116006758,0,non-T6SE,260,0.31153846,0.39615385,0.29230769,0.41923077,0.35,0.23076923,0.31538462,0.36153846,0.32307692,0.33846154,0.43076923,0.23076923,0.12692308,0.77307692,0.1,0.41923077,0.3,0.28076923,0.42307692,0.31153846,0.26538462
gi|116006760,0,non-T6SE,154,0.25324675,0.48051948,0.26623377,0.47402597,0.34415584,0.18181818,0.31818182,0.42857143,0.25324675,0.40909091,0.40909091,0.18181818,0.084415584,0.85714286,0.058441558,0.53246753,0.20779221,0.25974026,0.5,0.25324675,0.24675325
gi|116006761,0,non-T6SE,470,0.28297872,0.4787234,0.23829787,0.49787234,0.30638298,0.19574468,0.26595745,0.44468085,0.2893617,0.41489362,0.3893617,0.19574468,0.089361702,0.82765957,0.082978723,0.42553191,0.21702128,0.35744681,0.43404255,0.28297872,0.28297872
gi|116006763,0,non-T6SE,75,0.34666667,0.37333333,0.28,0.46666667,0.32,0.21333333,0.28,0.37333333,0.34666667,0.34666667,0.44,0.21333333,0.14666667,0.73333333,0.12,0.50666667,0.18666667,0.30666667,0.46666667,0.34666667,0.18666667
gi|116006764,0,non-T6SE,529,0.15879017,0.5463138,0.29489603,0.56332703,0.24574669,0.19092628,0.30812854,0.53119093,0.16068053,0.4952741,0.31379962,0.19092628,0.06805293,0.89035917,0.041587902,0.39319471,0.24574669,0.3610586,0.57655955,0.15879017,0.26465028
gi|163858032,0,non-T6SE,548,0.2810219,0.40693431,0.3120438,0.41605839,0.33394161,0.25,0.32846715,0.36861314,0.30291971,0.36861314,0.38138686,0.25,0.11131387,0.79562044,0.093065693,0.45620438,0.24635036,0.29744526,0.43613139,0.2810219,0.28284672
gi|163856500,0,non-T6SE,199,0.18592965,0.48743719,0.32663317,0.50251256,0.29145729,0.20603015,0.34673367,0.44723618,0.20603015,0.36683417,0.42713568,0.20603015,0.10552764,0.84924623,0.045226131,0.42211055,0.27135678,0.30653266,0.52763819,0.18592965,0.28643216
gi|33594646,0,non-T6SE,463,0.22030238,0.47948164,0.30021598,0.50971922,0.30669546,0.18358531,0.31533477,0.44924406,0.23542117,0.412527,0.40388769,0.18358531,0.095032397,0.85097192,0.05399568,0.54859611,0.19006479,0.26133909,0.55939525,0.22030238,0.22030238
gi|163855371,0,non-T6SE,199,0.2160804,0.48743719,0.29648241,0.50251256,0.30150754,0.1959799,0.31658291,0.4321608,0.25125628,0.3718593,0.4321608,0.1959799,0.070351759,0.82914573,0.10050251,0.48743719,0.24120603,0.27135678,0.47236181,0.2160804,0.31155779
gi|163855378,0,non-T6SE,127,0.27559055,0.49606299,0.22834646,0.48818898,0.2992126,0.21259843,0.2519685,0.44094488,0.30708661,0.39370079,0.39370079,0.21259843,0.11811024,0.77952756,0.1023622,0.5511811,0.20472441,0.24409449,0.41732283,0.27559055,0.30708661
gi|163855381,0,non-T6SE,136,0.20588235,0.41911765,0.375,0.41176471,0.31617647,0.27205882,0.38970588,0.375,0.23529412,0.35294118,0.375,0.27205882,0.13235294,0.83088235,0.036764706,0.42647059,0.32352941,0.25,0.57352941,0.20588235,0.22058824
gi|163855382,0,non-T6SE,230,0.29130435,0.44782609,0.26086957,0.44782609,0.3,0.25217391,0.31304348,0.37826087,0.30869565,0.35217391,0.39565217,0.25217391,0.12173913,0.76956522,0.10869565,0.39130435,0.3,0.30869565,0.4173913,0.29130435,0.29130435
gi|163855385,0,non-T6SE,149,0.30872483,0.42281879,0.26845638,0.42281879,0.34899329,0.22818792,0.31543624,0.3557047,0.32885906,0.33557047,0.43624161,0.22818792,0.10067114,0.79865772,0.10067114,0.46979866,0.24161074,0.2885906,0.40268456,0.30872483,0.2885906
gi|163855393,0,non-T6SE,515,0.24660194,0.39805825,0.35533981,0.43495146,0.33398058,0.23106796,0.38640777,0.36116505,0.25242718,0.38446602,0.38446602,0.23106796,0.075728155,0.83883495,0.085436893,0.38446602,0.32038835,0.29514563,0.5184466,0.24660194,0.23495146
gi|163855655,0,non-T6SE,183,0.24043716,0.45355191,0.30601093,0.4863388,0.35519126,0.15846995,0.32240437,0.42622951,0.25136612,0.36065574,0.48087432,0.15846995,0.098360656,0.79781421,0.10382514,0.46994536,0.20218579,0.32786885,0.5136612,0.24043716,0.24590164
gi|163855667,0,non-T6SE,482,0.31742739,0.43360996,0.24896266,0.4813278,0.3526971,0.1659751,0.26348548,0.41078838,0.32572614,0.42946058,0.40456432,0.1659751,0.097510373,0.79253112,0.10995851,0.39834025,0.23858921,0.36307054,0.4626556,0.31742739,0.21991701
gi|163855681,0,non-T6SE,149,0.29530201,0.41610738,0.2885906,0.44966443,0.36912752,0.18120805,0.30872483,0.38926174,0.30201342,0.40268456,0.41610738,0.18120805,0.10738255,0.7852349,0.10738255,0.5033557,0.26174497,0.23489933,0.51006711,0.29530201,0.19463087
gi|163855683,0,non-T6SE,468,0.30982906,0.41452991,0.27564103,0.45726496,0.39102564,0.1517094,0.28846154,0.39316239,0.31837607,0.40598291,0.44230769,0.1517094,0.087606838,0.80555556,0.10683761,0.44230769,0.23504274,0.32264957,0.44230769,0.30982906,0.24786325
gi|163855801,0,non-T6SE,362,0.33701657,0.3839779,0.27900552,0.40883978,0.32044199,0.27071823,0.3038674,0.33425414,0.36187845,0.33149171,0.39779006,0.27071823,0.12430939,0.73480663,0.14088398,0.49723757,0.23480663,0.2679558,0.43646409,0.33701657,0.22651934
gi|163855804,0,non-T6SE,603,0.33333333,0.35655058,0.31011609,0.40464345,0.36318408,0.23217247,0.33333333,0.32172471,0.34494196,0.33665008,0.43117745,0.23217247,0.11276949,0.74461028,0.14262023,0.50248756,0.23217247,0.26533997,0.43946932,0.33333333,0.22719735
gi|163855811,0,non-T6SE,355,0.24788732,0.47605634,0.27605634,0.47042254,0.28732394,0.24225352,0.31830986,0.4084507,0.27323944,0.38309859,0.37464789,0.24225352,0.095774648,0.82253521,0.081690141,0.4,0.28169014,0.31830986,0.45915493,0.24788732,0.29295775
gi|163858586,0,non-T6SE,312,0.29487179,0.41025641,0.29487179,0.43269231,0.37820513,0.18910256,0.30769231,0.375,0.31730769,0.34935897,0.46153846,0.18910256,0.10897436,0.77564103,0.11538462,0.51282051,0.2275641,0.25961538,0.48076923,0.29487179,0.22435897
gi|163858592,0,non-T6SE,253,0.22529644,0.39130435,0.38339921,0.35968379,0.38735178,0.25296443,0.41501976,0.33201581,0.25296443,0.3201581,0.42687747,0.25296443,0.098814229,0.83794466,0.063241107,0.48616601,0.28853755,0.22529644,0.5256917,0.22529644,0.24901186
gi|163858593,0,non-T6SE,575,0.30434783,0.38782609,0.30782609,0.40869565,0.36869565,0.2226087,0.33565217,0.34086957,0.32347826,0.34956522,0.42782609,0.2226087,0.10434783,0.77043478,0.12521739,0.44695652,0.27130435,0.28173913,0.46608696,0.30434783,0.22956522
gi|163858594,0,non-T6SE,223,0.27802691,0.46188341,0.26008969,0.43946188,0.25112108,0.30941704,0.30044843,0.40358744,0.29596413,0.33632287,0.35426009,0.30941704,0.17040359,0.76681614,0.062780269,0.50672646,0.23318386,0.26008969,0.47085202,0.27802691,0.25112108
gi|163855374,0,non-T6SE,201,0.25373134,0.49253731,0.25373134,0.46766169,0.30348259,0.22885572,0.28358209,0.42288557,0.29353234,0.38308458,0.3880597,0.22885572,0.11442786,0.82587065,0.059701493,0.54726368,0.21890547,0.23383085,0.49751244,0.25373134,0.24875622
gi|116006766,0,non-T6SE,211,0.27014218,0.492891,0.23696682,0.49763033,0.26540284,0.23696682,0.27488152,0.44075829,0.28436019,0.40758294,0.35545024,0.23696682,0.10900474,0.81042654,0.08056872,0.45023697,0.26066351,0.28909953,0.45023697,0.27014218,0.27962085
gi|58579211,0,non-T6SE,1490,0.30134228,0.39127517,0.30738255,0.41677852,0.3704698,0.21275168,0.34496644,0.33422819,0.32080537,0.36979866,0.41744966,0.21275168,0.089932886,0.78322148,0.12684564,0.36979866,0.29530201,0.33489933,0.42550336,0.30134228,0.27315436
gi|58617264,0,non-T6SE,1591,0.37209302,0.33940918,0.2884978,0.40791955,0.38654934,0.20553111,0.31426776,0.2991829,0.38654934,0.36517913,0.42928975,0.20553111,0.10307982,0.74355751,0.15336266,0.34129478,0.29604023,0.36266499,0.37586424,0.37209302,0.25204274
gi|58617563,0,non-T6SE,138,0.16666667,0.38405797,0.44927536,0.42753623,0.34782609,0.22463768,0.45652174,0.36231884,0.18115942,0.36956522,0.4057971,0.22463768,0.050724638,0.91304348,0.036231884,0.32608696,0.39130435,0.2826087,0.60869565,0.16666667,0.22463768
gi|15644672,0,non-T6SE,123,0.37398374,0.36585366,0.2601626,0.35772358,0.40650407,0.23577236,0.29268293,0.31707317,0.3902439,0.28455285,0.4796748,0.23577236,0.12195122,0.78861789,0.089430894,0.45528455,0.2601626,0.28455285,0.34146341,0.37398374,0.28455285
gi|298736200,0,non-T6SE,308,0.4512987,0.29220779,0.25649351,0.31168831,0.45454545,0.23376623,0.27597403,0.25649351,0.46753247,0.26948052,0.49675325,0.23376623,0.1525974,0.7012987,0.1461039,0.48376623,0.22727273,0.28896104,0.3538961,0.4512987,0.19480519
gi|188527613,0,non-T6SE,143,0.32867133,0.32867133,0.34265734,0.37062937,0.39160839,0.23776224,0.39160839,0.27972028,0.32867133,0.29370629,0.46853147,0.23776224,0.06993007,0.81818182,0.11188811,0.34965035,0.25874126,0.39160839,0.41258741,0.32867133,0.25874126
gi|188527640,0,non-T6SE,126,0.33333333,0.34920635,0.31746032,0.29365079,0.36507937,0.34126984,0.4047619,0.23809524,0.35714286,0.25396825,0.4047619,0.34126984,0.15873016,0.76190476,0.079365079,0.43650794,0.31746032,0.24603175,0.38095238,0.33333333,0.28571429
gi|108562922,0,non-T6SE,481,0.43035343,0.32432432,0.24532225,0.33056133,0.4033264,0.26611227,0.2993763,0.26611227,0.43451143,0.27650728,0.45738046,0.26611227,0.17255717,0.68814969,0.13929314,0.4989605,0.23076923,0.27027027,0.33471933,0.43035343,0.23492723
gi|108562924,0,non-T6SE,748,0.32352941,0.32085561,0.35561497,0.34224599,0.35695187,0.30080214,0.40240642,0.26737968,0.3302139,0.29144385,0.40775401,0.30080214,0.12299465,0.76203209,0.11497326,0.37967914,0.3302139,0.29010695,0.43582888,0.32352941,0.24064171
gi|108562926,0,non-T6SE,199,0.40703518,0.25628141,0.33668342,0.28643216,0.45728643,0.25628141,0.38190955,0.21105528,0.40703518,0.25628141,0.48743719,0.25628141,0.12060302,0.73869347,0.14070352,0.43718593,0.27135678,0.29145729,0.39698492,0.40703518,0.1959799
gi|108562928,0,non-T6SE,662,0.52719033,0.23867069,0.23413897,0.30966767,0.45166163,0.23867069,0.25679758,0.20241692,0.5407855,0.25830816,0.50302115,0.23867069,0.17220544,0.60271903,0.22507553,0.55287009,0.19486405,0.25226586,0.29909366,0.52719033,0.17371601
gi|108562929,0,non-T6SE,523,0.45697897,0.26768642,0.27533461,0.27533461,0.4416826,0.28298279,0.30783939,0.22753346,0.46462715,0.23518164,0.48183556,0.28298279,0.17590822,0.68451243,0.13957935,0.51434034,0.25047801,0.23518164,0.3499044,0.45697897,0.19311663
gi|108562930,0,non-T6SE,535,0.2,0.36635514,0.43364486,0.37383178,0.42990654,0.19626168,0.4635514,0.3364486,0.2,0.34392523,0.45981308,0.19626168,0.056074766,0.8953271,0.048598131,0.32897196,0.37196262,0.29906542,0.57943925,0.2,0.22056075
gi|108562931,0,non-T6SE,252,0.38888889,0.26984127,0.34126984,0.29365079,0.42063492,0.28571429,0.37698413,0.23412698,0.38888889,0.27380952,0.44047619,0.28571429,0.1547619,0.73015873,0.11507937,0.43650794,0.32539683,0.23809524,0.3968254,0.38888889,0.21428571
gi|108562933,0,non-T6SE,280,0.43571429,0.28928571,0.275,0.26428571,0.47142857,0.26428571,0.33214286,0.21785714,0.45,0.22857143,0.50714286,0.26428571,0.14642857,0.74285714,0.11071429,0.48571429,0.25,0.26428571,0.33928571,0.43571429,0.225
gi|108562937,0,non-T6SE,376,0.43617021,0.28191489,0.28191489,0.28989362,0.40425532,0.30585106,0.32712766,0.2287234,0.44414894,0.2712766,0.42287234,0.30585106,0.17287234,0.68882979,0.13829787,0.51329787,0.24734043,0.2393617,0.3537234,0.43617021,0.21010638
gi|108562939,0,non-T6SE,237,0.38396624,0.29113924,0.32489451,0.30379747,0.48101266,0.21518987,0.35443038,0.25738397,0.38818565,0.28270042,0.5021097,0.21518987,0.12658228,0.74683544,0.12658228,0.51476793,0.24472574,0.24050633,0.40084388,0.38396624,0.21518987
gi|108562940,0,non-T6SE,381,0.32020997,0.35433071,0.32545932,0.35695538,0.44094488,0.20209974,0.35170604,0.32545932,0.32283465,0.33333333,0.46456693,0.20209974,0.089238845,0.81627297,0.094488189,0.50131234,0.25721785,0.24146982,0.46456693,0.32020997,0.2152231
gi|108562941,0,non-T6SE,370,0.25405405,0.45675676,0.28918919,0.44054054,0.38648649,0.17297297,0.33783784,0.40540541,0.25675676,0.39189189,0.43513514,0.17297297,0.054054054,0.88918919,0.056756757,0.38918919,0.3,0.31081081,0.41891892,0.25405405,0.32702703
gi|108562943,0,non-T6SE,268,0.42537313,0.2238806,0.35074627,0.24253731,0.49253731,0.26492537,0.39925373,0.15671642,0.44402985,0.2238806,0.51119403,0.26492537,0.085820896,0.73880597,0.17537313,0.42537313,0.28358209,0.29104478,0.35820896,0.42537313,0.21641791
gi|108562946,0,non-T6SE,216,0.40277778,0.23611111,0.36111111,0.28240741,0.43055556,0.28703704,0.39351852,0.19444444,0.41203704,0.24537037,0.46759259,0.28703704,0.16666667,0.68055556,0.15277778,0.43055556,0.31481481,0.25462963,0.41666667,0.40277778,0.18055556
gi|108562947,0,non-T6SE,115,0.1826087,0.44347826,0.37391304,0.46086957,0.34782609,0.19130435,0.4,0.4173913,0.1826087,0.42608696,0.3826087,0.19130435,0.086956522,0.86086957,0.052173913,0.33913043,0.40869565,0.25217391,0.57391304,0.1826087,0.24347826
gi|15611547,0,non-T6SE,218,0.29357798,0.33486239,0.37155963,0.28440367,0.44954128,0.26605505,0.4266055,0.25688073,0.31651376,0.24770642,0.48623853,0.26605505,0.10091743,0.80733945,0.091743119,0.45412844,0.28899083,0.25688073,0.49082569,0.29357798,0.21559633
gi|108562460,0,non-T6SE,351,0.23076923,0.32478632,0.44444444,0.30769231,0.42735043,0.26495726,0.47293447,0.27350427,0.25356125,0.26780627,0.46723647,0.26495726,0.071225071,0.86894587,0.05982906,0.42450142,0.35042735,0.22507123,0.53561254,0.23076923,0.23361823
gi|188527703,0,non-T6SE,100,0.23,0.32,0.45,0.34,0.44,0.22,0.47,0.3,0.23,0.29,0.49,0.22,0.09,0.88,0.03,0.41,0.36,0.23,0.62,0.23,0.15
gi|210134661,0,non-T6SE,389,0.41645244,0.26735219,0.31619537,0.26735219,0.46015424,0.27249357,0.35218509,0.21079692,0.43701799,0.23393316,0.49357326,0.27249357,0.13624679,0.6940874,0.16966581,0.48329049,0.28020566,0.23650386,0.36246787,0.41645244,0.22107969
gi|210134663,0,non-T6SE,88,0.19318182,0.31818182,0.48863636,0.31818182,0.40909091,0.27272727,0.53409091,0.26136364,0.20454545,0.28409091,0.44318182,0.27272727,0.056818182,0.85227273,0.090909091,0.43181818,0.375,0.19318182,0.56818182,0.19318182,0.23863636
gi|210135521,0,non-T6SE,551,0.3938294,0.35753176,0.24863884,0.35753176,0.36660617,0.27586207,0.29582577,0.29582577,0.40834846,0.29582577,0.42831216,0.27586207,0.13793103,0.76950998,0.092558984,0.36842105,0.29764065,0.33393829,0.3030853,0.3938294,0.3030853
gi|308183678,0,non-T6SE,582,0.36769759,0.31443299,0.31786942,0.32989691,0.38659794,0.28350515,0.36597938,0.25773196,0.37628866,0.28178694,0.4347079,0.28350515,0.14261168,0.72852234,0.12886598,0.41752577,0.29896907,0.28350515,0.39690722,0.36769759,0.23539519
gi|108562944,0,non-T6SE,438,0.33789954,0.34703196,0.31506849,0.38812785,0.36073059,0.25114155,0.34931507,0.30136986,0.34931507,0.34703196,0.40182648,0.25114155,0.10730594,0.7739726,0.11872146,0.39726027,0.29908676,0.30365297,0.42237443,0.33789954,0.23972603
gi|108562945,0,non-T6SE,534,0.35018727,0.28838951,0.36142322,0.29026217,0.39513109,0.31460674,0.40636704,0.22846442,0.36516854,0.25842697,0.42696629,0.31460674,0.1329588,0.74344569,0.12359551,0.43820225,0.3071161,0.25468165,0.43258427,0.35018727,0.21722846
gi|153008020,0,non-T6SE,103,0.31067961,0.37864078,0.31067961,0.46601942,0.27184466,0.26213592,0.32038835,0.3592233,0.32038835,0.36893204,0.36893204,0.26213592,0.13592233,0.73786408,0.12621359,0.46601942,0.19417476,0.33980583,0.40776699,0.31067961,0.2815534
gi|153010543,0,non-T6SE,342,0.25730994,0.49415205,0.24853801,0.49707602,0.29824561,0.20467836,0.28362573,0.4502924,0.26608187,0.40350877,0.39181287,0.20467836,0.10526316,0.8128655,0.081871345,0.39181287,0.29824561,0.30994152,0.44736842,0.25730994,0.29532164
gi|153010514,0,non-T6SE,254,0.22047244,0.50393701,0.27559055,0.51574803,0.27952756,0.20472441,0.2992126,0.46062992,0.24015748,0.41732283,0.37795276,0.20472441,0.090551181,0.81496063,0.094488189,0.48818898,0.21259843,0.2992126,0.51181102,0.22047244,0.26771654
gi|52840257,0,non-T6SE,452,0.34734513,0.3340708,0.31858407,0.33849558,0.39380531,0.26769912,0.34292035,0.28318584,0.37389381,0.29867257,0.43362832,0.26769912,0.13274336,0.73893805,0.12831858,0.48672566,0.26769912,0.24557522,0.42920354,0.34734513,0.22345133
gi|52840258,0,non-T6SE,367,0.31880109,0.31880109,0.36239782,0.34877384,0.46321526,0.1880109,0.38147139,0.28065395,0.33787466,0.30245232,0.50953678,0.1880109,0.098092643,0.78474114,0.11716621,0.47683924,0.27247956,0.2506812,0.44686649,0.31880109,0.23433243
gi|52840259,0,non-T6SE,353,0.35127479,0.32294618,0.32577904,0.33427762,0.42209632,0.24362606,0.3796034,0.24362606,0.37677054,0.28611898,0.47025496,0.24362606,0.10481586,0.79886686,0.09631728,0.42776204,0.29461756,0.2776204,0.41643059,0.35127479,0.23229462
gi|52840262,0,non-T6SE,630,0.32539683,0.34761905,0.32698413,0.35873016,0.42698413,0.21428571,0.36666667,0.27619048,0.35714286,0.30634921,0.47936508,0.21428571,0.09047619,0.78412698,0.12539683,0.43174603,0.27936508,0.28888889,0.42698413,0.32539683,0.24761905
gi|52840265,0,non-T6SE,85,0.31764706,0.31764706,0.36470588,0.30588235,0.44705882,0.24705882,0.38823529,0.25882353,0.35294118,0.25882353,0.49411765,0.24705882,0.10588235,0.76470588,0.12941176,0.42352941,0.29411765,0.28235294,0.4,0.31764706,0.28235294
gi|52840271,0,non-T6SE,357,0.33333333,0.32773109,0.33893557,0.31092437,0.41736695,0.27170868,0.39215686,0.2605042,0.34733894,0.26330532,0.46498599,0.27170868,0.1232493,0.78431373,0.092436975,0.42016807,0.33893557,0.24089636,0.44257703,0.33333333,0.22408964
gi|52840278,0,non-T6SE,707,0.32107496,0.35785007,0.32107496,0.35360679,0.38330976,0.26308345,0.36209335,0.28288543,0.35502122,0.28995757,0.44695898,0.26308345,0.12022631,0.78500707,0.09476662,0.49080622,0.26308345,0.24611033,0.43422914,0.32107496,0.2446959
gi|52840281,0,non-T6SE,190,0.24210526,0.45789474,0.3,0.41052632,0.31052632,0.27894737,0.36842105,0.35263158,0.27894737,0.35263158,0.36842105,0.27894737,0.1,0.82105263,0.078947368,0.39473684,0.31052632,0.29473684,0.46315789,0.24210526,0.29473684
gi|52840308,0,non-T6SE,297,0.33670034,0.35353535,0.30976431,0.36363636,0.4006734,0.23569024,0.34680135,0.3030303,0.35016835,0.32996633,0.43434343,0.23569024,0.11111111,0.74074074,0.14814815,0.51178451,0.26599327,0.22222222,0.46127946,0.33670034,0.2020202
gi|52840329,0,non-T6SE,523,0.29063098,0.35946463,0.3499044,0.37476099,0.35755258,0.26768642,0.37858509,0.30210325,0.31931166,0.30783939,0.42447419,0.26768642,0.11281071,0.78776291,0.099426386,0.40917782,0.30592734,0.28489484,0.48374761,0.29063098,0.22562141
gi|52840332,0,non-T6SE,442,0.33484163,0.35746606,0.30769231,0.36199095,0.39366516,0.24434389,0.35294118,0.28959276,0.35746606,0.30769231,0.4479638,0.24434389,0.1199095,0.73529412,0.14479638,0.48190045,0.25113122,0.26696833,0.4479638,0.33484163,0.21719457
gi|52840333,0,non-T6SE,400,0.2775,0.3825,0.34,0.3825,0.3825,0.235,0.3675,0.325,0.3075,0.325,0.44,0.235,0.0975,0.815,0.0875,0.4775,0.24,0.2825,0.48,0.2775,0.2425
gi|52840344,0,non-T6SE,148,0.32432432,0.37162162,0.30405405,0.39864865,0.35135135,0.25,0.33108108,0.33108108,0.33783784,0.35135135,0.39864865,0.25,0.14189189,0.75675676,0.10135135,0.46621622,0.27027027,0.26351351,0.43918919,0.32432432,0.23648649
gi|52840347,0,non-T6SE,726,0.34435262,0.34573003,0.30991736,0.34986226,0.36639118,0.28374656,0.34573003,0.27272727,0.3815427,0.29614325,0.42011019,0.28374656,0.1322314,0.71900826,0.14876033,0.47933884,0.26170799,0.25895317,0.41735537,0.34435262,0.23829201
gi|52840352,0,non-T6SE,113,0.4159292,0.25663717,0.32743363,0.37168142,0.4159292,0.21238938,0.34513274,0.22123894,0.43362832,0.28318584,0.50442478,0.21238938,0.14159292,0.7079646,0.15044248,0.36283186,0.2920354,0.34513274,0.40707965,0.4159292,0.17699115
gi|52840355,0,non-T6SE,356,0.26685393,0.40449438,0.32865169,0.38764045,0.4241573,0.18820225,0.34550562,0.33707865,0.31741573,0.33146067,0.48033708,0.18820225,0.087078652,0.82303371,0.08988764,0.3511236,0.33146067,0.31741573,0.48876404,0.26685393,0.24438202
gi|52840359,0,non-T6SE,191,0.32984293,0.38219895,0.28795812,0.33507853,0.31937173,0.34554974,0.37696335,0.26701571,0.35602094,0.26701571,0.38743455,0.34554974,0.13089005,0.7539267,0.11518325,0.42408377,0.35078534,0.22513089,0.37696335,0.32984293,0.29319372
gi|52840369,0,non-T6SE,484,0.28099174,0.41735537,0.30165289,0.40702479,0.33471074,0.25826446,0.34297521,0.34710744,0.30991736,0.32644628,0.41528926,0.25826446,0.11157025,0.78512397,0.10330579,0.45867769,0.25826446,0.28305785,0.44008264,0.28099174,0.27892562
gi|52840384,0,non-T6SE,508,0.26968504,0.41929134,0.31102362,0.41732283,0.35433071,0.22834646,0.33858268,0.35433071,0.30708661,0.34251969,0.42913386,0.22834646,0.088582677,0.80905512,0.1023622,0.42322835,0.30708661,0.26968504,0.48228346,0.26968504,0.2480315
gi|52840393,0,non-T6SE,342,0.29532164,0.3625731,0.34210526,0.40350877,0.37719298,0.21929825,0.35964912,0.31871345,0.32163743,0.35672515,0.42397661,0.21929825,0.10233918,0.78947368,0.10818713,0.38304094,0.32748538,0.28947368,0.46491228,0.29532164,0.23976608
gi|52840396,0,non-T6SE,686,0.31632653,0.37463557,0.3090379,0.36005831,0.36297376,0.27696793,0.34693878,0.29300292,0.36005831,0.31341108,0.40962099,0.27696793,0.097667638,0.76530612,0.13702624,0.48250729,0.26239067,0.25510204,0.42274052,0.31632653,0.26093294
gi|52840411,0,non-T6SE,386,0.34455959,0.31606218,0.33937824,0.34196891,0.4119171,0.24611399,0.38082902,0.24870466,0.37046632,0.2746114,0.47927461,0.24611399,0.12176166,0.74870466,0.12953368,0.45336788,0.29533679,0.25129534,0.41709845,0.34455959,0.23834197
gi|52840421,0,non-T6SE,294,0.2244898,0.35034014,0.42517007,0.36734694,0.41836735,0.21428571,0.43537415,0.31972789,0.24489796,0.34013605,0.44557823,0.21428571,0.098639456,0.82312925,0.078231293,0.44217687,0.35034014,0.20748299,0.57823129,0.2244898,0.19727891
gi|52840431,0,non-T6SE,480,0.29791667,0.34166667,0.36041667,0.35416667,0.39791667,0.24791667,0.39583333,0.27916667,0.325,0.3,0.45208333,0.24791667,0.091666667,0.7875,0.12083333,0.41458333,0.32708333,0.25833333,0.48333333,0.29791667,0.21875
gi|52840443,0,non-T6SE,358,0.33240223,0.32402235,0.34357542,0.34357542,0.42458101,0.23184358,0.37150838,0.26815642,0.3603352,0.30446927,0.46368715,0.23184358,0.11452514,0.75139665,0.13407821,0.45530726,0.25418994,0.29050279,0.45251397,0.33240223,0.2150838
gi|52840449,0,non-T6SE,749,0.3271028,0.3965287,0.27636849,0.41922563,0.31909212,0.26168224,0.30440587,0.35781041,0.33778371,0.36048064,0.37783712,0.26168224,0.11615487,0.76902537,0.11481976,0.42323097,0.25100134,0.32576769,0.43658211,0.3271028,0.23631509
gi|52840467,0,non-T6SE,471,0.31847134,0.33545648,0.34607219,0.34394904,0.37154989,0.28450106,0.38428875,0.26751592,0.34819533,0.27600849,0.43949045,0.28450106,0.11252654,0.77282378,0.11464968,0.44798301,0.29511677,0.25690021,0.46072187,0.31847134,0.22080679
gi|52840472,0,non-T6SE,359,0.28133705,0.37883008,0.33983287,0.37604457,0.40668524,0.21727019,0.36768802,0.31476323,0.31754875,0.30083565,0.48189415,0.21727019,0.08356546,0.80501393,0.11142061,0.45125348,0.2729805,0.27576602,0.46796657,0.28133705,0.25069638
gi|52840477,0,non-T6SE,506,0.16007905,0.3972332,0.44268775,0.34782609,0.38142292,0.27075099,0.48023715,0.33399209,0.18577075,0.31620553,0.41304348,0.27075099,0.065217391,0.91304348,0.02173913,0.43675889,0.33003953,0.23320158,0.5513834,0.16007905,0.28853755
gi|52840478,0,non-T6SE,283,0.3180212,0.32155477,0.36042403,0.33922261,0.43816254,0.22261484,0.39222615,0.27561837,0.33215548,0.27915194,0.49823322,0.22261484,0.11660777,0.75971731,0.12367491,0.45583039,0.28975265,0.25441696,0.45936396,0.3180212,0.22261484
gi|52840485,0,non-T6SE,709,0.36671368,0.29901269,0.33427362,0.30324401,0.46121298,0.23554302,0.36389281,0.24823695,0.38787024,0.27785614,0.48660085,0.23554302,0.11424542,0.76163611,0.12411848,0.49788434,0.25246827,0.24964739,0.41748942,0.36671368,0.2157969
gi|52840486,0,non-T6SE,852,0.2758216,0.38732394,0.33685446,0.37441315,0.41079812,0.21478873,0.36267606,0.32159624,0.3157277,0.32394366,0.46126761,0.21478873,0.09741784,0.81220657,0.090375587,0.44131455,0.29694836,0.26173709,0.46596244,0.2758216,0.25821596
gi|52840496,0,non-T6SE,310,0.28709677,0.38387097,0.32903226,0.38387097,0.40967742,0.20645161,0.35483871,0.33870968,0.30645161,0.31935484,0.47419355,0.20645161,0.087096774,0.80967742,0.10322581,0.47741935,0.2483871,0.27419355,0.46451613,0.28709677,0.2483871
gi|52840507,0,non-T6SE,231,0.18181818,0.35930736,0.45887446,0.34199134,0.39393939,0.26406926,0.49350649,0.30735931,0.1991342,0.29437229,0.44155844,0.26406926,0.064935065,0.89177489,0.043290043,0.38528139,0.37662338,0.23809524,0.54978355,0.18181818,0.26839827
gi|52840526,0,non-T6SE,213,0.31924883,0.342723,0.33802817,0.38028169,0.38497653,0.23474178,0.36619718,0.27699531,0.35680751,0.31455399,0.45070423,0.23474178,0.089201878,0.8028169,0.10798122,0.37089202,0.30046948,0.3286385,0.45070423,0.31924883,0.23004695
gi|52840538,0,non-T6SE,403,0.27791563,0.41439206,0.30769231,0.41191067,0.36476427,0.22332506,0.34491315,0.33746898,0.31761787,0.33002481,0.44665012,0.22332506,0.084367246,0.80148883,0.11414392,0.42679901,0.27791563,0.29528536,0.43672457,0.27791563,0.2853598
gi|52840542,0,non-T6SE,205,0.33658537,0.35121951,0.31219512,0.3902439,0.38536585,0.22439024,0.34146341,0.31219512,0.34634146,0.32682927,0.44878049,0.22439024,0.10731707,0.75609756,0.13658537,0.40487805,0.32682927,0.26829268,0.43902439,0.33658537,0.22439024
gi|52840544,0,non-T6SE,694,0.32853026,0.3314121,0.34005764,0.3184438,0.40778098,0.27377522,0.3832853,0.24639769,0.370317,0.26801153,0.45821326,0.27377522,0.11527378,0.76368876,0.12103746,0.46397695,0.28530259,0.25072046,0.42651297,0.32853026,0.24495677
gi|52840553,0,non-T6SE,446,0.39910314,0.28251121,0.31838565,0.28699552,0.47757848,0.23542601,0.33632287,0.23766816,0.42600897,0.25336323,0.51121076,0.23542601,0.12780269,0.74663677,0.12556054,0.50896861,0.25112108,0.23991031,0.41928251,0.39910314,0.18161435
gi|52840554,0,non-T6SE,324,0.23148148,0.41358025,0.35493827,0.40740741,0.39506173,0.19753086,0.37654321,0.35493827,0.26851852,0.33024691,0.47222222,0.19753086,0.067901235,0.84259259,0.089506173,0.4537037,0.26851852,0.27777778,0.5,0.23148148,0.26851852
gi|52840555,0,non-T6SE,163,0.28220859,0.36196319,0.35582822,0.36809816,0.38650307,0.24539877,0.39877301,0.29447853,0.30674847,0.30674847,0.44785276,0.24539877,0.10429448,0.80368098,0.09202454,0.39877301,0.33128834,0.26993865,0.45398773,0.28220859,0.26380368
gi|52840565,0,non-T6SE,177,0.3220339,0.37288136,0.30508475,0.38418079,0.37288136,0.24293785,0.33333333,0.33898305,0.32768362,0.34463277,0.41242938,0.24293785,0.15819209,0.74011299,0.10169492,0.53672316,0.25988701,0.20338983,0.47457627,0.3220339,0.20338983
gi|52840566,0,non-T6SE,126,0.3015873,0.4047619,0.29365079,0.42063492,0.42063492,0.15873016,0.29365079,0.4047619,0.3015873,0.4047619,0.43650794,0.15873016,0.095238095,0.74603175,0.15873016,0.52380952,0.26984127,0.20634921,0.51587302,0.3015873,0.18253968
gi|52840568,0,non-T6SE,1415,0.33710247,0.34840989,0.31448763,0.37102473,0.39222615,0.23674912,0.3385159,0.3024735,0.3590106,0.32226148,0.4409894,0.23674912,0.13074205,0.73215548,0.13710247,0.46572438,0.27208481,0.26219081,0.4459364,0.33710247,0.21696113
gi|52840585,0,non-T6SE,109,0.3853211,0.33027523,0.28440367,0.30275229,0.40366972,0.29357798,0.32110092,0.25688073,0.42201835,0.25688073,0.44954128,0.29357798,0.20183486,0.69724771,0.10091743,0.40366972,0.28440367,0.31192661,0.42201835,0.3853211,0.19266055
gi|52840589,0,non-T6SE,179,0.32402235,0.39664804,0.27932961,0.37430168,0.39106145,0.23463687,0.31284916,0.34636872,0.34078212,0.32402235,0.44134078,0.23463687,0.1452514,0.76536313,0.089385475,0.42458101,0.29050279,0.2849162,0.42458101,0.32402235,0.25139665
gi|52840602,0,non-T6SE,455,0.18241758,0.38461538,0.43296703,0.34945055,0.41538462,0.23516484,0.47252747,0.32527473,0.2021978,0.30769231,0.45714286,0.23516484,0.061538462,0.89230769,0.046153846,0.41538462,0.34505495,0.23956044,0.54945055,0.18241758,0.26813187
gi|52840606,0,non-T6SE,430,0.26976744,0.44651163,0.28372093,0.47209302,0.31860465,0.20930233,0.30465116,0.40697674,0.28837209,0.4255814,0.36511628,0.20930233,0.086046512,0.80930233,0.10465116,0.40232558,0.27209302,0.3255814,0.46744186,0.26976744,0.2627907
gi|52840611,0,non-T6SE,277,0.28158845,0.37545126,0.34296029,0.3898917,0.4368231,0.1732852,0.36823105,0.32490975,0.30685921,0.31768953,0.50902527,0.1732852,0.061371841,0.84837545,0.090252708,0.3898917,0.30685921,0.3032491,0.49819495,0.28158845,0.22021661
gi|52840632,0,non-T6SE,257,0.17509728,0.31906615,0.50583658,0.29571984,0.45914397,0.24513619,0.54085603,0.27237354,0.18677043,0.24902724,0.50583658,0.24513619,0.058365759,0.88715953,0.054474708,0.37354086,0.38521401,0.24124514,0.56031128,0.17509728,0.26459144
gi|52840641,0,non-T6SE,256,0.31640625,0.3515625,0.33203125,0.36328125,0.3828125,0.25390625,0.36328125,0.28125,0.35546875,0.296875,0.44921875,0.25390625,0.11328125,0.75390625,0.1328125,0.46484375,0.25,0.28515625,0.45703125,0.31640625,0.2265625
gi|52840642,0,non-T6SE,169,0.31360947,0.31360947,0.37278107,0.30769231,0.44970414,0.24260355,0.40828402,0.25443787,0.33727811,0.26035503,0.49704142,0.24260355,0.088757396,0.80473373,0.10650888,0.37278107,0.33727811,0.28994083,0.46745562,0.31360947,0.21893491
gi|52840659,0,non-T6SE,302,0.28807947,0.40728477,0.30463576,0.37417219,0.37417219,0.25165563,0.33112583,0.33774834,0.33112583,0.32119205,0.42715232,0.25165563,0.12582781,0.78145695,0.092715232,0.47682119,0.25827815,0.26490066,0.46357616,0.28807947,0.24834437
gi|52840661,0,non-T6SE,496,0.33669355,0.31451613,0.34879032,0.31048387,0.43548387,0.25403226,0.39516129,0.24395161,0.3608871,0.25201613,0.49395161,0.25403226,0.1108871,0.76209677,0.12701613,0.45766129,0.28830645,0.25403226,0.43346774,0.33669355,0.22983871
gi|52840664,0,non-T6SE,335,0.2358209,0.40597015,0.35820896,0.3761194,0.38208955,0.24179104,0.4,0.32537313,0.27462687,0.34029851,0.41791045,0.24179104,0.068656716,0.84776119,0.08358209,0.45671642,0.29253731,0.25074627,0.52238806,0.2358209,0.24179104
gi|52840665,0,non-T6SE,220,0.22272727,0.40909091,0.36818182,0.41363636,0.40454545,0.18181818,0.38181818,0.37727273,0.24090909,0.31818182,0.5,0.18181818,0.063636364,0.84545455,0.090909091,0.41818182,0.30454545,0.27727273,0.54545455,0.22272727,0.23181818
gi|52840670,0,non-T6SE,332,0.29518072,0.37650602,0.32831325,0.36445783,0.38554217,0.25,0.37951807,0.29819277,0.32228916,0.27409639,0.47590361,0.25,0.11144578,0.79518072,0.093373494,0.45481928,0.31325301,0.23192771,0.42168675,0.29518072,0.28313253
gi|52840678,0,non-T6SE,126,0.30952381,0.33333333,0.35714286,0.3015873,0.42063492,0.27777778,0.4047619,0.26190476,0.33333333,0.23809524,0.48412698,0.27777778,0.13492063,0.76984127,0.095238095,0.47619048,0.29365079,0.23015873,0.4047619,0.30952381,0.28571429
gi|52840689,0,non-T6SE,199,0.3718593,0.32663317,0.30150754,0.33668342,0.4120603,0.25125628,0.33668342,0.27638191,0.38693467,0.30653266,0.44221106,0.25125628,0.16080402,0.71859296,0.12060302,0.48241206,0.23115578,0.28643216,0.4120603,0.3718593,0.2160804
gi|52840699,0,non-T6SE,93,0.12903226,0.53763441,0.33333333,0.51612903,0.29032258,0.19354839,0.35483871,0.50537634,0.13978495,0.46236559,0.34408602,0.19354839,0.064516129,0.92473118,0.010752688,0.34408602,0.34408602,0.31182796,0.55913978,0.12903226,0.31182796
gi|52840700,0,non-T6SE,214,0.35981308,0.31775701,0.32242991,0.35981308,0.38317757,0.25700935,0.36448598,0.27102804,0.36448598,0.29906542,0.44392523,0.25700935,0.12149533,0.76168224,0.11682243,0.42990654,0.30841121,0.26168224,0.44392523,0.35981308,0.19626168
gi|52840706,0,non-T6SE,289,0.28027682,0.38408304,0.33564014,0.40138408,0.41522491,0.183391,0.35294118,0.32871972,0.3183391,0.31141869,0.50519031,0.183391,0.062283737,0.80622837,0.13148789,0.47404844,0.26643599,0.25951557,0.47404844,0.28027682,0.24567474
gi|52840714,0,non-T6SE,257,0.32684825,0.31906615,0.3540856,0.30350195,0.40466926,0.29182879,0.38521401,0.24513619,0.36964981,0.23346304,0.47470817,0.29182879,0.12840467,0.76653696,0.10505837,0.48249027,0.26848249,0.24902724,0.45525292,0.32684825,0.21789883
gi|52840721,0,non-T6SE,99,0.39393939,0.29292929,0.31313131,0.31313131,0.39393939,0.29292929,0.32323232,0.22222222,0.45454545,0.3030303,0.4040404,0.29292929,0.15151515,0.66666667,0.18181818,0.54545455,0.26262626,0.19191919,0.4040404,0.39393939,0.2020202
gi|52840722,0,non-T6SE,464,0.375,0.29956897,0.32543103,0.31465517,0.48060345,0.20474138,0.34482759,0.24784483,0.40732759,0.26508621,0.53017241,0.20474138,0.094827586,0.77155172,0.13362069,0.47413793,0.26293103,0.26293103,0.3987069,0.375,0.2262931
gi|52840727,0,non-T6SE,387,0.31524548,0.35917313,0.3255814,0.36434109,0.40310078,0.23255814,0.35400517,0.31007752,0.33591731,0.31524548,0.45219638,0.23255814,0.10852713,0.78036176,0.11111111,0.45736434,0.2377261,0.30490956,0.45736434,0.31524548,0.22739018
gi|52840729,0,non-T6SE,380,0.34210526,0.37105263,0.28684211,0.38157895,0.41578947,0.20263158,0.32368421,0.33157895,0.34473684,0.33421053,0.46315789,0.20263158,0.10789474,0.77368421,0.11842105,0.44210526,0.26052632,0.29736842,0.42631579,0.34210526,0.23157895
gi|52840740,0,non-T6SE,441,0.32653061,0.33106576,0.34240363,0.36507937,0.37414966,0.26077098,0.37188209,0.27891156,0.34920635,0.31746032,0.42176871,0.26077098,0.11111111,0.76643991,0.12244898,0.47165533,0.26530612,0.26303855,0.42857143,0.32653061,0.24489796
gi|52840748,0,non-T6SE,238,0.35714286,0.28571429,0.35714286,0.31512605,0.42016807,0.26470588,0.37394958,0.24369748,0.38235294,0.26890756,0.46638655,0.26470588,0.11764706,0.74789916,0.13445378,0.47478992,0.27310924,0.25210084,0.45798319,0.35714286,0.18487395
gi|52840749,0,non-T6SE,284,0.15492958,0.3556338,0.48943662,0.33098592,0.41901408,0.25,0.54577465,0.28873239,0.16549296,0.26760563,0.48239437,0.25,0.059859155,0.90140845,0.038732394,0.37676056,0.38380282,0.23943662,0.60915493,0.15492958,0.23591549
gi|52840772,0,non-T6SE,130,0.17692308,0.31538462,0.50769231,0.3,0.4,0.3,0.52307692,0.27692308,0.2,0.25384615,0.44615385,0.3,0.1,0.86153846,0.038461538,0.45384615,0.32307692,0.22307692,0.59230769,0.17692308,0.23076923
gi|52840778,0,non-T6SE,406,0.32512315,0.31527094,0.35960591,0.36945813,0.41871921,0.21182266,0.37438424,0.28817734,0.33743842,0.3226601,0.46551724,0.21182266,0.12068966,0.75123153,0.12807882,0.45320197,0.28325123,0.2635468,0.50492611,0.32512315,0.16995074
gi|52840780,0,non-T6SE,215,0.38604651,0.33023256,0.28372093,0.32093023,0.38604651,0.29302326,0.33488372,0.25581395,0.40930233,0.26976744,0.4372093,0.29302326,0.13023256,0.73023256,0.13953488,0.45581395,0.24651163,0.29767442,0.3627907,0.38604651,0.25116279
gi|52840791,0,non-T6SE,199,0.29145729,0.33165829,0.37688442,0.31658291,0.4321608,0.25125628,0.4120603,0.27638191,0.31155779,0.27135678,0.47738693,0.25125628,0.10050251,0.79899497,0.10050251,0.4120603,0.31658291,0.27135678,0.44221106,0.29145729,0.26633166
gi|52840792,0,non-T6SE,574,0.2456446,0.43728223,0.31707317,0.41986063,0.34494774,0.23519164,0.36062718,0.36759582,0.271777,0.35191638,0.41289199,0.23519164,0.083623693,0.83275261,0.083623693,0.43031359,0.25958188,0.31010453,0.48083624,0.2456446,0.27351916
gi|52840799,0,non-T6SE,274,0.29927007,0.37591241,0.32481752,0.35036496,0.38321168,0.26642336,0.35766423,0.2919708,0.35036496,0.27007299,0.46350365,0.26642336,0.12408759,0.78467153,0.091240876,0.45255474,0.27737226,0.27007299,0.43430657,0.29927007,0.26642336
gi|52840810,0,non-T6SE,423,0.35460993,0.30732861,0.33806147,0.33333333,0.41134752,0.25531915,0.36170213,0.26241135,0.37588652,0.28605201,0.45862884,0.25531915,0.12529551,0.74231678,0.13238771,0.4751773,0.26950355,0.25531915,0.42316785,0.35460993,0.22222222
gi|52840814,0,non-T6SE,178,0.24157303,0.43258427,0.3258427,0.38764045,0.38202247,0.23033708,0.39325843,0.32022472,0.28651685,0.32022472,0.4494382,0.23033708,0.084269663,0.83146067,0.084269663,0.37078652,0.33146067,0.29775281,0.46629213,0.24157303,0.29213483
gi|52840817,0,non-T6SE,326,0.33128834,0.37116564,0.29754601,0.38957055,0.35276074,0.25766871,0.33435583,0.30674847,0.35889571,0.32822086,0.41411043,0.25766871,0.11349693,0.74846626,0.13803681,0.4601227,0.26993865,0.26993865,0.41411043,0.33128834,0.25460123
gi|52840823,0,non-T6SE,187,0.29411765,0.34224599,0.36363636,0.3315508,0.45454545,0.21390374,0.39572193,0.28877005,0.31550802,0.26203209,0.52406417,0.21390374,0.07486631,0.80213904,0.12299465,0.43850267,0.28877005,0.27272727,0.45989305,0.29411765,0.2459893
gi|52840824,0,non-T6SE,142,0.3028169,0.36619718,0.33098592,0.38028169,0.38028169,0.23943662,0.36619718,0.31690141,0.31690141,0.31690141,0.44366197,0.23943662,0.11971831,0.78169014,0.098591549,0.46478873,0.30985915,0.22535211,0.47887324,0.3028169,0.21830986
gi|52840825,0,non-T6SE,297,0.33670034,0.33333333,0.32996633,0.34006734,0.44107744,0.21885522,0.35690236,0.27272727,0.37037037,0.3030303,0.47811448,0.21885522,0.097643098,0.78787879,0.11447811,0.47138047,0.26262626,0.26599327,0.42760943,0.33670034,0.23569024
gi|52840827,0,non-T6SE,503,0.29224652,0.38568588,0.32206759,0.3916501,0.39960239,0.20874751,0.33001988,0.33797217,0.33200795,0.30218688,0.48906561,0.20874751,0.099403579,0.80715706,0.093439364,0.50099404,0.22067594,0.27833002,0.45526839,0.29224652,0.25248509
gi|52840830,0,non-T6SE,193,0.30569948,0.37823834,0.31606218,0.38860104,0.35233161,0.25906736,0.37823834,0.30569948,0.31606218,0.30051813,0.44041451,0.25906736,0.11917098,0.78238342,0.098445596,0.41450777,0.31088083,0.2746114,0.41450777,0.30569948,0.27979275
gi|52840834,0,non-T6SE,733,0.27967258,0.36425648,0.35607094,0.36152797,0.37789905,0.26057299,0.38472033,0.3165075,0.29877217,0.30013643,0.43929059,0.26057299,0.11732606,0.79126876,0.091405184,0.42564802,0.3260573,0.24829468,0.48703956,0.27967258,0.23328786
gi|52840840,0,non-T6SE,428,0.32476636,0.36214953,0.31308411,0.3411215,0.42523364,0.23364486,0.35514019,0.27102804,0.37383178,0.28971963,0.47663551,0.23364486,0.081775701,0.80373832,0.11448598,0.48598131,0.25233645,0.26168224,0.42757009,0.32476636,0.24766355
gi|52840841,0,non-T6SE,414,0.28743961,0.38647343,0.32608696,0.37439614,0.37439614,0.25120773,0.3647343,0.3115942,0.3236715,0.3236715,0.42512077,0.25120773,0.09178744,0.79227053,0.11594203,0.43719807,0.31400966,0.24879227,0.45410628,0.28743961,0.25845411
gi|52840853,0,non-T6SE,416,0.32692308,0.35336538,0.31971154,0.34855769,0.41346154,0.23798077,0.37740385,0.27163462,0.35096154,0.28125,0.48076923,0.23798077,0.10096154,0.78365385,0.11538462,0.40144231,0.31490385,0.28365385,0.38461538,0.32692308,0.28846154
gi|52840873,0,non-T6SE,221,0.3438914,0.34841629,0.30769231,0.3438914,0.40723982,0.24886878,0.36651584,0.28054299,0.35294118,0.30316742,0.4479638,0.24886878,0.090497738,0.79638009,0.11312217,0.4479638,0.30769231,0.24434389,0.41176471,0.3438914,0.24434389
gi|52840880,0,non-T6SE,412,0.20631068,0.38592233,0.40776699,0.33980583,0.36893204,0.29126214,0.45631068,0.2961165,0.24757282,0.29854369,0.41019417,0.29126214,0.077669903,0.85679612,0.065533981,0.42961165,0.35194175,0.2184466,0.52669903,0.20631068,0.26699029
gi|52840886,0,non-T6SE,263,0.36121673,0.30798479,0.33079848,0.3269962,0.40684411,0.2661597,0.36501901,0.25095057,0.38403042,0.27376426,0.46007605,0.2661597,0.12547529,0.73003802,0.14448669,0.44486692,0.29277567,0.26235741,0.42205323,0.36121673,0.21673004
gi|52840888,0,non-T6SE,411,0.29440389,0.37226277,0.33333333,0.41119221,0.39416058,0.1946472,0.35279805,0.33333333,0.31386861,0.32846715,0.47688564,0.1946472,0.090024331,0.79562044,0.11435523,0.44282238,0.26034063,0.29683698,0.49635036,0.29440389,0.20924574
gi|52840892,0,non-T6SE,408,0.12990196,0.41176471,0.45833333,0.40196078,0.3872549,0.21078431,0.49509804,0.36029412,0.14460784,0.3504902,0.43872549,0.21078431,0.046568627,0.91421569,0.039215686,0.35784314,0.35294118,0.28921569,0.60294118,0.12990196,0.26715686
gi|52840895,0,non-T6SE,285,0.33684211,0.35438596,0.30877193,0.36140351,0.41052632,0.22807018,0.34385965,0.30175439,0.35438596,0.31929825,0.45263158,0.22807018,0.1122807,0.76842105,0.11929825,0.43157895,0.3122807,0.25614035,0.43859649,0.33684211,0.2245614
gi|52840896,0,non-T6SE,580,0.32068966,0.35,0.32931034,0.38103448,0.37241379,0.24655172,0.34655172,0.31206897,0.34137931,0.32068966,0.43275862,0.24655172,0.12413793,0.75862069,0.11724138,0.45344828,0.25344828,0.29310345,0.4362069,0.32068966,0.24310345
gi|52840898,0,non-T6SE,374,0.21925134,0.32352941,0.45721925,0.32352941,0.44652406,0.22994652,0.48128342,0.29411765,0.22459893,0.26470588,0.50534759,0.22994652,0.069518717,0.86363636,0.06684492,0.38235294,0.38235294,0.23529412,0.52941176,0.21925134,0.2513369
gi|52840916,0,non-T6SE,913,0.32968237,0.30449069,0.36582694,0.29463308,0.43921139,0.26615553,0.40306681,0.23767798,0.3592552,0.25629792,0.47754655,0.26615553,0.11171961,0.7754655,0.1128149,0.51150055,0.26506024,0.22343921,0.43921139,0.32968237,0.23110624
gi|52840936,0,non-T6SE,455,0.35604396,0.37582418,0.26813187,0.37802198,0.40659341,0.21538462,0.31428571,0.32307692,0.36263736,0.35384615,0.43076923,0.21538462,0.096703297,0.81538462,0.087912088,0.45054945,0.29450549,0.25494505,0.42417582,0.35604396,0.21978022
gi|52840956,0,non-T6SE,921,0.34961998,0.32681868,0.32356135,0.3441911,0.37785016,0.27795874,0.35504886,0.26818675,0.37676439,0.28773073,0.43431053,0.27795874,0.13246471,0.72421281,0.14332248,0.45494028,0.29098806,0.25407166,0.41150923,0.34961998,0.23887079
gi|52840958,0,non-T6SE,420,0.33571429,0.3452381,0.31904762,0.35714286,0.44761905,0.1952381,0.35,0.30238095,0.34761905,0.30238095,0.50238095,0.1952381,0.1,0.8047619,0.095238095,0.39761905,0.31428571,0.28809524,0.44285714,0.33571429,0.22142857
gi|52840965,0,non-T6SE,325,0.28307692,0.36307692,0.35384615,0.42461538,0.37538462,0.2,0.37538462,0.31384615,0.31076923,0.34153846,0.45846154,0.2,0.083076923,0.79692308,0.12,0.44,0.24923077,0.31076923,0.48923077,0.28307692,0.22769231
gi|52840966,0,non-T6SE,160,0.175,0.33125,0.49375,0.34375,0.3875,0.26875,0.525,0.28125,0.19375,0.29375,0.4375,0.26875,0.05,0.88125,0.06875,0.36875,0.38125,0.25,0.6125,0.175,0.2125
gi|52840975,0,non-T6SE,460,0.33695652,0.35869565,0.30434783,0.40434783,0.37608696,0.21956522,0.32608696,0.32173913,0.35217391,0.35434783,0.42608696,0.21956522,0.1173913,0.73478261,0.14782609,0.47608696,0.23478261,0.28913043,0.4326087,0.33695652,0.23043478
gi|52840976,0,non-T6SE,357,0.26610644,0.38095238,0.35294118,0.3837535,0.38655462,0.22969188,0.37535014,0.32212885,0.30252101,0.30812325,0.46218487,0.22969188,0.095238095,0.80112045,0.10364146,0.43137255,0.29971989,0.26890756,0.48739496,0.26610644,0.2464986
gi|52840981,0,non-T6SE,516,0.43023256,0.25387597,0.31589147,0.28875969,0.45930233,0.25193798,0.33914729,0.21124031,0.4496124,0.26744186,0.48062016,0.25193798,0.15116279,0.68992248,0.15891473,0.49418605,0.25581395,0.25,0.37403101,0.43023256,0.19573643
gi|52840987,0,non-T6SE,213,0.25821596,0.38028169,0.36150235,0.38497653,0.38967136,0.22535211,0.38497653,0.32394366,0.29107981,0.32394366,0.45070423,0.22535211,0.0657277,0.82629108,0.10798122,0.3943662,0.28169014,0.32394366,0.46478873,0.25821596,0.27699531
gi|52840994,0,non-T6SE,294,0.32993197,0.35034014,0.31972789,0.35714286,0.39115646,0.25170068,0.35714286,0.27891156,0.36394558,0.30612245,0.44217687,0.25170068,0.12244898,0.74829932,0.1292517,0.41496599,0.32653061,0.2585034,0.42176871,0.32993197,0.24829932
gi|52841018,0,non-T6SE,82,0.36585366,0.26829268,0.36585366,0.29268293,0.51219512,0.19512195,0.40243902,0.2195122,0.37804878,0.26829268,0.53658537,0.19512195,0.1097561,0.7195122,0.17073171,0.42682927,0.32926829,0.24390244,0.46341463,0.36585366,0.17073171
gi|52841020,0,non-T6SE,331,0.32326284,0.32628399,0.35045317,0.35045317,0.42900302,0.22054381,0.37160121,0.28096677,0.34743202,0.3021148,0.47734139,0.22054381,0.093655589,0.81570997,0.090634441,0.36555891,0.29305136,0.34138973,0.44410876,0.32326284,0.2326284
gi|52841023,0,non-T6SE,433,0.3256351,0.3187067,0.3556582,0.33025404,0.42032333,0.24942263,0.37644342,0.26096998,0.36258661,0.26558891,0.48498845,0.24942263,0.11316397,0.78060046,0.10623557,0.49191686,0.26558891,0.24249423,0.47344111,0.3256351,0.20092379
gi|52841028,0,non-T6SE,235,0.30638298,0.40425532,0.2893617,0.42978723,0.33191489,0.23829787,0.3106383,0.3787234,0.3106383,0.38297872,0.3787234,0.23829787,0.11914894,0.78297872,0.09787234,0.43404255,0.25957447,0.30638298,0.42553191,0.30638298,0.26808511
gi|52841029,0,non-T6SE,423,0.17730496,0.36879433,0.45390071,0.34515366,0.39479905,0.26004728,0.48699764,0.32624113,0.18676123,0.30496454,0.43498818,0.26004728,0.070921986,0.88652482,0.042553191,0.44680851,0.321513,0.23167849,0.58156028,0.17730496,0.24113475
gi|52841038,0,non-T6SE,567,0.19753086,0.37918871,0.42328042,0.3686067,0.42857143,0.20282187,0.44091711,0.34391534,0.21516755,0.31569665,0.48148148,0.20282187,0.0670194,0.87654321,0.05643739,0.40740741,0.34215168,0.25044092,0.58906526,0.19753086,0.21340388
gi|52841043,0,non-T6SE,280,0.31428571,0.34642857,0.33928571,0.36785714,0.43928571,0.19285714,0.36071429,0.29642857,0.34285714,0.325,0.48214286,0.19285714,0.089285714,0.78571429,0.125,0.475,0.29285714,0.23214286,0.46428571,0.31428571,0.22142857
gi|52841048,0,non-T6SE,302,0.31125828,0.3410596,0.34768212,0.34437086,0.44370861,0.21192053,0.37748344,0.29801325,0.32450331,0.30794702,0.48013245,0.21192053,0.10927152,0.78476821,0.10596026,0.44701987,0.27152318,0.28145695,0.45033113,0.31125828,0.2384106
gi|52841050,0,non-T6SE,222,0.36486486,0.31081081,0.32432432,0.29279279,0.4009009,0.30630631,0.34684685,0.25225225,0.4009009,0.22072072,0.47297297,0.30630631,0.17117117,0.72972973,0.099099099,0.5045045,0.26126126,0.23423423,0.4009009,0.36486486,0.23423423
gi|52841053,0,non-T6SE,111,0.34234234,0.2972973,0.36036036,0.28828829,0.45945946,0.25225225,0.38738739,0.23423423,0.37837838,0.24324324,0.5045045,0.25225225,0.099099099,0.75675676,0.14414414,0.48648649,0.30630631,0.20720721,0.40540541,0.34234234,0.25225225
gi|52841062,0,non-T6SE,443,0.33182844,0.34311512,0.32505643,0.34311512,0.45598194,0.20090293,0.35214447,0.2979684,0.34988713,0.2979684,0.50112867,0.20090293,0.10835214,0.8013544,0.090293454,0.46952596,0.29345372,0.23702032,0.45146727,0.33182844,0.21670429
gi|52841069,0,non-T6SE,258,0.34496124,0.29844961,0.35658915,0.33333333,0.4379845,0.22868217,0.37209302,0.25968992,0.36821705,0.28682171,0.48449612,0.22868217,0.12790698,0.75193798,0.12015504,0.49612403,0.25968992,0.24418605,0.44186047,0.34496124,0.21317829
gi|52841070,0,non-T6SE,344,0.30523256,0.36337209,0.33139535,0.39825581,0.40988372,0.19186047,0.34302326,0.3255814,0.33139535,0.35465116,0.45348837,0.19186047,0.087209302,0.81104651,0.10174419,0.4622093,0.24709302,0.29069767,0.47965116,0.30523256,0.21511628
gi|52841075,0,non-T6SE,183,0.3442623,0.31147541,0.3442623,0.3442623,0.43715847,0.21857923,0.3715847,0.25136612,0.37704918,0.31147541,0.46994536,0.21857923,0.098360656,0.76502732,0.13661202,0.49180328,0.2568306,0.25136612,0.4863388,0.3442623,0.16939891
gi|52841078,0,non-T6SE,260,0.16153846,0.38846154,0.45,0.38461538,0.39615385,0.21923077,0.48461538,0.35,0.16538462,0.35,0.43076923,0.21923077,0.057692308,0.89615385,0.046153846,0.4,0.33846154,0.26153846,0.61538462,0.16153846,0.22307692
gi|52841079,0,non-T6SE,158,0.31012658,0.33544304,0.35443038,0.37974684,0.39873418,0.22151899,0.38607595,0.29746835,0.3164557,0.34810127,0.43037975,0.22151899,0.11392405,0.75316456,0.13291139,0.41139241,0.30379747,0.28481013,0.46835443,0.31012658,0.22151899
gi|52841084,0,non-T6SE,252,0.29365079,0.37698413,0.32936508,0.3452381,0.39285714,0.26190476,0.37301587,0.28174603,0.3452381,0.29761905,0.44047619,0.26190476,0.075396825,0.81349206,0.11111111,0.46428571,0.25793651,0.27777778,0.45634921,0.29365079,0.25
gi|52841089,0,non-T6SE,471,0.33970276,0.32271762,0.33757962,0.35456476,0.40976645,0.23566879,0.35456476,0.28874735,0.3566879,0.29087049,0.47346072,0.23566879,0.12738854,0.73673036,0.1358811,0.46496815,0.26326964,0.27176221,0.44161359,0.33970276,0.21868365
gi|229270458,0,non-T6SE,312,0.33333333,0.31089744,0.35576923,0.32371795,0.40384615,0.2724359,0.38141026,0.26923077,0.34935897,0.28205128,0.44551282,0.2724359,0.15384615,0.7275641,0.11858974,0.50641026,0.27564103,0.21794872,0.46794872,0.33333333,0.19871795
gi|52841094,0,non-T6SE,263,0.19011407,0.33840304,0.47148289,0.30798479,0.40684411,0.2851711,0.51711027,0.27756654,0.20532319,0.2661597,0.4486692,0.2851711,0.076045627,0.85931559,0.064638783,0.46768061,0.34220532,0.19011407,0.58935361,0.19011407,0.22053232
gi|52841096,0,non-T6SE,143,0.27972028,0.38461538,0.33566434,0.35664336,0.39160839,0.25174825,0.36363636,0.31468531,0.32167832,0.31468531,0.43356643,0.25174825,0.11188811,0.8041958,0.083916084,0.48251748,0.3006993,0.21678322,0.48951049,0.27972028,0.23076923
gi|52841097,0,non-T6SE,650,0.19384615,0.34769231,0.45846154,0.34769231,0.39230769,0.26,0.49230769,0.30153846,0.20615385,0.29230769,0.44769231,0.26,0.075384615,0.87076923,0.053846154,0.42,0.34769231,0.23230769,0.58461538,0.19384615,0.22153846
gi|52841098,0,non-T6SE,177,0.28813559,0.31638418,0.39548023,0.32768362,0.40112994,0.27118644,0.42372881,0.25988701,0.31638418,0.23728814,0.49152542,0.27118644,0.10169492,0.80225989,0.096045198,0.42937853,0.29943503,0.27118644,0.49717514,0.28813559,0.21468927
gi|52841103,0,non-T6SE,608,0.32894737,0.36348684,0.30756579,0.35526316,0.38651316,0.25822368,0.34375,0.28782895,0.36842105,0.28453947,0.45723684,0.25822368,0.11842105,0.76973684,0.11184211,0.47368421,0.25986842,0.26644737,0.41776316,0.32894737,0.25328947
gi|52841104,0,non-T6SE,384,0.3046875,0.37760417,0.31770833,0.38541667,0.3359375,0.27864583,0.36197917,0.3125,0.32552083,0.33333333,0.38802083,0.27864583,0.109375,0.765625,0.125,0.4921875,0.25520833,0.25260417,0.453125,0.3046875,0.2421875
gi|52841112,0,non-T6SE,377,0.30238727,0.38461538,0.31299735,0.4005305,0.40848806,0.19098143,0.33952255,0.34482759,0.31564987,0.34482759,0.46419098,0.19098143,0.092838196,0.79840849,0.10875332,0.48275862,0.24933687,0.26790451,0.46419098,0.30238727,0.23342175
gi|52841115,0,non-T6SE,380,0.26842105,0.31052632,0.42105263,0.3,0.42368421,0.27631579,0.46578947,0.24473684,0.28947368,0.26315789,0.46052632,0.27631579,0.1,0.81052632,0.089473684,0.40526316,0.35526316,0.23947368,0.50526316,0.26842105,0.22631579
gi|52841120,0,non-T6SE,358,0.30167598,0.35195531,0.34636872,0.37709497,0.40782123,0.2150838,0.37709497,0.29329609,0.32960894,0.32960894,0.45530726,0.2150838,0.083798883,0.80167598,0.11452514,0.40782123,0.2849162,0.30726257,0.45251397,0.30167598,0.24581006
gi|52841124,0,non-T6SE,297,0.33333333,0.27609428,0.39057239,0.28619529,0.41414141,0.2996633,0.41414141,0.23569024,0.35016835,0.22558923,0.47474747,0.2996633,0.13804714,0.8013468,0.060606061,0.43434343,0.33670034,0.22895623,0.47474747,0.33333333,0.19191919
gi|52841126,0,non-T6SE,771,0.37224384,0.29053178,0.33722438,0.30220493,0.44228275,0.25551232,0.36964981,0.23476005,0.39559014,0.26977951,0.47470817,0.25551232,0.12062257,0.72762646,0.15175097,0.47989624,0.26459144,0.25551232,0.41374838,0.37224384,0.21400778
gi|52841132,0,non-T6SE,319,0.15360502,0.39184953,0.45454545,0.37304075,0.44514107,0.18181818,0.4984326,0.3354232,0.1661442,0.31347962,0.50470219,0.18181818,0.056426332,0.90282132,0.040752351,0.36990596,0.34482759,0.28526646,0.5862069,0.15360502,0.26018809
gi|52841134,0,non-T6SE,355,0.30985915,0.34647887,0.34366197,0.34647887,0.4,0.25352113,0.37183099,0.28732394,0.34084507,0.25915493,0.48732394,0.25352113,0.10704225,0.81690141,0.076056338,0.44507042,0.28450704,0.27042254,0.43098592,0.30985915,0.25915493
gi|52841138,0,non-T6SE,363,0.28374656,0.36363636,0.35261708,0.37190083,0.4214876,0.20661157,0.37190083,0.31955923,0.30853994,0.31680441,0.47658402,0.20661157,0.10743802,0.81267218,0.079889807,0.39118457,0.29476584,0.31404959,0.49586777,0.28374656,0.22038567
gi|52841149,0,non-T6SE,334,0.36227545,0.32634731,0.31137725,0.34131737,0.38622754,0.27245509,0.32634731,0.27844311,0.39520958,0.30239521,0.4251497,0.27245509,0.14371257,0.72155689,0.13473054,0.48502994,0.25149701,0.26347305,0.45508982,0.36227545,0.18263473
gi|52841152,0,non-T6SE,483,0.31677019,0.37267081,0.31055901,0.3747412,0.39751553,0.22774327,0.34575569,0.30641822,0.34782609,0.32091097,0.45134576,0.22774327,0.10351967,0.78674948,0.10973085,0.45548654,0.27329193,0.27122153,0.44720497,0.31677019,0.23602484
gi|52841153,0,non-T6SE,350,0.28,0.39428571,0.32571429,0.39714286,0.37714286,0.22571429,0.36571429,0.30571429,0.32857143,0.31428571,0.46,0.22571429,0.088571429,0.79714286,0.11428571,0.44571429,0.27428571,0.28,0.45428571,0.28,0.26571429
gi|52841160,0,non-T6SE,794,0.32997481,0.36397985,0.30604534,0.36020151,0.40176322,0.23803526,0.34508816,0.30856423,0.34634761,0.30100756,0.46095718,0.23803526,0.11335013,0.77833753,0.10831234,0.44962217,0.27078086,0.27959698,0.43828715,0.32997481,0.23173804
gi|52841166,0,non-T6SE,698,0.34383954,0.31232092,0.34383954,0.3495702,0.45272206,0.19770774,0.35959885,0.28939828,0.35100287,0.30802292,0.49426934,0.19770774,0.1217765,0.76504298,0.11318052,0.4226361,0.30229226,0.27507163,0.44126074,0.34383954,0.21489971
gi|52841167,0,non-T6SE,175,0.39428571,0.30285714,0.30285714,0.33714286,0.42857143,0.23428571,0.33142857,0.27428571,0.39428571,0.31428571,0.45142857,0.23428571,0.14857143,0.67428571,0.17714286,0.46857143,0.29142857,0.24,0.43428571,0.39428571,0.17142857
gi|52841168,0,non-T6SE,369,0.30623306,0.34146341,0.35230352,0.34688347,0.43089431,0.22222222,0.38211382,0.27642276,0.34146341,0.28726287,0.49051491,0.22222222,0.10569106,0.7804878,0.11382114,0.46883469,0.28726287,0.24390244,0.4796748,0.30623306,0.21409214
gi|52841171,0,non-T6SE,328,0.31402439,0.33231707,0.35365854,0.32621951,0.41463415,0.25914634,0.3902439,0.2652439,0.3445122,0.28658537,0.45426829,0.25914634,0.11890244,0.78963415,0.091463415,0.44817073,0.29573171,0.25609756,0.48780488,0.31402439,0.19817073
gi|52841173,0,non-T6SE,121,0.17355372,0.37190083,0.45454545,0.36363636,0.3553719,0.28099174,0.47933884,0.30578512,0.21487603,0.33057851,0.38842975,0.28099174,0.05785124,0.87603306,0.066115702,0.39669421,0.34710744,0.25619835,0.61157025,0.17355372,0.21487603
gi|52841177,0,non-T6SE,311,0.37299035,0.2733119,0.35369775,0.32154341,0.40514469,0.2733119,0.37942122,0.22829582,0.39228296,0.26688103,0.45980707,0.2733119,0.14790997,0.72347267,0.12861736,0.46302251,0.2926045,0.24437299,0.4244373,0.37299035,0.20257235
gi|52841181,0,non-T6SE,268,0.33955224,0.33955224,0.32089552,0.33208955,0.42537313,0.24253731,0.34701493,0.26865672,0.38432836,0.29104478,0.46641791,0.24253731,0.1119403,0.74253731,0.14552239,0.55970149,0.24253731,0.19776119,0.45522388,0.33955224,0.20522388
gi|52841184,0,non-T6SE,224,0.14732143,0.40625,0.44642857,0.37053571,0.41964286,0.20982143,0.49107143,0.35714286,0.15178571,0.34821429,0.44196429,0.20982143,0.040178571,0.93303571,0.026785714,0.375,0.36607143,0.25892857,0.59375,0.14732143,0.25892857
gi|52841187,0,non-T6SE,292,0.27054795,0.35273973,0.37671233,0.3869863,0.3869863,0.2260274,0.39726027,0.31506849,0.28767123,0.32534247,0.44863014,0.2260274,0.10616438,0.79452055,0.099315068,0.42123288,0.27739726,0.30136986,0.51369863,0.27054795,0.21575342
gi|52841196,0,non-T6SE,457,0.19256018,0.3654267,0.44201313,0.35667396,0.42013129,0.22319475,0.47483589,0.31509847,0.21006565,0.31728665,0.4595186,0.22319475,0.080962801,0.85995624,0.059080963,0.43544858,0.35010941,0.21444201,0.56017505,0.19256018,0.24726477
gi|52841197,0,non-T6SE,1148,0.33101045,0.33623693,0.33275261,0.36324042,0.40243902,0.23432056,0.36498258,0.28484321,0.35017422,0.31184669,0.45383275,0.23432056,0.10801394,0.75609756,0.1358885,0.47648084,0.271777,0.25174216,0.46864111,0.33101045,0.20034843
gi|52841205,0,non-T6SE,487,0.16427105,0.39014374,0.44558522,0.36960986,0.39835729,0.23203285,0.49281314,0.33264887,0.17453799,0.31211499,0.45585216,0.23203285,0.069815195,0.88706366,0.04312115,0.35112936,0.38398357,0.26488706,0.6036961,0.16427105,0.23203285
gi|52841263,0,non-T6SE,1071,0.26704015,0.3426704,0.39028945,0.34080299,0.45564893,0.20354809,0.40896359,0.30625584,0.28478058,0.29598506,0.50046685,0.20354809,0.085901027,0.82819795,0.085901027,0.42950514,0.32399627,0.2464986,0.51447246,0.26704015,0.21848739
gi|52841304,0,non-T6SE,393,0.35877863,0.32824427,0.3129771,0.32569975,0.39949109,0.27480916,0.34096692,0.28244275,0.37659033,0.2697201,0.45547074,0.27480916,0.15776081,0.73536896,0.10687023,0.4605598,0.27989822,0.25954198,0.39440204,0.35877863,0.24681934
gi|52841318,0,non-T6SE,343,0.39941691,0.27988338,0.32069971,0.27405248,0.4548105,0.27113703,0.37026239,0.20991254,0.41982507,0.22740525,0.50145773,0.27113703,0.13119534,0.72886297,0.13994169,0.52186589,0.25072886,0.22740525,0.3819242,0.39941691,0.21865889
gi|52841321,0,non-T6SE,535,0.1682243,0.37943925,0.45233645,0.36635514,0.38317757,0.25046729,0.48037383,0.3364486,0.18317757,0.32336449,0.42616822,0.25046729,0.074766355,0.88971963,0.035514019,0.40560748,0.36074766,0.23364486,0.59065421,0.1682243,0.2411215
gi|52841327,0,non-T6SE,904,0.27765487,0.33738938,0.38495575,0.36946903,0.42477876,0.20575221,0.40044248,0.3130531,0.28650442,0.32632743,0.46792035,0.20575221,0.10066372,0.79977876,0.099557522,0.46128319,0.30530973,0.23340708,0.52544248,0.27765487,0.19690265
gi|52841365,0,non-T6SE,388,0.35051546,0.29639175,0.35309278,0.30412371,0.37886598,0.31701031,0.40721649,0.22164948,0.37113402,0.26546392,0.41752577,0.31701031,0.12113402,0.77319588,0.1056701,0.43041237,0.29896907,0.27061856,0.43298969,0.35051546,0.21649485
gi|52841384,0,non-T6SE,359,0.33147632,0.36768802,0.30083565,0.36490251,0.34261838,0.29247911,0.33704735,0.30083565,0.36211699,0.29526462,0.41225627,0.29247911,0.14206128,0.75487465,0.10306407,0.48746518,0.25905292,0.25348189,0.44846797,0.33147632,0.22005571
gi|52841398,0,non-T6SE,384,0.30989583,0.36458333,0.32552083,0.38020833,0.39322917,0.2265625,0.36197917,0.29947917,0.33854167,0.30729167,0.46614583,0.2265625,0.0859375,0.796875,0.1171875,0.40885417,0.29427083,0.296875,0.43489583,0.30989583,0.25520833
gi|52841406,0,non-T6SE,495,0.37575758,0.36161616,0.26262626,0.33939394,0.37979798,0.28080808,0.33333333,0.28484848,0.38181818,0.32525253,0.39393939,0.28080808,0.12121212,0.76969697,0.10909091,0.50707071,0.22222222,0.27070707,0.45454545,0.37575758,0.16969697
gi|52841407,0,non-T6SE,528,0.28977273,0.33143939,0.37878788,0.31628788,0.43181818,0.25189394,0.41666667,0.26515152,0.31818182,0.27462121,0.47348485,0.25189394,0.09469697,0.82386364,0.081439394,0.4375,0.30871212,0.25378788,0.48295455,0.28977273,0.22727273
gi|52841410,0,non-T6SE,482,0.32572614,0.37966805,0.29460581,0.34232365,0.40248963,0.25518672,0.34439834,0.30497925,0.35062241,0.29875519,0.44605809,0.25518672,0.1120332,0.80497925,0.082987552,0.5186722,0.23443983,0.24688797,0.42946058,0.32572614,0.24481328
gi|52841412,0,non-T6SE,204,0.26470588,0.37254902,0.3627451,0.37254902,0.43137255,0.19607843,0.38235294,0.31862745,0.29901961,0.32843137,0.4754902,0.19607843,0.073529412,0.82352941,0.10294118,0.39705882,0.29901961,0.30392157,0.44607843,0.26470588,0.28921569
gi|52841413,0,non-T6SE,402,0.3159204,0.35820896,0.32587065,0.37562189,0.41044776,0.21393035,0.35074627,0.30597015,0.34328358,0.30845771,0.47761194,0.21393035,0.11442786,0.75621891,0.12935323,0.4800995,0.25870647,0.26119403,0.45771144,0.3159204,0.22636816
gi|52841414,0,non-T6SE,155,0.30322581,0.33548387,0.36129032,0.37419355,0.43225806,0.19354839,0.38064516,0.29677419,0.32258065,0.32903226,0.47741935,0.19354839,0.10322581,0.77419355,0.12258065,0.43225806,0.33548387,0.23225806,0.49677419,0.30322581,0.2
gi|52841416,0,non-T6SE,274,0.29927007,0.36861314,0.33211679,0.39781022,0.36861314,0.23357664,0.35766423,0.32846715,0.31386861,0.31751825,0.44890511,0.23357664,0.10583942,0.7810219,0.11313869,0.43065693,0.26642336,0.30291971,0.45620438,0.29927007,0.24452555
gi|52841419,0,non-T6SE,260,0.31923077,0.40769231,0.27307692,0.35769231,0.31153846,0.33076923,0.36153846,0.30384615,0.33461538,0.31538462,0.35384615,0.33076923,0.12307692,0.78076923,0.096153846,0.50769231,0.27692308,0.21538462,0.37692308,0.31923077,0.30384615
gi|52841420,0,non-T6SE,314,0.35350318,0.29299363,0.35350318,0.32484076,0.43949045,0.23566879,0.36942675,0.25796178,0.37261146,0.26433121,0.5,0.23566879,0.11146497,0.74203822,0.14649682,0.53184713,0.24840764,0.21974522,0.44267516,0.35350318,0.20382166
gi|52841423,0,non-T6SE,390,0.29487179,0.38205128,0.32307692,0.35384615,0.40512821,0.24102564,0.36410256,0.3025641,0.33333333,0.3025641,0.45641026,0.24102564,0.1025641,0.80769231,0.08974359,0.47692308,0.27179487,0.25128205,0.46410256,0.29487179,0.24102564
gi|52841426,0,non-T6SE,207,0.32850242,0.34299517,0.32850242,0.36231884,0.44927536,0.1884058,0.36714976,0.28019324,0.352657,0.30917874,0.50241546,0.1884058,0.082125604,0.79710145,0.12077295,0.47342995,0.23188406,0.29468599,0.43478261,0.32850242,0.23671498
gi|52841427,0,non-T6SE,255,0.32156863,0.33333333,0.34509804,0.36862745,0.41176471,0.21960784,0.37647059,0.27843137,0.34509804,0.32156863,0.45882353,0.21960784,0.10588235,0.77254902,0.12156863,0.39607843,0.30980392,0.29411765,0.4745098,0.32156863,0.20392157
gi|52841430,0,non-T6SE,352,0.29545455,0.35795455,0.34659091,0.40056818,0.36079545,0.23863636,0.36079545,0.30965909,0.32954545,0.34375,0.41761364,0.23863636,0.090909091,0.77556818,0.13352273,0.40909091,0.32386364,0.26704545,0.46022727,0.29545455,0.24431818
gi|52841432,0,non-T6SE,431,0.30394432,0.37819026,0.31786543,0.39675174,0.44083527,0.16241299,0.34338747,0.33642691,0.32018561,0.33178654,0.50580046,0.16241299,0.07424594,0.81902552,0.10672854,0.44083527,0.27842227,0.28074246,0.46635731,0.30394432,0.22969838
gi|52841433,0,non-T6SE,312,0.33333333,0.31410256,0.3525641,0.3525641,0.43269231,0.21474359,0.375,0.28205128,0.34294872,0.29166667,0.49358974,0.21474359,0.12179487,0.76282051,0.11538462,0.47115385,0.25961538,0.26923077,0.46794872,0.33333333,0.19871795
gi|52841435,0,non-T6SE,378,0.16666667,0.37301587,0.46031746,0.36507937,0.38888889,0.24603175,0.5026455,0.32539683,0.17195767,0.31216931,0.44179894,0.24603175,0.063492063,0.88095238,0.055555556,0.35185185,0.37830688,0.26984127,0.60846561,0.16666667,0.22486772
gi|52841443,0,non-T6SE,223,0.19282511,0.35426009,0.4529148,0.32286996,0.43497758,0.24215247,0.48430493,0.30941704,0.20627803,0.28699552,0.47085202,0.24215247,0.085201794,0.88340807,0.031390135,0.41255605,0.34080717,0.24663677,0.56053812,0.19282511,0.24663677
gi|52841449,0,non-T6SE,140,0.35,0.39285714,0.25714286,0.38571429,0.4,0.21428571,0.30714286,0.33571429,0.35714286,0.35,0.43571429,0.21428571,0.078571429,0.79285714,0.12857143,0.43571429,0.25714286,0.30714286,0.36428571,0.35,0.28571429
gi|52841450,0,non-T6SE,225,0.32888889,0.39555556,0.27555556,0.42222222,0.44,0.13777778,0.29333333,0.37777778,0.32888889,0.39555556,0.46666667,0.13777778,0.066666667,0.85333333,0.08,0.42222222,0.22222222,0.35555556,0.43555556,0.32888889,0.23555556
gi|52841451,0,non-T6SE,437,0.28375286,0.46453089,0.25171625,0.47826087,0.38672769,0.13501144,0.2791762,0.43020595,0.29061785,0.44622426,0.4187643,0.13501144,0.043478261,0.88787185,0.068649886,0.31350114,0.26315789,0.42334096,0.44851259,0.28375286,0.26773455
gi|52841454,0,non-T6SE,230,0.32173913,0.40434783,0.27391304,0.43043478,0.36956522,0.2,0.3,0.36956522,0.33043478,0.35652174,0.44347826,0.2,0.10869565,0.80434783,0.086956522,0.37391304,0.2826087,0.34347826,0.42173913,0.32173913,0.25652174
gi|52841455,0,non-T6SE,394,0.26142132,0.40862944,0.32994924,0.42385787,0.39340102,0.18274112,0.35025381,0.38071066,0.26903553,0.38324873,0.43401015,0.18274112,0.093908629,0.84010152,0.065989848,0.36040609,0.31472081,0.3248731,0.4822335,0.26142132,0.25634518
gi|52841457,0,non-T6SE,649,0.3220339,0.38828968,0.28967643,0.42218798,0.40677966,0.17103236,0.31895223,0.35285054,0.32819723,0.39599384,0.43297381,0.17103236,0.073959938,0.82896764,0.097072419,0.3651772,0.28197227,0.35285054,0.42681048,0.3220339,0.25115562
gi|52841467,0,non-T6SE,142,0.38028169,0.24647887,0.37323944,0.23239437,0.40140845,0.36619718,0.38732394,0.18309859,0.42957746,0.16901408,0.46478873,0.36619718,0.17605634,0.73943662,0.084507042,0.46478873,0.27464789,0.26056338,0.4084507,0.38028169,0.21126761
gi|52841511,0,non-T6SE,574,0.31881533,0.3641115,0.31707317,0.3989547,0.38327526,0.21777003,0.3466899,0.31184669,0.34146341,0.32752613,0.45470383,0.21777003,0.097560976,0.78222997,0.12020906,0.42857143,0.2804878,0.29094077,0.44599303,0.31881533,0.23519164
gi|52841515,0,non-T6SE,359,0.42339833,0.26740947,0.3091922,0.31476323,0.45125348,0.23398329,0.32311978,0.23955432,0.43732591,0.27576602,0.4902507,0.23398329,0.13927577,0.6545961,0.20612813,0.54317549,0.22562674,0.23119777,0.38718663,0.42339833,0.18941504
gi|52841517,0,non-T6SE,247,0.3562753,0.35222672,0.29149798,0.39271255,0.39271255,0.2145749,0.31174089,0.31174089,0.37651822,0.36842105,0.41700405,0.2145749,0.10931174,0.73279352,0.15789474,0.4534413,0.24291498,0.30364372,0.43724696,0.3562753,0.20647773
gi|52841518,0,non-T6SE,174,0.3045977,0.39655172,0.29885057,0.38505747,0.35057471,0.26436782,0.33333333,0.31609195,0.35057471,0.34482759,0.3908046,0.26436782,0.13218391,0.76436782,0.10344828,0.49425287,0.24137931,0.26436782,0.43678161,0.3045977,0.25862069
gi|52841522,0,non-T6SE,471,0.35456476,0.3163482,0.32908705,0.32696391,0.4522293,0.22080679,0.3566879,0.26751592,0.37579618,0.27388535,0.50530786,0.22080679,0.12101911,0.74946921,0.12951168,0.48619958,0.25690021,0.25690021,0.43312102,0.35456476,0.21231423
gi|52841524,0,non-T6SE,181,0.19337017,0.34254144,0.4640884,0.27624309,0.35911602,0.36464088,0.53038674,0.25414365,0.21546961,0.25414365,0.38121547,0.36464088,0.082872928,0.87292818,0.044198895,0.39779006,0.43093923,0.17127072,0.55248619,0.19337017,0.25414365
gi|52841525,0,non-T6SE,479,0.32776618,0.35490605,0.31732777,0.32776618,0.41544885,0.25678497,0.35908142,0.29645094,0.34446764,0.26096033,0.4822547,0.25678497,0.14196242,0.78914405,0.068893528,0.43215031,0.27557411,0.29227557,0.42797495,0.32776618,0.24425887
gi|52841526,0,non-T6SE,254,0.28740157,0.37401575,0.33858268,0.37007874,0.38582677,0.24409449,0.37007874,0.29133858,0.33858268,0.29133858,0.46456693,0.24409449,0.082677165,0.82677165,0.090551181,0.37795276,0.32283465,0.2992126,0.42519685,0.28740157,0.28740157
gi|52841527,0,non-T6SE,287,0.29268293,0.38675958,0.32055749,0.31707317,0.38327526,0.29965157,0.39721254,0.27526132,0.32752613,0.2369338,0.46341463,0.29965157,0.11498258,0.78397213,0.1010453,0.41811847,0.30313589,0.27874564,0.37979094,0.29268293,0.32752613
gi|52841528,0,non-T6SE,284,0.30985915,0.33802817,0.35211268,0.3415493,0.42957746,0.22887324,0.37323944,0.28169014,0.34507042,0.27464789,0.49647887,0.22887324,0.11619718,0.76760563,0.11619718,0.46478873,0.28521127,0.25,0.46126761,0.30985915,0.22887324
gi|52841533,0,non-T6SE,262,0.30152672,0.3740458,0.32442748,0.35496183,0.3778626,0.26717557,0.36259542,0.29007634,0.34732824,0.30152672,0.43129771,0.26717557,0.10687023,0.80916031,0.083969466,0.43129771,0.30534351,0.26335878,0.46183206,0.30152672,0.23664122
gi|52841536,0,non-T6SE,272,0.29779412,0.38970588,0.3125,0.38602941,0.38602941,0.22794118,0.36029412,0.32352941,0.31617647,0.32352941,0.44852941,0.22794118,0.095588235,0.78676471,0.11764706,0.47794118,0.25,0.27205882,0.4375,0.29779412,0.26470588
gi|52841537,0,non-T6SE,551,0.35753176,0.33756806,0.30490018,0.34119782,0.36842105,0.29038113,0.35208711,0.25589837,0.39201452,0.26134301,0.44827586,0.29038113,0.12704174,0.72413793,0.14882033,0.45372051,0.28856624,0.25771325,0.39019964,0.35753176,0.2522686
gi|52841550,0,non-T6SE,494,0.33805668,0.32591093,0.33603239,0.34615385,0.45546559,0.19838057,0.3562753,0.27732794,0.36639676,0.29554656,0.50607287,0.19838057,0.10526316,0.75910931,0.13562753,0.48582996,0.26315789,0.25101215,0.42712551,0.33805668,0.23481781
gi|52841551,0,non-T6SE,791,0.31984829,0.3817952,0.29835651,0.41213654,0.41466498,0.17319848,0.31984829,0.35145386,0.32869785,0.35524652,0.47155499,0.17319848,0.099873578,0.8091024,0.09102402,0.3817952,0.28824273,0.32996207,0.41087231,0.31984829,0.26927939
gi|52841562,0,non-T6SE,241,0.32365145,0.34854772,0.32780083,0.3526971,0.41908714,0.22821577,0.36099585,0.29460581,0.34439834,0.28215768,0.48962656,0.22821577,0.10373444,0.79253112,0.10373444,0.41493776,0.32365145,0.26141079,0.4439834,0.32365145,0.23236515
gi|52841563,0,non-T6SE,321,0.31775701,0.34267913,0.33956386,0.32398754,0.42990654,0.24610592,0.36760125,0.25233645,0.38006231,0.25545171,0.49844237,0.24610592,0.10903427,0.79750779,0.093457944,0.4423676,0.28971963,0.26791277,0.42367601,0.31775701,0.25856698
gi|52841568,0,non-T6SE,541,0.3142329,0.40850277,0.27726433,0.43068392,0.41219963,0.15711645,0.30314233,0.37707948,0.31977819,0.40850277,0.43438078,0.15711645,0.085027726,0.82809612,0.086876155,0.3715342,0.29390018,0.33456562,0.40295749,0.3142329,0.28280961
gi|52841570,0,non-T6SE,475,0.27789474,0.48,0.24210526,0.51789474,0.37684211,0.10526316,0.25052632,0.47157895,0.27789474,0.51578947,0.37894737,0.10526316,0.056842105,0.87368421,0.069473684,0.39578947,0.24631579,0.35789474,0.48210526,0.27789474,0.24
gi|52841571,0,non-T6SE,294,0.29591837,0.3707483,0.33333333,0.38095238,0.3537415,0.26530612,0.34353741,0.34013605,0.31632653,0.32653061,0.40816327,0.26530612,0.12585034,0.76870748,0.10544218,0.48979592,0.27210884,0.23809524,0.47278912,0.29591837,0.23129252
gi|52841572,0,non-T6SE,428,0.31542056,0.34579439,0.33878505,0.34579439,0.40420561,0.25,0.38317757,0.27102804,0.34579439,0.29906542,0.45093458,0.25,0.10046729,0.78504673,0.11448598,0.46495327,0.30140187,0.23364486,0.44859813,0.31542056,0.23598131
gi|52841574,0,non-T6SE,177,0.20338983,0.33898305,0.45762712,0.33898305,0.42937853,0.23163842,0.49152542,0.29943503,0.20903955,0.30508475,0.46327684,0.23163842,0.079096045,0.85310734,0.06779661,0.39548023,0.38418079,0.22033898,0.58757062,0.20338983,0.20903955
gi|52841575,0,non-T6SE,211,0.33649289,0.35545024,0.30805687,0.33175355,0.39336493,0.27488152,0.37440758,0.25592417,0.36966825,0.26540284,0.45971564,0.27488152,0.1042654,0.78672986,0.10900474,0.41706161,0.28909953,0.29383886,0.37440758,0.33649289,0.28909953
gi|52841579,0,non-T6SE,511,0.21526419,0.36203523,0.42270059,0.34246575,0.42465753,0.23287671,0.46966732,0.29941292,0.23091977,0.27201566,0.49510763,0.23287671,0.066536204,0.87279843,0.060665362,0.36986301,0.35616438,0.2739726,0.52837573,0.21526419,0.25636008
gi|52841582,0,non-T6SE,789,0.30291508,0.37642586,0.32065906,0.37642586,0.37896071,0.24461343,0.35361217,0.30925222,0.33713561,0.32572877,0.42965779,0.24461343,0.10012674,0.78453739,0.11533587,0.47908745,0.25855513,0.26235741,0.46007605,0.30291508,0.23700887
gi|52841592,0,non-T6SE,140,0.31428571,0.37857143,0.30714286,0.39285714,0.38571429,0.22142857,0.35,0.32142857,0.32857143,0.32142857,0.45714286,0.22142857,0.1,0.79285714,0.10714286,0.38571429,0.27857143,0.33571429,0.43571429,0.31428571,0.25
gi|52841596,0,non-T6SE,257,0.3540856,0.307393,0.3385214,0.27237354,0.45914397,0.26848249,0.39299611,0.23735409,0.36964981,0.23346304,0.49805447,0.26848249,0.11673152,0.77821012,0.10505837,0.48638132,0.23346304,0.28015564,0.39688716,0.3540856,0.24902724
gi|52841605,0,non-T6SE,626,0.30830671,0.38178914,0.30990415,0.35623003,0.38178914,0.26198083,0.35782748,0.30990415,0.33226837,0.30031949,0.43769968,0.26198083,0.12140575,0.7827476,0.095846645,0.41693291,0.30990415,0.27316294,0.41853035,0.30830671,0.27316294
gi|52841606,0,non-T6SE,156,0.30128205,0.32692308,0.37179487,0.32692308,0.44230769,0.23076923,0.39102564,0.27564103,0.33333333,0.26923077,0.5,0.23076923,0.12179487,0.77564103,0.1025641,0.49358974,0.23717949,0.26923077,0.45512821,0.30128205,0.24358974
gi|52841614,0,non-T6SE,251,0.34262948,0.29083665,0.36653386,0.2749004,0.4501992,0.2749004,0.39043825,0.21912351,0.39043825,0.23904382,0.48605578,0.2749004,0.11155378,0.74501992,0.14342629,0.48207171,0.29880478,0.21912351,0.43426295,0.34262948,0.22310757
gi|52841622,0,non-T6SE,342,0.29824561,0.34210526,0.35964912,0.36842105,0.42690058,0.20467836,0.37426901,0.29824561,0.32748538,0.32163743,0.47368421,0.20467836,0.10526316,0.79532164,0.099415205,0.45614035,0.25730994,0.28654971,0.51169591,0.29824561,0.19005848
gi|52841624,0,non-T6SE,315,0.28253968,0.36507937,0.35238095,0.38095238,0.44761905,0.17142857,0.38095238,0.31428571,0.3047619,0.32063492,0.50793651,0.17142857,0.066666667,0.82857143,0.1047619,0.46984127,0.27936508,0.25079365,0.49206349,0.28253968,0.22539683
gi|52841628,0,non-T6SE,332,0.30722892,0.38253012,0.31024096,0.3253012,0.39759036,0.27710843,0.37951807,0.28915663,0.3313253,0.27710843,0.44578313,0.27710843,0.11144578,0.81024096,0.078313253,0.47590361,0.28012048,0.2439759,0.41566265,0.30722892,0.27710843
gi|52841629,0,non-T6SE,212,0.3490566,0.29245283,0.35849057,0.29716981,0.48113208,0.22169811,0.38207547,0.25,0.36792453,0.26415094,0.51415094,0.22169811,0.11792453,0.74528302,0.13679245,0.45754717,0.28301887,0.25943396,0.44339623,0.3490566,0.20754717
gi|52841632,0,non-T6SE,270,0.31851852,0.34444444,0.33703704,0.34814815,0.41851852,0.23333333,0.37037037,0.27037037,0.35925926,0.28148148,0.48518519,0.23333333,0.081481481,0.7962963,0.12222222,0.45185185,0.3,0.24814815,0.44444444,0.31851852,0.23703704
gi|52841633,0,non-T6SE,366,0.24863388,0.41256831,0.33879781,0.40163934,0.39617486,0.20218579,0.37431694,0.34153005,0.28415301,0.34699454,0.45081967,0.20218579,0.068306011,0.8442623,0.087431694,0.41803279,0.29234973,0.28961749,0.49180328,0.24863388,0.25956284
gi|52841635,0,non-T6SE,426,0.16666667,0.37793427,0.45539906,0.34037559,0.42488263,0.23474178,0.50469484,0.30751174,0.18779343,0.27934272,0.48591549,0.23474178,0.051643192,0.90610329,0.042253521,0.3943662,0.38028169,0.22535211,0.59859155,0.16666667,0.23474178
gi|52841641,0,non-T6SE,236,0.33898305,0.34745763,0.31355932,0.36440678,0.39830508,0.23728814,0.34745763,0.28813559,0.36440678,0.30932203,0.45338983,0.23728814,0.11864407,0.73305085,0.14830508,0.44067797,0.27966102,0.27966102,0.43220339,0.33898305,0.22881356
gi|52841643,0,non-T6SE,506,0.29644269,0.39525692,0.3083004,0.35573123,0.37351779,0.27075099,0.36363636,0.29249012,0.34387352,0.30434783,0.42490119,0.27075099,0.098814229,0.79644269,0.10474308,0.43083004,0.30237154,0.26679842,0.41501976,0.29644269,0.28853755
gi|52841644,0,non-T6SE,491,0.29531568,0.37881874,0.32586558,0.401222,0.36863544,0.23014257,0.35437882,0.3299389,0.31568228,0.3604888,0.40936864,0.23014257,0.091649695,0.79837067,0.10997963,0.42566191,0.30142566,0.27291242,0.45824847,0.29531568,0.24643585
gi|52841650,0,non-T6SE,231,0.35930736,0.32034632,0.32034632,0.35930736,0.44155844,0.1991342,0.34199134,0.28571429,0.37229437,0.31601732,0.48484848,0.1991342,0.11688312,0.75757576,0.12554113,0.47186147,0.26406926,0.26406926,0.45454545,0.35930736,0.18614719
gi|52841653,0,non-T6SE,389,0.33676093,0.33161954,0.33161954,0.33161954,0.3907455,0.27763496,0.36503856,0.25449871,0.38046272,0.28020566,0.44215938,0.27763496,0.12596401,0.75321337,0.12082262,0.50899743,0.24421594,0.24678663,0.44215938,0.33676093,0.22107969
gi|52841660,0,non-T6SE,282,0.17730496,0.32624113,0.4964539,0.32624113,0.39361702,0.28014184,0.54255319,0.26950355,0.18794326,0.26950355,0.45035461,0.28014184,0.074468085,0.87943262,0.046099291,0.41843972,0.37234043,0.20921986,0.61347518,0.17730496,0.20921986
gi|52841664,0,non-T6SE,279,0.24731183,0.44802867,0.3046595,0.40501792,0.37992832,0.21505376,0.35483871,0.36200717,0.28315412,0.34408602,0.44086022,0.21505376,0.078853047,0.82437276,0.096774194,0.43010753,0.3046595,0.26523297,0.45878136,0.24731183,0.29390681
gi|52841667,0,non-T6SE,464,0.31034483,0.36853448,0.32112069,0.36637931,0.3987069,0.23491379,0.35344828,0.3125,0.33405172,0.32758621,0.4375,0.23491379,0.12068966,0.76724138,0.11206897,0.46767241,0.27155172,0.26077586,0.44827586,0.31034483,0.24137931
gi|52841672,0,non-T6SE,282,0.29787234,0.39361702,0.30851064,0.37588652,0.35815603,0.26595745,0.34042553,0.30851064,0.35106383,0.33333333,0.40070922,0.26595745,0.11347518,0.77659574,0.10992908,0.4822695,0.26595745,0.25177305,0.43971631,0.29787234,0.26241135
gi|52841673,0,non-T6SE,221,0.28054299,0.39366516,0.32579186,0.40271493,0.37104072,0.22624434,0.35294118,0.33031674,0.31674208,0.31221719,0.46153846,0.22624434,0.1040724,0.77828054,0.11764706,0.46153846,0.24886878,0.28959276,0.43891403,0.28054299,0.28054299
gi|52841677,0,non-T6SE,248,0.36693548,0.32258065,0.31048387,0.31048387,0.41532258,0.27419355,0.33467742,0.27419355,0.39112903,0.26612903,0.45967742,0.27419355,0.14919355,0.74193548,0.10887097,0.46774194,0.22177419,0.31048387,0.40322581,0.36693548,0.22983871
gi|52841686,0,non-T6SE,444,0.34234234,0.32207207,0.33558559,0.33783784,0.4009009,0.26126126,0.36486486,0.26126126,0.37387387,0.27252252,0.46621622,0.26126126,0.11486486,0.77027027,0.11486486,0.44144144,0.29054054,0.26801802,0.40540541,0.34234234,0.25225225
gi|52841687,0,non-T6SE,734,0.35558583,0.32970027,0.3147139,0.32970027,0.41144414,0.25885559,0.34604905,0.25613079,0.39782016,0.28882834,0.45231608,0.25885559,0.1280654,0.73569482,0.13623978,0.5,0.26566757,0.23433243,0.42779292,0.35558583,0.21662125
gi|52841689,0,non-T6SE,397,0.302267,0.37027708,0.32745592,0.37531486,0.36775819,0.25692695,0.37027708,0.30730479,0.32241814,0.29722922,0.44584383,0.25692695,0.11586902,0.77581864,0.10831234,0.4256927,0.29219144,0.28211587,0.46599496,0.302267,0.23173804
gi|52841691,0,non-T6SE,579,0.32642487,0.32469775,0.34887737,0.35924007,0.42659758,0.21416235,0.36442142,0.28324698,0.35233161,0.30051813,0.48531952,0.21416235,0.09671848,0.7806563,0.12262522,0.48186528,0.24352332,0.2746114,0.47668394,0.32642487,0.19689119
gi|52841697,0,non-T6SE,207,0.352657,0.30434783,0.34299517,0.29951691,0.46376812,0.23671498,0.37681159,0.24154589,0.38164251,0.24154589,0.52173913,0.23671498,0.1352657,0.74879227,0.11594203,0.48792271,0.27536232,0.23671498,0.42512077,0.352657,0.22222222
gi|52841699,0,non-T6SE,532,0.32518797,0.30263158,0.37218045,0.28759398,0.46992481,0.2424812,0.41917293,0.23684211,0.34398496,0.2518797,0.5056391,0.2424812,0.095864662,0.79699248,0.10714286,0.40977444,0.34022556,0.25,0.45300752,0.32518797,0.22180451
gi|52841701,0,non-T6SE,460,0.27391304,0.38695652,0.33913043,0.39130435,0.36304348,0.24565217,0.38043478,0.31086957,0.30869565,0.3326087,0.42173913,0.24565217,0.093478261,0.80869565,0.097826087,0.41086957,0.31304348,0.27608696,0.4673913,0.27391304,0.25869565
gi|52841704,0,non-T6SE,239,0.28870293,0.32217573,0.38912134,0.33054393,0.37656904,0.29288703,0.42677824,0.26778243,0.30543933,0.25104603,0.45606695,0.29288703,0.09623431,0.79916318,0.10460251,0.39330544,0.31380753,0.29288703,0.45188285,0.28870293,0.25941423
gi|52841705,0,non-T6SE,212,0.31603774,0.30660377,0.37735849,0.35377358,0.43867925,0.20754717,0.40566038,0.25471698,0.33962264,0.28301887,0.50943396,0.20754717,0.08490566,0.80188679,0.11320755,0.41981132,0.28773585,0.29245283,0.45754717,0.31603774,0.22641509
gi|52841709,0,non-T6SE,982,0.299389,0.28615071,0.41446029,0.27698574,0.48268839,0.24032587,0.44806517,0.24032587,0.31160896,0.24847251,0.51120163,0.24032587,0.10794297,0.80448065,0.087576375,0.4490835,0.33197556,0.21894094,0.48472505,0.299389,0.21588595
gi|52841710,0,non-T6SE,223,0.32286996,0.34977578,0.32735426,0.3632287,0.41704036,0.21973094,0.35426009,0.30941704,0.33632287,0.2735426,0.50672646,0.21973094,0.11210762,0.78475336,0.10313901,0.4529148,0.25560538,0.29147982,0.4529148,0.32286996,0.22421525
gi|52841716,0,non-T6SE,173,0.42774566,0.23121387,0.34104046,0.25433526,0.4566474,0.28901734,0.37572254,0.17919075,0.44508671,0.1849711,0.52601156,0.28901734,0.16184971,0.69942197,0.13872832,0.44508671,0.31213873,0.24277457,0.37572254,0.42774566,0.19653179
gi|52841727,0,non-T6SE,900,0.34444444,0.32222222,0.33333333,0.34888889,0.40222222,0.24888889,0.37,0.27,0.36,0.30222222,0.44888889,0.24888889,0.10888889,0.74666667,0.14444444,0.45222222,0.27111111,0.27666667,0.42222222,0.34444444,0.23333333
gi|52841732,0,non-T6SE,479,0.3006263,0.36743215,0.33194154,0.39665971,0.37995825,0.22338205,0.34655532,0.33402923,0.31941545,0.34029228,0.43632568,0.22338205,0.12317328,0.75365344,0.12317328,0.45511482,0.28601253,0.25887265,0.50313152,0.3006263,0.19624217
gi|52841739,0,non-T6SE,430,0.31162791,0.37906977,0.30930233,0.39767442,0.36046512,0.24186047,0.34651163,0.33023256,0.32325581,0.35116279,0.40697674,0.24186047,0.10930233,0.79069767,0.1,0.39767442,0.29069767,0.31162791,0.42093023,0.31162791,0.26744186
gi|52841742,0,non-T6SE,678,0.2079646,0.35988201,0.43215339,0.32890855,0.41150442,0.25958702,0.47640118,0.2920354,0.23156342,0.27728614,0.46312684,0.25958702,0.085545723,0.85840708,0.056047198,0.39528024,0.35693215,0.24778761,0.51917404,0.2079646,0.27286136
gi|52841753,0,non-T6SE,406,0.28078818,0.34729064,0.37192118,0.34729064,0.40147783,0.25123153,0.40147783,0.30541872,0.29310345,0.31034483,0.43842365,0.25123153,0.11576355,0.78571429,0.098522167,0.4729064,0.30788177,0.21921182,0.50246305,0.28078818,0.21674877
gi|52841754,0,non-T6SE,289,0.17301038,0.32525952,0.5017301,0.3183391,0.42214533,0.25951557,0.5467128,0.26297578,0.19031142,0.25259516,0.48788927,0.25951557,0.058823529,0.88927336,0.051903114,0.39792388,0.37024221,0.23183391,0.60207612,0.17301038,0.22491349
gi|52841758,0,non-T6SE,271,0.32472325,0.35793358,0.31734317,0.35055351,0.39852399,0.25092251,0.36531365,0.29151292,0.34317343,0.29520295,0.45387454,0.25092251,0.12177122,0.75645756,0.12177122,0.43911439,0.32472325,0.23616236,0.42066421,0.32472325,0.25461255
gi|52841759,0,non-T6SE,490,0.30408163,0.36530612,0.33061224,0.37959184,0.35102041,0.26938776,0.36530612,0.29591837,0.33877551,0.3244898,0.40612245,0.26938776,0.10816327,0.76734694,0.1244898,0.46122449,0.27755102,0.26122449,0.44693878,0.30408163,0.24897959
gi|52841762,0,non-T6SE,666,0.2972973,0.37537538,0.32732733,0.36186186,0.4039039,0.23423423,0.36936937,0.30780781,0.32282282,0.29279279,0.47297297,0.23423423,0.094594595,0.80930931,0.096096096,0.42492492,0.28528529,0.28978979,0.44444444,0.2972973,0.25825826
gi|52841763,0,non-T6SE,538,0.20260223,0.35501859,0.44237918,0.33643123,0.42379182,0.23977695,0.4739777,0.31226766,0.21375465,0.29182156,0.46840149,0.23977695,0.066914498,0.90334572,0.029739777,0.39405204,0.34200743,0.26394052,0.56133829,0.20260223,0.23605948
gi|52841767,0,non-T6SE,243,0.22222222,0.30864198,0.4691358,0.31687243,0.44032922,0.24279835,0.48148148,0.27983539,0.23868313,0.28806584,0.4691358,0.24279835,0.10699588,0.80658436,0.086419753,0.44032922,0.34156379,0.218107,0.55967078,0.22222222,0.218107
gi|52841768,0,non-T6SE,436,0.33486239,0.33715596,0.32798165,0.33256881,0.38073394,0.28669725,0.35779817,0.27752294,0.3646789,0.27981651,0.43348624,0.28669725,0.14220183,0.75458716,0.10321101,0.45642202,0.27522936,0.26834862,0.43119266,0.33486239,0.23394495
gi|52841769,0,non-T6SE,141,0.37588652,0.24113475,0.38297872,0.23404255,0.46099291,0.30496454,0.41843972,0.17730496,0.40425532,0.14184397,0.55319149,0.30496454,0.17021277,0.75886525,0.070921986,0.43971631,0.33333333,0.22695035,0.41843972,0.37588652,0.20567376
gi|52841771,0,non-T6SE,462,0.34632035,0.33982684,0.31385281,0.35714286,0.39393939,0.24891775,0.32900433,0.29004329,0.38095238,0.31818182,0.43290043,0.24891775,0.14069264,0.74458874,0.11471861,0.44588745,0.27272727,0.28138528,0.44805195,0.34632035,0.20562771
gi|52841772,0,non-T6SE,387,0.27648579,0.40310078,0.32041344,0.41343669,0.39534884,0.19121447,0.35658915,0.35400517,0.28940568,0.37209302,0.43669251,0.19121447,0.090439276,0.83462532,0.074935401,0.38501292,0.28940568,0.3255814,0.47028424,0.27648579,0.25322997
gi|52841777,0,non-T6SE,386,0.34974093,0.3134715,0.33678756,0.35233161,0.4015544,0.24611399,0.35492228,0.2746114,0.37046632,0.28756477,0.46632124,0.24611399,0.12694301,0.7642487,0.10880829,0.46891192,0.2642487,0.26683938,0.41709845,0.34974093,0.23316062
gi|52841778,0,non-T6SE,158,0.32278481,0.33544304,0.34177215,0.37341772,0.36075949,0.26582278,0.35443038,0.29746835,0.34810127,0.32278481,0.41139241,0.26582278,0.11392405,0.74683544,0.13924051,0.48734177,0.2721519,0.24050633,0.46202532,0.32278481,0.21518987
gi|52841783,0,non-T6SE,236,0.28813559,0.36440678,0.34745763,0.38559322,0.44067797,0.17372881,0.36440678,0.31779661,0.31779661,0.32627119,0.5,0.17372881,0.072033898,0.81779661,0.11016949,0.43644068,0.29237288,0.27118644,0.48728814,0.28813559,0.22457627
gi|52841787,0,non-T6SE,440,0.32954545,0.34772727,0.32272727,0.35454545,0.37272727,0.27272727,0.36590909,0.27272727,0.36136364,0.30227273,0.425,0.27272727,0.11590909,0.76136364,0.12272727,0.41136364,0.30454545,0.28409091,0.41818182,0.32954545,0.25227273
gi|52841797,0,non-T6SE,263,0.26235741,0.3878327,0.34980989,0.40304183,0.37642586,0.22053232,0.36882129,0.33460076,0.29657795,0.3269962,0.45247148,0.22053232,0.079847909,0.82509506,0.095057034,0.4486692,0.2851711,0.2661597,0.50190114,0.26235741,0.23574144
gi|52841798,0,non-T6SE,495,0.28686869,0.38383838,0.32929293,0.38383838,0.38383838,0.23232323,0.36969697,0.31717172,0.31313131,0.32323232,0.44444444,0.23232323,0.098989899,0.7959596,0.10505051,0.42828283,0.3010101,0.27070707,0.46262626,0.28686869,0.25050505
gi|52841801,0,non-T6SE,419,0.28639618,0.42243437,0.29116945,0.424821,0.38186158,0.19331742,0.31980907,0.37947494,0.30071599,0.37708831,0.42959427,0.19331742,0.090692124,0.82338902,0.085918854,0.3627685,0.27207637,0.36515513,0.43436754,0.28639618,0.27923628
gi|52841819,0,non-T6SE,149,0.38255034,0.30201342,0.31543624,0.28187919,0.5033557,0.2147651,0.34228188,0.24832215,0.40939597,0.25503356,0.53020134,0.2147651,0.12751678,0.73154362,0.1409396,0.51006711,0.25503356,0.23489933,0.44966443,0.38255034,0.16778523
gi|52841821,0,non-T6SE,75,0.36,0.36,0.28,0.34666667,0.29333333,0.36,0.33333333,0.28,0.38666667,0.29333333,0.34666667,0.36,0.2,0.72,0.08,0.46666667,0.30666667,0.22666667,0.38666667,0.36,0.25333333
gi|52841825,0,non-T6SE,244,0.2704918,0.39754098,0.33196721,0.36065574,0.40983607,0.2295082,0.38114754,0.33196721,0.28688525,0.26639344,0.50409836,0.2295082,0.10245902,0.81557377,0.081967213,0.37704918,0.31147541,0.31147541,0.46721311,0.2704918,0.26229508
gi|52841826,0,non-T6SE,672,0.31547619,0.35565476,0.32886905,0.37202381,0.36309524,0.26488095,0.35565476,0.30505952,0.33928571,0.32440476,0.41071429,0.26488095,0.13690476,0.7485119,0.11458333,0.47172619,0.26488095,0.26339286,0.4702381,0.31547619,0.21428571
gi|52841827,0,non-T6SE,439,0.28473804,0.40546697,0.30979499,0.43507973,0.35079727,0.21412301,0.33257403,0.36446469,0.30296128,0.36446469,0.4214123,0.21412301,0.10022779,0.79726651,0.10250569,0.476082,0.23234624,0.29157175,0.49658314,0.28473804,0.21867882
gi|52841835,0,non-T6SE,775,0.33419355,0.32903226,0.33677419,0.30451613,0.42193548,0.27354839,0.37548387,0.26580645,0.35870968,0.26322581,0.46322581,0.27354839,0.12516129,0.76516129,0.10967742,0.47096774,0.28129032,0.24774194,0.40258065,0.33419355,0.26322581
gi|52841837,0,non-T6SE,417,0.3381295,0.32853717,0.33333333,0.35491607,0.43645084,0.20863309,0.35731415,0.28057554,0.36211031,0.30695444,0.48441247,0.20863309,0.11510791,0.77218225,0.11270983,0.43884892,0.2853717,0.27577938,0.45803357,0.3381295,0.20383693
gi|52841838,0,non-T6SE,356,0.32022472,0.32022472,0.35955056,0.3258427,0.47191011,0.20224719,0.38483146,0.27247191,0.34269663,0.29213483,0.50561798,0.20224719,0.10955056,0.8005618,0.08988764,0.40168539,0.28089888,0.31741573,0.46348315,0.32022472,0.21629213
gi|52841844,0,non-T6SE,486,0.34567901,0.33127572,0.32304527,0.30246914,0.41769547,0.27983539,0.34979424,0.24485597,0.40534979,0.25514403,0.46502058,0.27983539,0.13168724,0.75102881,0.11728395,0.49588477,0.26131687,0.24279835,0.40946502,0.34567901,0.24485597
gi|52841851,0,non-T6SE,343,0.34402332,0.31778426,0.33819242,0.31778426,0.43440233,0.24781341,0.37026239,0.27113703,0.35860058,0.27696793,0.47521866,0.24781341,0.12536443,0.74635569,0.12827988,0.45189504,0.27405248,0.27405248,0.4606414,0.34402332,0.19533528
gi|52841852,0,non-T6SE,327,0.28746177,0.382263,0.33027523,0.36697248,0.37308869,0.25993884,0.36697248,0.31804281,0.31498471,0.31192661,0.42813456,0.25993884,0.10397554,0.80428135,0.091743119,0.43119266,0.26911315,0.29969419,0.44954128,0.28746177,0.26299694
gi|52841858,0,non-T6SE,328,0.28963415,0.3597561,0.35060976,0.35060976,0.40243902,0.24695122,0.39634146,0.28963415,0.31402439,0.28963415,0.46341463,0.24695122,0.11280488,0.78963415,0.097560976,0.41768293,0.32926829,0.25304878,0.47560976,0.28963415,0.2347561
gi|52841862,0,non-T6SE,1000,0.314,0.356,0.33,0.343,0.392,0.265,0.378,0.275,0.347,0.287,0.448,0.265,0.114,0.777,0.109,0.436,0.287,0.277,0.433,0.314,0.253
gi|161723252,0,non-T6SE,422,0.28909953,0.35545024,0.35545024,0.34123223,0.40047393,0.25829384,0.38862559,0.28436019,0.32701422,0.27962085,0.46208531,0.25829384,0.099526066,0.81279621,0.087677725,0.43601896,0.30805687,0.25592417,0.47393365,0.28909953,0.23696682
gi|52841906,0,non-T6SE,780,0.30384615,0.38205128,0.31410256,0.38974359,0.41025641,0.2,0.34871795,0.32051282,0.33076923,0.32051282,0.47948718,0.2,0.084615385,0.79230769,0.12307692,0.40769231,0.28333333,0.30897436,0.46282051,0.30384615,0.23333333
gi|52841908,0,non-T6SE,459,0.20043573,0.37037037,0.4291939,0.37037037,0.39651416,0.23311547,0.45533769,0.33769063,0.20697168,0.32679739,0.44008715,0.23311547,0.069716776,0.88671024,0.043572985,0.38997821,0.33551198,0.2745098,0.53812636,0.20043573,0.26143791
gi|52841910,0,non-T6SE,283,0.3180212,0.32508834,0.35689046,0.34628975,0.40636042,0.24734982,0.38162544,0.28975265,0.32862191,0.30388693,0.44876325,0.24734982,0.12720848,0.7844523,0.088339223,0.42402827,0.28621908,0.28975265,0.46289753,0.3180212,0.21908127
gi|52841931,0,non-T6SE,431,0.30858469,0.33178654,0.35962877,0.32714617,0.39675174,0.27610209,0.39443155,0.26218097,0.34338747,0.27146172,0.45243619,0.27610209,0.12761021,0.78654292,0.085846868,0.46635731,0.29698376,0.23665893,0.45475638,0.30858469,0.23665893
gi|52841932,0,non-T6SE,184,0.27173913,0.41847826,0.30978261,0.39130435,0.36956522,0.23913043,0.35326087,0.3423913,0.30434783,0.33695652,0.42391304,0.23913043,0.097826087,0.7826087,0.11956522,0.39673913,0.28804348,0.31521739,0.44021739,0.27173913,0.28804348
gi|52841934,0,non-T6SE,347,0.3314121,0.34870317,0.31988473,0.36023055,0.38040346,0.25936599,0.3573487,0.29106628,0.35158501,0.29394813,0.44668588,0.25936599,0.11815562,0.76368876,0.11815562,0.41786744,0.29106628,0.29106628,0.39481268,0.3314121,0.27377522
gi|52841936,0,non-T6SE,448,0.32589286,0.36607143,0.30803571,0.35491071,0.42410714,0.22098214,0.35044643,0.28571429,0.36383929,0.29017857,0.48883929,0.22098214,0.082589286,0.8125,0.10491071,0.46875,0.23660714,0.29464286,0.421875,0.32589286,0.25223214
gi|52841940,0,non-T6SE,247,0.28340081,0.37651822,0.34008097,0.41295547,0.34817814,0.2388664,0.36437247,0.33198381,0.30364372,0.36437247,0.39676113,0.2388664,0.11740891,0.77732794,0.10526316,0.46963563,0.25910931,0.27125506,0.49392713,0.28340081,0.22267206
gi|52841948,0,non-T6SE,861,0.35191638,0.30545877,0.34262485,0.29152149,0.41463415,0.29384437,0.38327526,0.22415796,0.39256678,0.25667828,0.44947735,0.29384437,0.12543554,0.76538908,0.10917538,0.48199768,0.30313589,0.21486643,0.42160279,0.35191638,0.22648084
gi|52841952,0,non-T6SE,276,0.31884058,0.33695652,0.3442029,0.39130435,0.40217391,0.20652174,0.35869565,0.3115942,0.32971014,0.3442029,0.44927536,0.20652174,0.12681159,0.73550725,0.13768116,0.42391304,0.29347826,0.2826087,0.47463768,0.31884058,0.20652174
gi|52841953,0,non-T6SE,828,0.28502415,0.38043478,0.33454106,0.39613527,0.37077295,0.23309179,0.35869565,0.33574879,0.30555556,0.33091787,0.43599034,0.23309179,0.11111111,0.77898551,0.10990338,0.45048309,0.27415459,0.27536232,0.48309179,0.28502415,0.23188406
gi|52841960,0,non-T6SE,427,0.16861827,0.37002342,0.46135831,0.34660422,0.4028103,0.25058548,0.49180328,0.32786885,0.18032787,0.29742389,0.45199063,0.25058548,0.06323185,0.88992974,0.046838407,0.43559719,0.33723653,0.22716628,0.57377049,0.16861827,0.25761124
gi|52841961,0,non-T6SE,718,0.32172702,0.34401114,0.33426184,0.34818942,0.3913649,0.26044568,0.37604457,0.27437326,0.34958217,0.29108635,0.44846797,0.26044568,0.10584958,0.75905292,0.13509749,0.42479109,0.3091922,0.26601671,0.43036212,0.32172702,0.24791086
gi|52841974,0,non-T6SE,257,0.32684825,0.3463035,0.32684825,0.3540856,0.42801556,0.21789883,0.3463035,0.307393,0.3463035,0.29571984,0.48638132,0.21789883,0.11673152,0.77821012,0.10505837,0.49416342,0.22957198,0.27626459,0.43190661,0.32684825,0.24124514
gi|52841975,0,non-T6SE,261,0.30268199,0.38697318,0.31034483,0.3908046,0.37931034,0.22988506,0.34482759,0.3256705,0.32950192,0.34482759,0.42528736,0.22988506,0.11111111,0.77394636,0.11494253,0.43678161,0.27969349,0.2835249,0.49042146,0.30268199,0.20689655
gi|52841987,0,non-T6SE,544,0.35661765,0.34926471,0.29411765,0.38419118,0.41360294,0.20220588,0.3125,0.31985294,0.36764706,0.34007353,0.45772059,0.20220588,0.11029412,0.77205882,0.11764706,0.43933824,0.24816176,0.3125,0.40992647,0.35661765,0.23345588
gi|52841990,0,non-T6SE,343,0.27988338,0.3877551,0.33236152,0.37609329,0.43731778,0.18658892,0.36151603,0.32361516,0.3148688,0.33236152,0.48104956,0.18658892,0.067055394,0.82507289,0.10787172,0.45189504,0.27405248,0.27405248,0.4606414,0.27988338,0.25947522
gi|52841993,0,non-T6SE,794,0.28337531,0.36901763,0.34760705,0.39042821,0.38161209,0.2279597,0.37027708,0.32619647,0.30352645,0.33501259,0.43702771,0.2279597,0.1070529,0.77959698,0.11335013,0.44710327,0.26826196,0.28463476,0.47481108,0.28337531,0.2418136
gi|52841994,0,non-T6SE,349,0.25787966,0.41833811,0.32378223,0.44412607,0.32951289,0.22636103,0.35530086,0.36103152,0.28366762,0.3982808,0.37535817,0.22636103,0.085959885,0.81661891,0.097421203,0.41260745,0.31518625,0.2722063,0.49283668,0.25787966,0.24928367
gi|52841995,0,non-T6SE,222,0.26576577,0.38738739,0.34684685,0.38288288,0.32432432,0.29279279,0.38738739,0.31531532,0.2972973,0.31081081,0.3963964,0.29279279,0.099099099,0.8018018,0.099099099,0.3963964,0.31981982,0.28378378,0.42342342,0.26576577,0.31081081
gi|52842001,0,non-T6SE,942,0.34713376,0.35350318,0.29936306,0.36305732,0.38004246,0.25690021,0.34394904,0.28980892,0.36624204,0.30997877,0.43312102,0.25690021,0.12526539,0.7462845,0.12845011,0.46496815,0.26751592,0.26751592,0.39384289,0.34713376,0.25902335
gi|52842012,0,non-T6SE,692,0.27312139,0.33959538,0.38728324,0.34393064,0.46965318,0.18641618,0.40895954,0.30057803,0.29046243,0.30491329,0.50867052,0.18641618,0.076589595,0.83236994,0.091040462,0.4234104,0.30635838,0.27023121,0.51156069,0.27312139,0.21531792
gi|52842013,0,non-T6SE,383,0.31331593,0.31853786,0.36814621,0.31331593,0.43603133,0.25065274,0.39164491,0.28720627,0.32114883,0.26631854,0.48302872,0.25065274,0.1383812,0.76762402,0.093994778,0.51436031,0.26631854,0.21932115,0.47258486,0.31331593,0.21409922
gi|52842014,0,non-T6SE,256,0.1484375,0.328125,0.5234375,0.31640625,0.46484375,0.21875,0.54296875,0.296875,0.16015625,0.26171875,0.51953125,0.21875,0.04296875,0.91796875,0.0390625,0.390625,0.3671875,0.2421875,0.58203125,0.1484375,0.26953125
gi|52842016,0,non-T6SE,249,0.18473896,0.3253012,0.48995984,0.33333333,0.43373494,0.23293173,0.50200803,0.30522088,0.19277108,0.27309237,0.4939759,0.23293173,0.0562249,0.89558233,0.048192771,0.42570281,0.3253012,0.24899598,0.51807229,0.18473896,0.29718876
gi|52842018,0,non-T6SE,109,0.36697248,0.27522936,0.35779817,0.33027523,0.52293578,0.14678899,0.35779817,0.26605505,0.37614679,0.28440367,0.56880734,0.14678899,0.11009174,0.76146789,0.12844037,0.42201835,0.27522936,0.30275229,0.4587156,0.36697248,0.17431193
gi|52842019,0,non-T6SE,355,0.36619718,0.30140845,0.33239437,0.35211268,0.42253521,0.22535211,0.35774648,0.26760563,0.37464789,0.30422535,0.47042254,0.22535211,0.10985915,0.71267606,0.17746479,0.43661972,0.29295775,0.27042254,0.4056338,0.36619718,0.22816901
gi|52842035,0,non-T6SE,331,0.3021148,0.3776435,0.32024169,0.3776435,0.3897281,0.2326284,0.35951662,0.3141994,0.32628399,0.3141994,0.45317221,0.2326284,0.090634441,0.79456193,0.11480363,0.48036254,0.25377644,0.26586103,0.46223565,0.3021148,0.23564955
gi|52842037,0,non-T6SE,492,0.23577236,0.48170732,0.28252033,0.47154472,0.32520325,0.20325203,0.32723577,0.41463415,0.25813008,0.40447154,0.39227642,0.20325203,0.06504065,0.85772358,0.077235772,0.33333333,0.31097561,0.35569106,0.47154472,0.23577236,0.29268293
gi|52842038,0,non-T6SE,859,0.27357392,0.39231665,0.33410943,0.37718277,0.40512224,0.21769499,0.35855646,0.32363213,0.31781141,0.31548312,0.46682189,0.21769499,0.084982538,0.8137369,0.10128056,0.4540163,0.2782305,0.2677532,0.46565774,0.27357392,0.26076834
gi|52842042,0,non-T6SE,296,0.31756757,0.31418919,0.36824324,0.34459459,0.4222973,0.23310811,0.38513514,0.27702703,0.33783784,0.27364865,0.49324324,0.23310811,0.11486486,0.76689189,0.11824324,0.52364865,0.26689189,0.20945946,0.4527027,0.31756757,0.22972973
gi|52842045,0,non-T6SE,323,0.30650155,0.33436533,0.35913313,0.31888545,0.40247678,0.27863777,0.41176471,0.25696594,0.33126935,0.25077399,0.47058824,0.27863777,0.11455108,0.78637771,0.099071207,0.39628483,0.32817337,0.2755418,0.45201238,0.30650155,0.24148607
gi|52842048,0,non-T6SE,388,0.30412371,0.35051546,0.34536082,0.34536082,0.42010309,0.23453608,0.38402062,0.28865979,0.32731959,0.29123711,0.4742268,0.23453608,0.10824742,0.79896907,0.092783505,0.44072165,0.27319588,0.28608247,0.46391753,0.30412371,0.23195876
gi|52842062,0,non-T6SE,263,0.31939163,0.36882129,0.31178707,0.38022814,0.41444867,0.20532319,0.3460076,0.32319392,0.33079848,0.30798479,0.48669202,0.20532319,0.10646388,0.76806084,0.12547529,0.4486692,0.2661597,0.2851711,0.44486692,0.31939163,0.23574144
gi|52842064,0,non-T6SE,243,0.34567901,0.31687243,0.33744856,0.36625514,0.3744856,0.25925926,0.35390947,0.27983539,0.36625514,0.3127572,0.42798354,0.25925926,0.13580247,0.74074074,0.12345679,0.51440329,0.23045267,0.25514403,0.43621399,0.34567901,0.218107
gi|52842071,0,non-T6SE,145,0.33793103,0.28965517,0.37241379,0.35862069,0.42068966,0.22068966,0.3862069,0.26206897,0.35172414,0.28275862,0.49655172,0.22068966,0.10344828,0.79310345,0.10344828,0.44827586,0.24827586,0.30344828,0.46206897,0.33793103,0.2
gi|52842072,0,non-T6SE,260,0.29230769,0.36923077,0.33846154,0.39230769,0.35384615,0.25384615,0.38076923,0.31538462,0.30384615,0.33461538,0.41153846,0.25384615,0.096153846,0.79615385,0.10769231,0.39230769,0.29230769,0.31538462,0.47307692,0.29230769,0.23461538
gi|52842080,0,non-T6SE,240,0.32083333,0.3375,0.34166667,0.29583333,0.4125,0.29166667,0.3875,0.25,0.3625,0.25416667,0.45416667,0.29166667,0.12916667,0.75,0.12083333,0.47083333,0.29583333,0.23333333,0.4,0.32083333,0.27916667
gi|52842087,0,non-T6SE,443,0.40857788,0.28442438,0.30699774,0.30248307,0.39954853,0.2979684,0.33182844,0.23024831,0.43792325,0.25959368,0.44243792,0.2979684,0.15349887,0.64559819,0.20090293,0.50112867,0.24604966,0.25282167,0.38600451,0.40857788,0.20541761
gi|52842092,0,non-T6SE,260,0.29615385,0.31923077,0.38461538,0.34230769,0.35769231,0.3,0.41923077,0.27307692,0.30769231,0.27692308,0.42307692,0.3,0.13076923,0.74615385,0.12307692,0.35769231,0.34230769,0.3,0.46923077,0.29615385,0.23461538
gi|52842114,0,non-T6SE,159,0.38993711,0.32704403,0.28301887,0.35849057,0.35220126,0.28930818,0.32704403,0.27044025,0.40251572,0.26415094,0.44654088,0.28930818,0.14465409,0.74213836,0.11320755,0.44654088,0.27044025,0.28301887,0.36477987,0.38993711,0.24528302
gi|52842119,0,non-T6SE,395,0.34683544,0.32405063,0.32911392,0.31898734,0.40759494,0.27341772,0.37974684,0.24303797,0.37721519,0.25822785,0.46835443,0.27341772,0.091139241,0.76202532,0.14683544,0.46075949,0.27088608,0.26835443,0.39493671,0.34683544,0.25822785
gi|52842124,0,non-T6SE,177,0.33898305,0.34463277,0.31638418,0.33898305,0.35028249,0.31073446,0.36158192,0.24858757,0.38983051,0.27118644,0.4180791,0.31073446,0.10734463,0.75141243,0.14124294,0.46327684,0.28813559,0.24858757,0.42937853,0.33898305,0.23163842
gi|52842129,0,non-T6SE,494,0.34210526,0.32995951,0.32793522,0.34210526,0.40080972,0.25708502,0.36639676,0.25506073,0.37854251,0.28947368,0.4534413,0.25708502,0.11133603,0.75506073,0.13360324,0.46153846,0.26518219,0.27327935,0.43319838,0.34210526,0.22469636
gi|52842130,0,non-T6SE,910,0.33956044,0.31208791,0.34835165,0.33296703,0.42527473,0.24175824,0.37472527,0.26043956,0.36483516,0.28461538,0.47362637,0.24175824,0.11978022,0.76153846,0.11868132,0.46373626,0.28571429,0.25054945,0.44395604,0.33956044,0.21648352
gi|52842134,0,non-T6SE,105,0.34285714,0.33333333,0.32380952,0.2952381,0.4,0.3047619,0.34285714,0.24761905,0.40952381,0.25714286,0.43809524,0.3047619,0.12380952,0.76190476,0.11428571,0.52380952,0.23809524,0.23809524,0.36190476,0.34285714,0.2952381
gi|52842139,0,non-T6SE,223,0.28699552,0.34977578,0.3632287,0.39013453,0.42600897,0.1838565,0.38116592,0.31838565,0.30044843,0.33632287,0.47982063,0.1838565,0.076233184,0.8206278,0.10313901,0.46188341,0.27802691,0.26008969,0.51121076,0.28699552,0.20179372
gi|52842140,0,non-T6SE,666,0.32582583,0.33633634,0.33783784,0.37687688,0.38738739,0.23573574,0.35735736,0.29429429,0.34834835,0.31381381,0.45045045,0.23573574,0.12312312,0.74924925,0.12762763,0.48048048,0.26726727,0.25225225,0.45495495,0.32582583,0.21921922
gi|52842146,0,non-T6SE,308,0.28571429,0.37662338,0.33766234,0.37987013,0.41233766,0.20779221,0.3538961,0.33441558,0.31168831,0.32467532,0.46753247,0.20779221,0.094155844,0.79220779,0.11363636,0.4512987,0.28896104,0.25974026,0.45454545,0.28571429,0.25974026
gi|52842151,0,non-T6SE,436,0.34174312,0.2912844,0.36697248,0.30504587,0.44495413,0.25,0.39908257,0.22706422,0.37385321,0.24311927,0.50688073,0.25,0.098623853,0.78669725,0.1146789,0.44724771,0.27981651,0.27293578,0.45183486,0.34174312,0.20642202
gi|52842173,0,non-T6SE,367,0.28882834,0.35967302,0.35149864,0.41689373,0.42234332,0.16076294,0.37057221,0.32697548,0.30245232,0.35149864,0.48773842,0.16076294,0.08719346,0.79836512,0.11444142,0.41416894,0.28882834,0.29700272,0.52043597,0.28882834,0.19073569
gi|52842215,0,non-T6SE,375,0.29066667,0.35733333,0.352,0.33866667,0.44533333,0.216,0.4,0.28533333,0.31466667,0.27466667,0.50933333,0.216,0.069333333,0.84266667,0.088,0.41066667,0.29866667,0.29066667,0.44266667,0.29066667,0.26666667
gi|52842217,0,non-T6SE,305,0.23934426,0.34754098,0.41311475,0.36393443,0.41311475,0.22295082,0.44262295,0.31147541,0.24590164,0.33442623,0.44262295,0.22295082,0.08852459,0.82295082,0.08852459,0.4,0.34098361,0.25901639,0.55081967,0.23934426,0.20983607
gi|52842218,0,non-T6SE,618,0.28802589,0.35598706,0.35598706,0.36407767,0.44822006,0.18770227,0.38349515,0.31877023,0.29773463,0.33171521,0.48058252,0.18770227,0.093851133,0.802589,0.10355987,0.42394822,0.30906149,0.26699029,0.49190939,0.28802589,0.22006472
gi|52842221,0,non-T6SE,349,0.29226361,0.37249284,0.33524355,0.39255014,0.35243553,0.25501433,0.38395415,0.29512894,0.32091691,0.32664756,0.41833811,0.25501433,0.10315186,0.7765043,0.12034384,0.4469914,0.28653295,0.26647564,0.46131805,0.29226361,0.24641834
gi|52842227,0,non-T6SE,209,0.35406699,0.31100478,0.33492823,0.32057416,0.41626794,0.26315789,0.36363636,0.25358852,0.38277512,0.28708134,0.44976077,0.26315789,0.11483254,0.74162679,0.14354067,0.44976077,0.27751196,0.27272727,0.42583732,0.35406699,0.22009569
gi|52842228,0,non-T6SE,288,0.375,0.27083333,0.35416667,0.30902778,0.44097222,0.25,0.36458333,0.23263889,0.40277778,0.28125,0.46875,0.25,0.13541667,0.70486111,0.15972222,0.55902778,0.22222222,0.21875,0.40625,0.375,0.21875
gi|52842231,0,non-T6SE,231,0.36363636,0.30735931,0.32900433,0.30735931,0.46753247,0.22510823,0.34199134,0.27272727,0.38528139,0.24675325,0.52813853,0.22510823,0.12121212,0.79220779,0.086580087,0.49350649,0.23376623,0.27272727,0.40692641,0.36363636,0.22943723
gi|52842232,0,non-T6SE,262,0.28244275,0.39694656,0.32061069,0.40076336,0.3778626,0.22137405,0.33969466,0.35496183,0.30534351,0.36259542,0.41603053,0.22137405,0.095419847,0.80534351,0.099236641,0.48091603,0.26717557,0.2519084,0.48091603,0.28244275,0.23664122
gi|52842243,0,non-T6SE,200,0.42,0.315,0.265,0.315,0.43,0.255,0.28,0.26,0.46,0.26,0.485,0.255,0.13,0.685,0.185,0.585,0.18,0.235,0.34,0.42,0.24
gi|52842251,0,non-T6SE,387,0.25064599,0.35917313,0.39018088,0.34883721,0.39793282,0.25322997,0.41602067,0.26873385,0.31524548,0.31007752,0.43669251,0.25322997,0.082687339,0.81136951,0.10594315,0.41085271,0.32041344,0.26873385,0.48837209,0.25064599,0.26098191
gi|52842271,0,non-T6SE,334,0.36227545,0.31437126,0.32335329,0.30239521,0.38922156,0.30838323,0.33532934,0.25748503,0.40718563,0.26946108,0.42215569,0.30838323,0.1497006,0.75748503,0.092814371,0.50299401,0.28443114,0.21257485,0.41017964,0.36227545,0.22754491
gi|52842289,0,non-T6SE,278,0.32374101,0.34892086,0.32733813,0.3381295,0.35611511,0.3057554,0.36330935,0.28776978,0.34892086,0.29136691,0.4028777,0.3057554,0.12589928,0.77697842,0.097122302,0.43165468,0.30215827,0.26618705,0.44604317,0.32374101,0.23021583
gi|52842313,0,non-T6SE,173,0.30057803,0.39884393,0.30057803,0.36416185,0.35260116,0.28323699,0.3583815,0.32369942,0.31791908,0.29479769,0.42196532,0.28323699,0.10404624,0.80346821,0.092485549,0.40462428,0.30057803,0.29479769,0.38150289,0.30057803,0.31791908
gi|52842333,0,non-T6SE,341,0.37536657,0.35483871,0.26979472,0.34017595,0.34897361,0.31085044,0.31964809,0.28152493,0.39882698,0.26099707,0.42815249,0.31085044,0.17008798,0.70674487,0.12316716,0.46334311,0.27565982,0.26099707,0.36070381,0.37536657,0.26392962
gi|52842392,0,non-T6SE,1453,0.32484515,0.34205093,0.33310392,0.33792154,0.40674467,0.25533379,0.37921542,0.2732278,0.34755678,0.27598073,0.46868548,0.25533379,0.10392292,0.78320716,0.11286992,0.39986235,0.30419821,0.29593944,0.40261528,0.32484515,0.27253957
gi|52842404,0,non-T6SE,175,0.37142857,0.36,0.26857143,0.35428571,0.38285714,0.26285714,0.30285714,0.30285714,0.39428571,0.31428571,0.42285714,0.26285714,0.13714286,0.71428571,0.14857143,0.46285714,0.25714286,0.28,0.33142857,0.37142857,0.29714286
gi|52842427,0,non-T6SE,307,0.30944625,0.36156352,0.32899023,0.36807818,0.38762215,0.24429967,0.35504886,0.30618893,0.33876221,0.30944625,0.44625407,0.24429967,0.10749186,0.78175896,0.11074919,0.44299674,0.28338762,0.27361564,0.4723127,0.30944625,0.21824104
gi|52842442,0,non-T6SE,581,0.30636833,0.36144578,0.33218589,0.35111876,0.38209983,0.26678141,0.36833046,0.28399312,0.34767642,0.2788296,0.45438898,0.26678141,0.10327022,0.77969019,0.11703959,0.44578313,0.29776248,0.25645439,0.42512909,0.30636833,0.26850258
gi|52842445,0,non-T6SE,336,0.28869048,0.38988095,0.32142857,0.42559524,0.37202381,0.20238095,0.33630952,0.35416667,0.30952381,0.36904762,0.42857143,0.20238095,0.092261905,0.80059524,0.10714286,0.41964286,0.2797619,0.30059524,0.49702381,0.28869048,0.21428571
gi|52842456,0,non-T6SE,214,0.28971963,0.36915888,0.3411215,0.35046729,0.39719626,0.25233645,0.37383178,0.28971963,0.3364486,0.28971963,0.45794393,0.25233645,0.10747664,0.76635514,0.12616822,0.47663551,0.28037383,0.24299065,0.44392523,0.28971963,0.26635514
gi|52842460,0,non-T6SE,251,0.18326693,0.38645418,0.43027888,0.33466135,0.39442231,0.27091633,0.47011952,0.30677291,0.22310757,0.27888446,0.4501992,0.27091633,0.075697211,0.88047809,0.043824701,0.38247012,0.3625498,0.25498008,0.54581673,0.18326693,0.27091633
gi|52842463,0,non-T6SE,386,0.26683938,0.4015544,0.33160622,0.40673575,0.38341969,0.20984456,0.35751295,0.34715026,0.29533679,0.35751295,0.43264249,0.20984456,0.080310881,0.81865285,0.10103627,0.47668394,0.24611399,0.27720207,0.5,0.26683938,0.23316062
gi|52842475,0,non-T6SE,372,0.26612903,0.3844086,0.34946237,0.37096774,0.41935484,0.20967742,0.37365591,0.32258065,0.30376344,0.30913978,0.4811828,0.20967742,0.075268817,0.83064516,0.094086022,0.44623656,0.28763441,0.26612903,0.46505376,0.26612903,0.2688172
gi|52842487,0,non-T6SE,239,0.31799163,0.33472803,0.34728033,0.35983264,0.35146444,0.28870293,0.38493724,0.26359833,0.35146444,0.29288703,0.41841004,0.28870293,0.12552301,0.74476987,0.12970711,0.44351464,0.28870293,0.26778243,0.45188285,0.31799163,0.23012552
gi|52842498,0,non-T6SE,451,0.23503326,0.34368071,0.42128603,0.34146341,0.41241685,0.24611973,0.44789357,0.3037694,0.24833703,0.3037694,0.45011086,0.24611973,0.084257206,0.84035477,0.075388027,0.41906874,0.33037694,0.25055432,0.51662971,0.23503326,0.24833703
gi|52842500,0,non-T6SE,206,0.30097087,0.36407767,0.33495146,0.33980583,0.44174757,0.2184466,0.36893204,0.31067961,0.32038835,0.31067961,0.47087379,0.2184466,0.097087379,0.81553398,0.087378641,0.45631068,0.28640777,0.25728155,0.4368932,0.30097087,0.26213592
gi|52842501,0,non-T6SE,306,0.30718954,0.33986928,0.35294118,0.3496732,0.40849673,0.24183007,0.37581699,0.29084967,0.33333333,0.29084967,0.46732026,0.24183007,0.11111111,0.79084967,0.098039216,0.45098039,0.30718954,0.24183007,0.4379085,0.30718954,0.25490196
gi|52842503,0,non-T6SE,187,0.14973262,0.36363636,0.48663102,0.35294118,0.39572193,0.2513369,0.51871658,0.32085561,0.16042781,0.31016043,0.43850267,0.2513369,0.07486631,0.86631016,0.058823529,0.4171123,0.36898396,0.21390374,0.58823529,0.14973262,0.26203209
gi|52842509,0,non-T6SE,958,0.34655532,0.32672234,0.32672234,0.31628392,0.45511482,0.22860125,0.35803758,0.2651357,0.37682672,0.27035491,0.50104384,0.22860125,0.10125261,0.76304802,0.13569937,0.48434238,0.2651357,0.25052192,0.41858038,0.34655532,0.2348643
gi|52842514,0,non-T6SE,310,0.30322581,0.33870968,0.35806452,0.36451613,0.42580645,0.20967742,0.4,0.27096774,0.32903226,0.28387097,0.50645161,0.20967742,0.070967742,0.78387097,0.14516129,0.42903226,0.30322581,0.26774194,0.45483871,0.30322581,0.24193548
gi|52842518,0,non-T6SE,162,0.33950617,0.35185185,0.30864198,0.35185185,0.45061728,0.19753086,0.33950617,0.30246914,0.35802469,0.30246914,0.5,0.19753086,0.067901235,0.82098765,0.11111111,0.47530864,0.32098765,0.2037037,0.39506173,0.33950617,0.2654321
gi|52842519,0,non-T6SE,355,0.27887324,0.38309859,0.33802817,0.38028169,0.4,0.21971831,0.35492958,0.32676056,0.31830986,0.31267606,0.46760563,0.21971831,0.095774648,0.82253521,0.081690141,0.48169014,0.25352113,0.26478873,0.49295775,0.27887324,0.22816901
gi|52842520,0,non-T6SE,288,0.28819444,0.38541667,0.32638889,0.40625,0.39236111,0.20138889,0.35069444,0.33680556,0.3125,0.35069444,0.44791667,0.20138889,0.10069444,0.79513889,0.10416667,0.48263889,0.25347222,0.26388889,0.46527778,0.28819444,0.24652778
gi|52842524,0,non-T6SE,290,0.26551724,0.38275862,0.35172414,0.37931034,0.41034483,0.21034483,0.37241379,0.32413793,0.30344828,0.32413793,0.46551724,0.21034483,0.086206897,0.80689655,0.10689655,0.52068966,0.26551724,0.2137931,0.48275862,0.26551724,0.25172414
gi|52842528,0,non-T6SE,301,0.24252492,0.38538206,0.37209302,0.37541528,0.43853821,0.18604651,0.38870432,0.33887043,0.27242525,0.31893688,0.49501661,0.18604651,0.053156146,0.86378738,0.083056478,0.44186047,0.28239203,0.27574751,0.48837209,0.24252492,0.26910299
gi|52842531,0,non-T6SE,453,0.17880795,0.36865342,0.45253863,0.33112583,0.43046358,0.2384106,0.48785872,0.31125828,0.200883,0.28256071,0.4790287,0.2384106,0.059602649,0.90728477,0.033112583,0.38189845,0.35761589,0.26048565,0.52538631,0.17880795,0.29580574
gi|52842540,0,non-T6SE,309,0.30420712,0.34951456,0.34627832,0.3592233,0.4433657,0.197411,0.37540453,0.29126214,0.33333333,0.32038835,0.48220065,0.197411,0.087378641,0.79935275,0.11326861,0.52427184,0.2394822,0.23624595,0.46601942,0.30420712,0.22977346
gi|52842543,0,non-T6SE,363,0.21487603,0.32782369,0.45730028,0.31680441,0.46556474,0.21763085,0.48209366,0.27823691,0.23966942,0.26997245,0.51239669,0.21763085,0.071625344,0.87327824,0.055096419,0.43801653,0.32231405,0.23966942,0.56749311,0.21487603,0.21763085
gi|52842545,0,non-T6SE,460,0.33913043,0.3326087,0.32826087,0.32391304,0.44347826,0.2326087,0.35652174,0.2673913,0.37608696,0.28043478,0.48695652,0.2326087,0.1,0.79347826,0.10652174,0.50434783,0.25,0.24565217,0.42826087,0.33913043,0.2326087
gi|52842548,0,non-T6SE,158,0.4556962,0.27848101,0.26582278,0.32911392,0.41772152,0.25316456,0.29113924,0.24050633,0.46835443,0.27848101,0.46835443,0.25316456,0.15822785,0.63291139,0.20886076,0.55696203,0.22151899,0.22151899,0.36075949,0.4556962,0.1835443
gi|52842550,0,non-T6SE,421,0.29691211,0.33966746,0.36342043,0.32779097,0.42517815,0.24703088,0.39429929,0.28028504,0.32541568,0.28028504,0.47268409,0.24703088,0.10451306,0.79809976,0.097387173,0.4584323,0.27790974,0.26365796,0.47030879,0.29691211,0.2327791
gi|161723245,0,non-T6SE,296,0.34797297,0.35135135,0.30067568,0.31756757,0.37162162,0.31081081,0.34459459,0.26689189,0.38851351,0.28040541,0.40878378,0.31081081,0.125,0.78040541,0.094594595,0.49662162,0.25337838,0.25,0.41891892,0.34797297,0.23310811
gi|52842557,0,non-T6SE,674,0.31008902,0.37240356,0.31750742,0.36350148,0.39317507,0.24332344,0.34272997,0.31305638,0.34421365,0.3041543,0.45252226,0.24332344,0.12017804,0.77596439,0.10385757,0.46290801,0.28635015,0.25074184,0.47329377,0.31008902,0.21661721
gi|52842560,0,non-T6SE,212,0.34433962,0.27830189,0.37735849,0.33490566,0.41509434,0.25,0.38679245,0.25471698,0.35849057,0.27358491,0.47641509,0.25,0.10377358,0.76415094,0.13207547,0.40566038,0.3254717,0.26886792,0.46698113,0.34433962,0.18867925
gi|52842563,0,non-T6SE,187,0.32085561,0.39037433,0.28877005,0.35294118,0.36898396,0.27807487,0.3315508,0.32085561,0.34759358,0.28342246,0.43850267,0.27807487,0.13368984,0.71657754,0.14973262,0.51871658,0.2459893,0.23529412,0.42245989,0.32085561,0.25668449
gi|52842564,0,non-T6SE,375,0.32266667,0.38133333,0.296,0.34933333,0.40266667,0.248,0.34133333,0.29333333,0.36533333,0.27733333,0.47466667,0.248,0.093333333,0.79733333,0.10933333,0.45333333,0.26666667,0.28,0.38666667,0.32266667,0.29066667
gi|52842566,0,non-T6SE,277,0.2599278,0.38267148,0.35740072,0.36823105,0.36101083,0.27075812,0.37906137,0.34296029,0.27797834,0.31046931,0.41877256,0.27075812,0.1299639,0.7833935,0.086642599,0.4368231,0.33574007,0.22743682,0.48736462,0.2599278,0.25270758
gi|52842568,0,non-T6SE,79,0.46835443,0.34177215,0.18987342,0.3164557,0.26582278,0.41772152,0.21518987,0.29113924,0.49367089,0.26582278,0.3164557,0.41772152,0.32911392,0.55696203,0.11392405,0.60759494,0.21518987,0.17721519,0.30379747,0.46835443,0.2278481
gi|52842570,0,non-T6SE,581,0.34423408,0.34251291,0.31325301,0.3253012,0.42168675,0.25301205,0.34767642,0.27022375,0.38209983,0.27538726,0.47160069,0.25301205,0.11703959,0.77452668,0.10843373,0.48364888,0.2444062,0.27194492,0.42340792,0.34423408,0.232358
gi|52842585,0,non-T6SE,305,0.30491803,0.32786885,0.36721311,0.3147541,0.41967213,0.26557377,0.40327869,0.25901639,0.33770492,0.26229508,0.47213115,0.26557377,0.1147541,0.78360656,0.10163934,0.47868852,0.2557377,0.26557377,0.4295082,0.30491803,0.26557377
gi|52842593,0,non-T6SE,641,0.19656786,0.39937598,0.40405616,0.37441498,0.39469579,0.23088924,0.4399376,0.3400936,0.2199688,0.32293292,0.44617785,0.23088924,0.076443058,0.8673947,0.056162246,0.39157566,0.36037441,0.24804992,0.54602184,0.19656786,0.2574103
gi|52842596,0,non-T6SE,308,0.29545455,0.43181818,0.27272727,0.38636364,0.31168831,0.30194805,0.3538961,0.31493506,0.33116883,0.35064935,0.3474026,0.30194805,0.084415584,0.81168831,0.1038961,0.37987013,0.29545455,0.32467532,0.41233766,0.29545455,0.29220779
gi|161723243,0,non-T6SE,359,0.28969359,0.38718663,0.32311978,0.3454039,0.38997214,0.26462396,0.37047354,0.32590529,0.30362117,0.28133705,0.454039,0.26462396,0.11420613,0.8356546,0.050139276,0.40389972,0.30640669,0.28969359,0.45961003,0.28969359,0.25069638
gi|52842649,0,non-T6SE,338,0.35798817,0.34319527,0.29881657,0.29289941,0.39053254,0.31656805,0.36390533,0.23372781,0.40236686,0.24852071,0.43491124,0.31656805,0.12721893,0.75443787,0.1183432,0.43491124,0.29585799,0.26923077,0.38461538,0.35798817,0.25739645
gi|52842662,0,non-T6SE,148,0.30405405,0.34459459,0.35135135,0.31756757,0.36486486,0.31756757,0.41891892,0.24324324,0.33783784,0.25675676,0.42567568,0.31756757,0.11486486,0.75675676,0.12837838,0.45945946,0.31081081,0.22972973,0.41891892,0.30405405,0.27702703
gi|52842679,0,non-T6SE,352,0.26420455,0.38920455,0.34659091,0.41193182,0.38068182,0.20738636,0.35795455,0.34659091,0.29545455,0.35511364,0.4375,0.20738636,0.096590909,0.79261364,0.11079545,0.44602273,0.28125,0.27272727,0.52272727,0.26420455,0.21306818
gi|52842680,0,non-T6SE,368,0.28804348,0.36141304,0.35054348,0.38043478,0.38858696,0.23097826,0.38043478,0.30706522,0.3125,0.28532609,0.48369565,0.23097826,0.097826087,0.79891304,0.10326087,0.44836957,0.29891304,0.25271739,0.48641304,0.28804348,0.22554348
gi|52842682,0,non-T6SE,741,0.29149798,0.365722,0.34278003,0.36977058,0.40755735,0.22267206,0.36842105,0.30634278,0.32523617,0.28475034,0.4925776,0.22267206,0.097165992,0.79892038,0.10391363,0.45614035,0.26720648,0.27665317,0.47368421,0.29149798,0.23481781
gi|52842683,0,non-T6SE,252,0.29761905,0.35714286,0.3452381,0.36904762,0.3968254,0.23412698,0.35714286,0.27380952,0.36904762,0.31349206,0.45238095,0.23412698,0.079365079,0.80555556,0.11507937,0.44444444,0.25396825,0.3015873,0.44047619,0.29761905,0.26190476
gi|52842684,0,non-T6SE,113,0.34513274,0.25663717,0.39823009,0.28318584,0.49557522,0.22123894,0.4159292,0.21238938,0.37168142,0.21238938,0.56637168,0.22123894,0.12389381,0.7699115,0.10619469,0.47787611,0.34513274,0.17699115,0.47787611,0.34513274,0.17699115
gi|52842686,0,non-T6SE,343,0.26530612,0.36151603,0.37317784,0.36443149,0.36734694,0.26822157,0.41399417,0.29737609,0.28862974,0.32361516,0.40816327,0.26822157,0.10787172,0.78717201,0.10495627,0.41107872,0.33527697,0.25364431,0.49271137,0.26530612,0.24198251
gi|52842689,0,non-T6SE,300,0.11666667,0.34666667,0.53666667,0.32333333,0.44666667,0.23,0.56,0.30666667,0.13333333,0.26,0.51,0.23,0.04,0.93,0.03,0.37666667,0.41,0.21333333,0.65666667,0.11666667,0.22666667
gi|52842696,0,non-T6SE,462,0.29220779,0.36580087,0.34199134,0.38311688,0.3961039,0.22077922,0.36580087,0.32251082,0.31168831,0.33116883,0.44805195,0.22077922,0.1017316,0.8008658,0.097402597,0.47186147,0.27272727,0.25541126,0.46969697,0.29220779,0.23809524
gi|52842697,0,non-T6SE,227,0.34361233,0.32599119,0.33039648,0.3215859,0.44933921,0.22907489,0.36123348,0.25110132,0.3876652,0.29515419,0.47577093,0.22907489,0.10572687,0.77973568,0.11453744,0.5154185,0.25110132,0.23348018,0.45374449,0.34361233,0.20264317
gi|52842704,0,non-T6SE,174,0.31034483,0.34482759,0.34482759,0.32183908,0.39655172,0.2816092,0.38505747,0.25862069,0.35632184,0.25287356,0.46551724,0.2816092,0.097701149,0.82183908,0.08045977,0.5,0.24712644,0.25287356,0.41954023,0.31034483,0.27011494
gi|52842722,0,non-T6SE,520,0.31730769,0.37307692,0.30961538,0.375,0.42884615,0.19615385,0.34807692,0.32884615,0.32307692,0.33846154,0.46538462,0.19615385,0.094230769,0.825,0.080769231,0.46153846,0.25961538,0.27884615,0.45769231,0.31730769,0.225
gi|52842742,0,non-T6SE,143,0.29370629,0.33566434,0.37062937,0.34965035,0.43356643,0.21678322,0.40559441,0.27972028,0.31468531,0.27972028,0.5034965,0.21678322,0.1048951,0.81118881,0.083916084,0.47552448,0.27972028,0.24475524,0.46853147,0.29370629,0.23776224
gi|52842761,0,non-T6SE,455,0.19120879,0.38241758,0.42637363,0.35824176,0.34725275,0.29450549,0.47472527,0.31868132,0.20659341,0.3032967,0.4021978,0.29450549,0.074725275,0.87472527,0.050549451,0.37802198,0.37582418,0.24615385,0.56263736,0.19120879,0.24615385
gi|52842795,0,non-T6SE,597,0.28475712,0.41038526,0.30485762,0.40368509,0.37353434,0.22278057,0.34170854,0.360134,0.29815745,0.34338358,0.43383585,0.22278057,0.10217755,0.83417085,0.063651591,0.43048576,0.26130653,0.30820771,0.44221106,0.28475712,0.27303183
gi|52842799,0,non-T6SE,427,0.31850117,0.33255269,0.34894614,0.37470726,0.38407494,0.2412178,0.37470726,0.28103044,0.3442623,0.29274005,0.46604215,0.2412178,0.11241218,0.77517564,0.11241218,0.45901639,0.25761124,0.28337237,0.45433255,0.31850117,0.22716628
gi|52842801,0,non-T6SE,170,0.35882353,0.28823529,0.35294118,0.33529412,0.38823529,0.27647059,0.37058824,0.25294118,0.37647059,0.27647059,0.44705882,0.27647059,0.15882353,0.68823529,0.15294118,0.5,0.25882353,0.24117647,0.44117647,0.35882353,0.2
gi|52842803,0,non-T6SE,361,0.27700831,0.38504155,0.33795014,0.38227147,0.40720222,0.21052632,0.3601108,0.33240997,0.30747922,0.31578947,0.47368421,0.21052632,0.096952909,0.80609418,0.096952909,0.45706371,0.24930748,0.29362881,0.48199446,0.27700831,0.24099723
gi|52842805,0,non-T6SE,759,0.36758893,0.35177866,0.28063241,0.37549407,0.35836627,0.26613966,0.31884058,0.29249012,0.3886693,0.29776021,0.43610013,0.26613966,0.14756258,0.71805007,0.13438735,0.45454545,0.28853755,0.256917,0.38735178,0.36758893,0.24505929
gi|52842815,0,non-T6SE,398,0.32160804,0.37688442,0.30150754,0.41959799,0.41457286,0.16582915,0.30653266,0.36180905,0.33165829,0.38693467,0.44723618,0.16582915,0.087939698,0.77638191,0.13567839,0.45477387,0.25879397,0.28643216,0.48994975,0.32160804,0.18844221
gi|52842816,0,non-T6SE,420,0.2952381,0.37619048,0.32857143,0.40238095,0.41666667,0.18095238,0.34047619,0.33809524,0.32142857,0.3547619,0.46428571,0.18095238,0.095238095,0.78333333,0.12142857,0.43095238,0.30238095,0.26666667,0.5,0.2952381,0.2047619
gi|52842818,0,non-T6SE,368,0.29076087,0.36413043,0.3451087,0.36141304,0.4048913,0.23369565,0.38858696,0.28532609,0.32608696,0.29619565,0.4701087,0.23369565,0.089673913,0.78532609,0.125,0.45380435,0.26630435,0.2798913,0.46195652,0.29076087,0.24728261
gi|52842820,0,non-T6SE,469,0.29637527,0.36460554,0.33901919,0.36673774,0.39445629,0.23880597,0.36247335,0.30703625,0.33049041,0.32409382,0.43710021,0.23880597,0.098081023,0.78464819,0.11727079,0.45415778,0.28358209,0.26226013,0.47334755,0.29637527,0.23027719
gi|52842821,0,non-T6SE,394,0.17258883,0.38071066,0.44670051,0.35025381,0.41370558,0.23604061,0.48984772,0.32233503,0.18781726,0.30203046,0.46192893,0.23604061,0.07106599,0.88324873,0.045685279,0.42893401,0.33502538,0.23604061,0.57614213,0.17258883,0.25126904
gi|52842822,0,non-T6SE,447,0.27069351,0.39821029,0.3310962,0.42281879,0.37807606,0.19910515,0.35346756,0.35123043,0.29530201,0.36465324,0.43624161,0.19910515,0.087248322,0.80536913,0.10738255,0.41834452,0.29530201,0.28635347,0.49440716,0.27069351,0.23489933
gi|52842823,0,non-T6SE,372,0.16397849,0.37365591,0.46236559,0.34946237,0.41129032,0.23924731,0.50537634,0.31451613,0.18010753,0.30107527,0.45967742,0.23924731,0.069892473,0.89516129,0.034946237,0.38978495,0.37096774,0.23924731,0.59946237,0.16397849,0.23655914
gi|52842824,0,non-T6SE,461,0.26898048,0.40780911,0.32321041,0.4143167,0.38828633,0.19739696,0.3340564,0.35140998,0.31453362,0.36659436,0.43600868,0.19739696,0.078091106,0.82429501,0.097613883,0.42733189,0.27331887,0.29934924,0.48590022,0.26898048,0.24511931
gi|52842835,0,non-T6SE,356,0.24719101,0.34831461,0.40449438,0.32022472,0.42696629,0.25280899,0.43820225,0.28651685,0.2752809,0.2752809,0.47191011,0.25280899,0.084269663,0.8511236,0.064606742,0.41853933,0.33988764,0.24157303,0.50842697,0.24719101,0.24438202
gi|52842840,0,non-T6SE,454,0.29295154,0.37004405,0.33700441,0.39207048,0.38546256,0.22246696,0.36343612,0.32599119,0.31057269,0.33039648,0.44713656,0.22246696,0.092511013,0.79295154,0.11453744,0.44713656,0.26431718,0.28854626,0.48678414,0.29295154,0.22026432
gi|52842842,0,non-T6SE,88,0.39772727,0.38636364,0.21590909,0.35227273,0.31818182,0.32954545,0.25,0.32954545,0.42045455,0.34090909,0.32954545,0.32954545,0.23863636,0.71590909,0.045454545,0.63636364,0.18181818,0.18181818,0.43181818,0.39772727,0.17045455
gi|52842851,0,non-T6SE,618,0.3592233,0.32200647,0.31877023,0.33171521,0.41585761,0.25242718,0.35275081,0.27022654,0.37702265,0.27184466,0.47572816,0.25242718,0.14724919,0.73300971,0.1197411,0.47572816,0.28317152,0.24110032,0.42556634,0.3592233,0.21521036
gi|52842852,0,non-T6SE,225,0.34222222,0.31555556,0.34222222,0.34666667,0.39555556,0.25777778,0.37333333,0.26222222,0.36444444,0.31111111,0.43111111,0.25777778,0.12444444,0.72444444,0.15111111,0.50222222,0.24444444,0.25333333,0.40888889,0.34222222,0.24888889
gi|52842856,0,non-T6SE,92,0.34782609,0.42391304,0.22826087,0.39130435,0.31521739,0.29347826,0.26086957,0.35869565,0.38043478,0.33695652,0.36956522,0.29347826,0.17391304,0.73913043,0.086956522,0.44565217,0.26086957,0.29347826,0.43478261,0.34782609,0.2173913
gi|52842859,0,non-T6SE,189,0.3015873,0.38095238,0.31746032,0.34920635,0.39153439,0.25925926,0.33862434,0.29100529,0.37037037,0.3015873,0.43915344,0.25925926,0.11111111,0.7989418,0.08994709,0.46031746,0.25925926,0.28042328,0.44973545,0.3015873,0.24867725
gi|52842862,0,non-T6SE,322,0.30745342,0.35714286,0.33540373,0.38819876,0.43167702,0.18012422,0.36024845,0.30434783,0.33540373,0.35093168,0.4689441,0.18012422,0.083850932,0.79813665,0.11801242,0.47204969,0.25776398,0.27018634,0.49068323,0.30745342,0.20186335
gi|52842863,0,non-T6SE,751,0.22370173,0.3861518,0.39014647,0.37283622,0.39014647,0.23701731,0.4207723,0.32889481,0.25033289,0.32623169,0.436751,0.23701731,0.073235686,0.85352863,0.073235686,0.44074567,0.310253,0.24900133,0.53129161,0.22370173,0.24500666
gi|52842865,0,non-T6SE,363,0.36088154,0.29201102,0.34710744,0.27272727,0.41322314,0.31404959,0.40220386,0.20110193,0.39669421,0.2231405,0.46280992,0.31404959,0.1322314,0.72451791,0.14325069,0.50688705,0.2892562,0.20385675,0.4077135,0.36088154,0.23140496
gi|52842867,0,non-T6SE,288,0.27777778,0.37847222,0.34375,0.37152778,0.39930556,0.22916667,0.36458333,0.30902778,0.32638889,0.3125,0.45833333,0.22916667,0.083333333,0.82638889,0.090277778,0.45486111,0.31597222,0.22916667,0.46527778,0.27777778,0.25694444
gi|52842868,0,non-T6SE,252,0.33333333,0.34126984,0.32539683,0.32539683,0.4047619,0.26984127,0.36507937,0.26587302,0.36904762,0.27380952,0.45634921,0.26984127,0.099206349,0.78571429,0.11507937,0.4484127,0.27380952,0.27777778,0.41269841,0.33333333,0.25396825
gi|52842870,0,non-T6SE,471,0.30573248,0.39278132,0.3014862,0.37791932,0.35881104,0.26326964,0.33757962,0.32059448,0.3418259,0.31210191,0.42462845,0.26326964,0.12101911,0.76645435,0.11252654,0.47346072,0.29087049,0.23566879,0.45859873,0.30573248,0.23566879
gi|52842873,0,non-T6SE,292,0.3869863,0.28424658,0.32876712,0.30136986,0.42465753,0.2739726,0.3630137,0.22945205,0.40753425,0.27739726,0.44863014,0.2739726,0.13013699,0.71232877,0.15753425,0.54109589,0.21575342,0.24315068,0.42123288,0.3869863,0.19178082
gi|52842874,0,non-T6SE,309,0.24271845,0.34627832,0.41100324,0.33656958,0.45954693,0.2038835,0.4368932,0.30420712,0.25889968,0.28478964,0.51132686,0.2038835,0.084142395,0.84789644,0.067961165,0.51456311,0.26860841,0.21682848,0.55339806,0.24271845,0.2038835
gi|52842876,0,non-T6SE,368,0.35597826,0.33967391,0.30434783,0.36141304,0.41304348,0.22554348,0.3125,0.30706522,0.38043478,0.33152174,0.44293478,0.22554348,0.12228261,0.73913043,0.13858696,0.5326087,0.22826087,0.23913043,0.44565217,0.35597826,0.19836957
gi|52842882,0,non-T6SE,387,0.31782946,0.37209302,0.31007752,0.37984496,0.39534884,0.2248062,0.34366925,0.32299742,0.33333333,0.3255814,0.4496124,0.2248062,0.11627907,0.74935401,0.13436693,0.43669251,0.3126615,0.25064599,0.40310078,0.31782946,0.27906977
gi|52842892,0,non-T6SE,1048,0.24045802,0.41221374,0.34732824,0.43129771,0.34732824,0.22137405,0.3769084,0.3769084,0.24618321,0.3740458,0.40458015,0.22137405,0.064885496,0.86450382,0.070610687,0.36259542,0.3120229,0.32538168,0.48664122,0.24045802,0.27290076
gi|52842902,0,non-T6SE,321,0.29906542,0.36760125,0.33333333,0.35825545,0.38006231,0.26168224,0.38006231,0.28971963,0.33021807,0.29595016,0.4423676,0.26168224,0.096573209,0.79127726,0.11214953,0.48598131,0.28971963,0.22429907,0.4423676,0.29906542,0.25856698
gi|52842903,0,non-T6SE,576,0.328125,0.328125,0.34375,0.33854167,0.42708333,0.234375,0.37152778,0.27083333,0.35763889,0.27951389,0.48611111,0.234375,0.10590278,0.77256944,0.12152778,0.47916667,0.26736111,0.25347222,0.42708333,0.328125,0.24479167
gi|52842904,0,non-T6SE,476,0.32352941,0.36554622,0.31092437,0.36764706,0.41176471,0.22058824,0.32983193,0.32563025,0.34453782,0.30882353,0.47058824,0.22058824,0.12394958,0.80042017,0.075630252,0.43067227,0.25,0.31932773,0.41806723,0.32352941,0.25840336
gi|52842905,0,non-T6SE,160,0.275,0.35625,0.36875,0.375,0.40625,0.21875,0.39375,0.3,0.30625,0.3125,0.46875,0.21875,0.0875,0.79375,0.11875,0.425,0.31875,0.25625,0.50625,0.275,0.21875
gi|52842906,0,non-T6SE,493,0.23123732,0.44219067,0.32657201,0.47464503,0.35496957,0.1703854,0.35091278,0.39148073,0.25760649,0.40162272,0.42799189,0.1703854,0.06693712,0.84381339,0.089249493,0.44827586,0.26977688,0.28194726,0.54563895,0.23123732,0.22312373
gi|52842907,0,non-T6SE,131,0.33587786,0.3740458,0.29007634,0.39694656,0.38931298,0.21374046,0.32061069,0.32824427,0.35114504,0.32061069,0.46564885,0.21374046,0.10687023,0.76335878,0.12977099,0.38167939,0.28244275,0.33587786,0.38167939,0.33587786,0.28244275
gi|52842924,0,non-T6SE,383,0.32898172,0.34203655,0.32898172,0.33159269,0.37597911,0.2924282,0.38903394,0.26109661,0.34986945,0.27937337,0.42819843,0.2924282,0.12793734,0.75718016,0.11488251,0.42558747,0.31592689,0.25848564,0.38903394,0.32898172,0.28198433
gi|52842930,0,non-T6SE,209,0.15789474,0.36363636,0.4784689,0.35406699,0.40191388,0.24401914,0.51196172,0.29665072,0.19138756,0.29665072,0.45933014,0.24401914,0.076555024,0.86602871,0.057416268,0.40669856,0.39712919,0.19617225,0.6076555,0.15789474,0.23444976
gi|52842932,0,non-T6SE,388,0.27061856,0.39175258,0.33762887,0.39175258,0.32989691,0.27835052,0.37113402,0.31185567,0.31701031,0.31958763,0.40206186,0.27835052,0.090206186,0.81443299,0.095360825,0.40463918,0.30154639,0.29381443,0.42783505,0.27061856,0.30154639
gi|52842935,0,non-T6SE,416,0.29086538,0.40865385,0.30048077,0.38942308,0.36538462,0.24519231,0.33894231,0.33653846,0.32451923,0.34134615,0.41346154,0.24519231,0.10817308,0.80528846,0.086538462,0.43509615,0.26201923,0.30288462,0.43028846,0.29086538,0.27884615
gi|52842939,0,non-T6SE,321,0.30218069,0.35202492,0.34579439,0.3894081,0.40186916,0.20872274,0.36137072,0.31152648,0.3271028,0.32087227,0.47040498,0.20872274,0.10903427,0.78193146,0.10903427,0.51401869,0.23987539,0.24610592,0.45794393,0.30218069,0.23987539
gi|52842943,0,non-T6SE,307,0.21172638,0.37785016,0.41042345,0.37459283,0.39087948,0.23452769,0.43322476,0.30618893,0.26058632,0.34201954,0.42345277,0.23452769,0.074918567,0.83061889,0.094462541,0.42019544,0.33876221,0.24104235,0.5504886,0.21172638,0.23778502
gi|52842945,0,non-T6SE,187,0.39037433,0.26737968,0.34224599,0.28342246,0.46524064,0.2513369,0.37967914,0.20855615,0.41176471,0.22994652,0.51871658,0.2513369,0.11764706,0.73796791,0.14438503,0.47593583,0.2513369,0.27272727,0.37967914,0.39037433,0.22994652
gi|161723240,0,non-T6SE,410,0.34390244,0.32682927,0.32926829,0.32195122,0.41219512,0.26585366,0.35609756,0.26097561,0.38292683,0.25609756,0.47804878,0.26585366,0.13170732,0.73414634,0.13414634,0.5195122,0.26829268,0.21219512,0.43170732,0.34390244,0.22439024
gi|52842947,0,non-T6SE,325,0.33230769,0.33230769,0.33538462,0.34153846,0.43076923,0.22769231,0.36923077,0.27692308,0.35384615,0.27076923,0.50153846,0.22769231,0.11692308,0.79692308,0.086153846,0.42769231,0.28307692,0.28923077,0.41846154,0.33230769,0.24923077
gi|52842953,0,non-T6SE,556,0.33093525,0.35251799,0.31654676,0.36330935,0.4352518,0.20143885,0.34172662,0.29856115,0.35971223,0.30395683,0.49460432,0.20143885,0.09352518,0.79316547,0.11330935,0.50899281,0.25539568,0.23561151,0.43345324,0.33093525,0.23561151
gi|52842962,0,non-T6SE,421,0.26128266,0.32541568,0.41330166,0.33254157,0.45130641,0.21615202,0.43230404,0.27790974,0.28978622,0.28028504,0.50356295,0.21615202,0.087885986,0.80997625,0.10213777,0.4584323,0.28978622,0.25178147,0.48456057,0.26128266,0.25415677
gi|52842965,0,non-T6SE,188,0.31914894,0.31382979,0.36702128,0.32446809,0.42021277,0.25531915,0.39893617,0.25531915,0.34574468,0.28191489,0.46276596,0.25531915,0.12234043,0.75,0.12765957,0.50531915,0.25,0.24468085,0.46276596,0.31914894,0.21808511
gi|52842969,0,non-T6SE,308,0.30519481,0.36688312,0.32792208,0.38311688,0.39285714,0.22402597,0.35714286,0.31168831,0.33116883,0.33116883,0.44480519,0.22402597,0.11038961,0.77922078,0.11038961,0.46753247,0.29220779,0.24025974,0.4512987,0.30519481,0.24350649
gi|52842975,0,non-T6SE,501,0.13772455,0.38922156,0.47305389,0.36726547,0.37325349,0.25948104,0.51297405,0.33133733,0.15568862,0.32335329,0.41716567,0.25948104,0.055888224,0.89820359,0.045908184,0.39720559,0.37325349,0.22954092,0.61676647,0.13772455,0.24550898
gi|52842976,0,non-T6SE,657,0.14155251,0.42009132,0.43835616,0.37899543,0.36986301,0.25114155,0.48858447,0.34398782,0.1674277,0.33028919,0.41856925,0.25114155,0.04718417,0.90410959,0.04870624,0.37442922,0.3652968,0.26027397,0.58143075,0.14155251,0.27701674
gi|52842979,0,non-T6SE,166,0.3253012,0.3313253,0.34337349,0.34337349,0.36746988,0.28915663,0.39759036,0.24698795,0.35542169,0.25301205,0.45783133,0.28915663,0.14457831,0.72289157,0.13253012,0.48795181,0.31927711,0.19277108,0.42771084,0.3253012,0.24698795
gi|52842980,0,non-T6SE,340,0.15294118,0.35,0.49705882,0.31470588,0.43235294,0.25294118,0.53529412,0.3,0.16470588,0.27058824,0.47647059,0.25294118,0.061764706,0.89117647,0.047058824,0.38235294,0.4,0.21764706,0.62941176,0.15294118,0.21764706
gi|52842981,0,non-T6SE,783,0.30651341,0.37420179,0.3192848,0.3844189,0.38952746,0.22605364,0.34610473,0.31800766,0.33588761,0.31545338,0.45849298,0.22605364,0.10472542,0.76628352,0.12899106,0.47254151,0.28097063,0.24648787,0.44444444,0.30651341,0.24904215
gi|52842982,0,non-T6SE,428,0.27102804,0.4088785,0.32009346,0.40654206,0.34345794,0.25,0.36214953,0.34813084,0.28971963,0.32943925,0.42056075,0.25,0.098130841,0.79439252,0.10747664,0.39018692,0.29672897,0.31308411,0.47897196,0.27102804,0.25
gi|52842983,0,non-T6SE,167,0.31137725,0.35928144,0.32934132,0.35329341,0.39520958,0.25149701,0.37125749,0.2754491,0.35329341,0.29341317,0.45508982,0.25149701,0.089820359,0.77844311,0.13173653,0.48502994,0.26347305,0.25149701,0.39520958,0.31137725,0.29341317
gi|52842984,0,non-T6SE,422,0.31753555,0.35308057,0.32938389,0.3507109,0.33649289,0.31279621,0.37677725,0.26777251,0.35545024,0.28199052,0.40521327,0.31279621,0.13270142,0.72985782,0.13744076,0.46208531,0.28672986,0.25118483,0.42654028,0.31753555,0.25592417
gi|52842989,0,non-T6SE,249,0.33333333,0.33333333,0.33333333,0.36144578,0.40562249,0.23293173,0.36144578,0.27710843,0.36144578,0.29718876,0.46987952,0.23293173,0.10441767,0.7751004,0.12048193,0.42570281,0.31325301,0.26104418,0.47389558,0.33333333,0.19277108
gi|52842991,0,non-T6SE,455,0.29230769,0.37582418,0.33186813,0.41098901,0.41318681,0.17582418,0.34945055,0.34065934,0.30989011,0.36043956,0.46373626,0.17582418,0.098901099,0.7956044,0.10549451,0.42417582,0.26593407,0.30989011,0.50549451,0.29230769,0.2021978
gi|52842992,0,non-T6SE,291,0.31958763,0.33676976,0.34364261,0.37800687,0.41580756,0.20618557,0.36769759,0.29896907,0.33333333,0.30927835,0.48453608,0.20618557,0.10996564,0.76975945,0.12027491,0.44329897,0.25773196,0.29896907,0.4742268,0.31958763,0.20618557
gi|52842994,0,non-T6SE,247,0.33198381,0.30769231,0.36032389,0.34412955,0.3562753,0.29959514,0.39271255,0.26315789,0.34412955,0.28744939,0.41295547,0.29959514,0.14979757,0.72874494,0.12145749,0.46153846,0.26720648,0.27125506,0.44534413,0.33198381,0.22267206
gi|52842998,0,non-T6SE,245,0.37142857,0.26530612,0.36326531,0.31836735,0.45714286,0.2244898,0.37959184,0.22857143,0.39183673,0.26530612,0.51020408,0.2244898,0.11428571,0.75510204,0.13061224,0.49795918,0.22857143,0.27346939,0.44897959,0.37142857,0.17959184
gi|52843004,0,non-T6SE,265,0.31698113,0.33584906,0.34716981,0.33584906,0.43018868,0.23396226,0.37358491,0.28679245,0.33962264,0.29056604,0.4754717,0.23396226,0.098113208,0.79245283,0.10943396,0.49056604,0.29056604,0.21886792,0.47924528,0.31698113,0.20377358
gi|52843006,0,non-T6SE,668,0.3757485,0.32185629,0.30239521,0.31437126,0.39670659,0.28892216,0.35179641,0.25449102,0.39371257,0.26197605,0.4491018,0.28892216,0.13922156,0.71407186,0.14670659,0.45958084,0.27245509,0.26796407,0.38922156,0.3757485,0.23502994
gi|52843007,0,non-T6SE,426,0.38028169,0.32159624,0.29812207,0.31924883,0.39671362,0.28403756,0.33802817,0.2629108,0.39906103,0.27230047,0.44366197,0.28403756,0.14553991,0.71126761,0.14319249,0.46948357,0.27699531,0.25352113,0.39906103,0.38028169,0.22065728
gi|52843013,0,non-T6SE,287,0.36236934,0.28222997,0.3554007,0.31010453,0.45644599,0.23344948,0.38675958,0.2369338,0.37630662,0.26829268,0.49825784,0.23344948,0.090592334,0.77003484,0.13937282,0.50174216,0.29965157,0.19860627,0.42160279,0.36236934,0.21602787
gi|52843019,0,non-T6SE,295,0.3220339,0.37288136,0.30508475,0.3559322,0.39661017,0.24745763,0.34237288,0.29152542,0.36610169,0.31186441,0.44067797,0.24745763,0.11186441,0.76271186,0.12542373,0.45084746,0.2440678,0.30508475,0.41355932,0.3220339,0.26440678
gi|52843020,0,non-T6SE,555,0.36216216,0.33333333,0.3045045,0.31891892,0.47387387,0.20720721,0.32072072,0.26486486,0.41441441,0.28288288,0.50990991,0.20720721,0.09009009,0.78018018,0.12972973,0.56216216,0.22162162,0.21621622,0.40900901,0.36216216,0.22882883
gi|52843029,0,non-T6SE,126,0.26984127,0.36507937,0.36507937,0.36507937,0.4047619,0.23015873,0.38095238,0.32539683,0.29365079,0.31746032,0.45238095,0.23015873,0.095238095,0.82539683,0.079365079,0.38888889,0.35714286,0.25396825,0.46825397,0.26984127,0.26190476
gi|52843034,0,non-T6SE,254,0.3976378,0.29527559,0.30708661,0.30708661,0.38188976,0.31102362,0.36614173,0.21259843,0.42125984,0.2519685,0.43700787,0.31102362,0.13385827,0.69685039,0.16929134,0.42125984,0.30708661,0.27165354,0.37795276,0.3976378,0.22440945
gi|52843035,0,non-T6SE,156,0.39102564,0.32051282,0.28846154,0.32051282,0.35897436,0.32051282,0.32051282,0.26282051,0.41666667,0.28205128,0.3974359,0.32051282,0.19871795,0.68589744,0.11538462,0.49358974,0.26282051,0.24358974,0.38461538,0.39102564,0.22435897
gi|52843038,0,non-T6SE,468,0.32264957,0.35683761,0.32051282,0.37606838,0.38675214,0.23717949,0.3482906,0.29700855,0.35470085,0.33547009,0.42735043,0.23717949,0.10042735,0.78205128,0.11752137,0.41452991,0.28632479,0.2991453,0.41239316,0.32264957,0.26495726
gi|52843039,0,non-T6SE,337,0.28189911,0.40949555,0.30860534,0.44807122,0.32344214,0.22848665,0.32937685,0.36498516,0.30563798,0.39762611,0.37388724,0.22848665,0.10682493,0.77744807,0.115727,0.43026706,0.28189911,0.28783383,0.48367953,0.28189911,0.23442136
gi|52843044,0,non-T6SE,337,0.30860534,0.38278932,0.30860534,0.39169139,0.36795252,0.24035608,0.35608309,0.30267062,0.34124629,0.30267062,0.45697329,0.24035608,0.097922849,0.79821958,0.10385757,0.39169139,0.29080119,0.31750742,0.38575668,0.30860534,0.30563798
gi|52843061,0,non-T6SE,725,0.31448276,0.34206897,0.34344828,0.33517241,0.43310345,0.23172414,0.36689655,0.27310345,0.36,0.25517241,0.51310345,0.23172414,0.10896552,0.80551724,0.085517241,0.48275862,0.27034483,0.24689655,0.43724138,0.31448276,0.24827586
gi|52843064,0,non-T6SE,256,0.1953125,0.359375,0.4453125,0.32421875,0.3671875,0.30859375,0.49609375,0.28125,0.22265625,0.26171875,0.4296875,0.30859375,0.07421875,0.8671875,0.05859375,0.39453125,0.33984375,0.265625,0.58984375,0.1953125,0.21484375
gi|52843066,0,non-T6SE,764,0.31937173,0.34816754,0.33246073,0.35209424,0.43848168,0.20942408,0.36256545,0.29842932,0.33900524,0.30759162,0.48298429,0.20942408,0.10602094,0.7460733,0.14790576,0.5,0.26570681,0.23429319,0.48036649,0.31937173,0.20026178
gi|52843067,0,non-T6SE,175,0.39428571,0.29714286,0.30857143,0.29142857,0.38285714,0.32571429,0.34857143,0.23428571,0.41714286,0.24571429,0.42857143,0.32571429,0.17714286,0.69142857,0.13142857,0.51428571,0.24,0.24571429,0.41142857,0.39428571,0.19428571
gi|52843068,0,non-T6SE,336,0.28571429,0.38690476,0.32738095,0.36607143,0.39880952,0.23511905,0.36309524,0.30357143,0.33333333,0.28571429,0.47916667,0.23511905,0.083333333,0.81845238,0.098214286,0.44047619,0.28869048,0.27083333,0.4375,0.28571429,0.27678571
gi|52843070,0,non-T6SE,461,0.32104121,0.36659436,0.31236443,0.37310195,0.44468547,0.18221258,0.34056399,0.30585683,0.35357918,0.30802603,0.50976139,0.18221258,0.088937093,0.81344902,0.097613883,0.42299349,0.28850325,0.28850325,0.45986985,0.32104121,0.21908894
gi|52843076,0,non-T6SE,204,0.33333333,0.3872549,0.27941176,0.44117647,0.34313725,0.21568627,0.31862745,0.31862745,0.3627451,0.31862745,0.46568627,0.21568627,0.12745098,0.74509804,0.12745098,0.50980392,0.25980392,0.23039216,0.44607843,0.33333333,0.22058824
gi|52843081,0,non-T6SE,233,0.24892704,0.44206009,0.30901288,0.472103,0.30472103,0.22317597,0.35193133,0.3776824,0.27038627,0.39484979,0.38197425,0.22317597,0.090128755,0.80686695,0.10300429,0.42060086,0.31330472,0.26609442,0.49356223,0.24892704,0.25751073
gi|52843082,0,non-T6SE,497,0.31991952,0.36418511,0.31589537,0.36820926,0.40241449,0.22937626,0.35211268,0.29376258,0.35412475,0.31187123,0.45875252,0.22937626,0.086519115,0.79879276,0.11468813,0.44466801,0.28973843,0.26559356,0.43661972,0.31991952,0.24346076
gi|52843085,0,non-T6SE,208,0.34134615,0.28365385,0.375,0.30769231,0.45192308,0.24038462,0.39423077,0.24038462,0.36538462,0.25,0.50961538,0.24038462,0.12019231,0.76442308,0.11538462,0.4375,0.28846154,0.27403846,0.46153846,0.34134615,0.19711538
gi|52843095,0,non-T6SE,201,0.1840796,0.3681592,0.44776119,0.33333333,0.4278607,0.23880597,0.47761194,0.30348259,0.21890547,0.29353234,0.46766169,0.23880597,0.064676617,0.91044776,0.024875622,0.45273632,0.31343284,0.23383085,0.55223881,0.1840796,0.26368159
gi|52843099,0,non-T6SE,549,0.32969035,0.29508197,0.37522769,0.29690346,0.42076503,0.28233151,0.40437158,0.23861566,0.35701275,0.23861566,0.47905282,0.28233151,0.12386157,0.76138434,0.1147541,0.46812386,0.30236794,0.2295082,0.4571949,0.32969035,0.21311475
gi|52843104,0,non-T6SE,644,0.34782609,0.36335404,0.28881988,0.3742236,0.35559006,0.27018634,0.33540373,0.29503106,0.36956522,0.29968944,0.43012422,0.27018634,0.11180124,0.74068323,0.14751553,0.40838509,0.29503106,0.29658385,0.40993789,0.34782609,0.24223602
gi|52843112,0,non-T6SE,325,0.31692308,0.37846154,0.30461538,0.35384615,0.34153846,0.30461538,0.36,0.31076923,0.32923077,0.29538462,0.4,0.30461538,0.12307692,0.78769231,0.089230769,0.43384615,0.28,0.28615385,0.45230769,0.31692308,0.23076923
gi|52843116,0,non-T6SE,415,0.26024096,0.35421687,0.38554217,0.36144578,0.43855422,0.2,0.40722892,0.32048193,0.27228916,0.32048193,0.47951807,0.2,0.089156627,0.82891566,0.081927711,0.42891566,0.30361446,0.26746988,0.5253012,0.26024096,0.21445783
gi|52843120,0,non-T6SE,281,0.3024911,0.34163701,0.35587189,0.3772242,0.35587189,0.26690391,0.39145907,0.26690391,0.34163701,0.30604982,0.42704626,0.26690391,0.096085409,0.76156584,0.14234875,0.44839858,0.24911032,0.3024911,0.47330961,0.3024911,0.22419929
gi|52843122,0,non-T6SE,256,0.31640625,0.33203125,0.3515625,0.34375,0.4296875,0.2265625,0.38671875,0.27734375,0.3359375,0.265625,0.5078125,0.2265625,0.10546875,0.7890625,0.10546875,0.45703125,0.27734375,0.265625,0.44921875,0.31640625,0.234375
gi|52843123,0,non-T6SE,133,0.29323308,0.38345865,0.32330827,0.39849624,0.39097744,0.21052632,0.35338346,0.33082707,0.31578947,0.32330827,0.46616541,0.21052632,0.10526316,0.77443609,0.12030075,0.41353383,0.34586466,0.2406015,0.46616541,0.29323308,0.2406015
gi|52843124,0,non-T6SE,241,0.17427386,0.32365145,0.50207469,0.31120332,0.43568465,0.25311203,0.53526971,0.2780083,0.18672199,0.23651452,0.51037344,0.25311203,0.066390041,0.88381743,0.049792531,0.47302905,0.3526971,0.17427386,0.58506224,0.17427386,0.2406639
gi|52843139,0,non-T6SE,385,0.28831169,0.33506494,0.37662338,0.31948052,0.42597403,0.25454545,0.4025974,0.27272727,0.32467532,0.25974026,0.48571429,0.25454545,0.11428571,0.78961039,0.096103896,0.47532468,0.29350649,0.23116883,0.47272727,0.28831169,0.23896104
gi|52843145,0,non-T6SE,316,0.30063291,0.39556962,0.30379747,0.40822785,0.36075949,0.23101266,0.34177215,0.33860759,0.31962025,0.34810127,0.42088608,0.23101266,0.10759494,0.76898734,0.12341772,0.41139241,0.28481013,0.30379747,0.46835443,0.30063291,0.23101266
gi|52843158,0,non-T6SE,207,0.31884058,0.31400966,0.36714976,0.35748792,0.38164251,0.26086957,0.38164251,0.2705314,0.34782609,0.29951691,0.43961353,0.26086957,0.11111111,0.76811594,0.12077295,0.48792271,0.28019324,0.23188406,0.48792271,0.31884058,0.19323671
gi|52843160,0,non-T6SE,89,0.28089888,0.34831461,0.37078652,0.41573034,0.35955056,0.2247191,0.40449438,0.31460674,0.28089888,0.30337079,0.47191011,0.2247191,0.06741573,0.80898876,0.12359551,0.43820225,0.29213483,0.26966292,0.49438202,0.28089888,0.2247191
gi|52843167,0,non-T6SE,283,0.30388693,0.33215548,0.3639576,0.35335689,0.37102473,0.27561837,0.39929329,0.27915194,0.32155477,0.28621908,0.43816254,0.27561837,0.12014134,0.77031802,0.10954064,0.43816254,0.30742049,0.25441696,0.4664311,0.30388693,0.22968198
gi|52843179,0,non-T6SE,156,0.42948718,0.26923077,0.30128205,0.30128205,0.46794872,0.23076923,0.30128205,0.25,0.44871795,0.28846154,0.48076923,0.23076923,0.16025641,0.67307692,0.16666667,0.68589744,0.17948718,0.13461538,0.47435897,0.42948718,0.096153846
gi|52843181,0,non-T6SE,292,0.18150685,0.34246575,0.4760274,0.31506849,0.44863014,0.23630137,0.50342466,0.28424658,0.21232877,0.27739726,0.48630137,0.23630137,0.051369863,0.89726027,0.051369863,0.4109589,0.35958904,0.22945205,0.56849315,0.18150685,0.25
gi|52843189,0,non-T6SE,283,0.28975265,0.38162544,0.32862191,0.37809187,0.41696113,0.204947,0.34982332,0.32508834,0.32508834,0.31095406,0.48409894,0.204947,0.1024735,0.7844523,0.1130742,0.47349823,0.2614841,0.26501767,0.46289753,0.28975265,0.24734982
gi|52843195,0,non-T6SE,556,0.29856115,0.35611511,0.34532374,0.36151079,0.39388489,0.24460432,0.39208633,0.30215827,0.3057554,0.3057554,0.44964029,0.24460432,0.10431655,0.79856115,0.097122302,0.41546763,0.29316547,0.29136691,0.43884892,0.29856115,0.26258993
gi|61219632,0,non-T6SE,150,0.28,0.39333333,0.32666667,0.45333333,0.29333333,0.25333333,0.34,0.35333333,0.30666667,0.41333333,0.33333333,0.25333333,0.10666667,0.78666667,0.10666667,0.46,0.26666667,0.27333333,0.5,0.28,0.22
gi|34978353,0,non-T6SE,3590,0.29247911,0.46935933,0.23816156,0.49582173,0.33927577,0.16490251,0.25348189,0.43760446,0.30891365,0.45988858,0.37520891,0.16490251,0.10529248,0.79442897,0.10027855,0.44317549,0.2275766,0.32924791,0.49470752,0.29247911,0.21281337
gi|34978358,0,non-T6SE,712,0.26123596,0.36516854,0.37359551,0.38202247,0.40870787,0.20926966,0.39044944,0.3258427,0.28370787,0.33146067,0.45926966,0.20926966,0.1011236,0.80898876,0.08988764,0.50140449,0.2738764,0.2247191,0.55477528,0.26123596,0.18398876
gi|462099,0,non-T6SE,873,0.26231386,0.47880871,0.25887743,0.4696449,0.3207331,0.20962199,0.30813288,0.42153494,0.27033219,0.42382589,0.36655212,0.20962199,0.092783505,0.8327606,0.074455899,0.40091638,0.26345934,0.33562428,0.47651775,0.26231386,0.26116838
gi|462082,0,non-T6SE,584,0.30650685,0.42636986,0.26712329,0.42294521,0.33390411,0.24315068,0.32705479,0.35787671,0.31506849,0.37157534,0.38527397,0.24315068,0.11472603,0.79965753,0.085616438,0.41609589,0.25513699,0.32876712,0.44178082,0.30650685,0.25171233
gi|37538301,0,non-T6SE,743,0.29071332,0.47106326,0.23822342,0.46702557,0.29340511,0.23956931,0.28802153,0.40376851,0.30820996,0.39838493,0.36204576,0.23956931,0.11709287,0.78196501,0.10094213,0.40915209,0.26244953,0.32839838,0.41184388,0.29071332,0.2974428
gi|34978536,0,non-T6SE,916,0.25436681,0.50436681,0.24126638,0.51310044,0.30021834,0.18668122,0.26200873,0.4639738,0.27401747,0.45414847,0.35917031,0.18668122,0.097161572,0.8209607,0.081877729,0.44104803,0.2150655,0.34388646,0.51965066,0.25436681,0.22598253
gi|1709465,0,non-T6SE,385,0.27792208,0.45714286,0.26493506,0.46753247,0.29090909,0.24155844,0.31688312,0.4,0.28311688,0.44675325,0.31168831,0.24155844,0.080519481,0.83116883,0.088311688,0.34545455,0.27792208,0.37662338,0.48831169,0.27792208,0.23376623
gi|585615,0,non-T6SE,194,0.34536082,0.39690722,0.25773196,0.43814433,0.32989691,0.23195876,0.27835052,0.37628866,0.34536082,0.37113402,0.39690722,0.23195876,0.13917526,0.75773196,0.10309278,0.42783505,0.27319588,0.29896907,0.44845361,0.34536082,0.20618557
gi|585479,0,non-T6SE,396,0.23989899,0.44949495,0.31060606,0.45454545,0.32828283,0.21717172,0.33585859,0.38636364,0.27777778,0.40151515,0.38131313,0.21717172,0.078282828,0.82070707,0.1010101,0.49747475,0.22727273,0.27525253,0.51262626,0.23989899,0.24747475
gi|48428535,0,non-T6SE,885,0.31073446,0.39322034,0.2960452,0.41016949,0.3299435,0.25988701,0.34011299,0.3299435,0.3299435,0.33446328,0.40564972,0.25988701,0.10734463,0.76723164,0.12542373,0.45536723,0.26779661,0.27683616,0.44858757,0.31073446,0.24067797
gi|68565998,0,non-T6SE,692,0.29479769,0.40895954,0.29624277,0.42919075,0.30924855,0.26156069,0.33092486,0.34682081,0.32225434,0.36416185,0.37427746,0.26156069,0.1083815,0.76156069,0.1300578,0.4783237,0.25722543,0.26445087,0.48265896,0.29479769,0.22254335
gi|41016780,0,non-T6SE,191,0.2617801,0.39267016,0.34554974,0.40314136,0.37172775,0.22513089,0.39267016,0.33507853,0.27225131,0.34554974,0.42931937,0.22513089,0.09947644,0.79581152,0.10471204,0.42931937,0.33507853,0.23560209,0.4921466,0.2617801,0.2460733
gi|39932128,0,non-T6SE,451,0.31707317,0.40798226,0.27494457,0.4368071,0.33259424,0.23059867,0.3037694,0.36363636,0.33259424,0.37472284,0.39467849,0.23059867,0.11529933,0.75609756,0.1286031,0.53880266,0.21064302,0.25055432,0.48337029,0.31707317,0.19955654
gi|46576492,0,non-T6SE,707,0.33239038,0.37199434,0.29561528,0.38472419,0.36492221,0.25035361,0.32107496,0.32531825,0.35360679,0.33663366,0.41301273,0.25035361,0.12164074,0.73125884,0.14710042,0.4582744,0.28005658,0.26166902,0.43705799,0.33239038,0.23055163
gi|1262291,0,non-T6SE,782,0.32225064,0.39641944,0.28132992,0.42071611,0.32480818,0.2544757,0.32480818,0.34654731,0.3286445,0.38107417,0.36445013,0.2544757,0.12276215,0.75831202,0.11892583,0.37723785,0.29923274,0.32352941,0.44501279,0.32225064,0.23273657
gi|61220326,0,non-T6SE,499,0.32264529,0.42084168,0.25651303,0.3987976,0.32064128,0.28056112,0.29659319,0.33667335,0.36673347,0.32264529,0.39679359,0.28056112,0.10621242,0.77755511,0.11623246,0.42284569,0.27054108,0.30661323,0.39078156,0.32264529,0.28657315
gi|61229444,0,non-T6SE,126,0.23809524,0.47619048,0.28571429,0.49206349,0.33333333,0.17460317,0.3015873,0.45238095,0.24603175,0.41269841,0.41269841,0.17460317,0.087301587,0.84920635,0.063492063,0.37301587,0.28571429,0.34126984,0.46031746,0.23809524,0.3015873
gi|61229448,0,non-T6SE,177,0.21468927,0.55367232,0.23163842,0.5819209,0.30508475,0.11299435,0.25423729,0.53107345,0.21468927,0.46892655,0.4180791,0.11299435,0.056497175,0.9039548,0.039548023,0.37288136,0.20903955,0.4180791,0.48587571,0.21468927,0.29943503
gi|91208178,0,non-T6SE,369,0.33062331,0.35501355,0.31436314,0.38211382,0.33604336,0.28184282,0.33333333,0.30894309,0.35772358,0.31436314,0.40379404,0.28184282,0.12195122,0.72086721,0.15718157,0.46070461,0.26558266,0.27371274,0.42547425,0.33062331,0.24390244
gi|3914201,0,non-T6SE,213,0.29107981,0.44600939,0.2629108,0.44131455,0.31455399,0.24413146,0.32394366,0.38497653,0.29107981,0.39906103,0.35680751,0.24413146,0.11267606,0.79342723,0.093896714,0.38967136,0.29107981,0.31924883,0.48356808,0.29107981,0.22535211
gi|38258390,0,non-T6SE,506,0.32213439,0.37944664,0.29841897,0.41897233,0.33003953,0.25098814,0.32213439,0.33003953,0.34782609,0.35770751,0.39130435,0.25098814,0.11264822,0.75494071,0.13241107,0.4743083,0.24703557,0.27865613,0.46245059,0.32213439,0.21541502
gi|27805741,0,non-T6SE,551,0.30490018,0.39927405,0.29582577,0.40653358,0.323049,0.27041742,0.33938294,0.33756806,0.323049,0.33575318,0.3938294,0.27041742,0.11796733,0.74954628,0.13248639,0.43375681,0.28493648,0.28130672,0.43920145,0.30490018,0.25589837
gi|13431457,0,non-T6SE,656,0.38262195,0.35365854,0.26371951,0.41310976,0.37652439,0.21036585,0.27896341,0.32317073,0.39786585,0.37804878,0.41158537,0.21036585,0.1402439,0.68445122,0.17530488,0.48018293,0.24085366,0.27896341,0.44054878,0.38262195,0.17682927
gi|11387189,0,non-T6SE,319,0.31034483,0.36677116,0.32288401,0.35736677,0.38557994,0.25705329,0.36990596,0.30094044,0.32915361,0.29467085,0.44827586,0.25705329,0.081504702,0.79623824,0.12225705,0.44200627,0.29467085,0.26332288,0.44514107,0.31034483,0.24451411
gi|39932160,0,non-T6SE,592,0.32432432,0.37837838,0.2972973,0.34797297,0.39358108,0.25844595,0.34966216,0.29222973,0.35810811,0.30405405,0.4375,0.25844595,0.10641892,0.77195946,0.12162162,0.47466216,0.27195946,0.25337838,0.44425676,0.32432432,0.23141892
gi|2501392,0,non-T6SE,326,0.14110429,0.35276074,0.50613497,0.36196319,0.47239264,0.16564417,0.51533742,0.33128834,0.15337423,0.31595092,0.51840491,0.16564417,0.052147239,0.90797546,0.039877301,0.43558282,0.30981595,0.25460123,0.66257669,0.14110429,0.19631902
gi|8472786,0,non-T6SE,450,0.35333333,0.32666667,0.32,0.33777778,0.38888889,0.27333333,0.35777778,0.27555556,0.36666667,0.28444444,0.44222222,0.27333333,0.14,0.72444444,0.13555556,0.46222222,0.27555556,0.26222222,0.43111111,0.35333333,0.21555556
gi|20137257,0,non-T6SE,96,0.33333333,0.33333333,0.33333333,0.38541667,0.3125,0.30208333,0.34375,0.3125,0.34375,0.34375,0.35416667,0.30208333,0.17708333,0.71875,0.10416667,0.58333333,0.19791667,0.21875,0.46875,0.33333333,0.19791667
gi|137069,0,non-T6SE,238,0.38235294,0.31932773,0.29831933,0.34033613,0.3697479,0.28991597,0.31092437,0.27310924,0.41596639,0.30672269,0.40336134,0.28991597,0.16806723,0.67226891,0.15966387,0.50420168,0.24369748,0.25210084,0.43697479,0.38235294,0.18067227
gi|2506399,0,non-T6SE,167,0.35928144,0.32335329,0.31736527,0.2754491,0.4491018,0.2754491,0.35928144,0.22155689,0.41916168,0.25748503,0.46706587,0.2754491,0.089820359,0.76047904,0.1497006,0.48502994,0.25748503,0.25748503,0.39520958,0.35928144,0.24550898
gi|2497283,0,non-T6SE,203,0.46305419,0.25123153,0.28571429,0.26108374,0.43349754,0.30541872,0.30541872,0.21182266,0.48275862,0.21182266,0.48275862,0.30541872,0.19211823,0.67487685,0.13300493,0.50246305,0.23152709,0.26600985,0.35960591,0.46305419,0.1773399
gi|2494278,0,non-T6SE,355,0.3915493,0.29295775,0.31549296,0.33239437,0.4084507,0.25915493,0.32957746,0.25633803,0.41408451,0.29577465,0.44507042,0.25915493,0.15492958,0.67887324,0.16619718,0.53239437,0.24225352,0.22535211,0.44507042,0.3915493,0.16338028
gi|2499849,0,non-T6SE,835,0.3988024,0.2994012,0.30179641,0.32215569,0.42994012,0.24790419,0.33173653,0.25508982,0.41317365,0.26946108,0.48263473,0.24790419,0.15329341,0.68982036,0.15688623,0.49820359,0.24670659,0.25508982,0.4011976,0.3988024,0.2
gi|2494256,0,non-T6SE,399,0.31829574,0.37343358,0.30827068,0.37844612,0.39598997,0.22556391,0.33082707,0.32330827,0.34586466,0.32581454,0.44862155,0.22556391,0.11278195,0.72932331,0.15789474,0.43358396,0.30576441,0.26065163,0.44110276,0.31829574,0.2406015
gi|57014162,0,non-T6SE,569,0.30579965,0.42003515,0.2741652,0.43057996,0.33391916,0.23550088,0.30228471,0.35852373,0.33919156,0.38664323,0.37785589,0.23550088,0.10017575,0.771529,0.12829525,0.40246046,0.29349736,0.30404218,0.4340949,0.30579965,0.26010545
gi|2507531,0,non-T6SE,195,0.13333333,0.41025641,0.45641026,0.37948718,0.38974359,0.23076923,0.4974359,0.33333333,0.16923077,0.32307692,0.44615385,0.23076923,0.030769231,0.90769231,0.061538462,0.33846154,0.41538462,0.24615385,0.61025641,0.13333333,0.25641026
gi|39932098,0,non-T6SE,518,0.36100386,0.2972973,0.34169884,0.3030888,0.42084942,0.27606178,0.37644788,0.23552124,0.38803089,0.26254826,0.46138996,0.27606178,0.11776062,0.74324324,0.13899614,0.44594595,0.28957529,0.26447876,0.42471042,0.36100386,0.21428571
gi|41018183,0,non-T6SE,892,0.35538117,0.33295964,0.31165919,0.35089686,0.39013453,0.25896861,0.34080717,0.28139013,0.37780269,0.31390135,0.42713004,0.25896861,0.12107623,0.74439462,0.13452915,0.47757848,0.25560538,0.26681614,0.44282511,0.35538117,0.20179372
gi|11135458,0,non-T6SE,701,0.36661912,0.28388017,0.34950071,0.2853067,0.44507846,0.26961484,0.37945792,0.23252496,0.38801712,0.24393723,0.48644793,0.26961484,0.13266762,0.72895863,0.13837375,0.49072753,0.26676177,0.2425107,0.44079886,0.36661912,0.19258203
gi|12229872,0,non-T6SE,257,0.35797665,0.35797665,0.28404669,0.35797665,0.39688716,0.24513619,0.3151751,0.31128405,0.37354086,0.29182879,0.46303502,0.24513619,0.12451362,0.75486381,0.12062257,0.45914397,0.24902724,0.29182879,0.37743191,0.35797665,0.26459144
gi|11386759,0,non-T6SE,443,0.15124153,0.40632054,0.44243792,0.3972912,0.39277652,0.20993228,0.47404063,0.35665914,0.16930023,0.34085779,0.44920993,0.20993228,0.060948081,0.88939052,0.0496614,0.40406321,0.34988713,0.24604966,0.59367946,0.15124153,0.25507901
gi|11386871,0,non-T6SE,481,0.32016632,0.37006237,0.30977131,0.36174636,0.33887734,0.2993763,0.35343035,0.2972973,0.34927235,0.30977131,0.39085239,0.2993763,0.11018711,0.75675676,0.13305613,0.4033264,0.2993763,0.2972973,0.41995842,0.32016632,0.25987526
gi|11387015,0,non-T6SE,237,0.17721519,0.32911392,0.49367089,0.31223629,0.41350211,0.2742616,0.54008439,0.27848101,0.1814346,0.26582278,0.45991561,0.2742616,0.075949367,0.88185654,0.042194093,0.35021097,0.39662447,0.25316456,0.59493671,0.17721519,0.2278481
gi|7388358,0,non-T6SE,170,0.37647059,0.27647059,0.34705882,0.3,0.42941176,0.27058824,0.36470588,0.23529412,0.4,0.25882353,0.47058824,0.27058824,0.15882353,0.69411765,0.14705882,0.48823529,0.27058824,0.24117647,0.44117647,0.37647059,0.18235294
gi|511474,0,non-T6SE,414,0.32125604,0.39613527,0.2826087,0.35990338,0.40821256,0.23188406,0.33574879,0.32608696,0.33816425,0.32850242,0.43961353,0.23188406,0.10869565,0.80193237,0.089371981,0.53864734,0.24154589,0.21980676,0.42995169,0.32125604,0.24879227
gi|58200461,0,non-T6SE,433,0.30484988,0.34642032,0.34872979,0.33487298,0.39030023,0.27482679,0.40877598,0.26096998,0.33025404,0.27251732,0.45265589,0.27482679,0.090069284,0.78752887,0.12240185,0.39491917,0.33256351,0.27251732,0.43879908,0.30484988,0.25635104
gi|1706524,0,non-T6SE,204,0.30392157,0.3627451,0.33333333,0.36764706,0.32843137,0.30392157,0.37745098,0.30392157,0.31862745,0.30882353,0.3872549,0.30392157,0.11764706,0.78431373,0.098039216,0.45588235,0.29411765,0.25,0.42156863,0.30392157,0.2745098
gi|30581027,0,non-T6SE,233,0.3776824,0.3304721,0.29184549,0.35622318,0.39914163,0.24463519,0.31759657,0.2832618,0.39914163,0.31759657,0.43776824,0.24463519,0.14592275,0.7167382,0.13733906,0.527897,0.21030043,0.26180258,0.43347639,0.3776824,0.1888412
gi|1706429,0,non-T6SE,113,0.15929204,0.30973451,0.53097345,0.25663717,0.39823009,0.34513274,0.57522124,0.22123894,0.20353982,0.22123894,0.43362832,0.34513274,0.088495575,0.86725664,0.044247788,0.38938053,0.46902655,0.14159292,0.60176991,0.15929204,0.23893805
gi|266440,0,non-T6SE,422,0.30331754,0.4028436,0.29383886,0.44075829,0.34597156,0.21327014,0.32938389,0.36255924,0.30805687,0.40521327,0.38151659,0.21327014,0.085308057,0.78436019,0.13033175,0.42654028,0.29383886,0.27962085,0.48341232,0.30331754,0.21327014
gi|51338788,0,non-T6SE,267,0.33333333,0.31086142,0.35580524,0.36329588,0.39325843,0.24344569,0.3670412,0.28089888,0.35205993,0.32958801,0.42696629,0.24344569,0.14606742,0.71161049,0.1423221,0.46816479,0.27340824,0.25842697,0.47565543,0.33333333,0.19101124
gi|1346009,0,non-T6SE,539,0.15213358,0.42486085,0.42300557,0.36549165,0.33209647,0.30241187,0.47866419,0.34137291,0.17996289,0.32096475,0.37662338,0.30241187,0.05380334,0.90166976,0.044526902,0.40074212,0.37105751,0.22820037,0.567718,0.15213358,0.28014842
gi|61229375,0,non-T6SE,276,0.27536232,0.42391304,0.30072464,0.47101449,0.31884058,0.21014493,0.32246377,0.39855072,0.27898551,0.42753623,0.36231884,0.21014493,0.10507246,0.77898551,0.11594203,0.45289855,0.26449275,0.2826087,0.51086957,0.27536232,0.21376812
gi|1706206,0,non-T6SE,354,0.31355932,0.38983051,0.29661017,0.42937853,0.35875706,0.21186441,0.34463277,0.34180791,0.31355932,0.38700565,0.40112994,0.21186441,0.10169492,0.77683616,0.12146893,0.37570621,0.29378531,0.33050847,0.44632768,0.31355932,0.24011299
gi|30316251,0,non-T6SE,807,0.29987608,0.39653036,0.30359356,0.44361834,0.34696406,0.2094176,0.32218092,0.36431227,0.31350682,0.37670384,0.41387856,0.2094176,0.11771995,0.74349442,0.13878563,0.43122677,0.26517968,0.30359356,0.48574969,0.29987608,0.21437423
gi|7531062,0,non-T6SE,351,0.28205128,0.42165242,0.2962963,0.45584046,0.34188034,0.2022792,0.31054131,0.39031339,0.2991453,0.36752137,0.43019943,0.2022792,0.11396011,0.77492877,0.11111111,0.49287749,0.23361823,0.27350427,0.48717949,0.28205128,0.23076923
gi|22654115,0,non-T6SE,667,0.34182909,0.35982009,0.29835082,0.36731634,0.35532234,0.27736132,0.32833583,0.30284858,0.36881559,0.31784108,0.4047976,0.27736132,0.12593703,0.72563718,0.14842579,0.47376312,0.28335832,0.24287856,0.43028486,0.34182909,0.22788606
gi|32130126,0,non-T6SE,507,0.35502959,0.35897436,0.28599606,0.39842209,0.3530572,0.24852071,0.31952663,0.31952663,0.36094675,0.35700197,0.39447732,0.24852071,0.13412229,0.71005917,0.15581854,0.46153846,0.24260355,0.29585799,0.46351085,0.35502959,0.18145957
gi|20141429,0,non-T6SE,321,0.29595016,0.37071651,0.33333333,0.42056075,0.36760125,0.21183801,0.34890966,0.34267913,0.30841121,0.37383178,0.41433022,0.21183801,0.10280374,0.77570093,0.12149533,0.43613707,0.26168224,0.30218069,0.47352025,0.29595016,0.2305296
