id,label,class,length,CTDT_Hydrophobicity_T12,CTDT_Hydrophobicity_T13,CTDT_Hydrophobicity_T23,CTDT_NormalizedVDWV_T12,CTDT_NormalizedVDWV_T13,CTDT_NormalizedVDWV_T23,CTDT_Polarity_T12,CTDT_Polarity_T13,CTDT_Polarity_T23,CTDT_Polarizability_T12,CTDT_Polarizability_T13,CTDT_Polarizability_T23,CTDT_Charge_T12,CTDT_Charge_T13,CTDT_Charge_T23,CTDT_SecondaryStr_T12,CTDT_SecondaryStr_T13,CTDT_SecondaryStr_T23,CTDT_SolventAccessibility_T12,CTDT_SolventAccessibility_T13,CTDT_SolventAccessibility_T23
gi|77358963,1,T6SE,169,0.25595238,0.19642857,0.20238095,0.24404762,0.22619048,0.19642857,0.20238095,0.24404762,0.23214286,0.2797619,0.20238095,0.2202381,0.17857143,0.035714286,0.21428571,0.26190476,0.23214286,0.11904762,0.2797619,0.19047619,0.17261905
gi|9948776,1,T6SE,158,0.30573248,0.15286624,0.1910828,0.22292994,0.22292994,0.20382166,0.17834395,0.22929936,0.26751592,0.28025478,0.1910828,0.23566879,0.18471338,0.044585987,0.23566879,0.19745223,0.21019108,0.19745223,0.31847134,0.18471338,0.14012739
gi|32261790,1,T6SE,169,0.27380952,0.1547619,0.23214286,0.32142857,0.10119048,0.19047619,0.19047619,0.2202381,0.23214286,0.31547619,0.083333333,0.20833333,0.14880952,0.005952381,0.17261905,0.25,0.23809524,0.16666667,0.25595238,0.25,0.17261905
gi|49080696,1,T6SE,163,0.22222222,0.22222222,0.21604938,0.24074074,0.22222222,0.12962963,0.2037037,0.27160494,0.19753086,0.2345679,0.21604938,0.13580247,0.16049383,0.037037037,0.16049383,0.24074074,0.24691358,0.19135802,0.32716049,0.20987654,0.11728395
gi|32261789,1,T6SE,932,0.26315789,0.17400644,0.2481203,0.36627282,0.16433942,0.16326531,0.22771214,0.21589689,0.25993555,0.35016112,0.14607948,0.18152524,0.11815252,0.017185822,0.16219119,0.2244898,0.24167562,0.19656284,0.23952739,0.22019334,0.19763695
gi|66967748,1,T6SE,659,0.22948328,0.12765957,0.21732523,0.25379939,0.19300912,0.10182371,0.2112462,0.1550152,0.23556231,0.29787234,0.15805471,0.13677812,0.16261398,0.015197568,0.1337386,0.21580547,0.27659574,0.13677812,0.2006079,0.26443769,0.15653495
gi|15600791,1,T6SE,1085,0.23892989,0.19280443,0.24907749,0.31734317,0.17250923,0.18081181,0.23800738,0.2204797,0.21678967,0.31273063,0.15313653,0.2001845,0.16420664,0.02398524,0.16605166,0.24630996,0.24169742,0.13560886,0.27490775,0.21309963,0.15682657
gi|15600889,1,T6SE,227,0.24778761,0.18584071,0.23893805,0.30530973,0.17256637,0.12831858,0.24336283,0.19026549,0.24336283,0.32300885,0.12831858,0.17256637,0.15044248,0.026548673,0.20353982,0.22123894,0.30530973,0.11061947,0.28761062,0.17699115,0.1460177
gi|237861353,1,T6SE,185,0.16304348,0.19021739,0.33695652,0.26630435,0.21195652,0.14673913,0.31521739,0.21195652,0.15217391,0.25543478,0.19021739,0.16847826,0.15217391,0.016304348,0.11413043,0.15217391,0.23913043,0.25,0.25,0.32608696,0.10326087
gi|83654653,1,T6SE,146,0.19310345,0.13103448,0.26206897,0.29655172,0.1862069,0.12413793,0.23448276,0.15862069,0.20689655,0.31724138,0.16551724,0.14482759,0.13793103,0.013793103,0.075862069,0.1862069,0.24137931,0.24137931,0.24137931,0.29655172,0.082758621
gi|83650570,1,T6SE,926,0.26378378,0.16864865,0.22054054,0.31567568,0.17945946,0.15243243,0.20972973,0.20108108,0.26162162,0.32648649,0.15567568,0.17621622,0.15351351,0.023783784,0.18810811,0.19027027,0.29837838,0.13837838,0.31243243,0.21837838,0.12
gi|83653954,1,T6SE,1111,0.26396396,0.17297297,0.22072072,0.31531532,0.17477477,0.14774775,0.21621622,0.2045045,0.25405405,0.30990991,0.15495495,0.16756757,0.15495495,0.022522523,0.2009009,0.23423423,0.25765766,0.16036036,0.28468468,0.23603604,0.15225225
gi|83652307,1,T6SE,942,0.27630181,0.11052072,0.22316684,0.31349628,0.18384697,0.11264612,0.21891605,0.13390011,0.27417641,0.32624867,0.16046759,0.1360255,0.1455898,0.018065887,0.1498406,0.20510096,0.32624867,0.12221041,0.26142402,0.23060574,0.12539851
gi|83652651,1,T6SE,932,0.27175081,0.14500537,0.23737916,0.32975295,0.18152524,0.12030075,0.23952739,0.1707841,0.27389903,0.33190118,0.16648765,0.13533835,0.14393126,0.017185822,0.15252417,0.20515575,0.30504834,0.13533835,0.29860365,0.24167562,0.11815252
gi|83655353,1,T6SE,174,0.1734104,0.16763006,0.31213873,0.30635838,0.16763006,0.16763006,0.28323699,0.1849711,0.17919075,0.30057803,0.16184971,0.1734104,0.13872832,0.01734104,0.12138728,0.29479769,0.21387283,0.15606936,0.23121387,0.26589595,0.10982659
gi|83650739,1,T6SE,230,0.18777293,0.11790393,0.28820961,0.25764192,0.23580786,0.13537118,0.29694323,0.13537118,0.1790393,0.27074236,0.17030568,0.20087336,0.087336245,0.0087336245,0.07860262,0.17030568,0.21834061,0.26637555,0.18777293,0.33187773,0.11790393
gi|83654886,1,T6SE,800,0.24030038,0.21151439,0.23028786,0.26533166,0.21777222,0.17396746,0.21526909,0.24155194,0.22778473,0.26533166,0.19524406,0.19649562,0.18898623,0.036295369,0.18147685,0.20275344,0.25281602,0.17271589,0.30788486,0.20025031,0.14392991
gi|83653368,1,T6SE,728,0.27922971,0.17469051,0.2090784,0.28060523,0.22420908,0.16231087,0.20220083,0.20082531,0.27510316,0.29986245,0.19669876,0.18982118,0.19944979,0.028885832,0.1829436,0.20495186,0.28885832,0.13480055,0.28060523,0.2173315,0.17331499
gi|83654025,1,T6SE,1007,0.23856859,0.18389662,0.23459245,0.29224652,0.19483101,0.16898608,0.2306163,0.20974155,0.21868787,0.31312127,0.16799205,0.19582505,0.20178926,0.029821074,0.17097416,0.23161034,0.24751491,0.14811133,0.30119284,0.18389662,0.12127237
gi|28872543,1,T6SE,172,0.22807018,0.15789474,0.22222222,0.26900585,0.19298246,0.14035088,0.20467836,0.21052632,0.19883041,0.26900585,0.18128655,0.15204678,0.12865497,0.023391813,0.1754386,0.26315789,0.22222222,0.15789474,0.22222222,0.2748538,0.16374269
gi|15597881,1,T6SE,726,0.25931034,0.19034483,0.22344828,0.27586207,0.2,0.1737931,0.20827586,0.25241379,0.22206897,0.28827586,0.16689655,0.20689655,0.16551724,0.027586207,0.20689655,0.24275862,0.27448276,0.16137931,0.26482759,0.22206897,0.18482759
gi|154353564,1,T6SE,305,0.25986842,0.17105263,0.24671053,0.36184211,0.15131579,0.13815789,0.23355263,0.18421053,0.25328947,0.35197368,0.14144737,0.14802632,0.16776316,0.032894737,0.19078947,0.20394737,0.26315789,0.13157895,0.29605263,0.19736842,0.13486842
gi|40287638,1,T6SE,163,0.22222222,0.2037037,0.25925926,0.27160494,0.22222222,0.12345679,0.25308642,0.2345679,0.19135802,0.2654321,0.2037037,0.14197531,0.14814815,0.030864198,0.2037037,0.27777778,0.24074074,0.16666667,0.28395062,0.22222222,0.14197531
tr|H9L4Q3|Hcp,1,T6SE,172,0.25146199,0.19298246,0.28070175,0.30409357,0.16959064,0.14035088,0.22807018,0.24561404,0.22222222,0.30994152,0.11695906,0.19298246,0.14619883,0.0058479532,0.21637427,0.21637427,0.25146199,0.18128655,0.28070175,0.29824561,0.16374269
gi|15600894,1,T6SE,1017,0.2726378,0.20669291,0.18996063,0.2726378,0.19783465,0.17814961,0.19094488,0.25295276,0.23425197,0.26968504,0.17322835,0.20275591,0.16633858,0.025590551,0.19685039,0.23523622,0.25098425,0.14074803,0.30413386,0.18208661,0.17519685
gi|9655913,1,T6SE,1163,0.2788296,0.17900172,0.22289157,0.30292599,0.18330465,0.1686747,0.20740103,0.22719449,0.24956971,0.29432014,0.15748709,0.19449225,0.14629948,0.017211704,0.18932874,0.25215146,0.26592083,0.13683305,0.26936317,0.22547332,0.18846816
gi|56708403,1,T6SE,164,0.25153374,0.27607362,0.1595092,0.3006135,0.13496933,0.14110429,0.15337423,0.28220859,0.24539877,0.31288344,0.13496933,0.14110429,0.17177914,0.036809816,0.19631902,0.2208589,0.31288344,0.18404908,0.3803681,0.21472393,0.14723926
gi|56708408,1,T6SE,383,0.22513089,0.28795812,0.15706806,0.27748691,0.11518325,0.22251309,0.14397906,0.33246073,0.17539267,0.26963351,0.10209424,0.23560209,0.17015707,0.039267016,0.2382199,0.2565445,0.22251309,0.20680628,0.31151832,0.13089005,0.20157068
gi|284924280,1,T6SE,168,0.22754491,0.26347305,0.20359281,0.22155689,0.18562874,0.21556886,0.17964072,0.31137725,0.20359281,0.22754491,0.16766467,0.23353293,0.17964072,0.035928144,0.21556886,0.24550898,0.20359281,0.15568862,0.31736527,0.20359281,0.17365269
gi|284924250,1,T6SE,163,0.24691358,0.2345679,0.2037037,0.20987654,0.15432099,0.25925926,0.14197531,0.30864198,0.18518519,0.19135802,0.13580247,0.27777778,0.18518519,0.049382716,0.2345679,0.33333333,0.14814815,0.17283951,0.32098765,0.24074074,0.16049383
gi|15890638,1,T6SE,158,0.26751592,0.1910828,0.21019108,0.27388535,0.15286624,0.17197452,0.1910828,0.23566879,0.23566879,0.2866242,0.12738854,0.19745223,0.14012739,0.012738854,0.20382166,0.28025478,0.17834395,0.17834395,0.25477707,0.23566879,0.20382166
gi|49612877,1,T6SE,678,0.27474151,0.16691285,0.23929099,0.30723781,0.18611521,0.16248154,0.23338257,0.20827179,0.22747415,0.32348597,0.15805022,0.19054653,0.16691285,0.017725258,0.19793205,0.22895126,0.23781388,0.16691285,0.26440177,0.22599705,0.17725258
gi|49612878,1,T6SE,172,0.23976608,0.20467836,0.26900585,0.30994152,0.15204678,0.13450292,0.22222222,0.25146199,0.20467836,0.32163743,0.10526316,0.18128655,0.15204678,0,0.22222222,0.25146199,0.19298246,0.21637427,0.2748538,0.28070175,0.16959064
gi|158512116,1,T6SE,661,0.28484848,0.18636364,0.24242424,0.31666667,0.18030303,0.15757576,0.22121212,0.23181818,0.24848485,0.30454545,0.1530303,0.18484848,0.18181818,0.021212121,0.17575758,0.25151515,0.2469697,0.13636364,0.29242424,0.23484848,0.17878788
gi|169752312,1,T6SE,172,0.26315789,0.21637427,0.22807018,0.26900585,0.1871345,0.19298246,0.21052632,0.26900585,0.22222222,0.25730994,0.16374269,0.21637427,0.16374269,0.011695906,0.21052632,0.26900585,0.23976608,0.14619883,0.33918129,0.16959064,0.14035088
gi|110277123,1,T6SE,172,0.25146199,0.20467836,0.26900585,0.31578947,0.15789474,0.15204678,0.22807018,0.24561404,0.22222222,0.31578947,0.11111111,0.19883041,0.14035088,0,0.19883041,0.25146199,0.22807018,0.19298246,0.28654971,0.29239766,0.16959064
gi|251753421,1,T6SE,159,0.24050633,0.16455696,0.2721519,0.36708861,0.13924051,0.15189873,0.25949367,0.22151899,0.17088608,0.33544304,0.12025316,0.17088608,0.11392405,0.025316456,0.16455696,0.23417722,0.27848101,0.21518987,0.1835443,0.31012658,0.22151899
tr|A0KHA9|Rhs,1,T6SE,927,0.24838013,0.19006479,0.20950324,0.27105832,0.18034557,0.16846652,0.19654428,0.22894168,0.21598272,0.2937365,0.15334773,0.19546436,0.17062635,0.021598272,0.20518359,0.1987041,0.2699784,0.13606911,0.28617711,0.23110151,0.15226782
gi|110277142,1,T6SE,682,0.2701909,0.2041116,0.19970631,0.27459618,0.17767988,0.19530103,0.18502203,0.24816446,0.22613803,0.28340675,0.15124816,0.22173275,0.18061674,0.020558003,0.21732746,0.21879589,0.25697504,0.12481645,0.32011747,0.19970631,0.15418502
gi|225382164,1,T6SE,172,0.26900585,0.19883041,0.18128655,0.30994152,0.1754386,0.14619883,0.16959064,0.24561404,0.24561404,0.29239766,0.14619883,0.1754386,0.16374269,0.035087719,0.21052632,0.30994152,0.25146199,0.14619883,0.29824561,0.21052632,0.16959064
gi|68347098,1,T6SE,123,0.17213115,0.12295082,0.18032787,0.16393443,0.2704918,0.13114754,0.17213115,0.18032787,0.24590164,0.18852459,0.22131148,0.18032787,0.14754098,0.016393443,0.081967213,0.19672131,0.25409836,0.16393443,0.19672131,0.31147541,0.098360656
gi|282949892,1,T6SE,161,0.25625,0.21875,0.175,0.2625,0.21875,0.1625,0.15,0.25625,0.23125,0.25625,0.1875,0.19375,0.1875,0.025,0.225,0.25625,0.2875,0.11875,0.3125,0.225,0.1625
gi|169752307,1,T6SE,782,0.20230474,0.16261204,0.26120359,0.28040973,0.18822023,0.14596671,0.25480154,0.20742638,0.17797695,0.28169014,0.16901408,0.16517286,0.12419974,0.021766965,0.16261204,0.19206146,0.21382843,0.28169014,0.22023047,0.27912932,0.1446863
gi|15641429,1,T6SE,641,0.2296875,0.203125,0.2078125,0.2921875,0.1671875,0.1796875,0.2125,0.2453125,0.203125,0.284375,0.146875,0.2,0.153125,0.0234375,0.1890625,0.2296875,0.2515625,0.1578125,0.259375,0.20625,0.1734375
gi|126387226,1,T6SE,167,0.25301205,0.24096386,0.1746988,0.22289157,0.21686747,0.1746988,0.18072289,0.28313253,0.21084337,0.24698795,0.20481928,0.18674699,0.19879518,0.030120482,0.21084337,0.27710843,0.22891566,0.19277108,0.3313253,0.20481928,0.1626506
gi|9949632,1,T6SE,1099,0.23132969,0.19489982,0.25045537,0.30965392,0.17941712,0.18397086,0.23132969,0.22495446,0.2140255,0.30236794,0.14845173,0.21493625,0.15391621,0.028233151,0.17577413,0.2003643,0.29781421,0.11748634,0.29781421,0.22313297,0.1284153
gi|159186127,1,T6SE,166,0.24848485,0.17575758,0.21818182,0.27272727,0.19393939,0.17575758,0.24242424,0.21212121,0.23636364,0.30909091,0.15757576,0.21212121,0.15151515,0.0060606061,0.12727273,0.23030303,0.2,0.23030303,0.23030303,0.21818182,0.19393939
gi|68344701,1,T6SE,177,0.28977273,0.15340909,0.27840909,0.32386364,0.23863636,0.10795455,0.26704545,0.19886364,0.25568182,0.3125,0.23295455,0.11363636,0.18181818,0.022727273,0.11363636,0.21590909,0.27840909,0.19886364,0.30681818,0.25568182,0.13636364
gi|529189693,1,T6SE,1034,0.20135528,0.22071636,0.2303969,0.26234269,0.1713456,0.22071636,0.21393998,0.26621491,0.1732817,0.25072604,0.15198451,0.24007744,0.16844143,0.032913843,0.16456922,0.23717328,0.21103582,0.18780252,0.27202323,0.20329138,0.1500484
gi|529189690,1,T6SE,172,0.25730994,0.19883041,0.2748538,0.29824561,0.1871345,0.12280702,0.22807018,0.23391813,0.24561404,0.29824561,0.14035088,0.16959064,0.14035088,0,0.19883041,0.22807018,0.23976608,0.18128655,0.31578947,0.29824561,0.14035088
gi|529189691,1,T6SE,723,0.25484765,0.1966759,0.22022161,0.29362881,0.18975069,0.1634349,0.19944598,0.24515235,0.23684211,0.28393352,0.1634349,0.18975069,0.15373961,0.023545706,0.19806094,0.23684211,0.23961219,0.14819945,0.28808864,0.21745152,0.1634349
gi|529187559,1,T6SE,730,0.22908093,0.18381344,0.2345679,0.30178326,0.18106996,0.17009602,0.22222222,0.218107,0.22770919,0.30178326,0.14540466,0.20576132,0.13168724,0.017832647,0.17146776,0.22770919,0.28532236,0.16460905,0.26474623,0.25925926,0.14814815
gi|15595291,1,T6SE,430,0.21678322,0.15151515,0.26573427,0.3030303,0.18414918,0.13519814,0.26107226,0.17016317,0.20745921,0.32400932,0.15384615,0.16550117,0.14219114,0.016317016,0.11888112,0.20745921,0.2983683,0.15151515,0.24242424,0.21445221,0.12587413
gi|15597880,1,T6SE,1317,0.29027356,0.16945289,0.2112462,0.27051672,0.2006079,0.15425532,0.2112462,0.23480243,0.24924012,0.27735562,0.19072948,0.16413374,0.19452888,0.031914894,0.20364742,0.24164134,0.27203647,0.1231003,0.31155015,0.18237082,0.14817629
gi|15597970,1,T6SE,195,0.13917526,0.13917526,0.3556701,0.31443299,0.15979381,0.067010309,0.34536082,0.14948454,0.12886598,0.28865979,0.1443299,0.082474227,0.12886598,0.0051546392,0.087628866,0.17525773,0.34536082,0.15979381,0.20103093,0.26804124,0.077319588
gi|15600282,1,T6SE,745,0.24731183,0.20833333,0.19892473,0.25806452,0.18682796,0.17741935,0.17607527,0.24193548,0.23521505,0.27553763,0.16129032,0.20295699,0.18951613,0.033602151,0.18817204,0.20295699,0.23655914,0.13306452,0.31451613,0.19086022,0.14112903
gi|28901118,1,T6SE,869,0.26612903,0.15898618,0.24308756,0.33870968,0.15437788,0.16013825,0.22235023,0.20506912,0.24539171,0.33410138,0.13824885,0.17626728,0.12788018,0.035714286,0.21082949,0.25115207,0.25576037,0.14746544,0.26152074,0.2062212,0.16359447
gi|28898162,1,T6SE,588,0.27427598,0.20613288,0.19761499,0.31005111,0.16524702,0.19761499,0.19420784,0.23679727,0.25383305,0.27597956,0.14139693,0.22146508,0.19420784,0.030664395,0.20102215,0.23168654,0.24701874,0.14991482,0.29131175,0.2197615,0.1890971
gi|28898189,1,T6SE,734,0.25920873,0.18963165,0.20736698,0.2851296,0.20873124,0.1568895,0.20736698,0.21964529,0.23738063,0.26193724,0.18281037,0.18281037,0.19508868,0.032742156,0.19918145,0.22783083,0.27421555,0.18144611,0.29740791,0.2100955,0.15143247
gi|91190981,1,T6SE,888,0.24464487,0.19729425,0.24915445,0.31341601,0.17361894,0.17925592,0.23337091,0.24239008,0.21307779,0.31341601,0.14656144,0.20631342,0.14543405,0.028184893,0.20631342,0.22096956,0.24239008,0.19503946,0.27170237,0.20744081,0.17023675
gi|15891300,1,T6SE,526,0.24571429,0.15809524,0.20190476,0.31047619,0.15619048,0.15428571,0.19238095,0.19428571,0.22857143,0.29714286,0.12761905,0.18285714,0.17142857,0.011428571,0.18285714,0.17142857,0.28380952,0.17714286,0.22095238,0.20952381,0.18285714
gi|15890633,1,T6SE,278,0.29602888,0.15884477,0.14801444,0.28880866,0.16967509,0.10830325,0.14440433,0.18411552,0.28519856,0.31046931,0.14801444,0.1299639,0.19855596,0.032490975,0.23465704,0.16245487,0.29602888,0.13357401,0.28880866,0.12274368,0.16606498
gi|146301001,1,T6SE,550,0.28415301,0.2276867,0.17486339,0.26593807,0.22222222,0.18761384,0.17850638,0.27504554,0.23679417,0.23679417,0.2003643,0.20947177,0.2003643,0.025500911,0.21857923,0.21129326,0.23679417,0.20400729,0.30236794,0.17486339,0.20947177
gi|146301018,1,T6SE,910,0.27832783,0.2090209,0.19251925,0.2640264,0.20462046,0.20352035,0.16611661,0.25522552,0.24972497,0.2530253,0.1760176,0.23212321,0.21562156,0.04620462,0.18811881,0.23432343,0.25192519,0.17491749,0.32673267,0.18371837,0.16061606
gi|146301004,1,T6SE,602,0.24958403,0.19966722,0.21464226,0.28785358,0.19134775,0.1547421,0.2063228,0.24292845,0.24292845,0.28951747,0.18302829,0.16306156,0.13643927,0.023294509,0.16638935,0.20299501,0.27787022,0.18136439,0.28951747,0.23627288,0.15973378
gi|146301006,1,T6SE,128,0.26771654,0.20472441,0.18897638,0.25984252,0.19685039,0.20472441,0.19685039,0.24409449,0.21259843,0.2519685,0.18897638,0.21259843,0.15748031,0.047244094,0.2519685,0.33858268,0.22047244,0.15748031,0.2992126,0.24409449,0.17322835
gi|296101929,1,T6SE,1462,0.2881588,0.16084873,0.22176591,0.29295003,0.19096509,0.14373717,0.21218344,0.22245038,0.24298426,0.29637235,0.1724846,0.16221766,0.17453799,0.028062971,0.20328542,0.22861054,0.28131417,0.14715948,0.27310062,0.20054757,0.17590691
gi|296103479,1,T6SE,1418,0.28863797,0.15666902,0.2208892,0.28722653,0.19124912,0.14961186,0.22300635,0.21524347,0.24417784,0.28934368,0.17501764,0.16584333,0.17854622,0.023288638,0.19548342,0.23147495,0.26676076,0.15808045,0.27522936,0.21030346,0.17007763
gi|83717090,1,T6SE,1012,0.24530168,0.18397626,0.24035608,0.29277943,0.19485658,0.13452028,0.22354105,0.21463897,0.23244313,0.29772502,0.1760633,0.15331355,0.19386746,0.025717112,0.18397626,0.22255193,0.27101879,0.14342235,0.31256182,0.22848665,0.11671612
gi|83716550,1,T6SE,162,0.24223602,0.20496894,0.26708075,0.31677019,0.20496894,0.16149068,0.2484472,0.23602484,0.23602484,0.32919255,0.1552795,0.21118012,0.16770186,0.031055901,0.20496894,0.25465839,0.2484472,0.13664596,0.29192547,0.2484472,0.1552795
gi|300698040,1,T6SE,708,0.25318246,0.16831683,0.20367751,0.23903819,0.22065064,0.15134371,0.18670438,0.21074965,0.25035361,0.24752475,0.1980198,0.17397454,0.17538897,0.028288543,0.16973126,0.23620934,0.25459689,0.15417256,0.26591231,0.2135785,0.15558699
gi|384418314,1,T6SE,730,0.23731139,0.20438957,0.22908093,0.31412894,0.19890261,0.16323731,0.22633745,0.22908093,0.23182442,0.30178326,0.16735254,0.19478738,0.18792867,0.028806584,0.18792867,0.20301783,0.25788752,0.14540466,0.3127572,0.18106996,0.12894376
gi|157370037,1,T6SE,815,0.23464373,0.16830467,0.26044226,0.30958231,0.19041769,0.15724816,0.24201474,0.1965602,0.21867322,0.3009828,0.15724816,0.19041769,0.16584767,0.023341523,0.17076167,0.21621622,0.28501229,0.13267813,0.26289926,0.21253071,0.14004914
gi|386034524,1,T6SE,813,0.24261084,0.17118227,0.22783251,0.2820197,0.19334975,0.13300493,0.21551724,0.20566502,0.2229064,0.25738916,0.16133005,0.16502463,0.16133005,0.020935961,0.1908867,0.22044335,0.25369458,0.15024631,0.26724138,0.21182266,0.14655172
gi|336250618,1,T6SE,795,0.26952141,0.1511335,0.2418136,0.28211587,0.2115869,0.15239295,0.22418136,0.19395466,0.24685139,0.29596977,0.18513854,0.17884131,0.1675063,0.026448363,0.19017632,0.2279597,0.25692695,0.16372796,0.26574307,0.23929471,0.15491184
gi|15598486,1,T6SE,882,0.21793417,0.17253121,0.26560726,0.30192963,0.17934166,0.15550511,0.24858116,0.2122588,0.20090806,0.31895573,0.15323496,0.1816118,0.14982974,0.024971623,0.1906924,0.2122588,0.24631101,0.14642452,0.27241771,0.21679909,0.11804767
gi|34495467,1,T6SE,512,0.23874755,0.22504892,0.23483366,0.23679061,0.21722114,0.2074364,0.2074364,0.26810176,0.21526419,0.22504892,0.18590998,0.23874755,0.20156556,0.037181996,0.22113503,0.18786693,0.25440313,0.17612524,0.30919765,0.22309198,0.15459883
gi|16416934,1,T6SE,641,0.2203125,0.1921875,0.2453125,0.284375,0.178125,0.2171875,0.2234375,0.2515625,0.1890625,0.2625,0.14375,0.2515625,0.1734375,0.0296875,0.1890625,0.2203125,0.265625,0.159375,0.25625,0.2390625,0.15625
gi|290474535,1,T6SE,624,0.24558587,0.18619583,0.23274478,0.27287319,0.20224719,0.21829856,0.21187801,0.24558587,0.21187801,0.25842697,0.1717496,0.24879615,0.18138042,0.028892456,0.20224719,0.24558587,0.23595506,0.14285714,0.25040128,0.2247191,0.18138042
gi|197285188,1,T6SE,636,0.24566929,0.19685039,0.23307087,0.27401575,0.18267717,0.19685039,0.21889764,0.26141732,0.18740157,0.25511811,0.15433071,0.22519685,0.19055118,0.026771654,0.19370079,0.24094488,0.23937008,0.18740157,0.24724409,0.22519685,0.19527559
gi|152983811,1,T6SE,539,0.24163569,0.15613383,0.23977695,0.28624535,0.19888476,0.1598513,0.23977695,0.18215613,0.23420074,0.28066914,0.16728625,0.19144981,0.15055762,0.027881041,0.19516729,0.21003717,0.23420074,0.15427509,0.26394052,0.22862454,0.133829
gi|28870646,1,T6SE,758,0.24042272,0.17965654,0.26287979,0.28533686,0.20739762,0.16116248,0.25495376,0.21664465,0.22721268,0.28401585,0.16908851,0.1994716,0.15455746,0.019815059,0.18626156,0.22985469,0.22721268,0.18229855,0.26287979,0.24042272,0.15719947
gi|77456377,1,T6SE,727,0.25344353,0.17906336,0.24242424,0.26997245,0.20385675,0.17217631,0.24104683,0.20798898,0.23829201,0.26170799,0.16253444,0.21349862,0.16942149,0.026170799,0.19421488,0.23278237,0.25344353,0.14876033,0.27272727,0.23829201,0.15977961
gi|104784379,1,T6SE,717,0.22486034,0.19692737,0.2472067,0.2849162,0.19553073,0.16340782,0.23743017,0.23184358,0.20949721,0.26815642,0.15083799,0.20810056,0.1396648,0.027932961,0.18715084,0.22206704,0.26815642,0.16201117,0.27234637,0.25418994,0.14944134
gi|146305851,1,T6SE,726,0.27448276,0.14482759,0.24275862,0.27862069,0.20827586,0.16275862,0.23034483,0.19034483,0.25655172,0.29103448,0.1737931,0.19724138,0.16,0.033103448,0.19586207,0.23310345,0.24689655,0.13655172,0.26482759,0.19724138,0.15448276
gi|119899760,1,T6SE,710,0.30465444,0.15796897,0.21297602,0.31029619,0.21015515,0.16643159,0.21015515,0.19464034,0.27926657,0.30747532,0.1819464,0.19464034,0.17348378,0.035260931,0.2045134,0.21720733,0.30324401,0.14809591,0.29055007,0.18335684,0.17207334
gi|28872169,1,T6SE,674,0.27934621,0.14858841,0.21545319,0.29271917,0.20208024,0.14413076,0.20653789,0.17533432,0.26448737,0.31352155,0.16344725,0.18276374,0.17087667,0.040118871,0.18573551,0.19762259,0.26597325,0.14710253,0.24665676,0.20356612,0.18127786
gi|188578355,1,T6SE,715,0.29691877,0.16666667,0.19607843,0.29831933,0.20308123,0.1512605,0.20168067,0.20028011,0.28011204,0.32212885,0.17647059,0.17787115,0.18067227,0.026610644,0.17927171,0.21008403,0.26890756,0.14285714,0.27871148,0.20588235,0.18487395
gi|15595457,1,T6SE,716,0.23776224,0.15384615,0.25174825,0.32447552,0.19020979,0.15804196,0.23776224,0.18741259,0.23496503,0.31048951,0.16783217,0.18041958,0.15104895,0.041958042,0.15664336,0.2041958,0.27552448,0.16643357,0.27552448,0.23776224,0.11608392
gi|401762249,1,T6SE,733,0.27459016,0.15983607,0.2226776,0.28005464,0.2363388,0.14480874,0.23224044,0.20765027,0.24863388,0.28005464,0.18989071,0.19125683,0.16803279,0.023224044,0.18169399,0.20218579,0.2704918,0.16393443,0.26229508,0.21721311,0.17213115
gi|26249230,1,T6SE,658,0.27245053,0.14155251,0.20547945,0.26027397,0.22678843,0.16438356,0.2130898,0.17656012,0.2587519,0.24809741,0.19634703,0.19482496,0.17199391,0.03196347,0.19330289,0.18569254,0.26636225,0.17503805,0.23896499,0.22222222,0.17503805
gi|300718511,1,T6SE,678,0.29689808,0.14623338,0.21861152,0.27474151,0.24667651,0.17134417,0.22156573,0.17872969,0.27917282,0.24815362,0.20827179,0.20974889,0.17577548,0.033973412,0.19054653,0.16838996,0.2717873,0.19793205,0.23485968,0.2127031,0.20827179
gi|300697663,1,T6SE,742,0.27935223,0.15789474,0.2294197,0.2928475,0.21052632,0.17139001,0.21727395,0.20782726,0.25641026,0.27935223,0.17273954,0.20917679,0.16464238,0.035087719,0.19163293,0.22537112,0.2537112,0.15519568,0.25641026,0.2294197,0.18083671
gi|15596707,1,T6SE,569,0.27816901,0.16197183,0.19542254,0.31338028,0.19542254,0.1443662,0.20070423,0.20598592,0.25880282,0.30809859,0.16549296,0.17429577,0.16373239,0.026408451,0.19542254,0.19014085,0.30809859,0.14612676,0.27112676,0.20422535,0.16901408
gi|116687279,1,T6SE,646,0.26511628,0.14418605,0.21860465,0.25736434,0.19069767,0.15503876,0.20620155,0.18139535,0.24341085,0.26511628,0.16899225,0.17674419,0.1627907,0.029457364,0.19689922,0.2,0.26976744,0.15503876,0.2496124,0.22015504,0.15968992
gi|300715001,1,T6SE,556,0.22522523,0.18558559,0.22342342,0.27567568,0.17657658,0.17837838,0.21441441,0.21981982,0.20540541,0.25765766,0.14954955,0.20540541,0.16396396,0.023423423,0.17117117,0.22522523,0.26306306,0.17117117,0.27927928,0.23603604,0.13153153
gi|295095406,1,T6SE,513,0.22851562,0.17382812,0.22265625,0.28125,0.16601562,0.1875,0.22070312,0.21484375,0.2109375,0.26171875,0.14453125,0.20898438,0.16601562,0.025390625,0.15820312,0.21875,0.26367188,0.140625,0.23828125,0.2421875,0.1640625
gi|91212193,1,T6SE,589,0.23129252,0.20918367,0.2244898,0.27891156,0.19897959,0.18027211,0.22278912,0.2585034,0.20918367,0.25340136,0.17687075,0.20238095,0.16156463,0.039115646,0.20408163,0.2244898,0.27040816,0.17346939,0.28571429,0.21428571,0.1547619
gi|384420437,1,T6SE,625,0.25,0.15384615,0.23557692,0.25641026,0.2099359,0.15384615,0.22596154,0.18589744,0.23076923,0.27564103,0.18108974,0.18269231,0.17307692,0.022435897,0.15064103,0.21153846,0.27564103,0.1474359,0.26602564,0.22275641,0.13782051
gi|300697198,1,T6SE,672,0.2757079,0.17883756,0.22503726,0.26676602,0.23546945,0.16542474,0.195231,0.20864382,0.26378539,0.27123696,0.21311475,0.18777943,0.18926975,0.034277198,0.16989568,0.2295082,0.26378539,0.13114754,0.30402385,0.20268256,0.15052161
gi|34496689,1,T6SE,656,0.28091603,0.19083969,0.22290076,0.27022901,0.21374046,0.19389313,0.17557252,0.23816794,0.24580153,0.23664122,0.17709924,0.23053435,0.18625954,0.024427481,0.16946565,0.21984733,0.29465649,0.15267176,0.28854962,0.21221374,0.18320611
gi|251792084,1,T6SE,724,0.28077455,0.21300138,0.18672199,0.26832642,0.18395574,0.21023513,0.16182573,0.25726141,0.24757953,0.2780083,0.16874136,0.22544952,0.19087137,0.030428769,0.23374827,0.23928077,0.26279391,0.14799447,0.31120332,0.15629322,0.18257261
gi|194291793,1,T6SE,999,0.24048096,0.18837675,0.22945892,0.27655311,0.1993988,0.1743487,0.20941884,0.22244489,0.23046092,0.28557114,0.16633267,0.20741483,0.18036072,0.028056112,0.16232465,0.22645291,0.26953908,0.13827655,0.29458918,0.23046092,0.13426854
tr|A1TI59|Uncharacterized,1,T6SE,130,0.29457364,0.11627907,0.20155039,0.26356589,0.21705426,0.17829457,0.20155039,0.1627907,0.27906977,0.27906977,0.13953488,0.25581395,0.1627907,0.007751938,0.12403101,0.21705426,0.26356589,0.15503876,0.20155039,0.23255814,0.20930233
tr|A1TMA4|Uncharacterized,1,T6SE,145,0.20833333,0.14583333,0.25,0.29166667,0.15277778,0.15972222,0.20833333,0.1875,0.20833333,0.34722222,0.11111111,0.20138889,0.13194444,0.0069444444,0.069444444,0.20138889,0.24305556,0.20138889,0.22916667,0.29861111,0.125
tr|A1TPV9|Uncharacterized,1,T6SE,116,0.26086957,0.14782609,0.22608696,0.26086957,0.19130435,0.2173913,0.2,0.15652174,0.25217391,0.26956522,0.16521739,0.24347826,0.20869565,0.017391304,0.11304348,0.20869565,0.27826087,0.13913043,0.30434783,0.25217391,0.10434783
tr|A1TWF0|Uncharacterized,1,T6SE,162,0.27329193,0.10559006,0.2484472,0.2173913,0.30434783,0.099378882,0.2484472,0.13043478,0.28571429,0.2484472,0.26086957,0.14285714,0.16149068,0.02484472,0.086956522,0.1863354,0.27329193,0.14906832,0.22981366,0.24223602,0.14906832
tr|A7MQ14|Uncharacterized,1,T6SE,164,0.24539877,0.25153374,0.17177914,0.19631902,0.24539877,0.17177914,0.17791411,0.30674847,0.21472393,0.18404908,0.20858896,0.20858896,0.20858896,0.018404908,0.20245399,0.19018405,0.2392638,0.17791411,0.36809816,0.1595092,0.12883436
tr|A8AER8|Uncharacterized,1,T6SE,125,0.27419355,0.12096774,0.16129032,0.18548387,0.30645161,0.10483871,0.16935484,0.16129032,0.26612903,0.23387097,0.27419355,0.13709677,0.16935484,0.024193548,0.12903226,0.15322581,0.24193548,0.2016129,0.2016129,0.23387097,0.19354839
tr|A8AGA8|Uncharacterized,1,T6SE,56,0.16363636,0.21818182,0.23636364,0.12727273,0.2,0.29090909,0.2,0.29090909,0.16363636,0.2,0.16363636,0.32727273,0.16363636,0.018181818,0.054545455,0.36363636,0.10909091,0.072727273,0.23636364,0.27272727,0.14545455
tr|A9BLK0|Putative,1,T6SE,123,0.2704918,0.12295082,0.24590164,0.20491803,0.29508197,0.10655738,0.24590164,0.18852459,0.22131148,0.24590164,0.24590164,0.1557377,0.18852459,0.024590164,0.13934426,0.24590164,0.23770492,0.19672131,0.22131148,0.22131148,0.17213115
tr|A9BLY3|Putative,1,T6SE,173,0.23837209,0.16860465,0.26744186,0.25581395,0.22674419,0.18604651,0.26162791,0.22093023,0.20930233,0.27906977,0.20348837,0.20930233,0.19186047,0.029069767,0.13372093,0.25,0.23255814,0.22093023,0.24418605,0.23255814,0.1627907
tr|B0VVE2|Uncharacterized,1,T6SE,200,0.25628141,0.2160804,0.23115578,0.26130653,0.20100503,0.17085427,0.20603015,0.25628141,0.24623116,0.27638191,0.1758794,0.1959799,0.16582915,0.035175879,0.22613065,0.2361809,0.23115578,0.21105528,0.30150754,0.19095477,0.17085427
tr|B1YTK4|Uncharacterized,1,T6SE,126,0.32,0.152,0.224,0.24,0.256,0.176,0.192,0.184,0.32,0.208,0.224,0.208,0.248,0.032,0.192,0.256,0.272,0.112,0.32,0.208,0.152
tr|B2SWU8|Putative,1,T6SE,122,0.2892562,0.1322314,0.2231405,0.18181818,0.2231405,0.19834711,0.19834711,0.2231405,0.21487603,0.21487603,0.19008264,0.23140496,0.15702479,0.0082644628,0.14876033,0.23140496,0.19008264,0.18181818,0.24793388,0.26446281,0.17355372
tr|B2TCX2|Uncharacterized,1,T6SE,133,0.23484848,0.15909091,0.27272727,0.28030303,0.27272727,0.12878788,0.3030303,0.18939394,0.25,0.28030303,0.23484848,0.16666667,0.16666667,0.015151515,0.12121212,0.28787879,0.29545455,0.16666667,0.3030303,0.25757576,0.090909091
tr|B2VH84|Putative,1,T6SE,159,0.2278481,0.19620253,0.26582278,0.25316456,0.21518987,0.17721519,0.24683544,0.2278481,0.20886076,0.28481013,0.17088608,0.22151899,0.1835443,0.025316456,0.12658228,0.23417722,0.22151899,0.20886076,0.30379747,0.24050633,0.12025316
tr|C6BHF2|Putative,1,T6SE,119,0.27966102,0.11016949,0.23728814,0.19491525,0.29661017,0.093220339,0.22033898,0.22881356,0.25423729,0.26271186,0.24576271,0.1440678,0.19491525,0.0084745763,0.12711864,0.22881356,0.24576271,0.16101695,0.19491525,0.29661017,0.19491525
tr|C9XXJ5|Uncharacterized,1,T6SE,122,0.2231405,0.16528926,0.25619835,0.23140496,0.26446281,0.14049587,0.25619835,0.21487603,0.20661157,0.27272727,0.23966942,0.16528926,0.19008264,0.041322314,0.10743802,0.23966942,0.21487603,0.15702479,0.23966942,0.20661157,0.14876033
tr|C9XYW6|Uncharacterized,1,T6SE,129,0.296875,0.1015625,0.28125,0.3203125,0.2578125,0.140625,0.265625,0.1171875,0.296875,0.3046875,0.2109375,0.1875,0.171875,0,0.1171875,0.2109375,0.2734375,0.1328125,0.2890625,0.2265625,0.109375
tr|C9XZ04|Uncharacterized,1,T6SE,136,0.2962963,0.12592593,0.25185185,0.33333333,0.21481481,0.13333333,0.23703704,0.15555556,0.2962963,0.34814815,0.18518519,0.16296296,0.16296296,0,0.11111111,0.32592593,0.25185185,0.1037037,0.28888889,0.25925926,0.13333333
tr|D2ZDL2|Uncharacterized,1,T6SE,122,0.23966942,0.18181818,0.25619835,0.23966942,0.2892562,0.1322314,0.27272727,0.23140496,0.23966942,0.26446281,0.26446281,0.15702479,0.19834711,0.016528926,0.11570248,0.23140496,0.19008264,0.21487603,0.24793388,0.19834711,0.17355372
tr|D4E4R6|Uncharacterized,1,T6SE,168,0.20958084,0.19760479,0.25149701,0.23353293,0.21556886,0.17365269,0.22155689,0.22754491,0.20359281,0.22155689,0.16167665,0.22754491,0.16766467,0.011976048,0.11976048,0.22754491,0.26946108,0.20359281,0.25748503,0.25748503,0.1497006
tr|D5WCZ6|Uncharacterized,1,T6SE,131,0.25384615,0.16153846,0.20769231,0.30769231,0.16923077,0.15384615,0.18461538,0.18461538,0.27692308,0.29230769,0.13846154,0.18461538,0.14615385,0.0076923077,0.11538462,0.29230769,0.26923077,0.11538462,0.25384615,0.26153846,0.16153846
tr|D6J6Z7|Putative,1,T6SE,161,0.2125,0.1625,0.29375,0.25,0.24375,0.1375,0.2625,0.19375,0.21875,0.2625,0.2125,0.16875,0.13125,0.00625,0.14375,0.2,0.21875,0.2625,0.26875,0.31875,0.10625
tr|D8NKY6|D8NKY6_RALSLUncharacterized,1,T6SE,125,0.28225806,0.096774194,0.2016129,0.22580645,0.29032258,0.10483871,0.22580645,0.16935484,0.27419355,0.25,0.25,0.14516129,0.13709677,0.0080645161,0.13709677,0.18548387,0.29032258,0.15322581,0.21774194,0.25,0.16129032
tr|E8WJ67|Uncharacterized,1,T6SE,93,0.13043478,0.30434783,0.22826087,0.29347826,0.17391304,0.14130435,0.2173913,0.33695652,0.076086957,0.20652174,0.10869565,0.20652174,0.17391304,0.02173913,0.13043478,0.33695652,0.2173913,0.17391304,0.29347826,0.18478261,0.14130435
tr|F5RYK9|Uncharacterized,1,T6SE,160,0.18238994,0.17610063,0.29559748,0.23899371,0.17610063,0.16352201,0.26415094,0.22012579,0.16352201,0.28301887,0.1572327,0.18238994,0.12578616,0.018867925,0.081761006,0.25786164,0.20754717,0.22012579,0.23899371,0.28930818,0.11949686
tr|G2S527|Uncharacterized,1,T6SE,120,0.27731092,0.1512605,0.22689076,0.2605042,0.30252101,0.15966387,0.19327731,0.23529412,0.29411765,0.21848739,0.2605042,0.20168067,0.15966387,0.025210084,0.1512605,0.26890756,0.27731092,0.1512605,0.24369748,0.21008403,0.18487395
tr|G4QDA2|Uncharacterized,1,T6SE,143,0.21126761,0.19014085,0.29577465,0.21830986,0.21126761,0.23239437,0.22535211,0.26056338,0.16901408,0.21830986,0.1971831,0.24647887,0.21126761,0.028169014,0.1056338,0.25352113,0.24647887,0.21126761,0.24647887,0.26056338,0.15492958
tr|Q13LX5|Uncharacterized,1,T6SE,126,0.272,0.152,0.224,0.304,0.208,0.152,0.2,0.176,0.296,0.32,0.208,0.152,0.152,0.008,0.144,0.28,0.232,0.136,0.328,0.264,0.096
tr|Q13YG4|Uncharacterized,1,T6SE,133,0.27272727,0.14393939,0.18181818,0.21969697,0.20454545,0.16666667,0.1969697,0.21969697,0.22727273,0.25757576,0.16666667,0.20454545,0.17424242,0.0075757576,0.14393939,0.24242424,0.22727273,0.18181818,0.24242424,0.24242424,0.17424242
tr|Q4ZP52|Putative,1,T6SE,167,0.29518072,0.1626506,0.25301205,0.21084337,0.22891566,0.1746988,0.21686747,0.22289157,0.24698795,0.22289157,0.18072289,0.22289157,0.18674699,0.0060240964,0.1746988,0.25301205,0.18674699,0.20481928,0.24698795,0.22289157,0.21084337
tr|Q8Z4Z6|NlpC/P60,1,T6SE,122,0.23966942,0.11570248,0.20661157,0.17355372,0.38842975,0.11570248,0.25619835,0.18181818,0.25619835,0.20661157,0.33884298,0.16528926,0.16528926,0.033057851,0.1322314,0.2231405,0.23140496,0.14049587,0.21487603,0.23140496,0.14049587
tr|Q8Z969|Uncharacterised,1,T6SE,133,0.29545455,0.18181818,0.18939394,0.27272727,0.16666667,0.25,0.17424242,0.21212121,0.23484848,0.25,0.12878788,0.28787879,0.16666667,0.015151515,0.12878788,0.22727273,0.21212121,0.13636364,0.31060606,0.17424242,0.16666667
tr|Q912Q1|VP1,1,T6SE,169,0.26190476,0.22619048,0.17261905,0.28571429,0.18452381,0.1547619,0.1547619,0.2797619,0.25595238,0.29166667,0.1547619,0.18452381,0.14285714,0.023809524,0.20238095,0.19642857,0.30952381,0.11904762,0.30952381,0.19047619,0.17857143
tr|Q93IS4|Putative,1,T6SE,161,0.2125,0.1625,0.28125,0.275,0.23125,0.175,0.25,0.19375,0.23125,0.275,0.1875,0.21875,0.1625,0,0.1375,0.2125,0.23125,0.2375,0.25625,0.26875,0.11875
sp|E0SAL0|VGRGA_DICD3Putative,1,T6SE,617,0.26136364,0.18506494,0.23214286,0.31331169,0.18019481,0.1461039,0.23376623,0.21590909,0.23051948,0.31980519,0.15097403,0.17532468,0.14772727,0.01461039,0.19318182,0.24675325,0.26136364,0.14935065,0.28084416,0.19642857,0.16558442
gi|56416452,0,non-T6SE,171,0.21176471,0.21764706,0.22352941,0.22941176,0.13529412,0.22941176,0.2,0.24117647,0.21176471,0.24705882,0.12941176,0.23529412,0.21176471,0.017647059,0.18235294,0.24117647,0.17058824,0.14705882,0.28823529,0.22941176,0.14117647
gi|56416486,0,non-T6SE,262,0.23754789,0.2605364,0.24521073,0.24904215,0.18007663,0.19923372,0.20306513,0.30268199,0.21072797,0.30268199,0.13409962,0.24521073,0.22988506,0.038314176,0.17624521,0.24521073,0.23754789,0.18390805,0.32183908,0.24137931,0.17624521
gi|56416658,0,non-T6SE,179,0.23033708,0.16292135,0.21910112,0.2752809,0.21910112,0.12921348,0.20224719,0.17977528,0.23595506,0.28089888,0.19101124,0.15730337,0.15168539,0.028089888,0.19662921,0.25280899,0.31460674,0.11235955,0.24157303,0.20224719,0.15168539
gi|56416728,0,non-T6SE,369,0.20652174,0.16032609,0.26630435,0.3423913,0.14402174,0.14673913,0.25271739,0.17391304,0.20380435,0.30978261,0.12771739,0.16304348,0.13858696,0.029891304,0.19021739,0.21195652,0.2798913,0.14673913,0.24728261,0.2201087,0.11956522
gi|56416785,0,non-T6SE,431,0.25116279,0.19069767,0.26511628,0.34186047,0.16976744,0.12093023,0.25581395,0.22790698,0.23255814,0.32325581,0.15116279,0.13953488,0.18604651,0.013953488,0.19534884,0.25348837,0.25116279,0.18139535,0.30697674,0.20232558,0.13488372
gi|56416813,0,non-T6SE,201,0.13,0.19,0.32,0.27,0.15,0.205,0.28,0.25,0.13,0.285,0.135,0.22,0.135,0.025,0.155,0.255,0.19,0.17,0.21,0.315,0.11
gi|161544987,0,non-T6SE,327,0.24233129,0.18404908,0.23006135,0.30674847,0.15337423,0.17484663,0.21472393,0.21779141,0.22699387,0.31288344,0.12883436,0.1993865,0.1595092,0.030674847,0.21165644,0.22392638,0.23006135,0.18711656,0.27607362,0.22699387,0.15030675
gi|49474890,0,non-T6SE,381,0.24210526,0.21842105,0.2,0.22105263,0.21052632,0.21315789,0.18157895,0.25263158,0.23947368,0.22368421,0.17631579,0.24736842,0.21052632,0.047368421,0.20789474,0.22368421,0.27105263,0.13947368,0.33421053,0.21315789,0.12631579
gi|49474941,0,non-T6SE,672,0.12518629,0.11028316,0.36363636,0.24739195,0.21758569,0.17734724,0.3338301,0.14307004,0.11922504,0.23546945,0.18181818,0.21311475,0.084947839,0.0044709389,0.073025335,0.2876304,0.1728763,0.19374069,0.14307004,0.25186289,0.092399404
gi|49475017,0,non-T6SE,332,0.20241692,0.25075529,0.2326284,0.23867069,0.16616314,0.19939577,0.19335347,0.29607251,0.16918429,0.23564955,0.12688822,0.23867069,0.21148036,0.012084592,0.19335347,0.27190332,0.19335347,0.18126888,0.3081571,0.20241692,0.14501511
gi|49475022,0,non-T6SE,733,0.24043716,0.19535519,0.23497268,0.32103825,0.19535519,0.16120219,0.23224044,0.2226776,0.23224044,0.30327869,0.16393443,0.19262295,0.18032787,0.035519126,0.21994536,0.2704918,0.25136612,0.14754098,0.28415301,0.21857923,0.15163934
gi|49475050,0,non-T6SE,373,0.13172043,0.15860215,0.31451613,0.26344086,0.19892473,0.17473118,0.30107527,0.18817204,0.11827957,0.25268817,0.1827957,0.19086022,0.11290323,0.021505376,0.1344086,0.24193548,0.21505376,0.20430108,0.22043011,0.2983871,0.069892473
gi|49475082,0,non-T6SE,383,0.19371728,0.19109948,0.29842932,0.31937173,0.21465969,0.16492147,0.28795812,0.22251309,0.18848168,0.31151832,0.19633508,0.18324607,0.16753927,0.02617801,0.16753927,0.26439791,0.23298429,0.16492147,0.29842932,0.21989529,0.086387435
gi|49475197,0,non-T6SE,451,0.12,0.13555556,0.36,0.33333333,0.16,0.16,0.35555556,0.14444444,0.12888889,0.31333333,0.14,0.18,0.077777778,0.013333333,0.071111111,0.24888889,0.22666667,0.21333333,0.16888889,0.26666667,0.086666667
gi|49475229,0,non-T6SE,366,0.22739726,0.16438356,0.26575342,0.30684932,0.19726027,0.13150685,0.26575342,0.19726027,0.20547945,0.31780822,0.17534247,0.15342466,0.16986301,0.01369863,0.17808219,0.20273973,0.25205479,0.20273973,0.26027397,0.2109589,0.13150685
gi|49475398,0,non-T6SE,1383,0.22503618,0.23878437,0.20911722,0.28437048,0.18885673,0.19826339,0.20043415,0.26917511,0.20767004,0.27785818,0.16353111,0.223589,0.18668596,0.037626628,0.22865412,0.22575977,0.25615051,0.16063676,0.31693198,0.18234443,0.14688857
gi|49475551,0,non-T6SE,161,0.2875,0.16875,0.2125,0.275,0.2375,0.175,0.21875,0.2,0.26875,0.25,0.225,0.1875,0.24375,0.0375,0.1375,0.28125,0.21875,0.13125,0.28125,0.23125,0.175
gi|49475600,0,non-T6SE,276,0.24,0.21090909,0.24727273,0.29454545,0.20727273,0.16727273,0.24,0.26909091,0.22545455,0.28,0.17090909,0.20363636,0.15636364,0.025454545,0.2,0.22909091,0.23272727,0.19636364,0.29818182,0.22909091,0.15272727
gi|49475756,0,non-T6SE,931,0.2311828,0.2172043,0.21827957,0.30537634,0.19784946,0.17204301,0.21397849,0.24731183,0.22258065,0.29032258,0.17634409,0.19354839,0.19032258,0.038709677,0.20645161,0.23655914,0.25806452,0.16774194,0.30752688,0.20645161,0.14086022
gi|49475880,0,non-T6SE,405,0.17326733,0.21534653,0.27722772,0.29455446,0.15594059,0.23019802,0.25742574,0.2450495,0.15346535,0.26732673,0.13366337,0.25247525,0.14851485,0.012376238,0.13613861,0.30940594,0.17574257,0.19059406,0.26732673,0.24752475,0.12128713
gi|49475883,0,non-T6SE,171,0.23529412,0.14117647,0.28235294,0.25294118,0.22941176,0.24705882,0.22352941,0.2,0.21176471,0.18823529,0.18823529,0.28823529,0.18823529,0.058823529,0.17647059,0.26470588,0.25882353,0.11764706,0.18823529,0.25294118,0.18823529
gi|49476134,0,non-T6SE,715,0.25770308,0.17927171,0.17787115,0.26610644,0.20028011,0.17086835,0.18907563,0.19327731,0.24929972,0.25770308,0.18627451,0.18487395,0.20168067,0.039215686,0.18487395,0.20868347,0.267507,0.13305322,0.28431373,0.18207283,0.15266106
gi|49476146,0,non-T6SE,361,0.22222222,0.20833333,0.22777778,0.31111111,0.18611111,0.16666667,0.20555556,0.23611111,0.2,0.31944444,0.16666667,0.18611111,0.19444444,0.027777778,0.18611111,0.225,0.26666667,0.11944444,0.31666667,0.16111111,0.11388889
gi|49476187,0,non-T6SE,531,0.24716981,0.17169811,0.25660377,0.35471698,0.16415094,0.13584906,0.24528302,0.19811321,0.23207547,0.3509434,0.15283019,0.14716981,0.16226415,0.022641509,0.19245283,0.25471698,0.25283019,0.1754717,0.26792453,0.22264151,0.1509434
gi|33591276,0,non-T6SE,639,0.26802508,0.18338558,0.22257053,0.31818182,0.19122257,0.15203762,0.21630094,0.23040752,0.2523511,0.31034483,0.16144201,0.18181818,0.17241379,0.021943574,0.17868339,0.23040752,0.2523511,0.15517241,0.31034483,0.18965517,0.14106583
gi|33591308,0,non-T6SE,131,0.22307692,0.23076923,0.19230769,0.24615385,0.23846154,0.2,0.22307692,0.29230769,0.19230769,0.29230769,0.22307692,0.21538462,0.18461538,0.061538462,0.25384615,0.26153846,0.20769231,0.16923077,0.3,0.17692308,0.15384615
gi|33591337,0,non-T6SE,193,0.25520833,0.18229167,0.22395833,0.22916667,0.23958333,0.171875,0.21875,0.22916667,0.23958333,0.25520833,0.203125,0.20833333,0.19270833,0.026041667,0.15104167,0.21875,0.25520833,0.18229167,0.32291667,0.24479167,0.11458333
gi|33591364,0,non-T6SE,220,0.19178082,0.19178082,0.27853881,0.31506849,0.20091324,0.15981735,0.27853881,0.2283105,0.19178082,0.34246575,0.17351598,0.18721461,0.14611872,0.01826484,0.15525114,0.2283105,0.23287671,0.1369863,0.29223744,0.26940639,0.091324201
gi|33591365,0,non-T6SE,333,0.24698795,0.20180723,0.19879518,0.24096386,0.22289157,0.20180723,0.18373494,0.24698795,0.2439759,0.2439759,0.18975904,0.23493976,0.18674699,0.036144578,0.19879518,0.23795181,0.21686747,0.13554217,0.26506024,0.24698795,0.18373494
gi|33591421,0,non-T6SE,158,0.24203822,0.29299363,0.21019108,0.33121019,0.10828025,0.24203822,0.15286624,0.36305732,0.18471338,0.31210191,0.10191083,0.24840764,0.15286624,0.038216561,0.28025478,0.24840764,0.22929936,0.14649682,0.33757962,0.1656051,0.19745223
gi|33591450,0,non-T6SE,637,0.23899371,0.20125786,0.24371069,0.27672956,0.19968553,0.18553459,0.22641509,0.24056604,0.21855346,0.28459119,0.16037736,0.22484277,0.16509434,0.04245283,0.21226415,0.23584906,0.21855346,0.15880503,0.29245283,0.23584906,0.14779874
gi|33591498,0,non-T6SE,539,0.1598513,0.15241636,0.35130112,0.32342007,0.18587361,0.18959108,0.34200743,0.17472119,0.15613383,0.30297398,0.17286245,0.20260223,0.12267658,0.0074349442,0.13011152,0.2936803,0.22118959,0.16914498,0.20446097,0.27137546,0.10780669
gi|33591525,0,non-T6SE,619,0.22977346,0.16343042,0.25889968,0.30744337,0.2038835,0.13268608,0.24595469,0.19579288,0.2394822,0.3171521,0.18770227,0.14886731,0.1407767,0.03236246,0.18770227,0.22653722,0.24919094,0.15857605,0.29126214,0.23300971,0.10194175
gi|33591569,0,non-T6SE,216,0.23255814,0.11162791,0.33023256,0.30697674,0.24651163,0.13953488,0.3255814,0.15348837,0.21860465,0.31162791,0.20465116,0.18139535,0.15348837,0.03255814,0.1255814,0.17674419,0.29767442,0.16744186,0.23255814,0.21860465,0.11162791
gi|33591598,0,non-T6SE,224,0.1838565,0.14798206,0.2735426,0.31390135,0.21524664,0.10313901,0.29596413,0.16143498,0.1793722,0.31838565,0.20179372,0.11659193,0.14349776,0.02690583,0.14349776,0.23766816,0.2690583,0.19730942,0.24663677,0.2690583,0.085201794
gi|33591615,0,non-T6SE,200,0.21105528,0.15577889,0.29145729,0.32160804,0.17085427,0.14572864,0.24623116,0.21105528,0.2160804,0.30150754,0.16080402,0.15577889,0.095477387,0.045226131,0.20100503,0.25125628,0.19095477,0.15075377,0.25125628,0.18090452,0.11557789
gi|33591651,0,non-T6SE,134,0.21052632,0.19548872,0.23308271,0.30075188,0.18796992,0.19548872,0.22556391,0.21804511,0.20300752,0.33834586,0.15037594,0.23308271,0.15789474,0.007518797,0.18796992,0.2406015,0.26315789,0.18045113,0.30827068,0.19548872,0.097744361
gi|33591687,0,non-T6SE,1042,0.30739673,0.16138329,0.16042267,0.31508165,0.14985591,0.13064361,0.14889529,0.17675312,0.29298751,0.31700288,0.13256484,0.14793468,0.17483189,0.036503362,0.23823247,0.20941402,0.28242075,0.12295869,0.31123919,0.18251681,0.15754083
gi|33591698,0,non-T6SE,817,0.25367647,0.20220588,0.22058824,0.29166667,0.16789216,0.18627451,0.19485294,0.24264706,0.24264706,0.2879902,0.15686275,0.19730392,0.18995098,0.033088235,0.22181373,0.25,0.24509804,0.13235294,0.32720588,0.17647059,0.12867647
gi|33591728,0,non-T6SE,111,0.36363636,0.072727273,0.17272727,0.3,0.18181818,0.13636364,0.15454545,0.12727273,0.30909091,0.36363636,0.17272727,0.14545455,0.18181818,0.036363636,0.10909091,0.24545455,0.28181818,0.13636364,0.22727273,0.27272727,0.20909091
gi|33591806,0,non-T6SE,250,0.25702811,0.22088353,0.19277108,0.30923695,0.19277108,0.12449799,0.21285141,0.24899598,0.23694779,0.28915663,0.17269076,0.14457831,0.19678715,0.020080321,0.21686747,0.24899598,0.26104418,0.14457831,0.35742972,0.18875502,0.12048193
gi|33591844,0,non-T6SE,573,0.25,0.19230769,0.21503497,0.25874126,0.18531469,0.18181818,0.18881119,0.2465035,0.21328671,0.27097902,0.15909091,0.20804196,0.19055944,0.020979021,0.1958042,0.26223776,0.22727273,0.13286713,0.2972028,0.21328671,0.1451049
gi|33591852,0,non-T6SE,327,0.21779141,0.16257669,0.28220859,0.35276074,0.17177914,0.15030675,0.29141104,0.17791411,0.20858896,0.35276074,0.14723926,0.17484663,0.16564417,0.030674847,0.16564417,0.22392638,0.24846626,0.16871166,0.30674847,0.23619632,0.073619632
gi|33591890,0,non-T6SE,404,0.24069479,0.17121588,0.27295285,0.33746898,0.18610422,0.1439206,0.27295285,0.20099256,0.24069479,0.3325062,0.15136476,0.17866005,0.16377171,0.014888337,0.20843672,0.24069479,0.24069479,0.1662531,0.30024814,0.18362283,0.11166253
gi|33591923,0,non-T6SE,377,0.28989362,0.16489362,0.19414894,0.28989362,0.17287234,0.14361702,0.17553191,0.20478723,0.26595745,0.31914894,0.14361702,0.17287234,0.18882979,0.018617021,0.2393617,0.18882979,0.30053191,0.14095745,0.32180851,0.18351064,0.13297872
gi|33591961,0,non-T6SE,163,0.18518519,0.25925926,0.2345679,0.31481481,0.14197531,0.20987654,0.2345679,0.28395062,0.17283951,0.32716049,0.14197531,0.20987654,0.21604938,0.055555556,0.21604938,0.28395062,0.2037037,0.15432099,0.31481481,0.2345679,0.12962963
gi|33592032,0,non-T6SE,162,0.25465839,0.1552795,0.27329193,0.29813665,0.22981366,0.086956522,0.25465839,0.1863354,0.31055901,0.31677019,0.19875776,0.11801242,0.14906832,0.01242236,0.17391304,0.19875776,0.30434783,0.1863354,0.31677019,0.1863354,0.093167702
gi|33592099,0,non-T6SE,241,0.2375,0.18333333,0.27083333,0.30416667,0.17916667,0.17083333,0.25416667,0.23333333,0.2125,0.3125,0.15416667,0.19583333,0.15416667,0.0083333333,0.19166667,0.2,0.25,0.18333333,0.2375,0.24583333,0.18333333
gi|33592102,0,non-T6SE,377,0.2393617,0.15957447,0.25265957,0.28457447,0.21276596,0.15159574,0.23138298,0.19680851,0.23404255,0.28191489,0.19414894,0.17021277,0.1356383,0.018617021,0.17819149,0.17553191,0.31117021,0.14893617,0.2712766,0.27393617,0.12765957
gi|33592105,0,non-T6SE,442,0.20634921,0.18594104,0.31519274,0.3106576,0.19047619,0.13378685,0.30612245,0.20861678,0.19274376,0.32653061,0.16553288,0.15873016,0.16326531,0.01814059,0.19727891,0.24036281,0.21088435,0.1723356,0.29705215,0.26077098,0.095238095
gi|161610761,0,non-T6SE,571,0.22280702,0.24385965,0.2245614,0.32280702,0.16315789,0.17192982,0.22280702,0.26315789,0.21052632,0.31929825,0.14561404,0.18947368,0.18245614,0.024561404,0.25263158,0.22631579,0.27368421,0.16666667,0.35263158,0.18947368,0.11403509
gi|33592108,0,non-T6SE,119,0.30508475,0.16949153,0.22881356,0.27966102,0.26271186,0.12711864,0.22033898,0.21186441,0.30508475,0.26271186,0.22881356,0.16101695,0.21186441,0.025423729,0.19491525,0.22033898,0.25423729,0.11864407,0.27966102,0.1779661,0.19491525
gi|33592122,0,non-T6SE,344,0.25364431,0.1516035,0.24198251,0.303207,0.22157434,0.1516035,0.23906706,0.18950437,0.22740525,0.29154519,0.19241983,0.18075802,0.17784257,0.034985423,0.18075802,0.21282799,0.2244898,0.17201166,0.28571429,0.17492711,0.11953353
gi|33592143,0,non-T6SE,901,0.25444444,0.17888889,0.21777778,0.25444444,0.21777778,0.18111111,0.20222222,0.21444444,0.24333333,0.24333333,0.19111111,0.20777778,0.17333333,0.028888889,0.19333333,0.19666667,0.26333333,0.13666667,0.30111111,0.20222222,0.13222222
gi|33592161,0,non-T6SE,491,0.15306122,0.1244898,0.36326531,0.36122449,0.16734694,0.14489796,0.34897959,0.15510204,0.15102041,0.34897959,0.15102041,0.16122449,0.11428571,0.012244898,0.10612245,0.24897959,0.24489796,0.17142857,0.21632653,0.26326531,0.06122449
gi|33592162,0,non-T6SE,216,0.16744186,0.14418605,0.26046512,0.31162791,0.15348837,0.12093023,0.26511628,0.14883721,0.18139535,0.37209302,0.11162791,0.1627907,0.13023256,0.037209302,0.15813953,0.2372093,0.25581395,0.19069767,0.20465116,0.23255814,0.10697674
gi|33592170,0,non-T6SE,186,0.27027027,0.15135135,0.24324324,0.21621622,0.28648649,0.14054054,0.21621622,0.17837838,0.27567568,0.22702703,0.24864865,0.17837838,0.20540541,0.010810811,0.12972973,0.23243243,0.24864865,0.12432432,0.28648649,0.26486486,0.13513514
gi|33592172,0,non-T6SE,315,0.21974522,0.21019108,0.17515924,0.25159236,0.15605096,0.16242038,0.18471338,0.21974522,0.21019108,0.2388535,0.13057325,0.18789809,0.18471338,0.035031847,0.17515924,0.22292994,0.29936306,0.10828025,0.3343949,0.17515924,0.095541401
gi|33592173,0,non-T6SE,685,0.23684211,0.20614035,0.21052632,0.33040936,0.13450292,0.14766082,0.2002924,0.2251462,0.22953216,0.35380117,0.12280702,0.15935673,0.11842105,0.033625731,0.21783626,0.21052632,0.29093567,0.11988304,0.30994152,0.19883041,0.13304094
gi|33592174,0,non-T6SE,166,0.18181818,0.25454545,0.21212121,0.32727273,0.12727273,0.19393939,0.21818182,0.28484848,0.16363636,0.32121212,0.10909091,0.21212121,0.14545455,0.024242424,0.20606061,0.27878788,0.2,0.20606061,0.32727273,0.20606061,0.10909091
gi|33592178,0,non-T6SE,210,0.27751196,0.22966507,0.1722488,0.37320574,0.13397129,0.13397129,0.16267943,0.23923445,0.26794258,0.34449761,0.13397129,0.13397129,0.12440191,0.04784689,0.22966507,0.21052632,0.28229665,0.10047847,0.34449761,0.14832536,0.16267943
gi|33592184,0,non-T6SE,447,0.23318386,0.21300448,0.22421525,0.26681614,0.19955157,0.17488789,0.21748879,0.24215247,0.2264574,0.27130045,0.16367713,0.21076233,0.17040359,0.02690583,0.21300448,0.21076233,0.21524664,0.19730942,0.30044843,0.20179372,0.14573991
gi|33592201,0,non-T6SE,519,0.20849421,0.17760618,0.26254826,0.2953668,0.2027027,0.14285714,0.26254826,0.2046332,0.1969112,0.2972973,0.16988417,0.17567568,0.15830116,0.023166023,0.2046332,0.20656371,0.2953668,0.15250965,0.24903475,0.23938224,0.13706564
gi|33592209,0,non-T6SE,278,0.12274368,0.10830325,0.33574007,0.31768953,0.12635379,0.15162455,0.32490975,0.13357401,0.10469314,0.33212996,0.11191336,0.16606498,0.10108303,0.0072202166,0.0433213,0.27797834,0.2166065,0.16245487,0.15162455,0.29602888,0.079422383
gi|33592210,0,non-T6SE,338,0.10979228,0.10385757,0.3620178,0.32344214,0.16023739,0.17507418,0.37091988,0.11275964,0.10089021,0.30563798,0.14243323,0.19287834,0.091988131,0.0089020772,0.091988131,0.26409496,0.19881306,0.18694362,0.13649852,0.29970326,0.077151335
gi|33592211,0,non-T6SE,346,0.25797101,0.17391304,0.24057971,0.27826087,0.20289855,0.13623188,0.24347826,0.2,0.23188406,0.26376812,0.1826087,0.15652174,0.18550725,0.011594203,0.16231884,0.21449275,0.25507246,0.16811594,0.33043478,0.22028986,0.10144928
gi|33592259,0,non-T6SE,956,0.26387435,0.16858639,0.23246073,0.27853403,0.1947644,0.1591623,0.21361257,0.2104712,0.2408377,0.27539267,0.17068063,0.18324607,0.15497382,0.019895288,0.21465969,0.23664921,0.25759162,0.14240838,0.28481675,0.2408377,0.14764398
gi|33592276,0,non-T6SE,791,0.26455696,0.21265823,0.21898734,0.33037975,0.17341772,0.1556962,0.21392405,0.2278481,0.25189873,0.34177215,0.13924051,0.18987342,0.19367089,0.040506329,0.22531646,0.23417722,0.25949367,0.13291139,0.35443038,0.16455696,0.12278481
gi|33592355,0,non-T6SE,453,0.21460177,0.17256637,0.28097345,0.35176991,0.15265487,0.13938053,0.26327434,0.18584071,0.21460177,0.36283186,0.12389381,0.16814159,0.16371681,0.024336283,0.1659292,0.24778761,0.26548673,0.13716814,0.2699115,0.21238938,0.11725664
gi|33592369,0,non-T6SE,201,0.315,0.155,0.2,0.255,0.19,0.175,0.205,0.19,0.27,0.3,0.15,0.215,0.185,0.005,0.175,0.185,0.28,0.105,0.305,0.245,0.165
gi|33592375,0,non-T6SE,997,0.3062249,0.17570281,0.17771084,0.33433735,0.16164659,0.12449799,0.16767068,0.19176707,0.30421687,0.32931727,0.14257028,0.1435743,0.18172691,0.023092369,0.23393574,0.2248996,0.25903614,0.11445783,0.33032129,0.20281124,0.15160643
gi|33592382,0,non-T6SE,904,0.24806202,0.19712071,0.25581395,0.32336656,0.19933555,0.14839424,0.24806202,0.23366556,0.2303433,0.31007752,0.17275748,0.17497231,0.17386489,0.023255814,0.20708749,0.2358804,0.2469546,0.16057586,0.31339978,0.19822813,0.13178295
gi|33592384,0,non-T6SE,262,0.19923372,0.13793103,0.26819923,0.26436782,0.22605364,0.1302682,0.24904215,0.18007663,0.21072797,0.2605364,0.20689655,0.14942529,0.13409962,0.011494253,0.16475096,0.21072797,0.26436782,0.14942529,0.24904215,0.2835249,0.088122605
gi|33592386,0,non-T6SE,463,0.22077922,0.16883117,0.27272727,0.3008658,0.17748918,0.13203463,0.25757576,0.2012987,0.20995671,0.30952381,0.15800866,0.15151515,0.14718615,0.03030303,0.17748918,0.22294372,0.27272727,0.14285714,0.27922078,0.22943723,0.11038961
gi|33592390,0,non-T6SE,141,0.23571429,0.17857143,0.22142857,0.29285714,0.19285714,0.17142857,0.23571429,0.20714286,0.22142857,0.27857143,0.16428571,0.2,0.20714286,0.0071428571,0.15,0.25714286,0.22857143,0.15714286,0.27857143,0.22857143,0.13571429
gi|33592400,0,non-T6SE,308,0.12052117,0.10749186,0.41368078,0.35504886,0.19869707,0.14983713,0.42019544,0.13355049,0.11400651,0.33876221,0.17589577,0.17263844,0.09771987,0.013029316,0.058631922,0.28338762,0.20846906,0.18892508,0.14332248,0.28990228,0.084690554
gi|33592405,0,non-T6SE,437,0.24311927,0.19036697,0.23394495,0.26605505,0.20642202,0.16972477,0.23853211,0.22247706,0.22477064,0.25458716,0.18119266,0.19495413,0.18348624,0.025229358,0.15825688,0.24541284,0.25917431,0.15366972,0.30733945,0.18348624,0.12614679
gi|33592407,0,non-T6SE,283,0.09929078,0.14539007,0.34042553,0.30141844,0.13120567,0.17375887,0.32269504,0.16312057,0.088652482,0.28723404,0.10283688,0.20212766,0.10638298,0.010638298,0.095744681,0.32978723,0.18085106,0.14539007,0.16312057,0.31914894,0.081560284
gi|33592423,0,non-T6SE,233,0.22844828,0.18103448,0.2112069,0.29741379,0.16810345,0.22844828,0.22413793,0.20258621,0.21551724,0.28017241,0.125,0.27155172,0.14224138,0.034482759,0.17241379,0.27586207,0.26724138,0.1637931,0.28017241,0.22844828,0.12931034
gi|33592476,0,non-T6SE,135,0.2761194,0.25373134,0.18656716,0.30597015,0.14179104,0.1641791,0.17164179,0.31343284,0.23134328,0.32835821,0.13432836,0.17164179,0.20149254,0.02238806,0.19402985,0.20895522,0.25373134,0.13432836,0.34328358,0.17910448,0.18656716
gi|33592484,0,non-T6SE,340,0.29498525,0.17699115,0.17699115,0.27433628,0.19764012,0.15339233,0.19764012,0.20353982,0.26843658,0.31268437,0.18289086,0.16814159,0.1740413,0.026548673,0.179941,0.16814159,0.23893805,0.15044248,0.32153392,0.15929204,0.15044248
gi|33592487,0,non-T6SE,606,0.23966942,0.18677686,0.2,0.31900826,0.14380165,0.14710744,0.2,0.19338843,0.24297521,0.33719008,0.1322314,0.15867769,0.16033058,0.021487603,0.19669421,0.22479339,0.25289256,0.12066116,0.3107438,0.19008264,0.11570248
gi|33592501,0,non-T6SE,336,0.21791045,0.2238806,0.19402985,0.31343284,0.13432836,0.17313433,0.18208955,0.2358209,0.21791045,0.31044776,0.12537313,0.18208955,0.16716418,0.035820896,0.23283582,0.23880597,0.27164179,0.068656716,0.31940299,0.16716418,0.12238806
gi|33592520,0,non-T6SE,186,0.25945946,0.22702703,0.23783784,0.36216216,0.2,0.17297297,0.24324324,0.24324324,0.25405405,0.33513514,0.18378378,0.18918919,0.21081081,0.07027027,0.21081081,0.26486486,0.27027027,0.14054054,0.35135135,0.19459459,0.13513514
gi|33592528,0,non-T6SE,151,0.22,0.22666667,0.23333333,0.27333333,0.23333333,0.14666667,0.23333333,0.25333333,0.22,0.26,0.15333333,0.22666667,0.20666667,0.02,0.2,0.24666667,0.22,0.16666667,0.34666667,0.24,0.1
gi|33592575,0,non-T6SE,216,0.24651163,0.2372093,0.22325581,0.28372093,0.22325581,0.17209302,0.22790698,0.26046512,0.21395349,0.28372093,0.17674419,0.21860465,0.18139535,0.03255814,0.20930233,0.21395349,0.26046512,0.16744186,0.3255814,0.14418605,0.15813953
gi|33592577,0,non-T6SE,376,0.184,0.18933333,0.28266667,0.35733333,0.15733333,0.14933333,0.28,0.208,0.17066667,0.32533333,0.136,0.17066667,0.13866667,0.021333333,0.16533333,0.192,0.26666667,0.176,0.28,0.192,0.093333333
gi|33592642,0,non-T6SE,108,0.1682243,0.24299065,0.24299065,0.31775701,0.14953271,0.13084112,0.24299065,0.24299065,0.14953271,0.30841121,0.12149533,0.1588785,0.1588785,0.028037383,0.19626168,0.17757009,0.31775701,0.056074766,0.29906542,0.17757009,0.11214953
gi|33592677,0,non-T6SE,246,0.29387755,0.15918367,0.23673469,0.29387755,0.22857143,0.14285714,0.23265306,0.1877551,0.28979592,0.30204082,0.20408163,0.16734694,0.19183673,0.028571429,0.20816327,0.24489796,0.26122449,0.14693878,0.35510204,0.20816327,0.097959184
gi|33592689,0,non-T6SE,232,0.26406926,0.16017316,0.21645022,0.24242424,0.22077922,0.17316017,0.19047619,0.2034632,0.28138528,0.23809524,0.21212121,0.18181818,0.14718615,0.025974026,0.22510823,0.18614719,0.32034632,0.10822511,0.2987013,0.21212121,0.12554113
gi|33592773,0,non-T6SE,149,0.23648649,0.14189189,0.27702703,0.34459459,0.18243243,0.12162162,0.26351351,0.16891892,0.23648649,0.34459459,0.16891892,0.13513514,0.16216216,0.027027027,0.17567568,0.14189189,0.18918919,0.18918919,0.2972973,0.23648649,0.081081081
gi|33592860,0,non-T6SE,170,0.18934911,0.21301775,0.25443787,0.31360947,0.16568047,0.15976331,0.26035503,0.21893491,0.17159763,0.35502959,0.14792899,0.17751479,0.20710059,0.0059171598,0.17159763,0.20118343,0.22485207,0.17751479,0.31360947,0.24852071,0.088757396
gi|33592866,0,non-T6SE,113,0.19642857,0.19642857,0.29464286,0.34821429,0.16964286,0.13392857,0.27678571,0.23214286,0.1875,0.36607143,0.098214286,0.20535714,0.125,0.017857143,0.21428571,0.24107143,0.29464286,0.15178571,0.27678571,0.24107143,0.11607143
gi|33592952,0,non-T6SE,321,0.2375,0.2,0.228125,0.2875,0.196875,0.19375,0.246875,0.21875,0.225,0.284375,0.1625,0.228125,0.2125,0.0375,0.1875,0.18125,0.25,0.1375,0.31875,0.196875,0.11875
gi|33593047,0,non-T6SE,863,0.25522042,0.18097448,0.25058005,0.31206497,0.18909513,0.15313225,0.24477958,0.20765661,0.24709977,0.29234339,0.16009281,0.18213457,0.16705336,0.023201856,0.20417633,0.22737819,0.27030162,0.17517401,0.2900232,0.23085847,0.14617169
gi|33593102,0,non-T6SE,440,0.22551253,0.20728929,0.22779043,0.28473804,0.19589977,0.16628702,0.23690205,0.23462415,0.21640091,0.29840547,0.17312073,0.18906606,0.15489749,0.018223235,0.19589977,0.25740319,0.23917995,0.1571754,0.32801822,0.20728929,0.1047836
gi|33593188,0,non-T6SE,760,0.28326746,0.21343874,0.17523057,0.26482213,0.2173913,0.15810277,0.17391304,0.23847167,0.27667984,0.28853755,0.19894598,0.17654809,0.23715415,0.036890646,0.23188406,0.24374177,0.24637681,0.10935441,0.34519104,0.171278,0.15151515
gi|33593279,0,non-T6SE,329,0.19207317,0.20121951,0.2652439,0.31707317,0.16768293,0.17073171,0.25609756,0.22865854,0.19512195,0.30182927,0.14634146,0.19207317,0.16463415,0.018292683,0.14939024,0.24085366,0.24390244,0.16158537,0.31402439,0.21646341,0.079268293
gi|33593284,0,non-T6SE,528,0.14041746,0.11385199,0.33586338,0.33586338,0.18406072,0.13851992,0.34914611,0.11954459,0.14041746,0.32068311,0.15749526,0.16508539,0.091081594,0.018975332,0.075901328,0.24288425,0.22390892,0.18595825,0.16888046,0.29791271,0.085388994
gi|33593301,0,non-T6SE,532,0.26177024,0.16195857,0.22033898,0.30508475,0.17702448,0.14689266,0.21280603,0.17702448,0.25423729,0.32391714,0.15442561,0.16949153,0.17702448,0.024482109,0.18644068,0.18832392,0.29378531,0.13559322,0.29190207,0.22787194,0.13182674
gi|33593303,0,non-T6SE,446,0.2741573,0.14382022,0.20898876,0.27191011,0.20224719,0.14157303,0.20674157,0.17752809,0.25393258,0.28988764,0.1752809,0.16853933,0.1752809,0.02247191,0.19775281,0.21797753,0.23595506,0.13707865,0.27640449,0.23820225,0.14157303
gi|33593318,0,non-T6SE,90,0.15730337,0.19101124,0.26966292,0.24719101,0.24719101,0.06741573,0.26966292,0.19101124,0.17977528,0.3258427,0.14606742,0.16853933,0.15730337,0.033707865,0.12359551,0.19101124,0.30337079,0.12359551,0.2247191,0.26966292,0.12359551
gi|33593330,0,non-T6SE,90,0.2247191,0.31460674,0.12359551,0.21348315,0.15730337,0.25842697,0.13483146,0.3258427,0.21348315,0.20224719,0.12359551,0.29213483,0.21348315,0.033707865,0.21348315,0.24719101,0.20224719,0.13483146,0.4494382,0.12359551,0.08988764
gi|33593333,0,non-T6SE,226,0.19555556,0.18666667,0.28888889,0.36888889,0.11555556,0.13777778,0.26666667,0.2,0.2,0.36888889,0.097777778,0.15555556,0.14666667,0.031111111,0.2,0.18222222,0.28444444,0.12888889,0.31111111,0.18222222,0.071111111
gi|33593350,0,non-T6SE,436,0.1908046,0.19310345,0.26436782,0.26436782,0.2045977,0.17241379,0.25287356,0.23218391,0.17011494,0.27356322,0.16781609,0.2091954,0.14022989,0.027586207,0.17931034,0.23448276,0.18850575,0.19310345,0.25287356,0.23908046,0.13103448
gi|33593385,0,non-T6SE,633,0.22151899,0.19936709,0.25158228,0.3306962,0.17879747,0.17246835,0.24050633,0.21835443,0.21518987,0.3306962,0.1471519,0.20411392,0.18196203,0.026898734,0.18196203,0.23101266,0.27373418,0.11234177,0.28639241,0.21360759,0.13449367
gi|33593386,0,non-T6SE,326,0.24615385,0.13846154,0.25230769,0.33846154,0.14769231,0.14769231,0.24,0.16307692,0.24,0.34769231,0.13846154,0.15692308,0.12,0.030769231,0.18461538,0.23384615,0.28923077,0.14153846,0.27076923,0.20923077,0.11384615
gi|33593394,0,non-T6SE,339,0.23372781,0.16568047,0.25739645,0.31656805,0.19822485,0.13905325,0.23372781,0.19526627,0.24556213,0.31656805,0.16863905,0.16863905,0.15976331,0.014792899,0.16863905,0.20414201,0.23372781,0.13313609,0.28698225,0.22189349,0.11242604
gi|33593421,0,non-T6SE,199,0.2979798,0.22727273,0.18686869,0.2979798,0.18686869,0.16666667,0.19191919,0.25252525,0.27272727,0.28787879,0.17676768,0.17676768,0.21212121,0.04040404,0.26262626,0.2979798,0.23232323,0.12121212,0.35858586,0.14141414,0.16666667
gi|33593453,0,non-T6SE,451,0.25111111,0.22444444,0.20888889,0.34888889,0.19111111,0.14444444,0.20888889,0.24222222,0.25555556,0.30222222,0.16888889,0.16666667,0.16222222,0.024444444,0.19777778,0.22444444,0.26666667,0.13111111,0.33777778,0.20888889,0.13777778
gi|33593454,0,non-T6SE,446,0.29662921,0.15955056,0.24269663,0.29438202,0.2,0.1505618,0.21573034,0.19101124,0.28764045,0.31460674,0.17078652,0.17977528,0.17078652,0.024719101,0.20898876,0.20449438,0.28089888,0.092134831,0.31460674,0.19325843,0.14157303
gi|33593464,0,non-T6SE,721,0.20833333,0.125,0.29305556,0.36111111,0.15138889,0.10277778,0.29027778,0.13055556,0.20555556,0.38194444,0.13611111,0.11805556,0.13888889,0.013888889,0.13611111,0.21527778,0.25,0.13333333,0.24861111,0.22638889,0.084722222
gi|33593492,0,non-T6SE,269,0.24253731,0.19029851,0.25,0.33955224,0.18283582,0.12686567,0.25373134,0.20149254,0.2238806,0.3619403,0.16791045,0.14179104,0.1641791,0.0074626866,0.20895522,0.23880597,0.2238806,0.17164179,0.30223881,0.20149254,0.13059701
gi|33593516,0,non-T6SE,178,0.23728814,0.24858757,0.19774011,0.25423729,0.20338983,0.18644068,0.21468927,0.31073446,0.18644068,0.24293785,0.15819209,0.23163842,0.19774011,0.050847458,0.20903955,0.27683616,0.25423729,0.18644068,0.35028249,0.19774011,0.13559322
gi|33593549,0,non-T6SE,257,0.26171875,0.22265625,0.21875,0.23828125,0.2421875,0.19140625,0.19921875,0.2734375,0.2265625,0.2421875,0.19140625,0.2421875,0.23828125,0.04296875,0.13671875,0.28515625,0.203125,0.11328125,0.34375,0.18359375,0.140625
gi|33593602,0,non-T6SE,530,0.21361059,0.20793951,0.26275992,0.28355388,0.20793951,0.18336484,0.25330813,0.2362949,0.21550095,0.27599244,0.18903592,0.20226843,0.15689981,0.020793951,0.19659735,0.24385633,0.26275992,0.14555766,0.30812854,0.2362949,0.11342155
gi|33593644,0,non-T6SE,437,0.23165138,0.20183486,0.22706422,0.27293578,0.24082569,0.1353211,0.23623853,0.23394495,0.23165138,0.27752294,0.19495413,0.18119266,0.1766055,0.032110092,0.19266055,0.23165138,0.25,0.1766055,0.29357798,0.22018349,0.13990826
gi|33593645,0,non-T6SE,156,0.26451613,0.12903226,0.34193548,0.34193548,0.24516129,0.096774194,0.33548387,0.16129032,0.25806452,0.37419355,0.22580645,0.11612903,0.1483871,0.0064516129,0.16774194,0.21935484,0.30322581,0.16774194,0.25806452,0.27096774,0.13548387
gi|33593651,0,non-T6SE,94,0.2688172,0.13978495,0.24731183,0.22580645,0.24731183,0.22580645,0.20430108,0.1827957,0.24731183,0.25806452,0.19354839,0.27956989,0.17204301,0.043010753,0.19354839,0.17204301,0.32258065,0.10752688,0.19354839,0.23655914,0.21505376
gi|33593652,0,non-T6SE,329,0.22865854,0.19817073,0.20121951,0.28353659,0.23170732,0.20426829,0.20426829,0.23170732,0.23780488,0.27743902,0.20121951,0.2347561,0.18292683,0.024390244,0.18902439,0.25304878,0.20426829,0.16158537,0.31097561,0.2347561,0.11585366
gi|33593672,0,non-T6SE,173,0.22674419,0.18604651,0.21511628,0.25,0.18604651,0.14534884,0.20348837,0.22093023,0.22674419,0.26162791,0.13953488,0.19186047,0.13372093,0.029069767,0.19767442,0.25,0.24418605,0.13372093,0.26162791,0.22674419,0.15116279
gi|33593692,0,non-T6SE,135,0.13432836,0.089552239,0.32089552,0.2238806,0.20149254,0.19402985,0.25373134,0.14179104,0.15671642,0.21641791,0.15671642,0.23880597,0.052238806,0.0074626866,0.1119403,0.28358209,0.24626866,0.089552239,0.089552239,0.28358209,0.13432836
gi|33593693,0,non-T6SE,213,0.12264151,0.08490566,0.34433962,0.26886792,0.16981132,0.22169811,0.30188679,0.12735849,0.11792453,0.25943396,0.15566038,0.23584906,0.070754717,0.0047169811,0.11792453,0.26415094,0.23113208,0.14150943,0.11320755,0.31132075,0.094339623
gi|33593709,0,non-T6SE,1273,0.24528302,0.16823899,0.24606918,0.33569182,0.1745283,0.15330189,0.23742138,0.20204403,0.23506289,0.31996855,0.14779874,0.18003145,0.14465409,0.025157233,0.18238994,0.2240566,0.26886792,0.13443396,0.2995283,0.22955975,0.11399371
gi|33593717,0,non-T6SE,81,0.275,0.2,0.2125,0.25,0.2125,0.15,0.2,0.2125,0.2875,0.275,0.1875,0.175,0.1875,0.0125,0.1625,0.2375,0.2125,0.1875,0.3625,0.225,0.1125
gi|33593802,0,non-T6SE,399,0.20854271,0.15829146,0.28140704,0.30904523,0.20100503,0.15326633,0.28140704,0.18341709,0.19346734,0.30904523,0.16582915,0.18844221,0.14824121,0.027638191,0.16331658,0.22613065,0.2638191,0.14070352,0.26633166,0.22361809,0.10050251
gi|33593847,0,non-T6SE,486,0.24123711,0.1628866,0.28041237,0.3257732,0.19587629,0.14020619,0.27835052,0.1814433,0.23917526,0.34226804,0.17525773,0.16082474,0.16082474,0.028865979,0.1814433,0.21649485,0.26185567,0.16701031,0.29278351,0.25360825,0.11134021
gi|33593886,0,non-T6SE,160,0.22641509,0.24528302,0.22641509,0.27672956,0.16981132,0.17610063,0.2327044,0.27672956,0.19496855,0.28930818,0.13207547,0.21383648,0.19496855,0.044025157,0.23899371,0.25157233,0.2327044,0.13836478,0.32075472,0.22012579,0.1509434
gi|33593948,0,non-T6SE,307,0.23202614,0.23856209,0.25490196,0.30718954,0.17973856,0.16993464,0.22875817,0.27124183,0.2124183,0.29411765,0.16013072,0.18954248,0.19934641,0.0098039216,0.2254902,0.26470588,0.25816993,0.13398693,0.3496732,0.19607843,0.12091503
gi|33593964,0,non-T6SE,359,0.2150838,0.1424581,0.2849162,0.25418994,0.18994413,0.18156425,0.24301676,0.18435754,0.21787709,0.28212291,0.1452514,0.22625698,0.1424581,0.030726257,0.18156425,0.24301676,0.20949721,0.12569832,0.23463687,0.28212291,0.12290503
gi|33594074,0,non-T6SE,145,0.20138889,0.1875,0.26388889,0.20833333,0.22916667,0.16666667,0.24305556,0.22222222,0.19444444,0.26388889,0.1875,0.20833333,0.13888889,0.027777778,0.19444444,0.20833333,0.20833333,0.16666667,0.24305556,0.34722222,0.14583333
gi|33594098,0,non-T6SE,512,0.25440313,0.18786693,0.20156556,0.25636008,0.2035225,0.20547945,0.20939335,0.24657534,0.21135029,0.2446184,0.1702544,0.23874755,0.17808219,0.037181996,0.19373777,0.25831703,0.23287671,0.1369863,0.26614481,0.18786693,0.17612524
gi|33594166,0,non-T6SE,245,0.22540984,0.20901639,0.25819672,0.29918033,0.20901639,0.1557377,0.20901639,0.26639344,0.21721311,0.2704918,0.18032787,0.18442623,0.15163934,0.020491803,0.18442623,0.27459016,0.26229508,0.16393443,0.32377049,0.21311475,0.11065574
gi|33594173,0,non-T6SE,320,0.24137931,0.17554859,0.22884013,0.2507837,0.21943574,0.15673981,0.22570533,0.19749216,0.23197492,0.25705329,0.18808777,0.18808777,0.18181818,0.028213166,0.19749216,0.24451411,0.26332288,0.15673981,0.28213166,0.21943574,0.13479624
gi|33594185,0,non-T6SE,301,0.26666667,0.23333333,0.22,0.28,0.19333333,0.21,0.20333333,0.26333333,0.25,0.27,0.17,0.23333333,0.24,0.033333333,0.18666667,0.28333333,0.22666667,0.12,0.29666667,0.16666667,0.20333333
gi|33594187,0,non-T6SE,140,0.27338129,0.15827338,0.22302158,0.37410072,0.15827338,0.14388489,0.20863309,0.17266187,0.29496403,0.38129496,0.15107914,0.15107914,0.18705036,0.028776978,0.21582734,0.22302158,0.22302158,0.09352518,0.39568345,0.1942446,0.035971223
gi|33594225,0,non-T6SE,488,0.25256674,0.1724846,0.23613963,0.30595483,0.2073922,0.13963039,0.23203285,0.19301848,0.25256674,0.32648871,0.17043121,0.17659138,0.17659138,0.024640657,0.19917864,0.24024641,0.24845996,0.12936345,0.30390144,0.20533881,0.1211499
gi|33594408,0,non-T6SE,445,0.25675676,0.19144144,0.22972973,0.31081081,0.17567568,0.16666667,0.24099099,0.23423423,0.21846847,0.30630631,0.16216216,0.18018018,0.16666667,0.029279279,0.20045045,0.23198198,0.2545045,0.1463964,0.30405405,0.19594595,0.14414414
gi|33594429,0,non-T6SE,696,0.25755396,0.18561151,0.25179856,0.34388489,0.16258993,0.16690647,0.23884892,0.21007194,0.23884892,0.3381295,0.13381295,0.19568345,0.18561151,0.027338129,0.2057554,0.22014388,0.27482014,0.13093525,0.32230216,0.19136691,0.12086331
gi|161610757,0,non-T6SE,229,0.26754386,0.17982456,0.19298246,0.29385965,0.21929825,0.13596491,0.21052632,0.18859649,0.28508772,0.33333333,0.20614035,0.14912281,0.21929825,0.0087719298,0.14912281,0.21052632,0.27192982,0.15789474,0.32017544,0.23684211,0.12719298
gi|33594485,0,non-T6SE,263,0.30534351,0.19465649,0.18320611,0.22519084,0.24045802,0.19083969,0.16793893,0.22519084,0.30534351,0.23664122,0.19847328,0.23282443,0.27480916,0.030534351,0.16412214,0.1870229,0.28625954,0.14122137,0.3740458,0.19847328,0.1259542
gi|33594488,0,non-T6SE,93,0.38043478,0.18478261,0.14130435,0.25,0.25,0.17391304,0.14130435,0.22826087,0.33695652,0.22826087,0.22826087,0.19565217,0.34782609,0.02173913,0.17391304,0.32608696,0.25,0.097826087,0.29347826,0.10869565,0.27173913
gi|33594494,0,non-T6SE,101,0.33,0.21,0.17,0.22,0.3,0.2,0.18,0.24,0.28,0.2,0.26,0.24,0.42,0.04,0.1,0.17,0.26,0.1,0.36,0.15,0.18
gi|33594497,0,non-T6SE,120,0.26890756,0.21848739,0.20168067,0.26890756,0.20168067,0.16806723,0.17647059,0.2605042,0.2605042,0.26890756,0.20168067,0.16806723,0.27731092,0.042016807,0.12605042,0.2605042,0.21848739,0.10084034,0.41176471,0.1512605,0.075630252
gi|33594500,0,non-T6SE,146,0.30344828,0.20689655,0.2137931,0.28275862,0.22068966,0.14482759,0.20689655,0.22758621,0.28275862,0.27586207,0.2,0.16551724,0.27586207,0,0.13793103,0.17931034,0.30344828,0.11034483,0.37241379,0.2,0.13793103
gi|33594505,0,non-T6SE,133,0.21969697,0.17424242,0.26515152,0.26515152,0.20454545,0.16666667,0.25757576,0.1969697,0.22727273,0.3030303,0.16666667,0.20454545,0.22727273,0.015151515,0.090909091,0.23484848,0.21212121,0.1969697,0.28787879,0.26515152,0.10606061
gi|33594506,0,non-T6SE,207,0.28640777,0.24271845,0.15048544,0.22330097,0.24271845,0.17475728,0.1407767,0.26213592,0.27669903,0.23300971,0.21359223,0.2038835,0.27669903,0.048543689,0.2038835,0.19902913,0.26699029,0.1407767,0.36407767,0.17961165,0.16504854
gi|33594553,0,non-T6SE,254,0.24901186,0.16996047,0.24505929,0.256917,0.21343874,0.16996047,0.22529644,0.2055336,0.24505929,0.30434783,0.15810277,0.22529644,0.16205534,0.011857708,0.19367589,0.22134387,0.27667984,0.13438735,0.22924901,0.26482213,0.18972332
gi|33594669,0,non-T6SE,416,0.28433735,0.20722892,0.20963855,0.34216867,0.15662651,0.14457831,0.20481928,0.22650602,0.26506024,0.32771084,0.13493976,0.16626506,0.18795181,0.014457831,0.17349398,0.25301205,0.25060241,0.12289157,0.34939759,0.17590361,0.14216867
gi|33594691,0,non-T6SE,257,0.23046875,0.17578125,0.265625,0.2890625,0.21484375,0.140625,0.24609375,0.21875,0.234375,0.3359375,0.18359375,0.171875,0.140625,0.0234375,0.203125,0.2734375,0.2421875,0.125,0.29296875,0.2421875,0.11328125
gi|384409781,0,non-T6SE,263,0.19847328,0.16793893,0.28244275,0.35877863,0.12977099,0.17175573,0.25954198,0.19847328,0.19847328,0.34732824,0.11832061,0.18320611,0.14503817,0.030534351,0.19083969,0.23664122,0.25572519,0.16412214,0.27099237,0.22137405,0.095419847
gi|384409783,0,non-T6SE,424,0.27423168,0.1678487,0.28368794,0.37115839,0.16312057,0.12056738,0.28132388,0.17966903,0.26241135,0.37352246,0.1465721,0.13711584,0.15602837,0.011820331,0.17730496,0.19385343,0.24113475,0.1607565,0.32624113,0.20330969,0.11583924
gi|384409813,0,non-T6SE,502,0.21956088,0.21157685,0.25548902,0.32335329,0.15169661,0.14770459,0.24151697,0.24550898,0.19760479,0.31137725,0.10778443,0.19161677,0.1497006,0.013972056,0.2255489,0.24550898,0.25548902,0.13972056,0.28942116,0.19560878,0.14171657
gi|384409948,0,non-T6SE,329,0.20731707,0.20121951,0.23780488,0.29878049,0.17682927,0.20731707,0.22865854,0.24085366,0.17987805,0.29268293,0.15853659,0.22560976,0.1554878,0.021341463,0.19817073,0.28963415,0.23170732,0.15853659,0.26829268,0.22256098,0.1402439
gi|384409965,0,non-T6SE,150,0.22147651,0.23489933,0.19463087,0.28187919,0.17449664,0.22147651,0.17449664,0.26845638,0.18791946,0.27516779,0.12751678,0.26845638,0.14765101,0.040268456,0.17449664,0.19463087,0.26845638,0.16107383,0.28187919,0.22147651,0.17449664
gi|384409966,0,non-T6SE,286,0.18947368,0.2245614,0.25614035,0.2877193,0.22105263,0.19649123,0.26666667,0.27017544,0.16491228,0.30175439,0.17894737,0.23859649,0.16140351,0.035087719,0.18947368,0.22807018,0.25964912,0.19649123,0.28070175,0.23859649,0.13333333
gi|384410107,0,non-T6SE,346,0.26666667,0.17391304,0.24637681,0.28985507,0.2173913,0.15072464,0.23188406,0.1942029,0.25217391,0.30144928,0.17101449,0.19710145,0.17391304,0.04057971,0.18550725,0.18550725,0.31304348,0.12753623,0.28115942,0.23188406,0.15942029
gi|384410681,0,non-T6SE,269,0.17910448,0.2238806,0.25373134,0.27985075,0.22761194,0.18656716,0.25373134,0.26119403,0.1641791,0.26865672,0.20149254,0.21268657,0.18283582,0.03358209,0.20522388,0.24626866,0.24626866,0.19402985,0.32089552,0.20522388,0.082089552
gi|384410778,0,non-T6SE,269,0.25373134,0.17164179,0.22761194,0.35074627,0.18656716,0.11940299,0.22761194,0.19029851,0.26492537,0.35074627,0.14925373,0.15671642,0.15671642,0.0074626866,0.19402985,0.20522388,0.30597015,0.11940299,0.32089552,0.20149254,0.10447761
gi|384407507,0,non-T6SE,342,0.21994135,0.20821114,0.24340176,0.27565982,0.2228739,0.14956012,0.23753666,0.24926686,0.19648094,0.25806452,0.18768328,0.18475073,0.16422287,0.023460411,0.14662757,0.24340176,0.23167155,0.18475073,0.27859238,0.19941349,0.14956012
gi|384407668,0,non-T6SE,331,0.1969697,0.2030303,0.24545455,0.22121212,0.21515152,0.24545455,0.1969697,0.25151515,0.2030303,0.2030303,0.17878788,0.28181818,0.20909091,0.063636364,0.16060606,0.23939394,0.23030303,0.15757576,0.27272727,0.25151515,0.12727273
gi|384407867,0,non-T6SE,453,0.13274336,0.16814159,0.35840708,0.23893805,0.21238938,0.17920354,0.30309735,0.20132743,0.12168142,0.23451327,0.17699115,0.21460177,0.14380531,0.015486726,0.099557522,0.28097345,0.19469027,0.18141593,0.21017699,0.28761062,0.090707965
gi|384407921,0,non-T6SE,643,0.22741433,0.14641745,0.25700935,0.27725857,0.24143302,0.13707165,0.25700935,0.18380062,0.20249221,0.28504673,0.21183801,0.16666667,0.1682243,0.028037383,0.18691589,0.20249221,0.27102804,0.17445483,0.26168224,0.22274143,0.11214953
gi|384408521,0,non-T6SE,170,0.22485207,0.17159763,0.28402367,0.29585799,0.27218935,0.1183432,0.28402367,0.20710059,0.21301775,0.27218935,0.21301775,0.17751479,0.19526627,0.035502959,0.17751479,0.25443787,0.30177515,0.14792899,0.26035503,0.22485207,0.13609467
gi|384408613,0,non-T6SE,165,0.25,0.20731707,0.26219512,0.35365854,0.19512195,0.14634146,0.23780488,0.23170732,0.25,0.33536585,0.17682927,0.16463415,0.21341463,0.024390244,0.2195122,0.26829268,0.23170732,0.12195122,0.29268293,0.23170732,0.16463415
gi|384408673,0,non-T6SE,455,0.2907489,0.16519824,0.19823789,0.33259912,0.20484581,0.0969163,0.20044053,0.18942731,0.29295154,0.35462555,0.1784141,0.12334802,0.14757709,0.037444934,0.1938326,0.21585903,0.28634361,0.14096916,0.32599119,0.2246696,0.12995595
gi|384408736,0,non-T6SE,276,0.22545455,0.18909091,0.24727273,0.30909091,0.19272727,0.16727273,0.21454545,0.22181818,0.24363636,0.32,0.17454545,0.18545455,0.16363636,0.018181818,0.17818182,0.27636364,0.26545455,0.16363636,0.26545455,0.23272727,0.14909091
gi|384408802,0,non-T6SE,619,0.17313916,0.11165049,0.33980583,0.37216828,0.15048544,0.13268608,0.33171521,0.12297735,0.17799353,0.35275081,0.12783172,0.15533981,0.093851133,0.029126214,0.12944984,0.23624595,0.27346278,0.14886731,0.19417476,0.22815534,0.090614887
gi|384408830,0,non-T6SE,431,0.26046512,0.2,0.23255814,0.24186047,0.2,0.16744186,0.21162791,0.24883721,0.2255814,0.2744186,0.17674419,0.19069767,0.19302326,0.030232558,0.19767442,0.24418605,0.20465116,0.19069767,0.28837209,0.18372093,0.17209302
gi|384408868,0,non-T6SE,82,0.2345679,0.2345679,0.22222222,0.32098765,0.20987654,0.14814815,0.24691358,0.25925926,0.20987654,0.33333333,0.19753086,0.16049383,0.16049383,0.012345679,0.20987654,0.2962963,0.19753086,0.22222222,0.32098765,0.18518519,0.14814815
gi|384408869,0,non-T6SE,296,0.21694915,0.18305085,0.29491525,0.31525424,0.18983051,0.16610169,0.28813559,0.20338983,0.20338983,0.32542373,0.15932203,0.19661017,0.18305085,0.027118644,0.13559322,0.23728814,0.23728814,0.1559322,0.26440678,0.22033898,0.13559322
gi|384409050,0,non-T6SE,278,0.11552347,0.13357401,0.36101083,0.35379061,0.13718412,0.16606498,0.35018051,0.14440433,0.11913357,0.33212996,0.10830325,0.19494585,0.086642599,0.010830325,0.090252708,0.28519856,0.22743682,0.17689531,0.16245487,0.28519856,0.086642599
gi|384409056,0,non-T6SE,186,0.28648649,0.16216216,0.24324324,0.28108108,0.24864865,0.16756757,0.22702703,0.2,0.25945946,0.29189189,0.19459459,0.22162162,0.18378378,0.043243243,0.22162162,0.19459459,0.23783784,0.16216216,0.29189189,0.15135135,0.15675676
gi|384409057,0,non-T6SE,338,0.23738872,0.1958457,0.22551929,0.23738872,0.23145401,0.17804154,0.22848665,0.2462908,0.20474777,0.25222552,0.19287834,0.21661721,0.16913947,0.026706231,0.18694362,0.20474777,0.25816024,0.17507418,0.29673591,0.21364985,0.13649852
gi|384409086,0,non-T6SE,304,0.21122112,0.18811881,0.29042904,0.30033003,0.19141914,0.12211221,0.28382838,0.20792079,0.18481848,0.32673267,0.15841584,0.15511551,0.16831683,0.0099009901,0.15841584,0.23762376,0.25412541,0.1650165,0.28712871,0.17491749,0.11221122
gi|384409133,0,non-T6SE,174,0.1734104,0.19653179,0.21387283,0.31213873,0.098265896,0.21965318,0.20231214,0.20809249,0.16184971,0.3583815,0.069364162,0.24855491,0.13294798,0.063583815,0.17919075,0.20231214,0.33526012,0.10982659,0.2716763,0.2716763,0.098265896
gi|384409267,0,non-T6SE,690,0.22931785,0.16981132,0.24092888,0.26995646,0.19738752,0.17706821,0.21770682,0.1988389,0.21770682,0.25108853,0.15529753,0.2191582,0.15384615,0.021770682,0.1988389,0.22931785,0.22351234,0.18577649,0.2670537,0.24092888,0.13207547
gi|384409325,0,non-T6SE,377,0.28191489,0.25,0.16223404,0.28191489,0.1462766,0.20744681,0.15425532,0.27925532,0.24734043,0.24734043,0.14095745,0.21276596,0.19414894,0.039893617,0.27393617,0.24734043,0.2712766,0.10904255,0.32978723,0.15957447,0.20212766
gi|384409625,0,non-T6SE,206,0.27317073,0.2,0.24390244,0.26341463,0.22439024,0.1902439,0.23414634,0.24878049,0.24390244,0.24878049,0.1902439,0.22439024,0.2097561,0.014634146,0.1902439,0.25365854,0.27317073,0.16585366,0.34146341,0.26341463,0.13170732
gi|212217694,0,non-T6SE,193,0.21875,0.22916667,0.22395833,0.25,0.171875,0.23958333,0.1875,0.265625,0.19270833,0.234375,0.13541667,0.27604167,0.19791667,0.041666667,0.15625,0.22395833,0.25,0.15104167,0.3125,0.19270833,0.13541667
gi|212217715,0,non-T6SE,473,0.23940678,0.19915254,0.20974576,0.31355932,0.16101695,0.19067797,0.18220339,0.22669492,0.23728814,0.31144068,0.125,0.22669492,0.18855932,0.029661017,0.20338983,0.23940678,0.26059322,0.13347458,0.31991525,0.18855932,0.11864407
gi|212217716,0,non-T6SE,210,0.21052632,0.215311,0.22966507,0.17703349,0.215311,0.25837321,0.18181818,0.31100478,0.16267943,0.16746411,0.17703349,0.29665072,0.20574163,0.014354067,0.16267943,0.26315789,0.23444976,0.14832536,0.25358852,0.215311,0.1722488
gi|212217756,0,non-T6SE,404,0.21836228,0.20099256,0.2382134,0.33995037,0.1662531,0.18610422,0.24813896,0.21588089,0.2133995,0.30272953,0.15384615,0.19851117,0.18858561,0.022332506,0.18610422,0.2382134,0.2630273,0.15384615,0.32009926,0.19602978,0.099255583
gi|212217761,0,non-T6SE,611,0.22786885,0.17704918,0.26065574,0.31147541,0.17377049,0.16557377,0.25081967,0.22622951,0.21147541,0.28360656,0.14918033,0.19016393,0.18688525,0.019672131,0.15245902,0.29180328,0.22622951,0.13442623,0.25409836,0.20163934,0.15081967
gi|212217804,0,non-T6SE,319,0.1918239,0.22012579,0.24213836,0.3081761,0.16666667,0.1509434,0.21698113,0.24528302,0.19811321,0.29559748,0.12893082,0.18867925,0.1572327,0.025157233,0.1918239,0.22327044,0.22012579,0.18553459,0.29874214,0.24842767,0.11320755
gi|212217811,0,non-T6SE,189,0.21276596,0.23404255,0.19680851,0.21808511,0.19148936,0.2287234,0.16489362,0.28723404,0.21276596,0.2287234,0.15957447,0.2606383,0.18617021,0.026595745,0.18617021,0.24468085,0.2393617,0.15957447,0.30851064,0.18085106,0.13829787
gi|212217836,0,non-T6SE,342,0.2228739,0.21407625,0.24046921,0.28445748,0.15542522,0.18181818,0.21407625,0.26392962,0.20234604,0.26686217,0.1202346,0.2170088,0.16715543,0.020527859,0.16715543,0.25219941,0.2170088,0.13489736,0.26686217,0.23753666,0.17008798
gi|212217850,0,non-T6SE,321,0.2125,0.221875,0.23125,0.271875,0.171875,0.20625,0.209375,0.2375,0.203125,0.265625,0.140625,0.2375,0.15,0.04375,0.203125,0.23125,0.225,0.15,0.3125,0.1875,0.121875
gi|212217853,0,non-T6SE,139,0.18115942,0.21014493,0.1884058,0.26811594,0.13043478,0.18115942,0.1884058,0.23913043,0.15217391,0.31884058,0.12318841,0.1884058,0.10869565,0.02173913,0.15217391,0.18115942,0.18115942,0.16666667,0.27536232,0.16666667,0.11594203
gi|212217903,0,non-T6SE,205,0.24019608,0.23039216,0.18627451,0.28921569,0.21568627,0.17156863,0.20588235,0.25980392,0.21078431,0.27941176,0.20098039,0.18627451,0.18137255,0.024509804,0.20098039,0.29901961,0.26470588,0.15196078,0.30392157,0.20588235,0.16666667
gi|212217929,0,non-T6SE,220,0.19634703,0.22374429,0.24200913,0.29223744,0.19178082,0.23287671,0.21917808,0.2739726,0.1826484,0.26940639,0.14155251,0.28310502,0.17351598,0.054794521,0.21004566,0.28767123,0.24657534,0.1369863,0.26940639,0.2283105,0.15068493
gi|212217939,0,non-T6SE,215,0.26635514,0.15420561,0.24299065,0.30841121,0.21028037,0.1588785,0.23364486,0.21028037,0.26635514,0.27570093,0.1728972,0.19626168,0.1682243,0.0093457944,0.1682243,0.22897196,0.26168224,0.1635514,0.25233645,0.21495327,0.1682243
gi|212217945,0,non-T6SE,319,0.2327044,0.21383648,0.20440252,0.22641509,0.21069182,0.24528302,0.17295597,0.25157233,0.20754717,0.21383648,0.15408805,0.30188679,0.21383648,0.037735849,0.20125786,0.26100629,0.25471698,0.15408805,0.29874214,0.18238994,0.14779874
gi|212217949,0,non-T6SE,172,0.24561404,0.21637427,0.21052632,0.30994152,0.13450292,0.19883041,0.19298246,0.22222222,0.21637427,0.31578947,0.093567251,0.23976608,0.20467836,0.01754386,0.24561404,0.25730994,0.25730994,0.16374269,0.28654971,0.20467836,0.1754386
gi|212217955,0,non-T6SE,917,0.22925764,0.19432314,0.25218341,0.29475983,0.19104803,0.1790393,0.24126638,0.23144105,0.20960699,0.28275109,0.16593886,0.20414847,0.16484716,0.027292576,0.21069869,0.23689956,0.24454148,0.16484716,0.27510917,0.23144105,0.14847162
gi|212217957,0,non-T6SE,552,0.19782214,0.2123412,0.23411978,0.2831216,0.18511797,0.1415608,0.23956443,0.22504537,0.18874773,0.28856624,0.16515426,0.1615245,0.15789474,0.045372051,0.20871143,0.24319419,0.25045372,0.13067151,0.30852995,0.19600726,0.10163339
gi|212217958,0,non-T6SE,383,0.21465969,0.18848168,0.2460733,0.28272251,0.20942408,0.18848168,0.23036649,0.22513089,0.19895288,0.27486911,0.18586387,0.21204188,0.17801047,0.036649215,0.16230366,0.22513089,0.22774869,0.17015707,0.29057592,0.20942408,0.11256545
gi|212217959,0,non-T6SE,130,0.27131783,0.20930233,0.20155039,0.31782946,0.12403101,0.1627907,0.20155039,0.24031008,0.24031008,0.31782946,0.10852713,0.17829457,0.07751938,0.031007752,0.37209302,0.23255814,0.25581395,0.13953488,0.3255814,0.21705426,0.15503876
gi|212217993,0,non-T6SE,159,0.21518987,0.2278481,0.21518987,0.25949367,0.17088608,0.24050633,0.16455696,0.32911392,0.13924051,0.25949367,0.15822785,0.25316456,0.18987342,0.037974684,0.24050633,0.3164557,0.24050633,0.10126582,0.27848101,0.20886076,0.16455696
gi|212217999,0,non-T6SE,258,0.19844358,0.20622568,0.26848249,0.3151751,0.13618677,0.16731518,0.24124514,0.24902724,0.17898833,0.3307393,0.11284047,0.19066148,0.15175097,0.011673152,0.20622568,0.21011673,0.25680934,0.15564202,0.26070039,0.25291829,0.14396887
gi|212218000,0,non-T6SE,230,0.24017467,0.1790393,0.23580786,0.26200873,0.22270742,0.17467249,0.2489083,0.22707424,0.23580786,0.23580786,0.19650655,0.20087336,0.23144105,0.0043668122,0.074235808,0.27947598,0.24017467,0.15720524,0.29694323,0.20960699,0.12227074
gi|212218012,0,non-T6SE,496,0.23434343,0.19191919,0.23030303,0.28484848,0.19191919,0.16161616,0.20606061,0.24040404,0.22222222,0.27272727,0.17171717,0.18181818,0.17979798,0.034343434,0.16767677,0.23232323,0.22626263,0.13939394,0.30909091,0.21616162,0.11717172
gi|212218059,0,non-T6SE,188,0.19786096,0.26203209,0.14973262,0.18181818,0.15508021,0.25668449,0.12299465,0.29946524,0.18181818,0.19251337,0.12299465,0.28877005,0.20320856,0.042780749,0.20320856,0.29946524,0.19786096,0.14973262,0.30481283,0.15508021,0.15508021
gi|212218060,0,non-T6SE,145,0.25,0.21527778,0.20833333,0.26388889,0.22222222,0.14583333,0.20833333,0.21527778,0.25,0.29166667,0.20833333,0.15972222,0.23611111,0.027777778,0.14583333,0.23611111,0.20833333,0.18055556,0.32638889,0.24305556,0.13888889
gi|212218061,0,non-T6SE,232,0.24242424,0.21645022,0.23809524,0.33766234,0.2034632,0.15584416,0.23809524,0.23376623,0.24242424,0.34199134,0.17316017,0.18614719,0.23809524,0.038961039,0.16017316,0.25108225,0.23376623,0.14718615,0.35930736,0.15584416,0.0995671
gi|212218069,0,non-T6SE,140,0.29496403,0.18705036,0.16546763,0.21582734,0.24460432,0.16546763,0.16546763,0.21582734,0.28057554,0.20863309,0.17985612,0.23021583,0.30935252,0.021582734,0.11510791,0.21582734,0.27338129,0.11510791,0.31654676,0.17266187,0.16546763
gi|212218070,0,non-T6SE,191,0.28947368,0.19473684,0.18421053,0.25789474,0.20526316,0.16315789,0.18421053,0.22631579,0.27894737,0.24736842,0.19473684,0.17368421,0.25789474,0.026315789,0.19473684,0.26315789,0.24736842,0.068421053,0.35789474,0.13157895,0.12631579
gi|212218073,0,non-T6SE,113,0.22321429,0.29464286,0.125,0.22321429,0.21428571,0.16964286,0.13392857,0.32142857,0.17857143,0.22321429,0.21428571,0.16964286,0.25892857,0.0625,0.24107143,0.28571429,0.23214286,0.16071429,0.33928571,0.11607143,0.17857143
gi|212218075,0,non-T6SE,206,0.23414634,0.19512195,0.2195122,0.23414634,0.1902439,0.16585366,0.2,0.22439024,0.21463415,0.2195122,0.16585366,0.1902439,0.22439024,0.048780488,0.15609756,0.1902439,0.25365854,0.15121951,0.28292683,0.20487805,0.14634146
gi|212218078,0,non-T6SE,95,0.30851064,0.10638298,0.28723404,0.29787234,0.27659574,0.25531915,0.23404255,0.13829787,0.29787234,0.25531915,0.23404255,0.29787234,0.24468085,0.042553191,0.14893617,0.18085106,0.28723404,0.13829787,0.21276596,0.27659574,0.20212766
gi|212218079,0,non-T6SE,115,0.28947368,0.24561404,0.16666667,0.28947368,0.15789474,0.18421053,0.14912281,0.28070175,0.27192982,0.31578947,0.14912281,0.19298246,0.28070175,0,0.18421053,0.25438596,0.24561404,0.078947368,0.43859649,0.1754386,0.096491228
gi|212218088,0,non-T6SE,133,0.28787879,0.18181818,0.23484848,0.32575758,0.16666667,0.20454545,0.21212121,0.21969697,0.25,0.31818182,0.12878788,0.24242424,0.23484848,0.037878788,0.17424242,0.22727273,0.28030303,0.12121212,0.28030303,0.17424242,0.18939394
gi|212218110,0,non-T6SE,361,0.20833333,0.20555556,0.28611111,0.34722222,0.15277778,0.19722222,0.26666667,0.23611111,0.19444444,0.33055556,0.13611111,0.21388889,0.16666667,0.013888889,0.16388889,0.25833333,0.21944444,0.175,0.29444444,0.23333333,0.11944444
gi|212218126,0,non-T6SE,79,0.17948718,0.21794872,0.17948718,0.30769231,0.15384615,0.23076923,0.17948718,0.21794872,0.23076923,0.24358974,0.14102564,0.24358974,0.23076923,0.08974359,0.038461538,0.21794872,0.24358974,0.11538462,0.26923077,0.19230769,0.12820513
gi|212218129,0,non-T6SE,161,0.1875,0.16875,0.25,0.325,0.1875,0.13125,0.2625,0.18125,0.2,0.28125,0.15625,0.1625,0.125,0.025,0.1375,0.2625,0.30625,0.125,0.24375,0.26875,0.1125
gi|212218143,0,non-T6SE,656,0.2259542,0.2351145,0.17557252,0.24885496,0.17709924,0.23358779,0.15419847,0.26870229,0.21068702,0.24274809,0.16183206,0.24885496,0.20305344,0.059541985,0.22748092,0.23053435,0.29312977,0.10839695,0.32366412,0.14656489,0.13740458
gi|212218213,0,non-T6SE,161,0.14375,0.20625,0.2625,0.23125,0.2,0.19375,0.26875,0.25,0.1125,0.275,0.16875,0.225,0.18125,0.03125,0.13125,0.24375,0.23125,0.18125,0.21875,0.2375,0.13125
gi|212218227,0,non-T6SE,153,0.20394737,0.26973684,0.22368421,0.32894737,0.13815789,0.19736842,0.22368421,0.29605263,0.17763158,0.33552632,0.11842105,0.21710526,0.23026316,0.032894737,0.20394737,0.30921053,0.26315789,0.098684211,0.39473684,0.15131579,0.078947368
gi|212218228,0,non-T6SE,503,0.2310757,0.25498008,0.17729084,0.31474104,0.16533865,0.16733068,0.1752988,0.2689243,0.22111554,0.30478088,0.15139442,0.1812749,0.17928287,0.047808765,0.27091633,0.26693227,0.22111554,0.11952191,0.36055777,0.13346614,0.12549801
gi|212218281,0,non-T6SE,113,0.1875,0.15178571,0.26785714,0.26785714,0.15178571,0.23214286,0.16071429,0.27678571,0.16964286,0.26785714,0.11607143,0.26785714,0.14285714,0.017857143,0.14285714,0.26785714,0.24107143,0.089285714,0.24107143,0.25,0.098214286
gi|212218306,0,non-T6SE,461,0.21521739,0.23478261,0.24130435,0.32608696,0.17173913,0.19565217,0.25217391,0.28043478,0.19130435,0.32173913,0.15434783,0.21304348,0.1826087,0.034782609,0.18913043,0.24782609,0.25869565,0.15217391,0.31086957,0.20217391,0.13913043
gi|212218335,0,non-T6SE,158,0.22929936,0.24203822,0.17834395,0.23566879,0.12101911,0.1910828,0.1656051,0.28025478,0.17834395,0.24840764,0.095541401,0.21656051,0.14012739,0.025477707,0.24203822,0.2611465,0.1910828,0.12738854,0.29299363,0.17197452,0.17834395
gi|212218344,0,non-T6SE,127,0.30952381,0.18253968,0.14285714,0.26190476,0.17460317,0.21428571,0.12698413,0.26190476,0.26190476,0.26984127,0.16666667,0.22222222,0.19047619,0.063492063,0.22222222,0.26190476,0.27777778,0.087301587,0.29365079,0.15873016,0.1984127
gi|212218375,0,non-T6SE,506,0.26534653,0.17425743,0.23762376,0.29306931,0.17425743,0.1960396,0.2039604,0.21584158,0.24356436,0.3049505,0.13861386,0.23168317,0.15643564,0.033663366,0.1960396,0.1980198,0.23762376,0.16633663,0.28118812,0.18811881,0.15841584
gi|212218379,0,non-T6SE,353,0.20738636,0.18465909,0.27840909,0.28977273,0.17329545,0.19886364,0.26136364,0.22443182,0.17897727,0.28977273,0.14204545,0.23011364,0.19034091,0.025568182,0.14488636,0.25568182,0.20170455,0.14772727,0.27556818,0.22443182,0.11647727
gi|212218392,0,non-T6SE,871,0.2091954,0.20804598,0.22528736,0.27816092,0.16091954,0.20689655,0.20804598,0.24597701,0.19425287,0.26666667,0.13793103,0.22988506,0.16436782,0.029885057,0.17931034,0.25977011,0.23218391,0.13333333,0.27701149,0.21034483,0.14022989
gi|212218440,0,non-T6SE,454,0.25607064,0.23399558,0.18101545,0.27373068,0.17660044,0.20529801,0.1589404,0.27373068,0.2384106,0.28476821,0.15231788,0.22958057,0.22295806,0.033112583,0.21412804,0.25165563,0.24503311,0.13024283,0.33554084,0.1611479,0.15452539
gi|212218441,0,non-T6SE,435,0.20737327,0.20276498,0.2281106,0.29493088,0.18202765,0.16589862,0.22580645,0.24193548,0.18663594,0.29953917,0.14516129,0.20276498,0.15668203,0.02764977,0.17050691,0.2235023,0.22119816,0.19124424,0.28801843,0.22580645,0.12211982
gi|212218447,0,non-T6SE,270,0.19330855,0.20817844,0.26394052,0.35315985,0.11895911,0.18959108,0.24907063,0.21561338,0.18587361,0.39033457,0.10408922,0.20446097,0.17472119,0.040892193,0.18215613,0.27509294,0.27137546,0.15613383,0.28624535,0.18215613,0.11524164
gi|212218450,0,non-T6SE,360,0.24512535,0.1810585,0.24512535,0.33147632,0.15320334,0.17270195,0.22005571,0.21727019,0.2367688,0.32033426,0.13649025,0.18941504,0.17270195,0.022284123,0.15877437,0.21448468,0.23119777,0.1643454,0.27019499,0.21448468,0.15598886
gi|212218506,0,non-T6SE,177,0.19886364,0.19318182,0.3125,0.28977273,0.24431818,0.21022727,0.26704545,0.23863636,0.16477273,0.26704545,0.17613636,0.27840909,0.21590909,0.039772727,0.13068182,0.23863636,0.20454545,0.23863636,0.23863636,0.22727273,0.15340909
gi|212218582,0,non-T6SE,371,0.25945946,0.15945946,0.23783784,0.28108108,0.20540541,0.19189189,0.1972973,0.21621622,0.22972973,0.26756757,0.15945946,0.23783784,0.14864865,0.02972973,0.18648649,0.23783784,0.24594595,0.14594595,0.25675676,0.19189189,0.16216216
gi|212218583,0,non-T6SE,1157,0.21539792,0.21453287,0.25,0.30709343,0.14619377,0.22058824,0.22404844,0.25778547,0.18425606,0.28892734,0.12629758,0.24048443,0.17733564,0.039792388,0.18858131,0.25951557,0.23010381,0.15397924,0.28200692,0.22491349,0.14792388
gi|212218588,0,non-T6SE,604,0.2238806,0.18076285,0.2305141,0.29187396,0.20563847,0.16086235,0.22056385,0.20729685,0.2172471,0.29519071,0.18242123,0.1840796,0.16749585,0.028192371,0.14427861,0.20895522,0.25870647,0.16252073,0.27197347,0.20729685,0.13266998
gi|212218625,0,non-T6SE,428,0.21311475,0.21779859,0.25058548,0.30210773,0.16159251,0.19672131,0.24590164,0.25526932,0.18501171,0.29508197,0.13583138,0.22248244,0.17096019,0.039812646,0.19437939,0.29274005,0.21779859,0.18501171,0.29742389,0.22482436,0.13348946
gi|212218637,0,non-T6SE,240,0.20920502,0.25941423,0.21338912,0.23430962,0.17991632,0.21757322,0.18828452,0.29288703,0.18410042,0.21338912,0.16736402,0.23012552,0.17991632,0.046025105,0.20502092,0.28870293,0.24267782,0.12970711,0.30962343,0.15899582,0.15899582
gi|212218656,0,non-T6SE,339,0.20710059,0.17455621,0.26627219,0.29289941,0.22189349,0.16568047,0.27514793,0.21301775,0.21005917,0.28994083,0.16568047,0.22189349,0.17751479,0.029585799,0.14792899,0.27218935,0.22189349,0.15384615,0.26627219,0.20118343,0.11538462
gi|212218689,0,non-T6SE,402,0.19700748,0.19700748,0.27680798,0.26433915,0.18952618,0.20448878,0.23441397,0.25935162,0.17456359,0.27930175,0.16458853,0.22942643,0.15461347,0.029925187,0.18453865,0.22693267,0.21945137,0.20947631,0.27680798,0.2394015,0.11720698
gi|212218695,0,non-T6SE,173,0.26162791,0.25,0.22674419,0.36046512,0.15116279,0.19186047,0.20930233,0.30232558,0.24418605,0.34302326,0.13372093,0.20930233,0.15697674,0.029069767,0.26162791,0.29069767,0.1627907,0.15116279,0.37790698,0.22093023,0.13372093
gi|212218714,0,non-T6SE,145,0.22916667,0.25694444,0.22916667,0.3125,0.15277778,0.24305556,0.18055556,0.30555556,0.18055556,0.30555556,0.125,0.27083333,0.19444444,0.013888889,0.26388889,0.29861111,0.27777778,0.097222222,0.34027778,0.15277778,0.14583333
gi|212218749,0,non-T6SE,202,0.24378109,0.18905473,0.25373134,0.28358209,0.2039801,0.14925373,0.24875622,0.24378109,0.20895522,0.26865672,0.17910448,0.17412935,0.17412935,0.034825871,0.16915423,0.24875622,0.20895522,0.16915423,0.28358209,0.21393035,0.14925373
gi|212218792,0,non-T6SE,336,0.21791045,0.16716418,0.22985075,0.26268657,0.17313433,0.14328358,0.21492537,0.2,0.21492537,0.30149254,0.14029851,0.1761194,0.13432836,0.011940299,0.19104478,0.24179104,0.2358209,0.13432836,0.25074627,0.25074627,0.13432836
gi|212218844,0,non-T6SE,236,0.22978723,0.20851064,0.24680851,0.32765957,0.15744681,0.17446809,0.22978723,0.24255319,0.21276596,0.32765957,0.12340426,0.20851064,0.19148936,0.034042553,0.18723404,0.25106383,0.18297872,0.15744681,0.28085106,0.20425532,0.15744681
gi|212218915,0,non-T6SE,253,0.21031746,0.21825397,0.22619048,0.26587302,0.18650794,0.18650794,0.1984127,0.26190476,0.19047619,0.25,0.16269841,0.21031746,0.17857143,0.027777778,0.20238095,0.28174603,0.22222222,0.15079365,0.28571429,0.19444444,0.14285714
gi|212218929,0,non-T6SE,436,0.2183908,0.22298851,0.23218391,0.29655172,0.15862069,0.21149425,0.21609195,0.24827586,0.20689655,0.29655172,0.13103448,0.23908046,0.18850575,0.073563218,0.21149425,0.23448276,0.24827586,0.16091954,0.32643678,0.1862069,0.11494253
gi|212218945,0,non-T6SE,181,0.31111111,0.19444444,0.15555556,0.25555556,0.17777778,0.22777778,0.12222222,0.25,0.31111111,0.26111111,0.13888889,0.26666667,0.25,0.05,0.14444444,0.22222222,0.21111111,0.077777778,0.37222222,0.13888889,0.13333333
gi|212219025,0,non-T6SE,434,0.19630485,0.23787529,0.24249423,0.30484988,0.16628176,0.16859122,0.22632794,0.27713626,0.19399538,0.2886836,0.15011547,0.18475751,0.16859122,0.025404157,0.19168591,0.24942263,0.25866051,0.147806,0.33718245,0.23787529,0.096997691
gi|212219026,0,non-T6SE,324,0.19195046,0.16099071,0.31578947,0.33126935,0.17647059,0.12383901,0.28482972,0.19814241,0.20433437,0.34365325,0.15170279,0.14860681,0.15170279,0.015479876,0.17027864,0.21671827,0.23219814,0.17027864,0.24458204,0.23529412,0.10835913
gi|212219111,0,non-T6SE,201,0.215,0.19,0.275,0.365,0.175,0.14,0.225,0.24,0.235,0.3,0.15,0.165,0.155,0.015,0.175,0.285,0.24,0.115,0.275,0.255,0.13
gi|212219132,0,non-T6SE,1324,0.22222222,0.18594104,0.25472411,0.31141345,0.18820862,0.18594104,0.24111867,0.22071051,0.21617536,0.29402872,0.15570673,0.21844293,0.1526833,0.037792895,0.17384732,0.2297808,0.26379441,0.15570673,0.2675737,0.21995465,0.14058957
gi|212219167,0,non-T6SE,936,0.23208556,0.20641711,0.23743316,0.27807487,0.20855615,0.18823529,0.22139037,0.25240642,0.21176471,0.26417112,0.16898396,0.22780749,0.16363636,0.048128342,0.19786096,0.24812834,0.25668449,0.14759358,0.30374332,0.20641711,0.13475936
gi|212219176,0,non-T6SE,117,0.20689655,0.27586207,0.1637931,0.28448276,0.10344828,0.23275862,0.13793103,0.31896552,0.18103448,0.30172414,0.10344828,0.23275862,0.26724138,0.025862069,0.19827586,0.31896552,0.14655172,0.11206897,0.39655172,0.14655172,0.086206897
gi|212219224,0,non-T6SE,614,0.20065253,0.21533442,0.2593801,0.3132137,0.16965742,0.18760196,0.24959217,0.24796085,0.1908646,0.28384992,0.15334421,0.20391517,0.16965742,0.039151713,0.19412724,0.24959217,0.23980424,0.15497553,0.30179445,0.20065253,0.1141925
gi|212219249,0,non-T6SE,519,0.24710425,0.16795367,0.22393822,0.31274131,0.2046332,0.16602317,0.20849421,0.21428571,0.24324324,0.31853282,0.17181467,0.1988417,0.13899614,0.044401544,0.19111969,0.28185328,0.25096525,0.12355212,0.27606178,0.22200772,0.13899614
gi|212219277,0,non-T6SE,610,0.21674877,0.24794745,0.21674877,0.31034483,0.19211823,0.19211823,0.2134647,0.28078818,0.20361248,0.28407225,0.15599343,0.22824302,0.17569787,0.042692939,0.19704433,0.27750411,0.2545156,0.15270936,0.30541872,0.19376026,0.1592775
gi|212219280,0,non-T6SE,200,0.2160804,0.15577889,0.26130653,0.33668342,0.14070352,0.18592965,0.23115578,0.20603015,0.2160804,0.33165829,0.11557789,0.21105528,0.15577889,0.025125628,0.1758794,0.27638191,0.22110553,0.14070352,0.22110553,0.21105528,0.15075377
gi|212219373,0,non-T6SE,916,0.25027322,0.21530055,0.21420765,0.29071038,0.15409836,0.2273224,0.18797814,0.26120219,0.21530055,0.27540984,0.13879781,0.24262295,0.18579235,0.032786885,0.2273224,0.24699454,0.23060109,0.11147541,0.3136612,0.19781421,0.15191257
gi|212219402,0,non-T6SE,160,0.2327044,0.2327044,0.18238994,0.27672956,0.18867925,0.18238994,0.19496855,0.25786164,0.24528302,0.22012579,0.1572327,0.21383648,0.18867925,0.037735849,0.22641509,0.30188679,0.28930818,0.10062893,0.33333333,0.17610063,0.13207547
gi|212219451,0,non-T6SE,200,0.27135678,0.15075377,0.21105528,0.30653266,0.15577889,0.15075377,0.1959799,0.1758794,0.26633166,0.30150754,0.14070352,0.16582915,0.14572864,0.025125628,0.25628141,0.20100503,0.25628141,0.10552764,0.26130653,0.2160804,0.16080402
gi|212219499,0,non-T6SE,91,0.24444444,0.27777778,0.2,0.16666667,0.21111111,0.26666667,0.13333333,0.34444444,0.17777778,0.12222222,0.18888889,0.28888889,0.26666667,0.022222222,0.22222222,0.23333333,0.26666667,0.12222222,0.33333333,0.22222222,0.18888889
gi|212219504,0,non-T6SE,314,0.19808307,0.2172524,0.22044728,0.2715655,0.17891374,0.18210863,0.22364217,0.22683706,0.20127796,0.25559105,0.1629393,0.19808307,0.18530351,0.038338658,0.17252396,0.22364217,0.2715655,0.14696486,0.30670927,0.20766773,0.1086262
gi|212219519,0,non-T6SE,204,0.24630542,0.21674877,0.25123153,0.30049261,0.16748768,0.16256158,0.2364532,0.22167488,0.24137931,0.27093596,0.16748768,0.16256158,0.19211823,0.024630542,0.19211823,0.22660099,0.21182266,0.10837438,0.35960591,0.20197044,0.10344828
gi|212219538,0,non-T6SE,393,0.24234694,0.17857143,0.22193878,0.29336735,0.21173469,0.1377551,0.23979592,0.20153061,0.24489796,0.31122449,0.17857143,0.17091837,0.16581633,0.033163265,0.20663265,0.25510204,0.24744898,0.16836735,0.28826531,0.19642857,0.13265306
gi|212219546,0,non-T6SE,775,0.20930233,0.25322997,0.24677003,0.31912145,0.17829457,0.19250646,0.22868217,0.28940568,0.18863049,0.29328165,0.14470284,0.22609819,0.17571059,0.028423773,0.2118863,0.26356589,0.22351421,0.16149871,0.31912145,0.19250646,0.14341085
gi|212219550,0,non-T6SE,723,0.22714681,0.19390582,0.22576177,0.27977839,0.19529086,0.19390582,0.21606648,0.23407202,0.21468144,0.26731302,0.17451524,0.21468144,0.18421053,0.029085873,0.17036011,0.26592798,0.24238227,0.13157895,0.26731302,0.20083102,0.15373961
gi|88658171,0,non-T6SE,123,0.23770492,0.26229508,0.25409836,0.30327869,0.17213115,0.23770492,0.23770492,0.27868852,0.20491803,0.26229508,0.16393443,0.24590164,0.28688525,0.016393443,0.1147541,0.2295082,0.26229508,0.21311475,0.36885246,0.13934426,0.13114754
gi|88658479,0,non-T6SE,137,0.22794118,0.20588235,0.24264706,0.30147059,0.16911765,0.17647059,0.24264706,0.26470588,0.18382353,0.32352941,0.14705882,0.19852941,0.22794118,0.036764706,0.14705882,0.22058824,0.25,0.19117647,0.27941176,0.19117647,0.15441176
gi|88657724,0,non-T6SE,487,0.22222222,0.25102881,0.19341564,0.33744856,0.12757202,0.19958848,0.18518519,0.27160494,0.21399177,0.30658436,0.11728395,0.20987654,0.19753086,0.041152263,0.23868313,0.23045267,0.24279835,0.1563786,0.33127572,0.16872428,0.14197531
gi|410681562,0,non-T6SE,381,0.24473684,0.23684211,0.20789474,0.24473684,0.17631579,0.25263158,0.16315789,0.31315789,0.2,0.24736842,0.16315789,0.26578947,0.17368421,0.042105263,0.20789474,0.27368421,0.22105263,0.17368421,0.30526316,0.18947368,0.17631579
gi|410681642,0,non-T6SE,812,0.2404439,0.21331689,0.22688039,0.27620222,0.17509248,0.1972873,0.21578298,0.24414303,0.21578298,0.26387176,0.14796547,0.2244143,0.18249075,0.036991369,0.21948212,0.25524044,0.23551171,0.16399507,0.27866831,0.19975339,0.17509248
gi|410681660,0,non-T6SE,549,0.12043796,0.11131387,0.40875912,0.35583942,0.14781022,0.1879562,0.40145985,0.12956204,0.10583942,0.31751825,0.12043796,0.21532847,0.087591241,0.012773723,0.071167883,0.29744526,0.15875912,0.21350365,0.12956204,0.30109489,0.10218978
gi|410681902,0,non-T6SE,448,0.22371365,0.20134228,0.23266219,0.27069351,0.17225951,0.20134228,0.22595078,0.24832215,0.1901566,0.27516779,0.12751678,0.24608501,0.16331096,0.046979866,0.18120805,0.25727069,0.21923937,0.1655481,0.29977629,0.20357942,0.12527964
gi|410681911,0,non-T6SE,213,0.21698113,0.23584906,0.23113208,0.21698113,0.21226415,0.21698113,0.1745283,0.28301887,0.16037736,0.19811321,0.19339623,0.23584906,0.12735849,0.04245283,0.20283019,0.23584906,0.19811321,0.19811321,0.30660377,0.23584906,0.14622642
gi|410682152,0,non-T6SE,194,0.24352332,0.1865285,0.25388601,0.2746114,0.20207254,0.21243523,0.21761658,0.23316062,0.22797927,0.2642487,0.19170984,0.22279793,0.15025907,0.010362694,0.19689119,0.22279793,0.25388601,0.15025907,0.29015544,0.24870466,0.13989637
gi|410682211,0,non-T6SE,207,0.19902913,0.23786408,0.26699029,0.33009709,0.14563107,0.19902913,0.25242718,0.26213592,0.19417476,0.30582524,0.13106796,0.21359223,0.13106796,0.033980583,0.2184466,0.22815534,0.2961165,0.1407767,0.33009709,0.23786408,0.10679612
gi|410682383,0,non-T6SE,244,0.23868313,0.17283951,0.24279835,0.28395062,0.16049383,0.18518519,0.21399177,0.2345679,0.19753086,0.26748971,0.14403292,0.20164609,0.1399177,0.024691358,0.1399177,0.24691358,0.23868313,0.13168724,0.23868313,0.24691358,0.17283951
gi|410682680,0,non-T6SE,545,0.23345588,0.22426471,0.21875,0.27022059,0.18198529,0.21323529,0.19852941,0.27389706,0.19852941,0.26838235,0.16176471,0.23345588,0.17647059,0.036764706,0.17279412,0.22977941,0.22242647,0.17095588,0.28676471,0.1875,0.17095588
gi|410682694,0,non-T6SE,233,0.2112069,0.22844828,0.27586207,0.25862069,0.21982759,0.22413793,0.26293103,0.26724138,0.18965517,0.27586207,0.20258621,0.24137931,0.18103448,0.025862069,0.18103448,0.25431034,0.21551724,0.18534483,0.2887931,0.25431034,0.15086207
gi|410682695,0,non-T6SE,413,0.22087379,0.20145631,0.23786408,0.28640777,0.22087379,0.16990291,0.23543689,0.23300971,0.2184466,0.26456311,0.19660194,0.19417476,0.15291262,0.041262136,0.20145631,0.24271845,0.28883495,0.15533981,0.28883495,0.22087379,0.13349515
gi|410682831,0,non-T6SE,141,0.35,0.20714286,0.22857143,0.23571429,0.29285714,0.23571429,0.20714286,0.23571429,0.32142857,0.22857143,0.24285714,0.28571429,0.37857143,0.021428571,0.16428571,0.28571429,0.27857143,0.064285714,0.33571429,0.17857143,0.22142857
gi|410683030,0,non-T6SE,408,0.12776413,0.13759214,0.36117936,0.31941032,0.18427518,0.17199017,0.34889435,0.17444717,0.11547912,0.2972973,0.16216216,0.19410319,0.10810811,0.024570025,0.093366093,0.27027027,0.19410319,0.20638821,0.16461916,0.26289926,0.1007371
gi|52840394,0,non-T6SE,692,0.22141823,0.17510854,0.25325615,0.29088278,0.17800289,0.18234443,0.2431259,0.20549928,0.20839363,0.29811867,0.15629522,0.2040521,0.12445731,0.020260492,0.17655572,0.23444284,0.25036179,0.15484805,0.25904486,0.25180897,0.13748191
gi|52840829,0,non-T6SE,124,0.2195122,0.26829268,0.23577236,0.26829268,0.18699187,0.2601626,0.22764228,0.29268293,0.21138211,0.25203252,0.15447154,0.29268293,0.23577236,0.0081300813,0.25203252,0.30081301,0.18699187,0.15447154,0.33333333,0.22764228,0.15447154
gi|52840997,0,non-T6SE,305,0.24013158,0.1875,0.25,0.27631579,0.18421053,0.19736842,0.22368421,0.22368421,0.19736842,0.24671053,0.15460526,0.22697368,0.17434211,0.023026316,0.17434211,0.24671053,0.25657895,0.15789474,0.26644737,0.22039474,0.16118421
gi|161723256,0,non-T6SE,161,0.19375,0.3375,0.20625,0.3,0.18125,0.175,0.1875,0.36875,0.175,0.2875,0.16875,0.1875,0.23125,0.04375,0.2375,0.3,0.25625,0.1625,0.4,0.175,0.13125
gi|52842031,0,non-T6SE,164,0.14110429,0.16564417,0.34355828,0.32515337,0.17177914,0.15337423,0.34969325,0.18404908,0.14723926,0.32515337,0.1595092,0.16564417,0.09202454,0.018404908,0.10429448,0.3190184,0.14110429,0.14723926,0.20858896,0.26380368,0.098159509
gi|52842402,0,non-T6SE,317,0.10126582,0.13924051,0.31962025,0.22151899,0.14240506,0.27848101,0.26265823,0.17721519,0.082278481,0.20886076,0.12974684,0.29113924,0.11708861,0.015822785,0.098101266,0.33544304,0.11708861,0.15506329,0.15506329,0.25632911,0.085443038
gi|153007409,0,non-T6SE,389,0.24226804,0.16752577,0.2628866,0.30670103,0.18298969,0.14948454,0.26030928,0.18556701,0.2242268,0.31185567,0.14175258,0.19072165,0.16752577,0.023195876,0.19072165,0.18814433,0.2757732,0.16237113,0.27319588,0.21134021,0.13659794
gi|153007490,0,non-T6SE,89,0.30681818,0.22727273,0.17045455,0.30681818,0.19318182,0.14772727,0.15909091,0.23863636,0.34090909,0.32954545,0.17045455,0.17045455,0.20454545,0.034090909,0.23863636,0.29545455,0.20454545,0.045454545,0.38636364,0.090909091,0.14772727
gi|153007542,0,non-T6SE,1263,0.24405705,0.18383518,0.23217116,0.30586371,0.19889065,0.15689382,0.23137876,0.21790808,0.23058637,0.3066561,0.17749604,0.17828843,0.15055468,0.031695721,0.20919176,0.24801902,0.22424723,0.15134707,0.30824089,0.20760697,0.11965135
gi|153007546,0,non-T6SE,644,0.24883359,0.19595645,0.23639191,0.3125972,0.19440124,0.14930016,0.22550544,0.22550544,0.23794712,0.31104199,0.16796267,0.17573872,0.17573872,0.023328149,0.23172628,0.23328149,0.23172628,0.1881804,0.30948678,0.20528771,0.13530327
gi|153007804,0,non-T6SE,264,0.26996198,0.20912548,0.23574144,0.29277567,0.17490494,0.18631179,0.23193916,0.27376426,0.19011407,0.27376426,0.14068441,0.22053232,0.16730038,0.022813688,0.19011407,0.26996198,0.23193916,0.18631179,0.30798479,0.17490494,0.17110266
gi|153007805,0,non-T6SE,294,0.24573379,0.18430034,0.26962457,0.29692833,0.19112628,0.15358362,0.2559727,0.19795222,0.23890785,0.31399317,0.18088737,0.16382253,0.15699659,0.020477816,0.19795222,0.20477816,0.25938567,0.14334471,0.31740614,0.20477816,0.11262799
gi|153007823,0,non-T6SE,116,0.27826087,0.19130435,0.25217391,0.26956522,0.27826087,0.16521739,0.23478261,0.24347826,0.22608696,0.22608696,0.25217391,0.19130435,0.22608696,0.034782609,0.22608696,0.19130435,0.26956522,0.17391304,0.30434783,0.2173913,0.16521739
gi|153007934,0,non-T6SE,350,0.22922636,0.20916905,0.22922636,0.27507163,0.16045845,0.15472779,0.20057307,0.23209169,0.20630372,0.28366762,0.12893983,0.18624642,0.1747851,0.017191977,0.21203438,0.23495702,0.28080229,0.14326648,0.3008596,0.21489971,0.13753582
gi|153008098,0,non-T6SE,165,0.25,0.18292683,0.21341463,0.26829268,0.20731707,0.17682927,0.20121951,0.23170732,0.23780488,0.27439024,0.18902439,0.19512195,0.15853659,0.036585366,0.2195122,0.25609756,0.25,0.12195122,0.28658537,0.18902439,0.14634146
gi|153008136,0,non-T6SE,134,0.28571429,0.17293233,0.19548872,0.26315789,0.2481203,0.18796992,0.21052632,0.20300752,0.2556391,0.26315789,0.2481203,0.18796992,0.28571429,0.037593985,0.15789474,0.30075188,0.2406015,0.10526316,0.32330827,0.12781955,0.13533835
gi|153008267,0,non-T6SE,300,0.25083612,0.13712375,0.22742475,0.32107023,0.18394649,0.16053512,0.22408027,0.14715719,0.26086957,0.31772575,0.16053512,0.18394649,0.1638796,0.030100334,0.17056856,0.26421405,0.26086957,0.15719064,0.26755853,0.22408027,0.12040134
gi|153008282,0,non-T6SE,469,0.21367521,0.19017094,0.23076923,0.27777778,0.21367521,0.16452991,0.20512821,0.22008547,0.21367521,0.30128205,0.19444444,0.18376068,0.16880342,0.040598291,0.19871795,0.23076923,0.26282051,0.15811966,0.28205128,0.20940171,0.12179487
gi|153008288,0,non-T6SE,614,0.24796085,0.17292007,0.24959217,0.2675367,0.20228385,0.18597064,0.22022838,0.22022838,0.2365416,0.29363785,0.18597064,0.20228385,0.16313214,0.032626427,0.20228385,0.22838499,0.26264274,0.14845024,0.26427406,0.24469821,0.15660685
gi|153008404,0,non-T6SE,339,0.22485207,0.18343195,0.26923077,0.29585799,0.22189349,0.13609467,0.26627219,0.21005917,0.21597633,0.31656805,0.17751479,0.18047337,0.18047337,0.020710059,0.19230769,0.22485207,0.29585799,0.16568047,0.29881657,0.20118343,0.10946746
gi|153008421,0,non-T6SE,538,0.24581006,0.16387337,0.27001862,0.30912477,0.18621974,0.12290503,0.25139665,0.19366853,0.22905028,0.32588454,0.16945996,0.1396648,0.16759777,0.018621974,0.19366853,0.25325885,0.21973929,0.14897579,0.27560521,0.22346369,0.13407821
gi|153008448,0,non-T6SE,453,0.27433628,0.18362832,0.19469027,0.27433628,0.18584071,0.13938053,0.1880531,0.20353982,0.25,0.27876106,0.16814159,0.15707965,0.17256637,0.030973451,0.23230088,0.23230088,0.23672566,0.13938053,0.32743363,0.19026549,0.13053097
gi|153008609,0,non-T6SE,369,0.21467391,0.17119565,0.26358696,0.29619565,0.20923913,0.14673913,0.24728261,0.22554348,0.18206522,0.28532609,0.18206522,0.17391304,0.1576087,0.02173913,0.16304348,0.19565217,0.27173913,0.17391304,0.25543478,0.23097826,0.13043478
gi|153008685,0,non-T6SE,284,0.20848057,0.19787986,0.23674912,0.27915194,0.21908127,0.15194346,0.22968198,0.204947,0.20848057,0.29328622,0.19081272,0.18021201,0.1590106,0.045936396,0.16961131,0.22968198,0.24734982,0.19434629,0.31448763,0.19434629,0.091872792
gi|153008699,0,non-T6SE,319,0.22641509,0.18867925,0.27987421,0.3081761,0.21383648,0.16352201,0.28930818,0.22012579,0.19496855,0.2672956,0.15408805,0.22327044,0.17610063,0.018867925,0.1509434,0.23899371,0.28616352,0.1918239,0.27358491,0.2672956,0.14150943
gi|153008701,0,non-T6SE,218,0.2764977,0.16589862,0.23502304,0.31797235,0.17511521,0.16129032,0.23502304,0.23963134,0.22119816,0.29493088,0.13364055,0.20276498,0.1797235,0.013824885,0.15207373,0.22580645,0.24423963,0.17050691,0.24423963,0.20276498,0.19815668
gi|153008749,0,non-T6SE,319,0.27044025,0.17610063,0.24213836,0.32704403,0.20125786,0.13836478,0.23899371,0.18238994,0.26415094,0.33333333,0.18867925,0.1509434,0.16352201,0.031446541,0.22012579,0.27672956,0.22955975,0.16037736,0.32389937,0.21698113,0.12264151
gi|153008791,0,non-T6SE,488,0.23613963,0.20123203,0.23613963,0.25051335,0.20123203,0.15811088,0.21971253,0.23819302,0.2238193,0.26078029,0.16632444,0.19301848,0.17453799,0.022587269,0.22587269,0.25256674,0.23613963,0.14168378,0.30184805,0.20328542,0.13552361
gi|153008944,0,non-T6SE,93,0.20652174,0.26086957,0.20652174,0.18478261,0.20652174,0.25,0.18478261,0.30434783,0.18478261,0.18478261,0.18478261,0.27173913,0.23913043,0.032608696,0.14130435,0.27173913,0.16304348,0.11956522,0.32608696,0.2173913,0.14130435
gi|153008959,0,non-T6SE,367,0.28142077,0.20491803,0.20765027,0.33606557,0.17486339,0.17213115,0.19125683,0.2431694,0.25956284,0.32240437,0.15027322,0.19672131,0.16666667,0.040983607,0.22131148,0.25136612,0.2431694,0.13934426,0.3579235,0.18306011,0.1284153
gi|153009013,0,non-T6SE,407,0.23399015,0.15517241,0.25123153,0.34482759,0.16995074,0.13300493,0.25862069,0.1773399,0.2364532,0.35714286,0.15270936,0.15024631,0.12068966,0.027093596,0.19950739,0.2364532,0.25615764,0.17241379,0.26108374,0.21921182,0.12807882
gi|153009021,0,non-T6SE,168,0.25149701,0.18562874,0.26347305,0.2994012,0.19161677,0.13173653,0.22155689,0.22754491,0.19760479,0.2994012,0.14371257,0.17964072,0.1497006,0.011976048,0.22754491,0.26946108,0.22155689,0.16167665,0.22155689,0.24550898,0.21556886
gi|153009122,0,non-T6SE,264,0.22813688,0.22813688,0.25855513,0.2661597,0.19771863,0.23193916,0.2243346,0.2851711,0.20912548,0.26235741,0.17110266,0.25855513,0.15589354,0.019011407,0.17110266,0.26996198,0.21292776,0.18250951,0.31939163,0.26235741,0.13688213
gi|153009134,0,non-T6SE,607,0.22442244,0.19141914,0.21782178,0.2970297,0.20132013,0.17326733,0.22442244,0.21782178,0.21452145,0.29042904,0.1650165,0.20957096,0.14026403,0.024752475,0.17986799,0.23762376,0.24587459,0.17986799,0.29042904,0.22937294,0.12541254
gi|153009296,0,non-T6SE,122,0.23140496,0.23140496,0.16528926,0.2892562,0.15702479,0.19834711,0.16528926,0.24793388,0.21487603,0.25619835,0.12396694,0.23140496,0.26446281,0.033057851,0.16528926,0.26446281,0.18181818,0.16528926,0.31404959,0.19008264,0.14876033
gi|153009298,0,non-T6SE,185,0.26086957,0.23369565,0.25,0.27173913,0.26086957,0.20108696,0.23913043,0.27717391,0.2173913,0.24456522,0.21195652,0.25,0.27173913,0.032608696,0.18478261,0.23913043,0.23913043,0.15217391,0.33695652,0.17391304,0.1576087
gi|153009306,0,non-T6SE,446,0.17078652,0.11011236,0.31460674,0.32359551,0.14831461,0.14831461,0.3011236,0.13258427,0.16629213,0.29662921,0.12134831,0.1752809,0.096629213,0.008988764,0.076404494,0.23370787,0.21123596,0.16179775,0.18876404,0.2741573,0.092134831
gi|153009310,0,non-T6SE,337,0.21130952,0.25297619,0.22619048,0.35416667,0.12202381,0.19345238,0.2172619,0.2827381,0.19345238,0.33333333,0.11309524,0.20238095,0.15178571,0.026785714,0.24107143,0.24702381,0.23809524,0.16666667,0.33630952,0.20535714,0.12797619
gi|153009311,0,non-T6SE,142,0.31205674,0.19858156,0.16312057,0.24113475,0.23404255,0.18439716,0.16312057,0.21276596,0.29787234,0.22695035,0.21985816,0.19858156,0.28368794,0.042553191,0.19858156,0.24822695,0.23404255,0.063829787,0.41843972,0.18439716,0.092198582
gi|153009331,0,non-T6SE,714,0.24123422,0.19635344,0.24403927,0.30715288,0.20617111,0.15708275,0.2398317,0.2230014,0.2286115,0.3029453,0.17671809,0.18653576,0.17671809,0.019635344,0.21318373,0.25245442,0.24123422,0.15708275,0.2973352,0.17812062,0.14025245
gi|153009387,0,non-T6SE,117,0.30172414,0.18103448,0.23275862,0.20689655,0.29310345,0.14655172,0.23275862,0.19827586,0.28448276,0.21551724,0.25,0.18965517,0.20689655,0.034482759,0.25862069,0.22413793,0.1637931,0.1637931,0.31034483,0.18103448,0.17241379
gi|153009466,0,non-T6SE,199,0.25252525,0.17171717,0.16666667,0.26262626,0.17676768,0.17171717,0.2020202,0.20707071,0.22727273,0.25757576,0.17171717,0.17676768,0.15151515,0.01010101,0.19191919,0.25757576,0.23232323,0.13636364,0.2979798,0.23737374,0.12626263
gi|153009524,0,non-T6SE,369,0.25271739,0.22282609,0.22554348,0.34782609,0.21195652,0.18206522,0.23913043,0.24728261,0.23913043,0.32608696,0.18478261,0.20923913,0.1576087,0.043478261,0.25815217,0.23369565,0.26630435,0.13586957,0.32880435,0.18206522,0.14673913
gi|153009530,0,non-T6SE,974,0.24871531,0.2045221,0.23432682,0.31346351,0.17780062,0.17882837,0.22096608,0.23638232,0.21685509,0.31140802,0.15724563,0.19938335,0.18705036,0.036998972,0.21891059,0.23946557,0.25385406,0.15930113,0.30626927,0.21171634,0.14696814
gi|153009536,0,non-T6SE,230,0.23580786,0.18777293,0.20960699,0.26200873,0.18340611,0.20087336,0.18340611,0.22270742,0.19213974,0.24017467,0.16157205,0.22270742,0.1441048,0.052401747,0.17467249,0.25327511,0.24454148,0.13100437,0.25327511,0.24454148,0.17030568
gi|153009585,0,non-T6SE,507,0.24901186,0.19762846,0.22332016,0.30434783,0.17588933,0.18181818,0.22529644,0.22727273,0.22727273,0.30434783,0.14426877,0.21343874,0.17391304,0.023715415,0.22924901,0.22924901,0.22727273,0.17391304,0.30434783,0.21936759,0.14229249
gi|153009733,0,non-T6SE,442,0.23356009,0.20634921,0.21315193,0.25396825,0.21088435,0.17687075,0.2154195,0.24489796,0.20861678,0.26530612,0.17687075,0.21088435,0.18820862,0.0430839,0.2154195,0.23356009,0.29251701,0.17913832,0.27891156,0.20408163,0.16099773
gi|153009820,0,non-T6SE,152,0.24503311,0.20529801,0.21192053,0.33112583,0.16556291,0.18543046,0.21854305,0.2384106,0.21192053,0.32450331,0.10596026,0.24503311,0.20529801,0.033112583,0.16556291,0.22516556,0.27152318,0.13245033,0.2384106,0.19205298,0.21192053
gi|153009822,0,non-T6SE,154,0.25490196,0.18954248,0.15686275,0.21568627,0.18300654,0.20261438,0.1372549,0.20915033,0.24836601,0.20915033,0.1503268,0.23529412,0.25490196,0.045751634,0.1503268,0.22875817,0.26797386,0.08496732,0.33333333,0.18300654,0.11111111
gi|153009857,0,non-T6SE,439,0.23287671,0.19634703,0.22146119,0.31050228,0.18949772,0.16438356,0.22146119,0.22374429,0.23287671,0.31278539,0.15525114,0.19863014,0.16666667,0.020547945,0.1803653,0.21461187,0.25342466,0.15525114,0.31278539,0.20091324,0.11643836
gi|153009903,0,non-T6SE,363,0.23480663,0.16850829,0.29005525,0.36740331,0.17403315,0.13259669,0.27624309,0.1878453,0.22099448,0.35911602,0.13812155,0.16850829,0.14088398,0.035911602,0.22375691,0.22375691,0.27348066,0.17955801,0.29005525,0.1878453,0.11325967
gi|153009959,0,non-T6SE,403,0.12437811,0.074626866,0.42039801,0.31343284,0.22139303,0.13930348,0.41542289,0.099502488,0.11442786,0.29104478,0.1840796,0.17661692,0.087064677,0.012437811,0.047263682,0.22636816,0.24129353,0.17661692,0.11940299,0.30099502,0.07960199
gi|153010181,0,non-T6SE,207,0.19902913,0.23786408,0.23300971,0.25728155,0.15533981,0.20873786,0.2184466,0.27184466,0.18446602,0.26213592,0.15048544,0.21359223,0.15533981,0.029126214,0.22330097,0.22330097,0.28640777,0.15533981,0.2961165,0.2038835,0.1407767
gi|153010186,0,non-T6SE,824,0.25880923,0.19076549,0.2308627,0.23936817,0.2381531,0.17861482,0.21142163,0.23207776,0.23207776,0.2454435,0.20291616,0.21385176,0.16524909,0.02673147,0.18955043,0.22964763,0.22235723,0.19805589,0.28918591,0.2345079,0.16038882
gi|153010187,0,non-T6SE,313,0.25641026,0.17948718,0.25961538,0.29807692,0.21153846,0.13782051,0.23717949,0.21474359,0.23397436,0.32051282,0.16987179,0.17948718,0.15064103,0.03525641,0.17628205,0.25,0.20833333,0.19871795,0.26282051,0.21794872,0.17307692
gi|153010206,0,non-T6SE,594,0.24957841,0.16863406,0.25463744,0.27487352,0.21247892,0.18381113,0.21753794,0.21247892,0.23608769,0.28667791,0.19055649,0.20573356,0.18381113,0.028667791,0.19392917,0.24957841,0.25969646,0.1450253,0.27150084,0.21247892,0.14671164
gi|153010214,0,non-T6SE,1254,0.2745411,0.16360734,0.22505986,0.26735834,0.23862729,0.1660016,0.21308859,0.21069433,0.2434158,0.26895451,0.20510774,0.19952115,0.1660016,0.036711891,0.19553073,0.21069433,0.27294493,0.18196329,0.26735834,0.20989625,0.1707901
gi|153010215,0,non-T6SE,512,0.22700587,0.2035225,0.24266145,0.25440313,0.21135029,0.18590998,0.21722114,0.25244618,0.19373777,0.2446184,0.16242661,0.23483366,0.17808219,0.037181996,0.19765166,0.25831703,0.22896282,0.1741683,0.26614481,0.21330724,0.16438356
gi|153010251,0,non-T6SE,400,0.11528822,0.07518797,0.43107769,0.36842105,0.18546366,0.082706767,0.44110276,0.080200501,0.11528822,0.36591479,0.16541353,0.10275689,0.070175439,0.0050125313,0.060150376,0.23809524,0.26566416,0.19548872,0.12030075,0.30325815,0.070175439
gi|153010276,0,non-T6SE,135,0.23880597,0.19402985,0.21641791,0.2761194,0.2238806,0.17164179,0.20895522,0.20149254,0.23134328,0.23880597,0.1641791,0.23134328,0.23134328,0.02238806,0.1119403,0.20895522,0.26119403,0.1641791,0.24626866,0.17164179,0.18656716
gi|153010338,0,non-T6SE,215,0.22897196,0.19158879,0.27102804,0.26635514,0.28037383,0.15420561,0.25233645,0.23831776,0.20093458,0.27570093,0.23364486,0.20093458,0.18691589,0.046728972,0.19626168,0.27102804,0.19158879,0.19626168,0.29906542,0.19626168,0.12149533
gi|153010448,0,non-T6SE,307,0.19281046,0.17320261,0.28104575,0.38235294,0.13071895,0.14052288,0.28104575,0.17973856,0.18627451,0.37908497,0.12091503,0.1503268,0.14705882,0.0098039216,0.17973856,0.24183007,0.25490196,0.17647059,0.26470588,0.21568627,0.10130719
gi|153010522,0,non-T6SE,141,0.25714286,0.17142857,0.19285714,0.30714286,0.15714286,0.17857143,0.18571429,0.19285714,0.26428571,0.30714286,0.11428571,0.22142857,0.17857143,0.035714286,0.20714286,0.20714286,0.32142857,0.12142857,0.27857143,0.17142857,0.15
gi|153011148,0,non-T6SE,173,0.30813953,0.11627907,0.27325581,0.34302326,0.15697674,0.13953488,0.23255814,0.18023256,0.30232558,0.36627907,0.13372093,0.1627907,0.15116279,0.011627907,0.20348837,0.16860465,0.35465116,0.12209302,0.27325581,0.28488372,0.15116279
gi|153011176,0,non-T6SE,275,0.25547445,0.22262774,0.2189781,0.31021898,0.17153285,0.1459854,0.22627737,0.26642336,0.21167883,0.28832117,0.16423358,0.15328467,0.17883212,0.047445255,0.26642336,0.25912409,0.25547445,0.14233577,0.34671533,0.15693431,0.13138686
gi|153011177,0,non-T6SE,444,0.26636569,0.16704289,0.20541761,0.28442438,0.19638826,0.15801354,0.20090293,0.18961625,0.25733634,0.27539503,0.15575621,0.1986456,0.1738149,0.038374718,0.19187359,0.16930023,0.29345372,0.13769752,0.26636569,0.20090293,0.16704289
gi|153011307,0,non-T6SE,208,0.19323671,0.19806763,0.2705314,0.2705314,0.21256039,0.1352657,0.26086957,0.22705314,0.15458937,0.28019324,0.18357488,0.16425121,0.14975845,0.028985507,0.19323671,0.26086957,0.23188406,0.18357488,0.2705314,0.20289855,0.12077295
gi|153011653,0,non-T6SE,269,0.16044776,0.10447761,0.31716418,0.28358209,0.18656716,0.19029851,0.30223881,0.12686567,0.17537313,0.27985075,0.17537313,0.20149254,0.082089552,0.02238806,0.1380597,0.28731343,0.20522388,0.16791045,0.16791045,0.24253731,0.097014925
gi|153011849,0,non-T6SE,95,0.19148936,0.24468085,0.21276596,0.20212766,0.15957447,0.29787234,0.21276596,0.30851064,0.14893617,0.22340426,0.11702128,0.34042553,0.26595745,0.053191489,0.11702128,0.22340426,0.20212766,0.13829787,0.28723404,0.20212766,0.14893617
gi|153012036,0,non-T6SE,333,0.23493976,0.19879518,0.25,0.28915663,0.20783133,0.18674699,0.23795181,0.24698795,0.21686747,0.30421687,0.1746988,0.21987952,0.17771084,0.03313253,0.20783133,0.29216867,0.21084337,0.16566265,0.28915663,0.19879518,0.14457831
gi|15887405,0,non-T6SE,744,0.25033647,0.18034993,0.24091521,0.28936743,0.20995962,0.14670256,0.23149394,0.20861373,0.24629879,0.29878869,0.1897712,0.16689098,0.15612382,0.034993271,0.20188425,0.22476447,0.26110363,0.16016151,0.28532974,0.2166891,0.14535666
gi|159184174,0,non-T6SE,257,0.2109375,0.203125,0.23046875,0.3359375,0.15625,0.125,0.23046875,0.20703125,0.21484375,0.34375,0.125,0.15625,0.1484375,0.0234375,0.1953125,0.296875,0.20703125,0.13671875,0.32421875,0.19921875,0.08984375
gi|15887488,0,non-T6SE,438,0.19450801,0.15789474,0.30663616,0.36842105,0.15560641,0.10297483,0.30434783,0.16475973,0.19679634,0.36613272,0.14416476,0.11441648,0.11899314,0.032036613,0.18306636,0.24256293,0.26773455,0.14874142,0.25171625,0.23798627,0.1006865
gi|15887516,0,non-T6SE,340,0.22713864,0.1179941,0.26253687,0.33628319,0.13569322,0.12389381,0.25958702,0.12684366,0.22418879,0.39528024,0.12389381,0.13569322,0.1120944,0.014749263,0.13864307,0.2300885,0.25368732,0.17109145,0.19469027,0.27728614,0.15044248
gi|15887532,0,non-T6SE,300,0.2173913,0.20735786,0.23076923,0.25752508,0.22408027,0.18729097,0.23076923,0.24749164,0.20401338,0.23745819,0.17725753,0.23411371,0.17391304,0.033444816,0.19063545,0.28428094,0.2173913,0.17725753,0.26421405,0.21070234,0.16053512
gi|159184202,0,non-T6SE,381,0.18157895,0.12105263,0.30789474,0.29473684,0.20526316,0.17894737,0.31315789,0.14210526,0.16578947,0.30526316,0.16315789,0.22105263,0.11578947,0.018421053,0.097368421,0.27631579,0.21842105,0.19210526,0.21315789,0.27631579,0.089473684
gi|15887547,0,non-T6SE,442,0.22902494,0.18367347,0.26077098,0.3015873,0.22902494,0.14965986,0.2585034,0.21768707,0.24036281,0.26984127,0.20181406,0.17687075,0.15646259,0.024943311,0.18367347,0.2244898,0.25623583,0.17006803,0.28117914,0.26077098,0.13151927
gi|15887552,0,non-T6SE,303,0.22847682,0.16556291,0.23509934,0.30463576,0.16556291,0.13245033,0.2384106,0.18874172,0.20529801,0.31125828,0.15231788,0.14569536,0.13245033,0.023178808,0.15562914,0.24503311,0.2384106,0.13907285,0.26821192,0.19536424,0.12582781
gi|159184273,0,non-T6SE,351,0.26285714,0.21428571,0.21714286,0.31142857,0.19142857,0.15428571,0.20285714,0.22857143,0.26,0.32,0.16,0.18571429,0.19428571,0.028571429,0.20571429,0.24857143,0.25714286,0.12285714,0.32285714,0.17428571,0.15428571
gi|15887822,0,non-T6SE,241,0.1125,0.070833333,0.4,0.34166667,0.1875,0.10833333,0.40416667,0.083333333,0.13333333,0.3375,0.175,0.12083333,0.0625,0.0041666667,0.045833333,0.2875,0.19166667,0.21666667,0.1375,0.2625,0.045833333
gi|159184358,0,non-T6SE,99,0.19387755,0.26530612,0.15306122,0.15306122,0.23469388,0.19387755,0.16326531,0.31632653,0.16326531,0.14285714,0.18367347,0.24489796,0.26530612,0.030612245,0.19387755,0.3877551,0.18367347,0.10204082,0.29591837,0.17346939,0.16326531
gi|159184474,0,non-T6SE,544,0.18416206,0.20994475,0.22836096,0.25782689,0.1694291,0.20441989,0.2320442,0.23572744,0.17679558,0.25782689,0.15101289,0.2228361,0.13443831,0.027624309,0.16390424,0.20626151,0.2320442,0.17679558,0.27992634,0.19337017,0.11418048
gi|159184484,0,non-T6SE,549,0.25182482,0.18430657,0.24087591,0.25182482,0.22992701,0.16788321,0.22445255,0.22992701,0.24635036,0.25364964,0.1879562,0.20985401,0.16605839,0.018248175,0.17518248,0.21167883,0.28467153,0.16058394,0.2919708,0.22627737,0.14416058
gi|15888245,0,non-T6SE,165,0.20731707,0.23170732,0.23780488,0.25609756,0.23780488,0.17073171,0.22560976,0.26829268,0.19512195,0.25609756,0.22560976,0.18292683,0.18292683,0.024390244,0.24390244,0.25609756,0.22560976,0.19512195,0.32926829,0.21341463,0.1097561
gi|15888690,0,non-T6SE,836,0.25868263,0.17365269,0.21077844,0.28622754,0.20239521,0.16167665,0.19760479,0.20598802,0.23592814,0.27784431,0.17005988,0.19401198,0.19281437,0.033532934,0.1988024,0.21317365,0.26586826,0.13892216,0.27065868,0.19161677,0.16167665
gi|15888931,0,non-T6SE,578,0.24263432,0.21143847,0.2287695,0.28249567,0.19237435,0.18717504,0.22010399,0.25823224,0.21317158,0.27902946,0.14731369,0.2322357,0.17157712,0.036395147,0.2305026,0.24263432,0.2339688,0.16811092,0.29462738,0.17157712,0.15944541
gi|15888975,0,non-T6SE,375,0.21390374,0.19786096,0.29144385,0.28074866,0.23262032,0.11497326,0.26470588,0.21657754,0.21657754,0.28609626,0.18983957,0.15775401,0.15240642,0.018716578,0.17914439,0.23262032,0.24064171,0.2459893,0.30481283,0.20320856,0.10695187
gi|159184959,0,non-T6SE,363,0.25690608,0.21823204,0.22099448,0.35082873,0.14917127,0.14640884,0.22375691,0.22099448,0.25414365,0.35911602,0.13535912,0.16022099,0.1878453,0.027624309,0.22099448,0.21270718,0.26519337,0.14640884,0.33425414,0.1878453,0.14088398
gi|159184984,0,non-T6SE,189,0.28191489,0.14893617,0.17553191,0.2287234,0.2712766,0.18085106,0.17021277,0.17553191,0.26595745,0.20744681,0.25,0.20212766,0.2606383,0.058510638,0.12765957,0.20744681,0.2712766,0.12234043,0.30851064,0.15957447,0.12234043
gi|15889239,0,non-T6SE,278,0.31407942,0.16606498,0.18411552,0.23465704,0.27075812,0.14801444,0.17689531,0.19494585,0.29963899,0.23104693,0.23104693,0.18772563,0.27797834,0.02166065,0.12274368,0.19494585,0.29602888,0.14440433,0.29241877,0.18411552,0.18772563
gi|15889291,0,non-T6SE,988,0.29078014,0.19047619,0.19959473,0.28672746,0.20364742,0.1550152,0.19250253,0.21985816,0.27152989,0.29483283,0.17933131,0.17933131,0.20364742,0.032421479,0.23505572,0.22087133,0.26950355,0.1337386,0.30192503,0.2006079,0.17933131
gi|15889454,0,non-T6SE,305,0.25328947,0.16776316,0.22039474,0.26315789,0.17763158,0.13486842,0.20723684,0.17434211,0.25328947,0.26973684,0.15789474,0.15460526,0.12828947,0.0098684211,0.18092105,0.20394737,0.25986842,0.1875,0.26315789,0.23355263,0.15789474
gi|159185089,0,non-T6SE,1162,0.23686477,0.20327304,0.24375538,0.31782946,0.18518519,0.16192937,0.24375538,0.22566753,0.2248062,0.31696813,0.15503876,0.1920758,0.17054264,0.034453058,0.208441,0.2377261,0.23686477,0.16537468,0.28854436,0.19379845,0.15159345
gi|15889610,0,non-T6SE,502,0.28143713,0.16367265,0.18962076,0.26746507,0.19161677,0.18762475,0.16966068,0.19161677,0.26147705,0.29141717,0.15968064,0.21956088,0.24151697,0.035928144,0.16766467,0.20958084,0.31337325,0.12974052,0.29141717,0.19560878,0.15369261
gi|159185223,0,non-T6SE,237,0.23305085,0.19067797,0.21610169,0.28389831,0.21610169,0.1779661,0.20338983,0.22033898,0.24576271,0.29237288,0.18220339,0.21186441,0.16949153,0.025423729,0.16949153,0.22457627,0.26694915,0.13983051,0.3220339,0.18220339,0.10169492
gi|15889760,0,non-T6SE,481,0.15833333,0.12708333,0.32083333,0.31666667,0.19166667,0.1125,0.31666667,0.14791667,0.16666667,0.30208333,0.17291667,0.13125,0.1,0.0020833333,0.13125,0.225,0.22083333,0.175,0.19791667,0.26041667,0.0875
gi|159185243,0,non-T6SE,128,0.24409449,0.12598425,0.33858268,0.29133858,0.19685039,0.1496063,0.26771654,0.19685039,0.20472441,0.2992126,0.12598425,0.22047244,0.11023622,0.023622047,0.16535433,0.27559055,0.19685039,0.21259843,0.20472441,0.33070866,0.16535433
gi|15889765,0,non-T6SE,246,0.27755102,0.18367347,0.22857143,0.32244898,0.2122449,0.11020408,0.2122449,0.2244898,0.25306122,0.31020408,0.19183673,0.13061224,0.13877551,0.016326531,0.19183673,0.1877551,0.24081633,0.20408163,0.26938776,0.2122449,0.19183673
gi|15889766,0,non-T6SE,363,0.25138122,0.19337017,0.26243094,0.2679558,0.22928177,0.16574586,0.26243094,0.24309392,0.20165746,0.25966851,0.20441989,0.19060773,0.16850829,0.019337017,0.1878453,0.24585635,0.21823204,0.20718232,0.25966851,0.20994475,0.18508287
gi|159185267,0,non-T6SE,263,0.23282443,0.14503817,0.24045802,0.27862595,0.21755725,0.14122137,0.2519084,0.15648855,0.23664122,0.30152672,0.19465649,0.16412214,0.17557252,0.026717557,0.17175573,0.16793893,0.2519084,0.16793893,0.27480916,0.22900763,0.10305344
gi|15889957,0,non-T6SE,179,0.35393258,0.19101124,0.14044944,0.30337079,0.20224719,0.1741573,0.14606742,0.19662921,0.34831461,0.28651685,0.19662921,0.17977528,0.25280899,0.039325843,0.23595506,0.21910112,0.14044944,0.10674157,0.46067416,0.13483146,0.084269663
gi|159185343,0,non-T6SE,337,0.21428571,0.14583333,0.25,0.28869048,0.19345238,0.19047619,0.26488095,0.17857143,0.19940476,0.28571429,0.17261905,0.21130952,0.14583333,0.026785714,0.18154762,0.22916667,0.25,0.15178571,0.23214286,0.23214286,0.12797619
gi|159185594,0,non-T6SE,440,0.11389522,0.088838269,0.39635535,0.33257403,0.16856492,0.11845103,0.39179954,0.097949886,0.11389522,0.34851936,0.14806378,0.13895216,0.088838269,0.0045558087,0.072892938,0.28701595,0.22779043,0.18678815,0.14350797,0.27107062,0.059225513
gi|15891708,0,non-T6SE,348,0.13256484,0.11239193,0.3573487,0.38616715,0.12680115,0.10951009,0.3573487,0.11239193,0.14409222,0.38904899,0.11239193,0.12391931,0.097982709,0.0028818444,0.07204611,0.30835735,0.19308357,0.17579251,0.19884726,0.23919308,0.04610951
gi|15891676,0,non-T6SE,402,0.25935162,0.19451372,0.26184539,0.3117207,0.2244389,0.12718204,0.24438903,0.2319202,0.25685786,0.3042394,0.19201995,0.159601,0.18453865,0.014962594,0.2244389,0.21446384,0.25187032,0.18453865,0.31670823,0.22942643,0.13715711
gi|15891640,0,non-T6SE,418,0.19664269,0.17745803,0.27098321,0.29496403,0.21103118,0.14148681,0.28297362,0.1942446,0.18944844,0.31654676,0.18465228,0.16786571,0.18465228,0.026378897,0.16067146,0.24220624,0.23741007,0.18944844,0.23980815,0.2470024,0.13429257
gi|159185731,0,non-T6SE,603,0.18936877,0.15614618,0.30232558,0.3089701,0.18604651,0.15448505,0.29069767,0.17774086,0.18438538,0.29734219,0.15780731,0.18272425,0.15448505,0.021594684,0.1345515,0.24252492,0.21594684,0.16943522,0.2358804,0.24086379,0.10963455
gi|159185737,0,non-T6SE,389,0.24226804,0.16494845,0.2242268,0.2628866,0.19329897,0.16494845,0.22680412,0.19329897,0.22938144,0.26546392,0.16494845,0.19329897,0.17010309,0.036082474,0.17010309,0.20618557,0.26030928,0.1443299,0.28350515,0.20618557,0.12371134
gi|15891357,0,non-T6SE,186,0.27027027,0.13513514,0.24864865,0.35135135,0.15675676,0.12432432,0.22162162,0.15135135,0.28648649,0.31891892,0.13513514,0.14594595,0.15135135,0.027027027,0.2,0.23243243,0.32972973,0.13513514,0.29189189,0.23783784,0.11351351
gi|15891222,0,non-T6SE,333,0.20180723,0.17168675,0.27710843,0.29518072,0.17771084,0.19879518,0.25301205,0.21385542,0.18975904,0.28614458,0.14457831,0.23192771,0.12650602,0.018072289,0.18674699,0.22891566,0.25301205,0.1626506,0.21987952,0.24698795,0.15361446
gi|15891196,0,non-T6SE,166,0.24242424,0.12727273,0.31515152,0.35757576,0.21212121,0.096969697,0.30909091,0.15757576,0.22424242,0.33939394,0.19393939,0.11515152,0.11515152,0.018181818,0.18787879,0.23030303,0.3030303,0.15757576,0.23030303,0.20606061,0.13939394
gi|159185894,0,non-T6SE,349,0.25862069,0.17528736,0.22988506,0.33333333,0.17241379,0.13793103,0.22701149,0.20114943,0.24425287,0.34482759,0.15517241,0.15517241,0.15229885,0.045977011,0.17816092,0.23275862,0.22701149,0.14655172,0.3045977,0.1954023,0.12931034
gi|15891161,0,non-T6SE,567,0.14310954,0.097173145,0.39045936,0.34982332,0.17314488,0.1590106,0.37985866,0.11130742,0.14310954,0.33215548,0.15547703,0.17667845,0.06360424,0.010600707,0.060070671,0.26855124,0.20671378,0.17844523,0.14664311,0.29681979,0.093639576
gi|15891157,0,non-T6SE,481,0.22708333,0.19166667,0.27708333,0.37083333,0.15416667,0.15,0.27291667,0.2125,0.21041667,0.35833333,0.12916667,0.175,0.13125,0.029166667,0.17916667,0.24166667,0.25,0.13333333,0.30416667,0.225,0.11458333
gi|159185947,0,non-T6SE,495,0.26315789,0.20040486,0.19838057,0.27935223,0.21052632,0.16396761,0.19635628,0.24291498,0.22874494,0.28137652,0.18825911,0.18623482,0.15991903,0.030364372,0.27125506,0.20647773,0.24696356,0.18623482,0.30769231,0.2145749,0.15587045
gi|15890896,0,non-T6SE,420,0.25536993,0.18854415,0.23627685,0.29116945,0.21479714,0.150358,0.21002387,0.22911695,0.22434368,0.28162291,0.19570406,0.16945107,0.150358,0.035799523,0.23627685,0.19809069,0.2601432,0.18854415,0.28162291,0.21718377,0.16229117
gi|15890895,0,non-T6SE,735,0.23569482,0.19073569,0.26566757,0.25613079,0.22615804,0.1866485,0.24523161,0.23841962,0.21798365,0.24386921,0.19209809,0.22070845,0.15122616,0.023160763,0.21389646,0.24114441,0.23978202,0.1866485,0.28746594,0.24659401,0.13896458
gi|15890719,0,non-T6SE,365,0.21428571,0.19230769,0.27197802,0.32692308,0.18131868,0.13461538,0.26098901,0.21428571,0.20879121,0.32692308,0.14835165,0.16758242,0.15659341,0.019230769,0.18406593,0.25549451,0.25,0.17857143,0.28296703,0.25274725,0.12362637
gi|159186117,0,non-T6SE,497,0.1391129,0.11491935,0.33870968,0.3125,0.18951613,0.16330645,0.33870968,0.13508065,0.12298387,0.31451613,0.15927419,0.19354839,0.10685484,0.026209677,0.10282258,0.28024194,0.20967742,0.16129032,0.17540323,0.26008065,0.078629032
gi|15890574,0,non-T6SE,834,0.25690276,0.19207683,0.2244898,0.22809124,0.24609844,0.17527011,0.22088836,0.22929172,0.23889556,0.22929172,0.21128451,0.21008403,0.17887155,0.022809124,0.20288115,0.27010804,0.25330132,0.16206483,0.29171669,0.24009604,0.15726291
gi|15890572,0,non-T6SE,233,0.21551724,0.20689655,0.27586207,0.26293103,0.21982759,0.21982759,0.22844828,0.25431034,0.19396552,0.28017241,0.18534483,0.25431034,0.18965517,0.017241379,0.18103448,0.25862069,0.18534483,0.16810345,0.25,0.23706897,0.17241379
gi|15890527,0,non-T6SE,260,0.23166023,0.17374517,0.25482625,0.32046332,0.21235521,0.15444015,0.23166023,0.2046332,0.23938224,0.27413127,0.17374517,0.19305019,0.21621622,0.023166023,0.15057915,0.31274131,0.22007722,0.15057915,0.25482625,0.20849421,0.15057915
gi|15890521,0,non-T6SE,321,0.246875,0.190625,0.275,0.353125,0.15625,0.153125,0.275,0.209375,0.228125,0.396875,0.15,0.159375,0.16875,0.05,0.20625,0.2375,0.2,0.175,0.3375,0.178125,0.1
gi|159186182,0,non-T6SE,436,0.28045977,0.20229885,0.21609195,0.23908046,0.22068966,0.1816092,0.19770115,0.26206897,0.23448276,0.23678161,0.1862069,0.21609195,0.1816092,0.016091954,0.23678161,0.23448276,0.24137931,0.16781609,0.27356322,0.17471264,0.2091954
gi|159186266,0,non-T6SE,457,0.23245614,0.20175439,0.23245614,0.29824561,0.18859649,0.18201754,0.24342105,0.24780702,0.1995614,0.27631579,0.14912281,0.22149123,0.1754386,0.026315789,0.19736842,0.23903509,0.21491228,0.1622807,0.27412281,0.20614035,0.16008772
gi|15890217,0,non-T6SE,764,0.27522936,0.16775885,0.24508519,0.28964613,0.23328965,0.14547837,0.23722149,0.21231979,0.24639581,0.28047182,0.21100917,0.16775885,0.1559633,0.030144168,0.19003932,0.2214941,0.26736566,0.16775885,0.27916121,0.21363041,0.163827
gi|16119673,0,non-T6SE,364,0.26721763,0.16804408,0.22589532,0.31129477,0.19834711,0.12947658,0.23140496,0.21212121,0.25068871,0.33333333,0.17630854,0.15151515,0.13774105,0.011019284,0.20936639,0.23966942,0.24242424,0.17906336,0.31955923,0.24242424,0.11570248
gi|16119726,0,non-T6SE,177,0.23863636,0.20454545,0.28977273,0.34659091,0.13636364,0.13068182,0.28409091,0.23295455,0.21022727,0.39204545,0.11363636,0.15340909,0.10795455,0.028409091,0.1875,0.25568182,0.19886364,0.1875,0.32386364,0.22727273,0.11931818
gi|159161959,0,non-T6SE,370,0.25474255,0.20867209,0.1897019,0.25745257,0.2303523,0.16260163,0.18428184,0.22493225,0.25474255,0.27642276,0.20054201,0.19241192,0.24390244,0.048780488,0.16531165,0.18428184,0.27100271,0.14092141,0.31436314,0.19512195,0.14905149
gi|16119900,0,non-T6SE,266,0.1509434,0.11698113,0.34716981,0.31320755,0.17735849,0.14716981,0.33584906,0.14339623,0.13962264,0.31320755,0.16226415,0.16226415,0.11698113,0.0075471698,0.090566038,0.29811321,0.19245283,0.17735849,0.18867925,0.24150943,0.079245283
gi|240851295,0,non-T6SE,122,0.19008264,0.15702479,0.26446281,0.30578512,0.16528926,0.14049587,0.24793388,0.19008264,0.20661157,0.25619835,0.14876033,0.15702479,0.15702479,0.024793388,0.041322314,0.25619835,0.20661157,0.12396694,0.2231405,0.19834711,0.12396694
gi|240851310,0,non-T6SE,314,0.22683706,0.23642173,0.18210863,0.23642173,0.18530351,0.20447284,0.17252396,0.2715655,0.20447284,0.23322684,0.1629393,0.22683706,0.22683706,0.031948882,0.19808307,0.22044728,0.26517572,0.13099042,0.26837061,0.21086262,0.19488818
gi|163869227,0,non-T6SE,73,0.15277778,0.19444444,0.20833333,0.23611111,0.097222222,0.31944444,0.18055556,0.19444444,0.15277778,0.22222222,0.083333333,0.33333333,0.29166667,0.027777778,0.055555556,0.27777778,0.27777778,0.083333333,0.26388889,0.20833333,0.083333333
gi|163869107,0,non-T6SE,134,0.2406015,0.21052632,0.11278195,0.20300752,0.18796992,0.2481203,0.12781955,0.2406015,0.20300752,0.19548872,0.18045113,0.2556391,0.2406015,0.12030075,0.2556391,0.17293233,0.17293233,0.082706767,0.33834586,0.067669173,0.11278195
gi|240850960,0,non-T6SE,173,0.30232558,0.25581395,0.13953488,0.28488372,0.12209302,0.20930233,0.13372093,0.28488372,0.27325581,0.30232558,0.11627907,0.21511628,0.22674419,0.063953488,0.20348837,0.22093023,0.18604651,0.10465116,0.3255814,0.15697674,0.23255814
gi|148557907,0,non-T6SE,128,0.20472441,0.11023622,0.27559055,0.26771654,0.18110236,0.14173228,0.28346457,0.13385827,0.19685039,0.22047244,0.16535433,0.15748031,0.19685039,0.0078740157,0.05511811,0.28346457,0.22834646,0.15748031,0.18110236,0.30708661,0.13385827
gi|148558277,0,non-T6SE,105,0.125,0.17307692,0.31730769,0.35576923,0.16346154,0.086538462,0.31730769,0.19230769,0.14423077,0.32692308,0.15384615,0.096153846,0.15384615,0.0096153846,0.086538462,0.22115385,0.22115385,0.14423077,0.17307692,0.26923077,0.125
gi|161620153,0,non-T6SE,57,0.23214286,0.10714286,0.30357143,0.35714286,0.16071429,0.10714286,0.32142857,0.125,0.21428571,0.26785714,0.10714286,0.16071429,0.17857143,0,0.089285714,0.21428571,0.23214286,0.21428571,0.16071429,0.26785714,0.17857143
gi|52841485,0,non-T6SE,236,0.24680851,0.22553191,0.18723404,0.28510638,0.17446809,0.16595745,0.20425532,0.26808511,0.2212766,0.29787234,0.16170213,0.1787234,0.16595745,0.025531915,0.16170213,0.19148936,0.29361702,0.11489362,0.30638298,0.16170213,0.16595745
gi|54298679,0,non-T6SE,472,0.2462845,0.17197452,0.19532909,0.33545648,0.10615711,0.1507431,0.2059448,0.20382166,0.21443737,0.35244161,0.089171975,0.16772824,0.076433121,0.008492569,0.08492569,0.1910828,0.2462845,0.20806794,0.23779193,0.23779193,0.18046709
gi|148360942,0,non-T6SE,86,0.14117647,0.12941176,0.28235294,0.12941176,0.27058824,0.22352941,0.25882353,0.17647059,0.14117647,0.094117647,0.23529412,0.25882353,0.21176471,0.011764706,0.058823529,0.28235294,0.16470588,0.21176471,0.2,0.29411765,0.070588235
gi|148360941,0,non-T6SE,114,0.16814159,0.21238938,0.22123894,0.32743363,0.2300885,0.13274336,0.2300885,0.23893805,0.14159292,0.31858407,0.20353982,0.15929204,0.12389381,0.03539823,0.20353982,0.2300885,0.30973451,0.17699115,0.25663717,0.20353982,0.12389381
gi|148360940,0,non-T6SE,120,0.30252101,0.1512605,0.22689076,0.33613445,0.19327731,0.11764706,0.22689076,0.1512605,0.30252101,0.31932773,0.17647059,0.13445378,0.15966387,0.058823529,0.22689076,0.21008403,0.21848739,0.21008403,0.24369748,0.19327731,0.21008403
gi|148360927,0,non-T6SE,1009,0.2202381,0.20634921,0.24900794,0.2718254,0.18551587,0.17460317,0.23412698,0.23511905,0.19543651,0.28571429,0.15376984,0.20634921,0.17063492,0.027777778,0.18849206,0.25396825,0.23511905,0.16269841,0.2797619,0.24107143,0.1468254
gi|148360925,0,non-T6SE,973,0.24176955,0.22119342,0.24074074,0.31481481,0.15534979,0.1872428,0.21707819,0.26337449,0.21193416,0.29218107,0.13065844,0.21193416,0.16255144,0.010288066,0.16255144,0.23148148,0.24382716,0.15946502,0.27983539,0.21502058,0.18312757
gi|148360924,0,non-T6SE,261,0.20384615,0.19230769,0.23461538,0.28461538,0.15384615,0.20384615,0.21923077,0.25384615,0.16538462,0.24615385,0.12307692,0.23461538,0.17692308,0.015384615,0.16153846,0.29230769,0.24230769,0.12307692,0.25,0.20384615,0.14615385
gi|148360819,0,non-T6SE,208,0.1884058,0.20289855,0.24637681,0.20772947,0.19806763,0.19806763,0.20772947,0.2705314,0.15942029,0.20289855,0.16425121,0.23188406,0.11594203,0.033816425,0.2173913,0.23188406,0.22222222,0.18357488,0.24154589,0.25120773,0.14975845
gi|148358576,0,non-T6SE,151,0.22,0.28,0.18,0.28,0.12,0.24666667,0.14666667,0.32666667,0.2,0.29333333,0.093333333,0.27333333,0.20666667,0.02,0.24,0.20666667,0.26,0.073333333,0.36666667,0.18,0.13333333
gi|296106004,0,non-T6SE,194,0.17098446,0.098445596,0.33160622,0.29533679,0.16580311,0.15025907,0.32124352,0.10880829,0.17098446,0.30051813,0.15025907,0.16580311,0.098445596,0.0051813472,0.056994819,0.24352332,0.1761658,0.22797927,0.17098446,0.30569948,0.098445596
gi|289163712,0,non-T6SE,308,0.22801303,0.20846906,0.25081433,0.28664495,0.16938111,0.23452769,0.22801303,0.25081433,0.19543974,0.28013029,0.14983713,0.25407166,0.22801303,0.026058632,0.13680782,0.25081433,0.25081433,0.14006515,0.28338762,0.19218241,0.15309446
gi|289166110,0,non-T6SE,277,0.27173913,0.20652174,0.18115942,0.33333333,0.11231884,0.14492754,0.17753623,0.23188406,0.25362319,0.30072464,0.094202899,0.16304348,0.16304348,0.010869565,0.17028986,0.26811594,0.25,0.15942029,0.28985507,0.17391304,0.1884058
gi|289166111,0,non-T6SE,1525,0.22506562,0.16994751,0.21850394,0.27296588,0.19947507,0.12795276,0.24343832,0.17782152,0.21850394,0.31496063,0.19685039,0.13057743,0.15748031,0.035433071,0.14041995,0.11745407,0.31627297,0.19947507,0.31889764,0.20800525,0.076115486
gi|289166112,0,non-T6SE,372,0.22371968,0.17520216,0.20215633,0.2722372,0.17520216,0.15633423,0.21024259,0.20485175,0.21024259,0.28301887,0.14824798,0.18328841,0.14824798,0.0080862534,0.11051213,0.20754717,0.25606469,0.16981132,0.25067385,0.2425876,0.14824798
gi|54296146,0,non-T6SE,100,0.15151515,0.11111111,0.32323232,0.28282828,0.19191919,0.2020202,0.28282828,0.13131313,0.13131313,0.25252525,0.16161616,0.23232323,0.18181818,0.02020202,0.04040404,0.28282828,0.15151515,0.2020202,0.15151515,0.26262626,0.11111111
gi|54293113,0,non-T6SE,93,0.17391304,0.13043478,0.36956522,0.26086957,0.23913043,0.19565217,0.33695652,0.22826087,0.14130435,0.2173913,0.19565217,0.23913043,0.10869565,0,0.13043478,0.32608696,0.18478261,0.18478261,0.17391304,0.29347826,0.13043478
gi|54295881,0,non-T6SE,667,0.22972973,0.21171171,0.21771772,0.27777778,0.16966967,0.21771772,0.20570571,0.24474474,0.2027027,0.25525526,0.14714715,0.24024024,0.18918919,0.042042042,0.16816817,0.27327327,0.24774775,0.13663664,0.26426426,0.20570571,0.17717718
gi|308051519,0,non-T6SE,107,0.13207547,0.11320755,0.3490566,0.29245283,0.16981132,0.23584906,0.31132075,0.1509434,0.13207547,0.25471698,0.1509434,0.25471698,0.094339623,0,0.075471698,0.26415094,0.26415094,0.16981132,0.14150943,0.30188679,0.10377358
gi|308051520,0,non-T6SE,96,0.12631579,0.063157895,0.47368421,0.36842105,0.16842105,0.17894737,0.41052632,0.10526316,0.12631579,0.27368421,0.13684211,0.21052632,0.084210526,0,0.021052632,0.21052632,0.28421053,0.18947368,0.073684211,0.37894737,0.11578947
gi|308051522,0,non-T6SE,239,0.21428571,0.22268908,0.23529412,0.28571429,0.14705882,0.23529412,0.20588235,0.2605042,0.19327731,0.28571429,0.12184874,0.2605042,0.16806723,0.025210084,0.16806723,0.23109244,0.2605042,0.13865546,0.26890756,0.26470588,0.16806723
gi|308051523,0,non-T6SE,484,0.26086957,0.14906832,0.20910973,0.29606625,0.16149068,0.18426501,0.20082816,0.17391304,0.25258799,0.27950311,0.14492754,0.20082816,0.18426501,0.01863354,0.15113872,0.16770186,0.27743271,0.14699793,0.25258799,0.19668737,0.1573499
gi|308051528,0,non-T6SE,331,0.2030303,0.16060606,0.25757576,0.30909091,0.21212121,0.13030303,0.25151515,0.1969697,0.1969697,0.28787879,0.13636364,0.20606061,0.11212121,0.015151515,0.14242424,0.23333333,0.21515152,0.22121212,0.23030303,0.23939394,0.13333333
gi|308051531,0,non-T6SE,262,0.2183908,0.19157088,0.24137931,0.24137931,0.18773946,0.23754789,0.2183908,0.25287356,0.18773946,0.22988506,0.1532567,0.27203065,0.19157088,0.01532567,0.16475096,0.24521073,0.20689655,0.18390805,0.24137931,0.2183908,0.16858238
gi|308051533,0,non-T6SE,467,0.22532189,0.21030043,0.22103004,0.30686695,0.15665236,0.17167382,0.22746781,0.23390558,0.21888412,0.30901288,0.1416309,0.18669528,0.14377682,0.019313305,0.15236052,0.21459227,0.24034335,0.17167382,0.29828326,0.2167382,0.13733906
gi|308051536,0,non-T6SE,1956,0.26138107,0.19386189,0.21023018,0.29769821,0.1769821,0.20716113,0.19283887,0.24398977,0.23273657,0.28542199,0.15856777,0.22557545,0.19079284,0.046547315,0.18670077,0.2455243,0.26342711,0.12429668,0.28491049,0.18618926,0.17033248
gi|289165178,0,non-T6SE,211,0.21904762,0.18095238,0.24761905,0.29047619,0.15714286,0.2,0.21904762,0.22857143,0.20952381,0.2952381,0.12380952,0.23333333,0.16666667,0.023809524,0.12857143,0.28571429,0.23809524,0.14285714,0.29047619,0.20952381,0.10952381
gi|289165184,0,non-T6SE,189,0.22340426,0.22340426,0.2287234,0.2606383,0.15957447,0.25,0.22340426,0.2712766,0.17553191,0.25,0.14893617,0.2606383,0.18617021,0.026595745,0.11170213,0.22340426,0.23404255,0.19148936,0.2606383,0.25531915,0.18617021
gi|54292921,0,non-T6SE,95,0.14893617,0.14893617,0.29787234,0.25531915,0.23404255,0.21276596,0.29787234,0.14893617,0.14893617,0.24468085,0.22340426,0.22340426,0.20212766,0.010638298,0.095744681,0.26595745,0.21276596,0.085106383,0.19148936,0.28723404,0.10638298
gi|54292935,0,non-T6SE,935,0.21948608,0.16916488,0.25802998,0.29122056,0.19700214,0.18308351,0.24732334,0.21199143,0.21520343,0.28265525,0.18415418,0.19593148,0.13383298,0.024625268,0.13704497,0.21199143,0.2869379,0.15845824,0.24304069,0.23447537,0.14561028
gi|52842291,0,non-T6SE,1981,0.24646465,0.21363636,0.20606061,0.28080808,0.18181818,0.21212121,0.19494949,0.2479798,0.22424242,0.27323232,0.16515152,0.22878788,0.21111111,0.051010101,0.17929293,0.22676768,0.26717172,0.12272727,0.2969697,0.18181818,0.16313131
gi|52842295,0,non-T6SE,140,0.18705036,0.15827338,0.31654676,0.35251799,0.15107914,0.20143885,0.30215827,0.18705036,0.17266187,0.35971223,0.11510791,0.23741007,0.1294964,0.014388489,0.1294964,0.25899281,0.24460432,0.20143885,0.22302158,0.28776978,0.12230216
gi|52842297,0,non-T6SE,603,0.25083056,0.18438538,0.24252492,0.32059801,0.15946844,0.15780731,0.22093023,0.2358804,0.2192691,0.31893688,0.12790698,0.18936877,0.1345515,0.028239203,0.17109635,0.22591362,0.26079734,0.17607973,0.28903654,0.21760797,0.1461794
gi|52842298,0,non-T6SE,223,0.23423423,0.20720721,0.27027027,0.31531532,0.20720721,0.18468468,0.25675676,0.22972973,0.22072072,0.31981982,0.18468468,0.20720721,0.17567568,0.022522523,0.17567568,0.28378378,0.25225225,0.17117117,0.24324324,0.24774775,0.1981982
gi|52842301,0,non-T6SE,865,0.22916667,0.21527778,0.21064815,0.26736111,0.18865741,0.18981481,0.20949074,0.25347222,0.20023148,0.26736111,0.15856481,0.21990741,0.17476852,0.02662037,0.17708333,0.24074074,0.23032407,0.18402778,0.29513889,0.22222222,0.14930556
gi|52842302,0,non-T6SE,116,0.27826087,0.1826087,0.20869565,0.30434783,0.16521739,0.1826087,0.2173913,0.22608696,0.23478261,0.32173913,0.13043478,0.2173913,0.17391304,0.0086956522,0.14782609,0.20869565,0.29565217,0.17391304,0.27826087,0.22608696,0.1826087
gi|52842304,0,non-T6SE,237,0.27118644,0.20338983,0.22457627,0.30508475,0.19067797,0.22881356,0.21186441,0.24152542,0.25847458,0.27542373,0.16101695,0.25847458,0.23305085,0.021186441,0.1059322,0.27542373,0.19491525,0.17372881,0.30932203,0.22457627,0.16525424
gi|52842306,0,non-T6SE,97,0.15625,0.11458333,0.33333333,0.20833333,0.15625,0.25,0.25,0.17708333,0.11458333,0.27083333,0.11458333,0.29166667,0.16666667,0,0.083333333,0.30208333,0.1875,0.11458333,0.125,0.28125,0.14583333
gi|52842307,0,non-T6SE,100,0.17171717,0.13131313,0.33333333,0.31313131,0.17171717,0.18181818,0.31313131,0.15151515,0.17171717,0.29292929,0.17171717,0.18181818,0.11111111,0.01010101,0.070707071,0.29292929,0.2020202,0.14141414,0.23232323,0.26262626,0.070707071
gi|148360347,0,non-T6SE,120,0.16806723,0.13445378,0.30252101,0.24369748,0.24369748,0.25210084,0.31092437,0.17647059,0.15966387,0.24369748,0.17647059,0.31932773,0.21008403,0.0084033613,0.042016807,0.20168067,0.2605042,0.17647059,0.19327731,0.25210084,0.1092437
gi|148360344,0,non-T6SE,108,0.20560748,0.3364486,0.14018692,0.34579439,0.093457944,0.17757009,0.13084112,0.34579439,0.19626168,0.29906542,0.056074766,0.21495327,0.14018692,0.0093457944,0.1588785,0.28037383,0.30841121,0.11214953,0.40186916,0.14018692,0.14018692
gi|148359934,0,non-T6SE,278,0.23826715,0.18050542,0.25270758,0.31046931,0.15884477,0.20216606,0.23104693,0.23104693,0.20938628,0.29963899,0.14079422,0.22021661,0.15884477,0.014440433,0.16606498,0.24187726,0.24548736,0.15884477,0.26714801,0.22021661,0.15162455
gi|148359948,0,non-T6SE,522,0.20921305,0.16122841,0.27447217,0.27447217,0.19001919,0.21305182,0.2571977,0.20537428,0.18426104,0.26295585,0.16698656,0.23608445,0.14203455,0.021113244,0.12476008,0.23992322,0.23992322,0.16698656,0.23224568,0.22456814,0.13819578
gi|154706876,0,non-T6SE,376,0.224,0.22666667,0.24,0.32533333,0.12266667,0.18666667,0.232,0.26133333,0.2,0.336,0.10133333,0.208,0.152,0.026666667,0.17066667,0.23733333,0.28,0.14666667,0.27733333,0.208,0.17333333
gi|209363766,0,non-T6SE,164,0.12269939,0.20245399,0.28220859,0.22699387,0.19018405,0.25766871,0.27607362,0.23312883,0.10429448,0.20245399,0.16564417,0.28220859,0.19631902,0.024539877,0.085889571,0.25153374,0.19018405,0.11656442,0.19631902,0.25766871,0.12883436
gi|154707117,0,non-T6SE,169,0.17857143,0.19047619,0.29166667,0.32738095,0.14285714,0.16071429,0.29761905,0.2202381,0.18452381,0.28571429,0.11309524,0.19047619,0.1547619,0.011904762,0.095238095,0.22619048,0.24404762,0.14285714,0.25595238,0.25595238,0.11309524
gi|154706791,0,non-T6SE,387,0.1761658,0.20725389,0.25129534,0.2642487,0.17357513,0.20725389,0.22797927,0.2357513,0.15803109,0.25647668,0.14507772,0.2357513,0.17357513,0.038860104,0.14248705,0.29533679,0.22797927,0.12953368,0.27202073,0.22279793,0.11139896
gi|154706520,0,non-T6SE,792,0.24778761,0.19216182,0.2136536,0.26927939,0.21491783,0.18836915,0.19974716,0.23135272,0.23135272,0.26295828,0.19595449,0.20733249,0.18457649,0.04045512,0.19216182,0.22250316,0.24905183,0.1517067,0.27812895,0.21238938,0.16182048
gi|209363772,0,non-T6SE,212,0.23696682,0.18009479,0.24170616,0.2464455,0.24170616,0.17061611,0.27962085,0.23696682,0.21800948,0.26066351,0.20853081,0.20379147,0.23222749,0.014218009,0.10900474,0.2464455,0.19905213,0.18957346,0.26066351,0.23696682,0.1563981
gi|154706496,0,non-T6SE,218,0.21198157,0.19354839,0.24884793,0.2718894,0.16129032,0.16589862,0.23502304,0.24423963,0.18894009,0.26728111,0.12903226,0.19815668,0.14285714,0.013824885,0.15207373,0.28571429,0.18894009,0.16129032,0.23502304,0.19354839,0.17050691
gi|269958325,0,non-T6SE,808,0.26270136,0.16232962,0.19330855,0.30359356,0.17472119,0.17596035,0.18959108,0.21065675,0.23172243,0.27261462,0.13630731,0.21437423,0.12143742,0.014869888,0.2354399,0.20198265,0.26394052,0.16976456,0.24659232,0.1771995,0.17843866
gi|222475288,0,non-T6SE,893,0.21188341,0.14686099,0.26233184,0.28139013,0.19506726,0.14910314,0.25560538,0.17376682,0.19618834,0.26233184,0.15134529,0.19282511,0.16479821,0.019058296,0.12892377,0.26569507,0.20627803,0.16816143,0.20964126,0.24775785,0.14910314
gi|56416578,0,non-T6SE,84,0.1686747,0.1686747,0.22891566,0.24096386,0.15662651,0.19277108,0.22891566,0.1686747,0.1686747,0.25301205,0.12048193,0.22891566,0.22891566,0.036144578,0.036144578,0.26506024,0.20481928,0.096385542,0.21686747,0.15662651,0.12048193
gi|10954961,0,non-T6SE,245,0.21311475,0.14344262,0.22131148,0.31967213,0.1557377,0.10245902,0.22131148,0.16803279,0.20491803,0.35655738,0.14344262,0.1147541,0.098360656,0.024590164,0.14754098,0.19262295,0.27459016,0.14344262,0.22540984,0.25819672,0.13114754
gi|10954800,0,non-T6SE,121,0.15,0.066666667,0.375,0.33333333,0.175,0.083333333,0.36666667,0.091666667,0.14166667,0.375,0.15,0.10833333,0.1,0,0.05,0.25833333,0.23333333,0.20833333,0.15,0.29166667,0.066666667
gi|10954803,0,non-T6SE,222,0.24886878,0.14027149,0.21719457,0.33484163,0.11764706,0.14479638,0.2081448,0.15837104,0.22624434,0.34841629,0.1040724,0.15837104,0.085972851,0.022624434,0.14932127,0.22171946,0.24886878,0.1040724,0.2760181,0.22171946,0.11312217
gi|222109065,0,non-T6SE,135,0.14179104,0.14179104,0.35820896,0.35820896,0.17164179,0.089552239,0.34328358,0.14179104,0.15671642,0.34328358,0.15671642,0.10447761,0.059701493,0,0.13432836,0.24626866,0.2238806,0.15671642,0.20895522,0.23134328,0.074626866
gi|10955095,0,non-T6SE,159,0.19620253,0.12025316,0.32911392,0.36075949,0.17721519,0.069620253,0.34810127,0.12658228,0.20253165,0.39240506,0.15822785,0.088607595,0.12658228,0,0.13924051,0.20886076,0.21518987,0.17088608,0.20253165,0.31012658,0.11392405
gi|190404434,0,non-T6SE,283,0.25886525,0.21631206,0.20921986,0.32269504,0.15957447,0.13829787,0.21631206,0.23049645,0.24468085,0.31205674,0.14893617,0.14893617,0.12765957,0.021276596,0.16312057,0.20567376,0.28723404,0.12411348,0.30141844,0.18439716,0.17375887
gi|222102015,0,non-T6SE,244,0.25102881,0.14403292,0.25514403,0.38271605,0.12757202,0.061728395,0.26337449,0.15226337,0.24691358,0.3909465,0.12757202,0.061728395,0.086419753,0.0041152263,0.086419753,0.30452675,0.23868313,0.17283951,0.25925926,0.27572016,0.13580247
gi|222102018,0,non-T6SE,248,0.26720648,0.17408907,0.21862348,0.34008097,0.19433198,0.1417004,0.23076923,0.20242915,0.2388664,0.32793522,0.18218623,0.15384615,0.19838057,0.028340081,0.1902834,0.22672065,0.24291498,0.18623482,0.27530364,0.21052632,0.1659919
gi|222102021,0,non-T6SE,370,0.22493225,0.20054201,0.23577236,0.2899729,0.20325203,0.16531165,0.21680217,0.2195122,0.22764228,0.2899729,0.17073171,0.19783198,0.17886179,0.029810298,0.17615176,0.24119241,0.27371274,0.10569106,0.26558266,0.21680217,0.1598916
gi|222102022,0,non-T6SE,787,0.20610687,0.18829517,0.24427481,0.29516539,0.17302799,0.17557252,0.23664122,0.21119593,0.19338422,0.28244275,0.15267176,0.19592875,0.16793893,0.022900763,0.18066158,0.22010178,0.26717557,0.13994911,0.27608142,0.22900763,0.11832061
gi|222109183,0,non-T6SE,211,0.32857143,0.16190476,0.23333333,0.35238095,0.20952381,0.14761905,0.23809524,0.18571429,0.3047619,0.35238095,0.16190476,0.1952381,0.18095238,0.019047619,0.23333333,0.24285714,0.28095238,0.13809524,0.26190476,0.23333333,0.22857143
gi|222102346,0,non-T6SE,362,0.23822715,0.17451524,0.21052632,0.29362881,0.13850416,0.15235457,0.21052632,0.19113573,0.22160665,0.31024931,0.12742382,0.1634349,0.13296399,0.038781163,0.14404432,0.18836565,0.24376731,0.17174515,0.23822715,0.22160665,0.17451524
gi|116006756,0,non-T6SE,103,0.24509804,0.11764706,0.24509804,0.18627451,0.2254902,0.2254902,0.23529412,0.16666667,0.17647059,0.21568627,0.17647059,0.2745098,0.26470588,0.039215686,0.078431373,0.21568627,0.19607843,0.1372549,0.23529412,0.19607843,0.12745098
gi|116006758,0,non-T6SE,260,0.25868726,0.16216216,0.25868726,0.30888031,0.18532819,0.16602317,0.23938224,0.18146718,0.25482625,0.32046332,0.15057915,0.2007722,0.17760618,0.030888031,0.16216216,0.22393822,0.23166023,0.15444015,0.23938224,0.20849421,0.18146718
gi|116006760,0,non-T6SE,154,0.20261438,0.13071895,0.26797386,0.30718954,0.1372549,0.14379085,0.28104575,0.15686275,0.17647059,0.37908497,0.11764706,0.16339869,0.12418301,0.019607843,0.091503268,0.19607843,0.2875817,0.10457516,0.20915033,0.2745098,0.12418301
gi|116006761,0,non-T6SE,470,0.26012793,0.15351812,0.19402985,0.25586354,0.20895522,0.11513859,0.21321962,0.17057569,0.24307036,0.30277186,0.17910448,0.14498934,0.15351812,0.017057569,0.13646055,0.19189765,0.29211087,0.15138593,0.26226013,0.22814499,0.15138593
gi|116006763,0,non-T6SE,75,0.17567568,0.2027027,0.22972973,0.2972973,0.21621622,0.081081081,0.22972973,0.2027027,0.17567568,0.31081081,0.12162162,0.17567568,0.21621622,0.027027027,0.16216216,0.25675676,0.32432432,0.10810811,0.28378378,0.13513514,0.094594595
gi|116006764,0,non-T6SE,529,0.15909091,0.077651515,0.25757576,0.23106061,0.19318182,0.098484848,0.26325758,0.087121212,0.15340909,0.2594697,0.16098485,0.13068182,0.10416667,0.011363636,0.068181818,0.15719697,0.25568182,0.16098485,0.14583333,0.24431818,0.090909091
gi|163858032,0,non-T6SE,548,0.2285192,0.17001828,0.25228519,0.29250457,0.21389397,0.14625229,0.23765996,0.19926874,0.21389397,0.27239488,0.18647166,0.17367459,0.17915905,0.018281536,0.14625229,0.22303473,0.2797075,0.14990859,0.23948812,0.21206581,0.15904936
gi|163856500,0,non-T6SE,199,0.22222222,0.11111111,0.33838384,0.3030303,0.1969697,0.14141414,0.31313131,0.13636364,0.20707071,0.27272727,0.14141414,0.1969697,0.1969697,0.0050505051,0.085858586,0.17676768,0.24242424,0.18686869,0.18686869,0.2979798,0.14646465
gi|33594646,0,non-T6SE,463,0.18831169,0.097402597,0.25108225,0.2965368,0.16450216,0.11038961,0.25974026,0.11038961,0.18831169,0.34632035,0.12554113,0.14935065,0.12770563,0.019480519,0.075757576,0.21861472,0.27272727,0.088744589,0.1969697,0.25757576,0.088744589
gi|163855371,0,non-T6SE,199,0.17171717,0.12121212,0.27777778,0.26262626,0.17676768,0.13131313,0.26262626,0.16666667,0.17676768,0.30808081,0.13636364,0.17171717,0.095959596,0.025252525,0.15656566,0.23737374,0.24242424,0.11616162,0.18686869,0.30808081,0.10606061
gi|163855378,0,non-T6SE,127,0.3015873,0.1031746,0.20634921,0.28571429,0.20634921,0.13492063,0.1984127,0.15873016,0.29365079,0.35714286,0.16666667,0.17460317,0.20634921,0.031746032,0.17460317,0.21428571,0.21428571,0.1031746,0.23809524,0.19047619,0.16666667
gi|163855381,0,non-T6SE,136,0.18518519,0.1037037,0.3037037,0.22962963,0.2,0.18518519,0.28888889,0.13333333,0.17037037,0.22962963,0.17037037,0.21481481,0.21481481,0,0.059259259,0.22222222,0.28148148,0.11851852,0.17037037,0.22962963,0.11851852
gi|163855382,0,non-T6SE,230,0.24017467,0.1790393,0.23580786,0.27510917,0.20960699,0.1790393,0.21834061,0.24017467,0.2139738,0.31004367,0.1790393,0.20960699,0.20524017,0.013100437,0.17030568,0.2489083,0.24454148,0.1790393,0.27074236,0.27074236,0.14847162
gi|163855385,0,non-T6SE,149,0.23648649,0.15540541,0.24324324,0.28378378,0.16216216,0.18918919,0.23648649,0.19594595,0.22297297,0.27702703,0.11486486,0.23648649,0.15540541,0.02027027,0.16891892,0.24324324,0.25,0.11486486,0.22297297,0.22297297,0.16891892
gi|163855393,0,non-T6SE,515,0.20233463,0.16536965,0.28015564,0.27626459,0.22568093,0.13618677,0.29182879,0.1848249,0.19066148,0.26459144,0.19844358,0.16342412,0.13618677,0.0058365759,0.1459144,0.21595331,0.21595331,0.20428016,0.24124514,0.22178988,0.12645914
gi|163855655,0,non-T6SE,183,0.18131868,0.12087912,0.28021978,0.37362637,0.12087912,0.1043956,0.29120879,0.13186813,0.17032967,0.35714286,0.082417582,0.14285714,0.13186813,0.021978022,0.13186813,0.18131868,0.29120879,0.12637363,0.19230769,0.23626374,0.10989011
gi|163855667,0,non-T6SE,482,0.27234927,0.13305613,0.24740125,0.36174636,0.15176715,0.14137214,0.24324324,0.14553015,0.26403326,0.35343035,0.13097713,0.16216216,0.15800416,0.024948025,0.18087318,0.18711019,0.26403326,0.16216216,0.27234927,0.23492723,0.13305613
gi|163855681,0,non-T6SE,149,0.26351351,0.16891892,0.25675676,0.38513514,0.14864865,0.11486486,0.25675676,0.18243243,0.25,0.38513514,0.12837838,0.13513514,0.16216216,0.027027027,0.17567568,0.19594595,0.27027027,0.11486486,0.33783784,0.22972973,0.094594595
gi|163855683,0,non-T6SE,468,0.26124197,0.16702355,0.26766595,0.35117773,0.15631692,0.098501071,0.2633833,0.18415418,0.23982869,0.36830835,0.14989293,0.10492505,0.14346895,0.014989293,0.17344754,0.19057816,0.23982869,0.16916488,0.2633833,0.19914347,0.16488223
gi|163855801,0,non-T6SE,362,0.26592798,0.18282548,0.22160665,0.29085873,0.21052632,0.14127424,0.18836565,0.21606648,0.26038781,0.27977839,0.16897507,0.18282548,0.17728532,0.027700831,0.19390582,0.21883657,0.27700831,0.13296399,0.27700831,0.2132964,0.17174515
gi|163855804,0,non-T6SE,603,0.23920266,0.19601329,0.22757475,0.32724252,0.17940199,0.16445183,0.21428571,0.21594684,0.22923588,0.32392027,0.15282392,0.1910299,0.15448505,0.03820598,0.20099668,0.22259136,0.28737542,0.11295681,0.31229236,0.2358804,0.12292359
gi|163855811,0,non-T6SE,355,0.25141243,0.13276836,0.23446328,0.24858757,0.20903955,0.13841808,0.23446328,0.16101695,0.22316384,0.25988701,0.15254237,0.19491525,0.14971751,0.0084745763,0.1440678,0.20621469,0.24011299,0.1779661,0.23446328,0.25988701,0.14971751
gi|163858586,0,non-T6SE,312,0.24437299,0.18971061,0.24437299,0.35048232,0.13826367,0.14790997,0.22508039,0.20257235,0.24437299,0.33118971,0.10610932,0.18006431,0.17684887,0.028938907,0.18327974,0.23472669,0.26688103,0.11897106,0.29581994,0.21864952,0.13826367
gi|163858592,0,non-T6SE,253,0.17063492,0.10714286,0.32142857,0.28968254,0.16269841,0.1984127,0.28571429,0.15079365,0.15079365,0.25396825,0.15079365,0.21031746,0.14285714,0.023809524,0.1031746,0.24603175,0.25396825,0.11111111,0.16666667,0.28174603,0.11111111
gi|163858593,0,non-T6SE,575,0.25087108,0.20209059,0.22473868,0.28571429,0.16898955,0.16376307,0.20383275,0.2369338,0.2369338,0.26829268,0.1358885,0.19686411,0.16550523,0.019163763,0.20383275,0.25087108,0.26655052,0.13937282,0.31358885,0.20209059,0.13937282
gi|163858594,0,non-T6SE,223,0.23423423,0.16216216,0.24774775,0.21171171,0.26126126,0.15765766,0.25675676,0.20720721,0.1981982,0.18918919,0.21171171,0.20720721,0.27027027,0.018018018,0.10810811,0.24324324,0.28378378,0.13963964,0.25675676,0.23873874,0.13963964
gi|163855374,0,non-T6SE,201,0.225,0.135,0.27,0.275,0.17,0.105,0.275,0.18,0.19,0.335,0.135,0.14,0.185,0.005,0.105,0.275,0.23,0.135,0.22,0.19,0.14
gi|116006766,0,non-T6SE,211,0.25714286,0.15714286,0.21904762,0.27619048,0.20952381,0.14761905,0.20952381,0.2047619,0.22857143,0.32857143,0.17619048,0.18095238,0.18571429,0.023809524,0.13333333,0.2,0.24761905,0.18095238,0.27619048,0.23809524,0.13809524
gi|58579211,0,non-T6SE,1490,0.23035594,0.19274681,0.22095366,0.29281397,0.16655473,0.15782404,0.21289456,0.23438549,0.20617864,0.29281397,0.14775017,0.17662861,0.13767629,0.024848892,0.19811954,0.21961048,0.22834117,0.20416387,0.25520484,0.20617864,0.16789792
gi|58617264,0,non-T6SE,1591,0.23899371,0.18427673,0.19245283,0.31069182,0.15220126,0.15786164,0.18553459,0.21257862,0.22201258,0.29119497,0.13522013,0.17484277,0.13836478,0.033962264,0.21949686,0.19056604,0.23207547,0.21572327,0.2427673,0.18742138,0.18050314
gi|58617563,0,non-T6SE,138,0.12408759,0.10948905,0.27737226,0.28467153,0.15328467,0.18248175,0.27737226,0.12408759,0.11678832,0.23357664,0.13138686,0.20437956,0.094890511,0.0072992701,0.03649635,0.18978102,0.2189781,0.20437956,0.18978102,0.27737226,0.04379562
gi|15644672,0,non-T6SE,123,0.27868852,0.18032787,0.20491803,0.32786885,0.18032787,0.19672131,0.20491803,0.20491803,0.25409836,0.28688525,0.1557377,0.22131148,0.20491803,0.024590164,0.10655738,0.17213115,0.27868852,0.098360656,0.21311475,0.16393443,0.24590164
gi|298736200,0,non-T6SE,308,0.24429967,0.2019544,0.16612378,0.28013029,0.14332248,0.2019544,0.15960912,0.22801303,0.21172638,0.247557,0.13680782,0.20846906,0.19218241,0.045602606,0.20846906,0.24429967,0.2247557,0.12052117,0.25407166,0.13029316,0.19218241
gi|188527613,0,non-T6SE,143,0.17605634,0.23239437,0.23943662,0.31690141,0.20422535,0.13380282,0.27464789,0.26056338,0.14788732,0.3028169,0.17605634,0.16197183,0.11267606,0.028169014,0.16901408,0.21126761,0.26056338,0.24647887,0.24647887,0.21830986,0.16197183
gi|188527640,0,non-T6SE,126,0.208,0.216,0.224,0.24,0.208,0.184,0.24,0.296,0.128,0.224,0.176,0.216,0.224,0.032,0.12,0.296,0.168,0.184,0.232,0.184,0.192
gi|108562922,0,non-T6SE,481,0.275,0.18541667,0.15416667,0.28333333,0.2,0.20833333,0.18125,0.22083333,0.23958333,0.26875,0.16875,0.23958333,0.21875,0.0625,0.175,0.2125,0.21666667,0.14583333,0.27291667,0.16041667,0.1875
gi|108562924,0,non-T6SE,748,0.21285141,0.18607764,0.22356091,0.25167336,0.22222222,0.22088353,0.22088353,0.21820616,0.18340027,0.24230254,0.19678715,0.24631861,0.17269076,0.030789826,0.14859438,0.23025435,0.20883534,0.19812584,0.24364123,0.2021419,0.15528782
gi|108562926,0,non-T6SE,199,0.18181818,0.28787879,0.2020202,0.25252525,0.16161616,0.27777778,0.19191919,0.31818182,0.15151515,0.24747475,0.13636364,0.3030303,0.18686869,0.035353535,0.22222222,0.24747475,0.24747475,0.16666667,0.33838384,0.16666667,0.13131313
gi|108562928,0,non-T6SE,662,0.27987897,0.22239032,0.098335855,0.32526475,0.1376702,0.21028744,0.083207262,0.25567322,0.25567322,0.28593041,0.12859304,0.2193646,0.20121029,0.074130106,0.27080182,0.23146747,0.25113464,0.090771558,0.31467474,0.092284418,0.18759455
gi|108562929,0,non-T6SE,523,0.23371648,0.2164751,0.17241379,0.24521073,0.16091954,0.28735632,0.16858238,0.24712644,0.19923372,0.22796935,0.14367816,0.3045977,0.22605364,0.070881226,0.15900383,0.20498084,0.23180077,0.11685824,0.29885057,0.14942529,0.151341
gi|108562930,0,non-T6SE,535,0.12172285,0.18539326,0.32958801,0.32022472,0.14981273,0.15917603,0.32771536,0.19475655,0.11235955,0.3164794,0.1423221,0.16666667,0.095505618,0.013108614,0.080524345,0.25280899,0.19850187,0.2340824,0.23033708,0.25842697,0.076779026
gi|108562931,0,non-T6SE,252,0.19920319,0.25099602,0.21513944,0.25896414,0.17928287,0.2310757,0.20717131,0.2749004,0.1752988,0.26294821,0.16733068,0.24302789,0.21912351,0.035856574,0.17928287,0.23505976,0.20318725,0.16334661,0.30278884,0.16733068,0.14741036
gi|108562933,0,non-T6SE,280,0.23655914,0.21146953,0.14336918,0.22580645,0.13261649,0.26164875,0.12903226,0.28315412,0.17921147,0.20071685,0.1218638,0.27240143,0.2078853,0.0609319,0.13978495,0.24731183,0.24731183,0.12544803,0.26523297,0.17921147,0.1827957
gi|108562937,0,non-T6SE,376,0.23466667,0.216,0.16533333,0.22133333,0.22133333,0.22933333,0.184,0.25066667,0.19466667,0.2,0.21066667,0.24,0.224,0.064,0.168,0.22666667,0.19466667,0.14666667,0.28266667,0.13866667,0.168
gi|108562939,0,non-T6SE,237,0.18644068,0.24152542,0.16949153,0.27966102,0.093220339,0.24576271,0.16101695,0.25847458,0.16949153,0.27542373,0.088983051,0.25,0.19491525,0.029661017,0.18220339,0.22457627,0.24152542,0.12288136,0.30508475,0.15254237,0.12288136
gi|108562940,0,non-T6SE,381,0.22894737,0.23684211,0.24473684,0.31052632,0.13684211,0.21052632,0.24210526,0.26052632,0.20526316,0.32631579,0.12631579,0.22105263,0.15526316,0.015789474,0.16315789,0.26052632,0.21842105,0.12368421,0.32894737,0.20263158,0.13684211
gi|108562941,0,non-T6SE,370,0.23848238,0.13279133,0.29810298,0.33875339,0.15447154,0.15447154,0.28726287,0.17615176,0.20054201,0.35230352,0.12466125,0.18428184,0.086720867,0.01897019,0.094850949,0.24119241,0.24119241,0.19783198,0.19783198,0.2303523,0.17344173
gi|108562943,0,non-T6SE,268,0.17977528,0.30337079,0.16479401,0.25093633,0.11985019,0.25842697,0.12359551,0.35205993,0.14606742,0.23595506,0.11235955,0.2659176,0.13483146,0.02247191,0.2659176,0.2247191,0.22846442,0.17228464,0.32209738,0.20224719,0.16104869
gi|108562946,0,non-T6SE,216,0.17674419,0.28837209,0.17674419,0.2372093,0.19069767,0.25116279,0.17209302,0.31162791,0.15348837,0.22790698,0.18139535,0.26046512,0.20930233,0.079069767,0.18139535,0.20465116,0.17674419,0.15813953,0.34883721,0.13953488,0.11627907
gi|108562947,0,non-T6SE,115,0.18421053,0.13157895,0.38596491,0.40350877,0.13157895,0.10526316,0.39473684,0.14035088,0.1754386,0.40350877,0.13157895,0.10526316,0.14035088,0,0.087719298,0.30701754,0.14035088,0.20175439,0.18421053,0.25438596,0.13157895
gi|15611547,0,non-T6SE,218,0.19354839,0.18894009,0.23041475,0.26728111,0.13824885,0.28110599,0.19815668,0.22119816,0.17050691,0.24884793,0.11981567,0.29953917,0.17050691,0.013824885,0.15668203,0.24884793,0.22119816,0.11981567,0.22580645,0.1797235,0.15668203
gi|108562460,0,non-T6SE,351,0.14857143,0.16,0.32571429,0.33142857,0.14285714,0.23714286,0.30571429,0.19714286,0.14,0.32571429,0.12571429,0.25428571,0.10571429,0.02,0.1,0.28,0.22,0.15142857,0.18285714,0.24285714,0.12571429
gi|188527703,0,non-T6SE,100,0.15151515,0.19191919,0.34343434,0.41414141,0.12121212,0.17171717,0.3030303,0.19191919,0.15151515,0.38383838,0.070707071,0.22222222,0.15151515,0.03030303,0.03030303,0.24242424,0.17171717,0.14141414,0.27272727,0.18181818,0.070707071
gi|210134661,0,non-T6SE,389,0.17010309,0.22938144,0.20103093,0.23453608,0.14175258,0.25257732,0.17010309,0.27061856,0.15979381,0.21391753,0.1314433,0.2628866,0.15721649,0.069587629,0.23453608,0.2628866,0.24226804,0.12371134,0.25257732,0.15979381,0.14690722
gi|210134663,0,non-T6SE,88,0.091954023,0.16091954,0.33333333,0.26436782,0.20689655,0.24137931,0.31034483,0.18390805,0.091954023,0.2183908,0.20689655,0.24137931,0.068965517,0.022988506,0.11494253,0.24137931,0.2183908,0.14942529,0.17241379,0.34482759,0.08045977
gi|210135521,0,non-T6SE,551,0.28909091,0.17090909,0.19454545,0.29636364,0.20909091,0.18363636,0.18909091,0.20909091,0.25818182,0.27090909,0.17636364,0.21636364,0.20363636,0.027272727,0.11454545,0.20909091,0.24909091,0.19090909,0.23454545,0.16909091,0.22545455
gi|308183678,0,non-T6SE,582,0.22891566,0.23580034,0.18416523,0.26333907,0.1979346,0.20998279,0.17900172,0.27194492,0.19965577,0.24268503,0.17383821,0.23407917,0.21342513,0.04475043,0.17211704,0.25473322,0.25301205,0.15662651,0.30120482,0.17555938,0.16351119
gi|108562944,0,non-T6SE,438,0.22654462,0.19908467,0.25171625,0.26773455,0.21281465,0.20366133,0.22883295,0.23340961,0.19679634,0.27688787,0.18535469,0.23112128,0.15560641,0.041189931,0.1784897,0.26086957,0.22196796,0.17620137,0.27231121,0.21281465,0.15331808
gi|108562945,0,non-T6SE,534,0.18198874,0.20825516,0.2195122,0.24390244,0.18386492,0.24765478,0.20075047,0.2532833,0.15947467,0.22514071,0.16510319,0.26641651,0.18011257,0.045028143,0.17260788,0.25891182,0.21763602,0.15009381,0.24577861,0.18949343,0.14446529
gi|153008020,0,non-T6SE,103,0.2745098,0.16666667,0.29411765,0.32352941,0.25490196,0.14705882,0.2745098,0.18627451,0.25490196,0.32352941,0.17647059,0.2254902,0.21568627,0.019607843,0.18627451,0.18627451,0.35294118,0.16666667,0.2745098,0.23529412,0.16666667
gi|153010543,0,non-T6SE,342,0.25806452,0.13489736,0.20821114,0.2228739,0.17888563,0.14076246,0.19354839,0.16715543,0.23753666,0.26099707,0.13489736,0.18475073,0.15835777,0.017595308,0.13489736,0.23460411,0.24340176,0.16422287,0.24340176,0.23167155,0.14956012
gi|153010514,0,non-T6SE,254,0.2055336,0.1027668,0.24901186,0.256917,0.18972332,0.13833992,0.24505929,0.13833992,0.20158103,0.32411067,0.15019763,0.17786561,0.12648221,0.039525692,0.12648221,0.24901186,0.28458498,0.090909091,0.18972332,0.28458498,0.11857708
gi|52840257,0,non-T6SE,452,0.23946785,0.22172949,0.22838137,0.27494457,0.20177384,0.18181818,0.20620843,0.26607539,0.22616408,0.25720621,0.1751663,0.20842572,0.19733925,0.028824834,0.18847007,0.26607539,0.23281596,0.11529933,0.29711752,0.16851441,0.16407982
gi|52840258,0,non-T6SE,367,0.18852459,0.21584699,0.23770492,0.33606557,0.13934426,0.14754098,0.22404372,0.24590164,0.18579235,0.33333333,0.1147541,0.17213115,0.15300546,0.016393443,0.18032787,0.2568306,0.23770492,0.1284153,0.27868852,0.20491803,0.12568306
gi|52840259,0,non-T6SE,353,0.22159091,0.23863636,0.19886364,0.26136364,0.16477273,0.19602273,0.18465909,0.29829545,0.17329545,0.25568182,0.15340909,0.20738636,0.16193182,0.019886364,0.15056818,0.24715909,0.24147727,0.17897727,0.30113636,0.19602273,0.15909091
gi|52840262,0,non-T6SE,630,0.24006359,0.23529412,0.22098569,0.2845787,0.17329094,0.17806041,0.20349762,0.290938,0.21303657,0.28139905,0.14467409,0.20667727,0.14785374,0.023847377,0.20190779,0.22575517,0.22575517,0.18124006,0.30524642,0.21621622,0.17011129
gi|52840265,0,non-T6SE,85,0.19047619,0.17857143,0.26190476,0.29761905,0.095238095,0.29761905,0.21428571,0.22619048,0.16666667,0.28571429,0.083333333,0.30952381,0.16666667,0.023809524,0.1547619,0.17857143,0.19047619,0.20238095,0.21428571,0.30952381,0.1547619
gi|52840271,0,non-T6SE,357,0.20505618,0.21348315,0.26123596,0.27808989,0.14325843,0.22191011,0.23033708,0.25561798,0.1741573,0.26966292,0.12359551,0.24157303,0.18820225,0.02247191,0.16292135,0.23595506,0.17977528,0.18539326,0.29213483,0.2247191,0.12640449
gi|52840278,0,non-T6SE,707,0.22379603,0.20538244,0.23796034,0.2776204,0.1898017,0.21954674,0.2082153,0.26628895,0.18838527,0.26628895,0.15580737,0.25354108,0.18696884,0.028328612,0.1529745,0.24645892,0.23654391,0.1388102,0.27620397,0.23937677,0.1529745
gi|52840281,0,non-T6SE,190,0.2010582,0.12698413,0.31746032,0.2962963,0.22222222,0.18518519,0.3015873,0.17460317,0.16402116,0.26455026,0.21164021,0.1957672,0.15873016,0.021164021,0.11640212,0.25925926,0.23809524,0.18518519,0.17460317,0.31746032,0.15343915
gi|52840308,0,non-T6SE,297,0.20945946,0.22297297,0.25337838,0.31418919,0.16216216,0.19256757,0.23986486,0.26351351,0.18918919,0.30067568,0.14864865,0.20608108,0.14189189,0.040540541,0.2027027,0.24662162,0.21621622,0.15540541,0.31418919,0.20608108,0.11824324
gi|52840329,0,non-T6SE,523,0.19731801,0.20498084,0.25095785,0.29118774,0.19923372,0.19923372,0.22988506,0.24521073,0.18390805,0.27011494,0.16666667,0.23180077,0.16666667,0.024904215,0.14750958,0.24329502,0.23754789,0.1954023,0.27203065,0.21264368,0.1302682
gi|52840332,0,non-T6SE,442,0.24716553,0.21768707,0.21995465,0.29024943,0.15419501,0.16553288,0.20634921,0.27210884,0.20634921,0.26530612,0.1292517,0.19047619,0.18594104,0.0090702948,0.24716553,0.24036281,0.24036281,0.14512472,0.29931973,0.20861678,0.16553288
gi|52840333,0,non-T6SE,400,0.20050125,0.17794486,0.29072682,0.31829574,0.19799499,0.19548872,0.28320802,0.22055138,0.19298246,0.29323308,0.17293233,0.22055138,0.160401,0.025062657,0.13032581,0.21804511,0.26817043,0.15288221,0.2481203,0.22305764,0.13032581
gi|52840344,0,non-T6SE,148,0.26530612,0.17687075,0.19727891,0.26530612,0.23809524,0.17006803,0.20408163,0.19727891,0.2585034,0.27891156,0.21088435,0.19727891,0.21768707,0.06122449,0.14285714,0.23809524,0.26530612,0.14285714,0.30612245,0.17006803,0.13605442
gi|52840347,0,non-T6SE,726,0.24965517,0.20137931,0.23310345,0.28413793,0.22896552,0.20275862,0.2,0.24827586,0.23862069,0.25931034,0.19034483,0.24137931,0.19172414,0.034482759,0.21517241,0.24137931,0.27724138,0.12,0.29931034,0.20827586,0.15172414
gi|52840352,0,non-T6SE,113,0.27678571,0.33035714,0.13392857,0.29464286,0.15178571,0.23214286,0.11607143,0.34821429,0.24107143,0.25,0.089285714,0.29464286,0.25,0.017857143,0.23214286,0.24107143,0.25,0.14285714,0.42857143,0.13392857,0.17857143
gi|52840355,0,non-T6SE,356,0.1971831,0.18873239,0.28169014,0.32957746,0.15492958,0.15211268,0.23943662,0.22535211,0.1943662,0.32112676,0.11267606,0.1943662,0.14084507,0.011267606,0.14366197,0.23098592,0.23098592,0.18591549,0.27887324,0.23943662,0.10704225
gi|52840359,0,non-T6SE,191,0.24736842,0.16842105,0.17368421,0.18421053,0.17368421,0.21578947,0.15263158,0.27368421,0.15263158,0.21578947,0.13157895,0.25789474,0.18421053,0.021052632,0.2,0.30526316,0.14736842,0.15789474,0.22105263,0.18947368,0.19473684
gi|52840369,0,non-T6SE,484,0.23188406,0.17184265,0.2484472,0.26915114,0.20289855,0.17184265,0.23602484,0.2173913,0.21118012,0.26915114,0.16563147,0.20910973,0.16770186,0.01863354,0.16149068,0.25258799,0.26086957,0.16149068,0.24223602,0.26293996,0.16149068
gi|52840384,0,non-T6SE,508,0.23668639,0.15976331,0.28402367,0.28994083,0.20512821,0.15581854,0.2642998,0.20315582,0.22485207,0.28402367,0.16765286,0.19329389,0.14003945,0.017751479,0.16568047,0.24852071,0.22287968,0.18934911,0.26824458,0.23668639,0.12820513
gi|52840393,0,non-T6SE,342,0.19648094,0.23753666,0.22580645,0.28739003,0.19648094,0.15249267,0.22580645,0.26099707,0.19648094,0.28739003,0.18768328,0.16129032,0.16129032,0.014662757,0.19061584,0.23753666,0.2228739,0.2228739,0.29325513,0.23753666,0.14076246
gi|52840396,0,non-T6SE,686,0.22627737,0.20583942,0.24671533,0.27883212,0.22043796,0.19854015,0.22919708,0.24963504,0.20875912,0.2540146,0.18978102,0.22919708,0.14160584,0.024817518,0.21167883,0.24233577,0.25693431,0.1459854,0.27445255,0.22627737,0.15766423
gi|52840411,0,non-T6SE,386,0.2,0.24675325,0.17142857,0.27012987,0.19480519,0.21298701,0.16623377,0.29350649,0.18441558,0.22857143,0.14805195,0.25974026,0.16623377,0.036363636,0.1974026,0.26753247,0.23636364,0.13766234,0.2987013,0.16623377,0.14805195
gi|52840421,0,non-T6SE,294,0.09556314,0.16723549,0.33447099,0.33105802,0.10580205,0.16040956,0.30716724,0.18088737,0.09556314,0.3105802,0.098976109,0.16723549,0.12627986,0.027303754,0.10238908,0.32423208,0.17406143,0.16723549,0.1774744,0.24573379,0.085324232
gi|52840431,0,non-T6SE,480,0.22755741,0.23173278,0.23173278,0.27348643,0.18580376,0.19624217,0.20876827,0.27557411,0.22129436,0.24843424,0.1565762,0.22546973,0.13987474,0.03131524,0.19832985,0.26304802,0.22964509,0.18789144,0.32359081,0.18789144,0.13569937
gi|52840443,0,non-T6SE,358,0.19607843,0.22408964,0.21288515,0.29411765,0.1372549,0.22408964,0.19047619,0.26330532,0.16806723,0.28571429,0.1232493,0.23809524,0.17647059,0.042016807,0.18767507,0.24369748,0.23809524,0.16526611,0.28571429,0.21008403,0.13445378
gi|52840449,0,non-T6SE,749,0.26871658,0.18850267,0.21122995,0.26737968,0.23395722,0.1631016,0.21256684,0.21657754,0.2540107,0.26336898,0.21122995,0.18582888,0.17780749,0.028074866,0.17780749,0.21524064,0.27540107,0.1671123,0.29946524,0.20588235,0.15775401
gi|52840467,0,non-T6SE,471,0.20212766,0.2212766,0.25319149,0.24255319,0.18510638,0.20851064,0.21914894,0.26382979,0.17659574,0.24893617,0.13617021,0.25744681,0.16595745,0.025531915,0.18085106,0.24680851,0.24042553,0.15744681,0.30851064,0.21489362,0.11489362
gi|52840472,0,non-T6SE,359,0.23184358,0.19832402,0.27932961,0.35195531,0.16480447,0.15642458,0.26256983,0.24301676,0.22625698,0.34357542,0.13407821,0.18715084,0.13687151,0.01396648,0.19832402,0.25139665,0.24860335,0.17877095,0.27653631,0.23743017,0.15363128
gi|52840477,0,non-T6SE,506,0.12079208,0.11287129,0.36435644,0.28910891,0.17029703,0.16237624,0.33267327,0.15445545,0.11089109,0.28514851,0.14653465,0.18613861,0.1049505,0.0099009901,0.033663366,0.2970297,0.21188119,0.14059406,0.13267327,0.31485149,0.1009901
gi|52840478,0,non-T6SE,283,0.20921986,0.25177305,0.24113475,0.31205674,0.16312057,0.17730496,0.21985816,0.29078014,0.18439716,0.27304965,0.14539007,0.19503546,0.18085106,0.031914894,0.20921986,0.27659574,0.26595745,0.15248227,0.32269504,0.22340426,0.13829787
gi|52840485,0,non-T6SE,709,0.19915254,0.24717514,0.19491525,0.25141243,0.16242938,0.20338983,0.17937853,0.28248588,0.18079096,0.24576271,0.15254237,0.21327684,0.17514124,0.025423729,0.19491525,0.25847458,0.24858757,0.13135593,0.30367232,0.18502825,0.14265537
gi|52840486,0,non-T6SE,852,0.20916569,0.15981199,0.2867215,0.34077556,0.15628672,0.16686251,0.26439483,0.18918919,0.20564042,0.31844888,0.13748531,0.18566392,0.14688602,0.027027027,0.14688602,0.24911868,0.23384254,0.16568743,0.2279671,0.22444183,0.14101058
gi|52840496,0,non-T6SE,310,0.21682848,0.17799353,0.29126214,0.31067961,0.17152104,0.18122977,0.26537217,0.21035599,0.21035599,0.30420712,0.14886731,0.2038835,0.15857605,0.0097087379,0.17152104,0.25889968,0.25566343,0.13592233,0.26860841,0.26213592,0.12621359
gi|52840507,0,non-T6SE,231,0.12173913,0.13913043,0.34782609,0.30434783,0.1826087,0.20434783,0.33478261,0.17826087,0.1173913,0.3173913,0.14347826,0.24347826,0.11304348,0,0.07826087,0.3173913,0.23478261,0.15652174,0.17391304,0.29130435,0.086956522
gi|52840526,0,non-T6SE,213,0.21698113,0.21226415,0.23584906,0.29716981,0.1745283,0.16037736,0.1745283,0.25471698,0.21226415,0.28773585,0.11792453,0.21698113,0.10849057,0.033018868,0.16509434,0.23113208,0.22169811,0.18396226,0.28301887,0.21698113,0.14622642
gi|52840538,0,non-T6SE,403,0.24129353,0.17661692,0.23631841,0.31094527,0.19154229,0.18905473,0.23631841,0.22139303,0.22636816,0.27363184,0.14427861,0.23631841,0.12935323,0.029850746,0.1840796,0.19900498,0.22636816,0.18159204,0.24378109,0.23631841,0.17412935
gi|52840542,0,non-T6SE,205,0.26960784,0.23529412,0.19117647,0.25490196,0.12745098,0.24019608,0.17156863,0.2745098,0.24019608,0.25490196,0.11764706,0.25,0.19117647,0.014705882,0.24509804,0.32352941,0.19607843,0.15686275,0.33823529,0.22058824,0.16666667
gi|52840544,0,non-T6SE,694,0.18614719,0.23520924,0.22077922,0.23665224,0.15873016,0.24098124,0.18614719,0.29292929,0.17171717,0.23809524,0.13131313,0.26839827,0.18759019,0.025974026,0.16738817,0.25829726,0.21067821,0.16161616,0.27994228,0.21500722,0.14141414
gi|52840553,0,non-T6SE,446,0.21573034,0.26067416,0.20898876,0.27865169,0.14157303,0.22022472,0.17977528,0.31235955,0.18651685,0.25842697,0.13033708,0.23146067,0.19325843,0.026966292,0.18876404,0.25842697,0.22696629,0.11910112,0.33483146,0.14831461,0.14157303
gi|52840554,0,non-T6SE,324,0.18885449,0.19195046,0.30650155,0.34055728,0.14860681,0.13622291,0.29411765,0.21671827,0.18266254,0.31888545,0.13312693,0.15170279,0.11455108,0.0061919505,0.16718266,0.22600619,0.2879257,0.15789474,0.25386997,0.29102167,0.12693498
gi|52840555,0,non-T6SE,163,0.24691358,0.14814815,0.30864198,0.2962963,0.22222222,0.19135802,0.27160494,0.19753086,0.18518519,0.27160494,0.17283951,0.24074074,0.17283951,0.024691358,0.13580247,0.2345679,0.30246914,0.15432099,0.22222222,0.2654321,0.17283951
gi|52840565,0,non-T6SE,177,0.25568182,0.19886364,0.27272727,0.33522727,0.20454545,0.17613636,0.25,0.22159091,0.24431818,0.32954545,0.19886364,0.18181818,0.23863636,0.034090909,0.14772727,0.29545455,0.22727273,0.090909091,0.32386364,0.20454545,0.13068182
gi|52840566,0,non-T6SE,126,0.136,0.224,0.232,0.288,0.112,0.16,0.232,0.224,0.136,0.32,0.112,0.16,0.12,0.048,0.208,0.256,0.224,0.128,0.28,0.2,0.08
gi|52840568,0,non-T6SE,1415,0.24257426,0.21570014,0.21499293,0.29561528,0.17397454,0.18387553,0.1980198,0.24681754,0.22630835,0.28005658,0.15134371,0.20650636,0.1980198,0.028288543,0.21074965,0.24045262,0.25035361,0.14710042,0.31541726,0.20084866,0.14285714
gi|52840585,0,non-T6SE,109,0.32407407,0.19444444,0.17592593,0.26851852,0.17592593,0.18518519,0.12962963,0.27777778,0.2962963,0.21296296,0.15740741,0.2037037,0.30555556,0.027777778,0.13888889,0.26851852,0.25925926,0.11111111,0.30555556,0.12962963,0.21296296
gi|52840589,0,non-T6SE,179,0.28089888,0.18539326,0.23595506,0.3258427,0.24719101,0.13483146,0.26966292,0.21910112,0.26966292,0.33146067,0.21910112,0.16292135,0.2247191,0.028089888,0.15168539,0.23595506,0.29213483,0.16853933,0.31460674,0.20224719,0.15168539
gi|52840602,0,non-T6SE,455,0.12114537,0.10572687,0.36343612,0.30176211,0.14757709,0.20264317,0.31938326,0.14096916,0.10792952,0.28414097,0.12555066,0.2246696,0.092511013,0.013215859,0.061674009,0.26211454,0.20484581,0.16960352,0.13436123,0.32819383,0.092511013
gi|52840606,0,non-T6SE,430,0.25874126,0.16317016,0.24941725,0.31468531,0.21212121,0.11888112,0.24475524,0.18648019,0.26340326,0.31934732,0.18881119,0.14219114,0.13752914,0.013986014,0.17715618,0.23543124,0.24941725,0.18881119,0.26340326,0.20745921,0.15850816
gi|52840611,0,non-T6SE,277,0.19927536,0.21376812,0.28985507,0.35869565,0.12318841,0.14855072,0.26811594,0.25724638,0.18478261,0.35144928,0.10144928,0.17028986,0.10869565,0.014492754,0.15942029,0.25362319,0.22101449,0.21014493,0.28985507,0.23913043,0.12318841
gi|52840632,0,non-T6SE,257,0.09765625,0.15625,0.34765625,0.3125,0.1328125,0.22265625,0.3359375,0.17578125,0.078125,0.296875,0.1171875,0.23828125,0.09375,0.0078125,0.07421875,0.296875,0.140625,0.203125,0.1796875,0.2734375,0.07421875
gi|52840641,0,non-T6SE,256,0.20784314,0.20784314,0.22352941,0.29803922,0.16862745,0.20392157,0.21176471,0.25882353,0.19607843,0.29803922,0.1254902,0.24705882,0.17254902,0.031372549,0.20392157,0.23529412,0.25490196,0.12941176,0.2745098,0.21568627,0.14117647
gi|52840642,0,non-T6SE,169,0.21428571,0.25,0.22619048,0.28571429,0.17857143,0.19047619,0.20238095,0.29761905,0.20238095,0.29761905,0.14285714,0.22619048,0.14285714,0.011904762,0.19047619,0.2202381,0.25,0.20238095,0.31547619,0.19047619,0.14880952
gi|52840659,0,non-T6SE,302,0.25249169,0.19933555,0.24916944,0.28571429,0.18936877,0.15946844,0.20930233,0.23920266,0.24584718,0.26910299,0.15282392,0.19601329,0.19933555,0.026578073,0.13953488,0.26910299,0.25913621,0.12956811,0.30232558,0.18604651,0.14950166
gi|52840661,0,non-T6SE,496,0.21010101,0.25050505,0.23232323,0.28080808,0.16161616,0.24040404,0.20808081,0.29090909,0.17777778,0.28080808,0.12929293,0.27272727,0.17575758,0.026262626,0.17979798,0.27070707,0.24444444,0.14545455,0.31515152,0.20606061,0.14545455
gi|52840664,0,non-T6SE,335,0.15568862,0.20359281,0.31137725,0.29341317,0.18562874,0.17365269,0.30239521,0.24850299,0.14071856,0.28443114,0.16467066,0.19461078,0.12275449,0.0089820359,0.14670659,0.30239521,0.25748503,0.1497006,0.25748503,0.23053892,0.10179641
gi|52840665,0,non-T6SE,220,0.17808219,0.14611872,0.32420091,0.34703196,0.12785388,0.15068493,0.30593607,0.1826484,0.14155251,0.31050228,0.10045662,0.17808219,0.10502283,0.01369863,0.13242009,0.25114155,0.21004566,0.19634703,0.19178082,0.25570776,0.13242009
gi|52840670,0,non-T6SE,332,0.21752266,0.18126888,0.25377644,0.26283988,0.18429003,0.20845921,0.22356495,0.24169184,0.18731118,0.26283988,0.13595166,0.25679758,0.17220544,0.039274924,0.12990937,0.27190332,0.22054381,0.16012085,0.24471299,0.23564955,0.15407855
gi|52840678,0,non-T6SE,126,0.176,0.208,0.264,0.272,0.216,0.192,0.28,0.256,0.176,0.272,0.152,0.256,0.2,0.056,0.136,0.28,0.216,0.184,0.216,0.208,0.168
gi|52840689,0,non-T6SE,199,0.22222222,0.19191919,0.26767677,0.31313131,0.17676768,0.25252525,0.22222222,0.22727273,0.21717172,0.29292929,0.15656566,0.27272727,0.24242424,0.060606061,0.14141414,0.21717172,0.28787879,0.13636364,0.28282828,0.25757576,0.13131313
gi|52840699,0,non-T6SE,93,0.11956522,0.065217391,0.38043478,0.33695652,0.14130435,0.10869565,0.36956522,0.076086957,0.086956522,0.33695652,0.14130435,0.10869565,0.11956522,0.010869565,0.010869565,0.27173913,0.15217391,0.25,0.065217391,0.34782609,0.11956522
gi|52840700,0,non-T6SE,214,0.1971831,0.25821596,0.17840376,0.23004695,0.15962441,0.19248826,0.17840376,0.29577465,0.16901408,0.24413146,0.12676056,0.22535211,0.19248826,0.03286385,0.15962441,0.28638498,0.17840376,0.15492958,0.3286385,0.17840376,0.12676056
gi|52840706,0,non-T6SE,289,0.20138889,0.15625,0.27777778,0.33333333,0.15277778,0.14583333,0.24652778,0.20833333,0.19791667,0.30208333,0.12847222,0.17013889,0.090277778,0.024305556,0.19791667,0.24305556,0.20833333,0.15277778,0.23263889,0.27430556,0.125
gi|52840714,0,non-T6SE,257,0.23046875,0.23046875,0.26171875,0.28515625,0.20703125,0.2109375,0.21875,0.28125,0.2109375,0.234375,0.1640625,0.25390625,0.203125,0.03125,0.171875,0.26953125,0.26953125,0.12890625,0.29296875,0.203125,0.16796875
gi|52840721,0,non-T6SE,99,0.17346939,0.30612245,0.17346939,0.2244898,0.23469388,0.20408163,0.14285714,0.33673469,0.16326531,0.24489796,0.23469388,0.20408163,0.20408163,0.10204082,0.21428571,0.24489796,0.21428571,0.14285714,0.33673469,0.19387755,0.14285714
gi|52840722,0,non-T6SE,464,0.22462203,0.27213823,0.20950324,0.30021598,0.10367171,0.19654428,0.18574514,0.32181425,0.1663067,0.28725702,0.082073434,0.21814255,0.1425486,0.012958963,0.21598272,0.24406048,0.21166307,0.15334773,0.32181425,0.17926566,0.174946
gi|52840727,0,non-T6SE,387,0.17875648,0.19430052,0.2642487,0.29015544,0.17357513,0.1865285,0.25906736,0.22020725,0.16839378,0.28238342,0.15544041,0.20466321,0.15284974,0.028497409,0.16321244,0.20466321,0.25388601,0.16839378,0.26165803,0.24093264,0.11139896
gi|52840729,0,non-T6SE,380,0.25593668,0.17414248,0.19261214,0.32189974,0.17150396,0.1530343,0.20316623,0.2005277,0.2348285,0.3060686,0.16094987,0.16358839,0.16886544,0.026385224,0.16622691,0.2348285,0.26385224,0.13456464,0.27968338,0.19525066,0.15039578
gi|52840740,0,non-T6SE,441,0.18181818,0.21363636,0.24318182,0.3,0.20227273,0.19090909,0.23181818,0.24772727,0.17045455,0.26136364,0.18636364,0.20681818,0.15909091,0.036363636,0.16818182,0.25909091,0.27045455,0.14545455,0.26590909,0.23181818,0.12954545
gi|52840748,0,non-T6SE,238,0.25316456,0.2742616,0.20253165,0.27848101,0.17721519,0.22362869,0.19831224,0.29535865,0.22362869,0.24894515,0.15611814,0.24472574,0.16877637,0.016877637,0.23206751,0.25738397,0.22362869,0.15611814,0.3628692,0.16877637,0.16455696
gi|52840749,0,non-T6SE,284,0.1024735,0.11660777,0.34982332,0.29328622,0.18021201,0.16254417,0.34275618,0.12367491,0.09540636,0.27208481,0.13780919,0.204947,0.091872792,0.014134276,0.06360424,0.25795053,0.19787986,0.18374558,0.15547703,0.28621908,0.06360424
gi|52840772,0,non-T6SE,130,0.12403101,0.13953488,0.35658915,0.25581395,0.17829457,0.2248062,0.31782946,0.17829457,0.10077519,0.25581395,0.13178295,0.27131783,0.13953488,0,0.062015504,0.25581395,0.23255814,0.15503876,0.15503876,0.24031008,0.10852713
gi|52840778,0,non-T6SE,406,0.20740741,0.2691358,0.19753086,0.29135802,0.15308642,0.19506173,0.18765432,0.29382716,0.19753086,0.25925926,0.1308642,0.21728395,0.19012346,0.037037037,0.18271605,0.26666667,0.24691358,0.15308642,0.36296296,0.15555556,0.11358025
gi|52840780,0,non-T6SE,215,0.25233645,0.23364486,0.1635514,0.22897196,0.20560748,0.21028037,0.1728972,0.27102804,0.22429907,0.22429907,0.17757009,0.23831776,0.20560748,0.028037383,0.19626168,0.21028037,0.29906542,0.13551402,0.30373832,0.19158879,0.18224299
gi|52840791,0,non-T6SE,199,0.15151515,0.21212121,0.29292929,0.29292929,0.15151515,0.23737374,0.25252525,0.24242424,0.15151515,0.29292929,0.12121212,0.26767677,0.13636364,0.015151515,0.17676768,0.21212121,0.2020202,0.22222222,0.23232323,0.25757576,0.13131313
gi|52840792,0,non-T6SE,574,0.19371728,0.16579407,0.27923211,0.28795812,0.17975567,0.16928447,0.27574171,0.20942408,0.17102967,0.28621291,0.15008726,0.19895288,0.13438045,0.022687609,0.12739965,0.23211169,0.2547993,0.16055846,0.22338569,0.2582897,0.13612565
gi|52840799,0,non-T6SE,274,0.23443223,0.1978022,0.26007326,0.2967033,0.18315018,0.20879121,0.1978022,0.26007326,0.23076923,0.22344322,0.13919414,0.25274725,0.19047619,0.0073260073,0.15384615,0.24175824,0.28937729,0.11355311,0.26373626,0.24908425,0.16849817
gi|52840810,0,non-T6SE,423,0.21090047,0.26540284,0.21563981,0.28672986,0.16113744,0.22037915,0.21327014,0.29146919,0.1943128,0.26540284,0.15402844,0.22748815,0.19905213,0.028436019,0.20616114,0.24881517,0.23222749,0.16824645,0.33649289,0.18957346,0.13981043
gi|52840814,0,non-T6SE,178,0.16949153,0.16949153,0.31073446,0.27683616,0.16384181,0.19774011,0.27118644,0.23728814,0.15819209,0.29943503,0.1299435,0.23163842,0.1299435,0.016949153,0.1299435,0.26553672,0.20338983,0.18079096,0.24293785,0.3220339,0.096045198
gi|52840817,0,non-T6SE,326,0.23384615,0.20615385,0.26461538,0.29230769,0.21230769,0.19076923,0.24,0.25538462,0.21538462,0.28923077,0.19076923,0.21230769,0.16307692,0.027692308,0.21230769,0.23076923,0.18153846,0.16923077,0.27384615,0.21846154,0.16615385
gi|52840823,0,non-T6SE,187,0.16666667,0.18817204,0.29032258,0.30645161,0.16129032,0.20967742,0.29032258,0.22043011,0.1344086,0.25268817,0.12903226,0.24193548,0.10752688,0.043010753,0.17204301,0.2688172,0.24731183,0.12903226,0.20967742,0.24731183,0.14516129
gi|52840824,0,non-T6SE,142,0.18439716,0.19148936,0.31205674,0.31914894,0.16312057,0.18439716,0.29078014,0.22695035,0.16312057,0.30496454,0.14893617,0.19858156,0.16312057,0.021276596,0.14184397,0.21985816,0.16312057,0.20567376,0.29078014,0.23404255,0.085106383
gi|52840825,0,non-T6SE,297,0.24662162,0.23310811,0.22972973,0.32094595,0.14864865,0.15878378,0.20945946,0.26689189,0.23310811,0.32432432,0.13175676,0.17567568,0.16891892,0.013513514,0.2027027,0.24662162,0.25675676,0.11824324,0.31418919,0.16554054,0.16554054
gi|52840827,0,non-T6SE,503,0.2250996,0.21912351,0.26095618,0.33665339,0.16932271,0.17330677,0.24103586,0.24701195,0.2250996,0.30876494,0.14143426,0.20119522,0.16334661,0.025896414,0.14940239,0.2310757,0.28286853,0.11952191,0.28884462,0.24900398,0.15537849
gi|52840830,0,non-T6SE,193,0.23958333,0.20833333,0.30729167,0.33854167,0.21875,0.16145833,0.27083333,0.27604167,0.19270833,0.296875,0.16666667,0.21354167,0.22395833,0.0052083333,0.18229167,0.28645833,0.25520833,0.171875,0.265625,0.27083333,0.18229167
gi|52840834,0,non-T6SE,733,0.21448087,0.18442623,0.25819672,0.29234973,0.18579235,0.21721311,0.2431694,0.22131148,0.19945355,0.2704918,0.15027322,0.25273224,0.19808743,0.017759563,0.14344262,0.28415301,0.21994536,0.16530055,0.28142077,0.24726776,0.11748634
gi|52840840,0,non-T6SE,428,0.25058548,0.16627635,0.2295082,0.31147541,0.16627635,0.18501171,0.19203747,0.2295082,0.23887588,0.27868852,0.14754098,0.20374707,0.14285714,0.011709602,0.16627635,0.24590164,0.28103044,0.1264637,0.25995316,0.21311475,0.15690867
gi|52840841,0,non-T6SE,414,0.21791768,0.22760291,0.24455206,0.29297821,0.19854722,0.18644068,0.21791768,0.28329298,0.19128329,0.28813559,0.16464891,0.22033898,0.14527845,0.01937046,0.1937046,0.28571429,0.18401937,0.20338983,0.28813559,0.22276029,0.15738499
gi|52840853,0,non-T6SE,416,0.25542169,0.24819277,0.2313253,0.29638554,0.17108434,0.17831325,0.20722892,0.3060241,0.20240964,0.26746988,0.1373494,0.21204819,0.15662651,0.01686747,0.19518072,0.2313253,0.2313253,0.19277108,0.29638554,0.20963855,0.20722892
gi|52840873,0,non-T6SE,221,0.26818182,0.18636364,0.23181818,0.3,0.19090909,0.19090909,0.22727273,0.23636364,0.23636364,0.30909091,0.16363636,0.21818182,0.14545455,0.018181818,0.17272727,0.3,0.21363636,0.15,0.27272727,0.20454545,0.18181818
gi|52840880,0,non-T6SE,412,0.13381995,0.16058394,0.32846715,0.25304136,0.20924574,0.21411192,0.31143552,0.19708029,0.11678832,0.23357664,0.1946472,0.22871046,0.1216545,0.01216545,0.099756691,0.25790754,0.20437956,0.1703163,0.20437956,0.28710462,0.090024331
gi|52840886,0,non-T6SE,263,0.23664122,0.26717557,0.20610687,0.26335878,0.1870229,0.22900763,0.19465649,0.31679389,0.1870229,0.24045802,0.16412214,0.2519084,0.19083969,0.038167939,0.22137405,0.25954198,0.19083969,0.19847328,0.31679389,0.15267176,0.1870229
gi|52840888,0,non-T6SE,411,0.21707317,0.21219512,0.23658537,0.32439024,0.18292683,0.13658537,0.23414634,0.24390244,0.20487805,0.30731707,0.14146341,0.17804878,0.14878049,0.012195122,0.18780488,0.23170732,0.27073171,0.16341463,0.28292683,0.19756098,0.14634146
gi|52840892,0,non-T6SE,408,0.12530713,0.085995086,0.37346437,0.32186732,0.17444717,0.16953317,0.33169533,0.10565111,0.12530713,0.30712531,0.15479115,0.18918919,0.078624079,0.0049140049,0.068796069,0.22358722,0.1965602,0.18673219,0.13513514,0.32678133,0.076167076
gi|52840895,0,non-T6SE,285,0.24295775,0.19366197,0.24647887,0.34859155,0.18309859,0.18661972,0.23239437,0.22887324,0.24295775,0.33450704,0.16197183,0.20774648,0.17253521,0.024647887,0.18661972,0.26408451,0.21830986,0.1443662,0.3028169,0.19014085,0.13380282
gi|52840896,0,non-T6SE,580,0.21416235,0.20725389,0.25734024,0.30569948,0.17789292,0.18825561,0.23143351,0.23316062,0.21761658,0.31433506,0.14853195,0.21761658,0.18307427,0.027633851,0.17271157,0.22107081,0.26943005,0.14507772,0.28670121,0.22452504,0.13471503
gi|52840898,0,non-T6SE,374,0.1233244,0.15281501,0.3002681,0.28686327,0.1689008,0.19839142,0.29490617,0.16353887,0.11796247,0.27077748,0.14745308,0.21983914,0.1152815,0.013404826,0.11796247,0.28150134,0.1849866,0.1689008,0.18766756,0.26273458,0.08847185
gi|52840916,0,non-T6SE,913,0.2127193,0.24561404,0.21600877,0.24122807,0.17982456,0.22587719,0.19517544,0.29605263,0.19517544,0.23684211,0.15131579,0.25438596,0.17324561,0.028508772,0.17324561,0.28070175,0.21162281,0.1129386,0.28947368,0.19517544,0.16885965
gi|52840936,0,non-T6SE,455,0.30176211,0.18502203,0.21365639,0.34801762,0.17180617,0.18942731,0.2092511,0.23788546,0.25330396,0.32599119,0.15859031,0.20264317,0.15198238,0.017621145,0.15859031,0.26431718,0.20704846,0.18942731,0.31497797,0.1784141,0.17180617
gi|52840956,0,non-T6SE,921,0.22608696,0.2326087,0.2173913,0.27391304,0.19565217,0.20326087,0.19565217,0.26956522,0.2,0.25543478,0.16630435,0.2326087,0.19565217,0.045652174,0.19565217,0.25217391,0.25217391,0.15869565,0.29565217,0.2076087,0.16304348
gi|52840958,0,non-T6SE,420,0.21957041,0.22673031,0.21957041,0.31980907,0.10023866,0.19331742,0.20047733,0.25536993,0.2052506,0.3221957,0.093078759,0.20047733,0.150358,0.016706444,0.15513126,0.24105012,0.22195704,0.17899761,0.33651551,0.20763723,0.1097852
gi|52840965,0,non-T6SE,325,0.20679012,0.19444444,0.29320988,0.32407407,0.16358025,0.15123457,0.26851852,0.24382716,0.18209877,0.29938272,0.10802469,0.20679012,0.12037037,0.021604938,0.1882716,0.22222222,0.2808642,0.17592593,0.26851852,0.24074074,0.13271605
gi|52840966,0,non-T6SE,160,0.088050314,0.1509434,0.39622642,0.31446541,0.19496855,0.23899371,0.33962264,0.18238994,0.081761006,0.28301887,0.17610063,0.25786164,0.094339623,0.0062893082,0.094339623,0.30188679,0.18867925,0.22641509,0.1572327,0.31446541,0.081761006
gi|52840975,0,non-T6SE,460,0.25054466,0.20479303,0.22004357,0.31590414,0.17647059,0.17429194,0.21568627,0.22657952,0.22875817,0.31590414,0.1546841,0.19607843,0.18736383,0.026143791,0.23747277,0.23311547,0.28104575,0.11982571,0.29411765,0.19389978,0.16122004
gi|52840976,0,non-T6SE,357,0.19382022,0.19101124,0.3005618,0.3005618,0.19382022,0.17696629,0.30617978,0.2247191,0.17696629,0.31741573,0.16011236,0.21067416,0.16292135,0.019662921,0.16573034,0.28932584,0.21629213,0.1994382,0.25280899,0.23595506,0.13202247
gi|52840981,0,non-T6SE,516,0.22718447,0.29320388,0.17669903,0.29902913,0.12038835,0.23106796,0.1631068,0.33009709,0.18640777,0.2815534,0.1184466,0.23300971,0.21359223,0.031067961,0.23300971,0.24466019,0.2368932,0.15145631,0.33203883,0.13980583,0.18834951
gi|52840987,0,non-T6SE,213,0.19811321,0.18867925,0.32075472,0.33490566,0.19339623,0.16037736,0.28301887,0.22641509,0.19811321,0.29716981,0.15566038,0.19811321,0.099056604,0.014150943,0.16509434,0.21698113,0.29716981,0.22169811,0.26886792,0.24528302,0.11792453
gi|52840994,0,non-T6SE,294,0.25255973,0.22866894,0.19795222,0.2662116,0.19112628,0.19795222,0.18430034,0.27645051,0.22525597,0.27645051,0.16040956,0.22866894,0.18430034,0.030716724,0.21501706,0.26962457,0.23549488,0.18771331,0.3105802,0.19453925,0.17064846
gi|52841018,0,non-T6SE,82,0.19753086,0.22222222,0.27160494,0.30864198,0.086419753,0.22222222,0.20987654,0.2345679,0.18518519,0.33333333,0.061728395,0.24691358,0.13580247,0.061728395,0.20987654,0.30864198,0.14814815,0.17283951,0.30864198,0.22222222,0.11111111
gi|52841020,0,non-T6SE,331,0.22121212,0.23030303,0.26969697,0.31515152,0.15151515,0.18484848,0.23939394,0.27272727,0.1969697,0.3030303,0.12727273,0.20909091,0.15757576,0.018181818,0.14242424,0.22424242,0.24242424,0.22424242,0.28484848,0.20606061,0.16666667
gi|52841023,0,non-T6SE,433,0.20138889,0.25694444,0.23611111,0.26157407,0.16203704,0.20138889,0.20138889,0.30092593,0.17592593,0.24305556,0.12962963,0.2337963,0.1875,0.016203704,0.16898148,0.27546296,0.22222222,0.12731481,0.34722222,0.19907407,0.11111111
gi|52841028,0,non-T6SE,235,0.21367521,0.17948718,0.24358974,0.26923077,0.1965812,0.16666667,0.24786325,0.2008547,0.2008547,0.28205128,0.17521368,0.18803419,0.18803419,0.025641026,0.16239316,0.21794872,0.25641026,0.15811966,0.25213675,0.27777778,0.14102564
gi|52841029,0,non-T6SE,423,0.11848341,0.11611374,0.36966825,0.28436019,0.18957346,0.20379147,0.36492891,0.1492891,0.09478673,0.27014218,0.16113744,0.23222749,0.10663507,0.018957346,0.066350711,0.25592417,0.19905213,0.1563981,0.13744076,0.26540284,0.097156398
gi|52841038,0,non-T6SE,567,0.15371025,0.15194346,0.33745583,0.33922261,0.13427562,0.15017668,0.31448763,0.18551237,0.14134276,0.32155477,0.1130742,0.17137809,0.10424028,0.0088339223,0.10070671,0.27738516,0.21024735,0.15371025,0.19964664,0.24558304,0.10600707
gi|52841043,0,non-T6SE,280,0.20430108,0.24731183,0.23297491,0.3297491,0.13620072,0.15412186,0.21146953,0.27598566,0.19713262,0.32616487,0.11111111,0.17921147,0.13620072,0.021505376,0.21505376,0.28315412,0.1827957,0.16129032,0.30824373,0.23297491,0.14336918
gi|52841048,0,non-T6SE,302,0.21262458,0.17940199,0.22259136,0.27574751,0.16611296,0.16943522,0.22591362,0.21594684,0.18936877,0.25581395,0.1461794,0.18936877,0.18936877,0.016611296,0.15614618,0.2358804,0.22923588,0.18936877,0.26245847,0.19269103,0.12956811
gi|52841050,0,non-T6SE,222,0.24434389,0.239819,0.19909502,0.24886878,0.16742081,0.22171946,0.18552036,0.28054299,0.19457014,0.21266968,0.12217195,0.26696833,0.23529412,0.040723982,0.14932127,0.25791855,0.25791855,0.13122172,0.29864253,0.18099548,0.18552036
gi|52841053,0,non-T6SE,111,0.21818182,0.24545455,0.21818182,0.22727273,0.17272727,0.14545455,0.19090909,0.32727273,0.17272727,0.20909091,0.13636364,0.18181818,0.15454545,0.0090909091,0.21818182,0.34545455,0.23636364,0.12727273,0.26363636,0.13636364,0.2
gi|52841062,0,non-T6SE,443,0.21040724,0.25791855,0.22850679,0.29864253,0.13800905,0.19004525,0.2081448,0.2918552,0.19004525,0.28280543,0.11764706,0.21040724,0.18325792,0.015837104,0.14479638,0.30769231,0.21493213,0.14479638,0.34162896,0.19230769,0.12669683
gi|52841069,0,non-T6SE,258,0.21789883,0.25291829,0.21011673,0.307393,0.17898833,0.19066148,0.19455253,0.27626459,0.21789883,0.30350195,0.15953307,0.21011673,0.19455253,0.031128405,0.17509728,0.23735409,0.23346304,0.15175097,0.307393,0.14396887,0.16342412
gi|52841070,0,non-T6SE,344,0.22157434,0.21865889,0.20991254,0.30029155,0.14285714,0.1574344,0.19825073,0.24198251,0.21574344,0.303207,0.12244898,0.17784257,0.15451895,0.014577259,0.16909621,0.22157434,0.23906706,0.13994169,0.28862974,0.19533528,0.1516035
gi|52841075,0,non-T6SE,183,0.2032967,0.25274725,0.24725275,0.32967033,0.14285714,0.15934066,0.22527473,0.2967033,0.18131868,0.3021978,0.13736264,0.16483516,0.14285714,0.021978022,0.21978022,0.28571429,0.24175824,0.12087912,0.33516484,0.17032967,0.12087912
gi|52841078,0,non-T6SE,260,0.13513514,0.15057915,0.36679537,0.35521236,0.15444015,0.17760618,0.35135135,0.16602317,0.12741313,0.33204633,0.13899614,0.19305019,0.1042471,0.0038610039,0.088803089,0.22393822,0.2046332,0.1969112,0.2046332,0.26254826,0.081081081
gi|52841079,0,non-T6SE,158,0.23566879,0.21656051,0.27388535,0.32484076,0.15923567,0.15923567,0.27388535,0.24203822,0.21019108,0.31847134,0.14012739,0.17834395,0.1656051,0.01910828,0.21019108,0.23566879,0.19745223,0.21019108,0.31847134,0.21656051,0.13375796
gi|52841084,0,non-T6SE,252,0.22310757,0.19123506,0.27091633,0.31075697,0.16733068,0.17928287,0.23505976,0.25896414,0.19521912,0.29482072,0.15139442,0.19521912,0.09561753,0.023904382,0.1752988,0.2310757,0.2749004,0.14741036,0.25896414,0.26294821,0.15537849
gi|52841089,0,non-T6SE,471,0.21702128,0.25319149,0.21276596,0.29574468,0.16382979,0.19361702,0.2106383,0.26808511,0.2106383,0.28297872,0.1212766,0.23617021,0.19148936,0.044680851,0.20212766,0.25319149,0.25319149,0.15957447,0.31702128,0.18085106,0.15319149
gi|229270458,0,non-T6SE,312,0.17041801,0.22829582,0.24115756,0.27009646,0.18006431,0.20900322,0.22186495,0.26688103,0.14469453,0.25723473,0.14790997,0.24115756,0.19292605,0.045016077,0.15434084,0.3022508,0.22186495,0.1318328,0.27652733,0.22186495,0.1221865
gi|52841094,0,non-T6SE,263,0.13740458,0.11450382,0.34351145,0.24045802,0.17938931,0.25572519,0.31679389,0.16412214,0.10305344,0.24045802,0.14122137,0.29389313,0.1259542,0.019083969,0.080152672,0.35496183,0.19083969,0.1221374,0.16793893,0.24045802,0.083969466
gi|52841096,0,non-T6SE,143,0.22535211,0.17605634,0.23943662,0.30985915,0.12676056,0.17605634,0.22535211,0.20422535,0.1971831,0.33098592,0.11971831,0.18309859,0.15492958,0.014084507,0.15492958,0.29577465,0.22535211,0.12676056,0.3028169,0.19014085,0.098591549
gi|52841097,0,non-T6SE,650,0.12172573,0.13405239,0.34360555,0.28967643,0.18181818,0.19568567,0.32357473,0.1633282,0.10785824,0.27734977,0.14483821,0.23266564,0.11248074,0.016949153,0.081664099,0.31587057,0.20338983,0.1540832,0.16949153,0.24807396,0.086286595
gi|52841098,0,non-T6SE,177,0.21590909,0.19318182,0.26704545,0.30681818,0.1875,0.18181818,0.25568182,0.23863636,0.18181818,0.22727273,0.15340909,0.21590909,0.15909091,0.022727273,0.15909091,0.23863636,0.25568182,0.15909091,0.24431818,0.19886364,0.16477273
gi|52841103,0,non-T6SE,608,0.24876442,0.19439868,0.23887974,0.29983526,0.19110379,0.18945634,0.20757825,0.24876442,0.21746293,0.26523888,0.14991763,0.2306425,0.19110379,0.02306425,0.15980231,0.2306425,0.25370675,0.15485997,0.26359143,0.22075783,0.17957166
gi|52841104,0,non-T6SE,384,0.19321149,0.20626632,0.2767624,0.25848564,0.19060052,0.21409922,0.23759791,0.24543081,0.16971279,0.25848564,0.16449086,0.24020888,0.15926893,0.033942559,0.17232376,0.24543081,0.24020888,0.1462141,0.2689295,0.25848564,0.1305483
gi|52841112,0,non-T6SE,377,0.23138298,0.17819149,0.21808511,0.31648936,0.14893617,0.1356383,0.21276596,0.21010638,0.21010638,0.29255319,0.13031915,0.15425532,0.14361702,0.015957447,0.18085106,0.27393617,0.25797872,0.10904255,0.25265957,0.20744681,0.15691489
gi|52841115,0,non-T6SE,380,0.13192612,0.18469657,0.28496042,0.26385224,0.15831135,0.22955145,0.25593668,0.21899736,0.10817942,0.24274406,0.12664908,0.26121372,0.13456464,0.023746702,0.15039578,0.26912929,0.21108179,0.15831135,0.22427441,0.25329815,0.092348285
gi|52841120,0,non-T6SE,358,0.19047619,0.21848739,0.24369748,0.32212885,0.17366947,0.17647059,0.25210084,0.26610644,0.17086835,0.31092437,0.16246499,0.18767507,0.14285714,0.019607843,0.17086835,0.21848739,0.24369748,0.18767507,0.2745098,0.2464986,0.13445378
gi|52841124,0,non-T6SE,297,0.14864865,0.22635135,0.24324324,0.23986486,0.18581081,0.26351351,0.21959459,0.25,0.13175676,0.21621622,0.14864865,0.30067568,0.19932432,0.030405405,0.087837838,0.27364865,0.20608108,0.1722973,0.28040541,0.20608108,0.094594595
gi|52841126,0,non-T6SE,771,0.2,0.26623377,0.20779221,0.28571429,0.15584416,0.21818182,0.18961039,0.2974026,0.18961039,0.26363636,0.14675325,0.22727273,0.17402597,0.037662338,0.22987013,0.24805195,0.26363636,0.14675325,0.31948052,0.18181818,0.14675325
gi|52841132,0,non-T6SE,319,0.11006289,0.1163522,0.36477987,0.35534591,0.11320755,0.14779874,0.33018868,0.14465409,0.10062893,0.34591195,0.08490566,0.17610063,0.081761006,0.012578616,0.062893082,0.27987421,0.22012579,0.18553459,0.14465409,0.27044025,0.081761006
gi|52841134,0,non-T6SE,355,0.21468927,0.18644068,0.24576271,0.27683616,0.15536723,0.20903955,0.21468927,0.23446328,0.18361582,0.2740113,0.10169492,0.26271186,0.15819209,0.011299435,0.11864407,0.26836158,0.26271186,0.15536723,0.24011299,0.22033898,0.16101695
gi|52841138,0,non-T6SE,363,0.20165746,0.20165746,0.27900552,0.33425414,0.1519337,0.18232044,0.25138122,0.23480663,0.1961326,0.31491713,0.12707182,0.20718232,0.17679558,0.011049724,0.13259669,0.20165746,0.25138122,0.1961326,0.26519337,0.21823204,0.13812155
gi|52841149,0,non-T6SE,334,0.24924925,0.24924925,0.21621622,0.29129129,0.2042042,0.1951952,0.19219219,0.28528529,0.23123123,0.26426426,0.18918919,0.21021021,0.20720721,0.057057057,0.1951952,0.24024024,0.27027027,0.13213213,0.35735736,0.16816817,0.14114114
gi|52841152,0,non-T6SE,483,0.23858921,0.21161826,0.21784232,0.2966805,0.17219917,0.19917012,0.2219917,0.24481328,0.21369295,0.28838174,0.15560166,0.21576763,0.15560166,0.022821577,0.18049793,0.23236515,0.21784232,0.15352697,0.29045643,0.19502075,0.15975104
gi|52841153,0,non-T6SE,350,0.22063037,0.19770774,0.25787966,0.2722063,0.17191977,0.1747851,0.2234957,0.25501433,0.18624642,0.25787966,0.12320917,0.2234957,0.13753582,0.022922636,0.18911175,0.23209169,0.24641834,0.1747851,0.26647564,0.22922636,0.15186246
gi|52841160,0,non-T6SE,794,0.22572509,0.19546028,0.23076923,0.29508197,0.1815889,0.18663304,0.22194199,0.22698613,0.19924338,0.27994956,0.15636822,0.21185372,0.16897856,0.027742749,0.15889029,0.23076923,0.25472888,0.15889029,0.26733922,0.21311475,0.15384615
gi|52841166,0,non-T6SE,698,0.19081779,0.2553802,0.21377331,0.30989957,0.15208034,0.16642755,0.21520803,0.27403156,0.18077475,0.29555237,0.13773314,0.18077475,0.18077475,0.030129125,0.17934003,0.24246772,0.2338594,0.19655667,0.32281205,0.21090387,0.12338594
gi|52841167,0,non-T6SE,175,0.22988506,0.2183908,0.20689655,0.27586207,0.17241379,0.20114943,0.17816092,0.23563218,0.21264368,0.27011494,0.15517241,0.2183908,0.20114943,0.051724138,0.22413793,0.20689655,0.24712644,0.16666667,0.32183908,0.15517241,0.12643678
gi|52841168,0,non-T6SE,369,0.18478261,0.20380435,0.25,0.32336957,0.14402174,0.18206522,0.22826087,0.23641304,0.17391304,0.29076087,0.12228261,0.20380435,0.14945652,0.032608696,0.16847826,0.25271739,0.24184783,0.13315217,0.26358696,0.20923913,0.125
gi|52841171,0,non-T6SE,328,0.2293578,0.25993884,0.24770642,0.27522936,0.17737003,0.22324159,0.19266055,0.3088685,0.21100917,0.26299694,0.15902141,0.24159021,0.20183486,0.03058104,0.14067278,0.27522936,0.20489297,0.17431193,0.37920489,0.19266055,0.11009174
gi|52841173,0,non-T6SE,121,0.11666667,0.15833333,0.31666667,0.25833333,0.19166667,0.15,0.28333333,0.19166667,0.1,0.23333333,0.16666667,0.175,0.083333333,0.016666667,0.10833333,0.26666667,0.21666667,0.21666667,0.20833333,0.225,0.066666667
gi|52841177,0,non-T6SE,311,0.2,0.2483871,0.19354839,0.26774194,0.19677419,0.23870968,0.17741935,0.27741935,0.18387097,0.2483871,0.15806452,0.27741935,0.22903226,0.048387097,0.15806452,0.26129032,0.23548387,0.16451613,0.30645161,0.16451613,0.14193548
gi|52841181,0,non-T6SE,268,0.19475655,0.25842697,0.21722846,0.25842697,0.1423221,0.21348315,0.17977528,0.30337079,0.18726592,0.2659176,0.11985019,0.23595506,0.16479401,0.04494382,0.20599251,0.24344569,0.19475655,0.11610487,0.32209738,0.17977528,0.13108614
gi|52841184,0,non-T6SE,224,0.10762332,0.076233184,0.37668161,0.33183857,0.15695067,0.22421525,0.37668161,0.094170404,0.089686099,0.32286996,0.14798206,0.23318386,0.058295964,0.013452915,0.035874439,0.24663677,0.19730942,0.19282511,0.094170404,0.35426009,0.089686099
gi|52841187,0,non-T6SE,292,0.1580756,0.2233677,0.28865979,0.28865979,0.17869416,0.18900344,0.28178694,0.25085911,0.13058419,0.28865979,0.1580756,0.20962199,0.1580756,0.034364261,0.15463918,0.24054983,0.22680412,0.19931271,0.28522337,0.2371134,0.096219931
gi|52841196,0,non-T6SE,457,0.15131579,0.12938596,0.34868421,0.32236842,0.18640351,0.1754386,0.33991228,0.16447368,0.13377193,0.30921053,0.16008772,0.20175439,0.12719298,0.026315789,0.087719298,0.29166667,0.19078947,0.15570175,0.1754386,0.25657895,0.10526316
gi|52841197,0,non-T6SE,1148,0.20139494,0.23452485,0.22667829,0.28683522,0.19442023,0.17349608,0.22667829,0.27201395,0.18657367,0.27375763,0.1673932,0.2005231,0.1586748,0.026155187,0.19529207,0.25457716,0.23626853,0.13862249,0.31299041,0.18570183,0.12292938
gi|52841205,0,non-T6SE,487,0.1255144,0.12345679,0.36419753,0.31687243,0.16872428,0.18312757,0.34979424,0.15020576,0.11522634,0.29835391,0.14609053,0.20576132,0.11522634,0.012345679,0.074074074,0.25514403,0.18930041,0.19753086,0.16872428,0.28806584,0.080246914
gi|52841263,0,non-T6SE,1071,0.16728972,0.18971963,0.28971963,0.3317757,0.14392523,0.18785047,0.28411215,0.21401869,0.15420561,0.30373832,0.1271028,0.2046729,0.1364486,0.026168224,0.13084112,0.26635514,0.21495327,0.17570093,0.24859813,0.2317757,0.10841121
gi|52841304,0,non-T6SE,393,0.23469388,0.23214286,0.24489796,0.29591837,0.18622449,0.24489796,0.23469388,0.27295918,0.20408163,0.26530612,0.15561224,0.2755102,0.23979592,0.045918367,0.15561224,0.25255102,0.26530612,0.14030612,0.27806122,0.20663265,0.18877551
gi|52841318,0,non-T6SE,343,0.21637427,0.25438596,0.19883041,0.24853801,0.18421053,0.25730994,0.16666667,0.28070175,0.19590643,0.2251462,0.15497076,0.28654971,0.20467836,0.052631579,0.19298246,0.23684211,0.24561404,0.13157895,0.30994152,0.15789474,0.16081871
gi|52841321,0,non-T6SE,535,0.12172285,0.14794007,0.37265918,0.30149813,0.18539326,0.17977528,0.35393258,0.16666667,0.11048689,0.30524345,0.15917603,0.20599251,0.12359551,0.014981273,0.052434457,0.31835206,0.20037453,0.1741573,0.18539326,0.29213483,0.084269663
gi|52841327,0,non-T6SE,904,0.19158361,0.17829457,0.27796235,0.31782946,0.16057586,0.16500554,0.27021041,0.19490587,0.18161683,0.30232558,0.14728682,0.17829457,0.14285714,0.027685493,0.15836102,0.26356589,0.21594684,0.14507198,0.26245847,0.23255814,0.10741971
gi|52841365,0,non-T6SE,388,0.21705426,0.28165375,0.2118863,0.24289406,0.19121447,0.24806202,0.19638243,0.35400517,0.16020672,0.25581395,0.17312661,0.26614987,0.18087855,0.023255814,0.17312661,0.2377261,0.2377261,0.2118863,0.33333333,0.17829457,0.16537468
gi|52841384,0,non-T6SE,359,0.21787709,0.18994413,0.22905028,0.24301676,0.20111732,0.18156425,0.21787709,0.22346369,0.19553073,0.24022346,0.16201117,0.22067039,0.17877095,0.033519553,0.16759777,0.24301676,0.20670391,0.1452514,0.29608939,0.20391061,0.11173184
gi|52841398,0,non-T6SE,384,0.22454308,0.22976501,0.22454308,0.29503916,0.19582245,0.18015666,0.22976501,0.27154047,0.20887728,0.27154047,0.17232376,0.20365535,0.15143603,0.015665796,0.19321149,0.23237598,0.24020888,0.18798956,0.30287206,0.21671018,0.15143603
gi|52841406,0,non-T6SE,495,0.3097166,0.13360324,0.27327935,0.34412955,0.14574899,0.17206478,0.19635628,0.18218623,0.2611336,0.34008097,0.1417004,0.17611336,0.15991903,0.034412955,0.17611336,0.20242915,0.26720648,0.10526316,0.33805668,0.1437247,0.10526316
gi|52841407,0,non-T6SE,528,0.16129032,0.21062619,0.25237192,0.26565465,0.15559772,0.20303605,0.22390892,0.23149905,0.14041746,0.23719165,0.14611006,0.21252372,0.15939279,0.018975332,0.12144213,0.23149905,0.22201139,0.13851992,0.24098672,0.22390892,0.13092979
gi|52841410,0,non-T6SE,482,0.22869023,0.18918919,0.22037422,0.28690229,0.17463617,0.2016632,0.22869023,0.23076923,0.1995842,0.26403326,0.15592516,0.22037422,0.16839917,0.031185031,0.12681913,0.22661123,0.23700624,0.12266112,0.26403326,0.21413721,0.15384615
gi|52841412,0,non-T6SE,204,0.20689655,0.22660099,0.29064039,0.34975369,0.1773399,0.17241379,0.26600985,0.26108374,0.20197044,0.31527094,0.15270936,0.19704433,0.14285714,0.0049261084,0.19211823,0.24137931,0.24630542,0.20197044,0.29064039,0.29064039,0.14285714
gi|52841413,0,non-T6SE,402,0.19950125,0.20698254,0.26433915,0.31421446,0.17705736,0.15461347,0.26184539,0.23441397,0.17705736,0.2967581,0.15461347,0.17705736,0.16957606,0.029925187,0.18204489,0.24688279,0.25436409,0.14214464,0.28927681,0.21945137,0.11720698
gi|52841414,0,non-T6SE,155,0.16883117,0.21428571,0.2987013,0.35714286,0.16233766,0.12987013,0.29220779,0.24675325,0.16233766,0.34415584,0.14935065,0.14285714,0.16233766,0.019480519,0.2012987,0.24675325,0.19480519,0.20779221,0.27922078,0.18831169,0.1038961
gi|52841416,0,non-T6SE,274,0.21978022,0.1978022,0.25641026,0.28937729,0.17948718,0.17948718,0.24908425,0.22710623,0.20512821,0.2967033,0.15018315,0.20879121,0.16117216,0.036630037,0.16849817,0.22710623,0.2014652,0.21611722,0.24908425,0.22344322,0.16849817
gi|52841419,0,non-T6SE,260,0.24710425,0.15444015,0.22007722,0.22393822,0.22779923,0.2007722,0.2046332,0.21621622,0.2007722,0.24324324,0.18532819,0.24324324,0.19305019,0.023166023,0.10810811,0.3011583,0.18918919,0.12355212,0.22393822,0.21621622,0.17760618
gi|52841420,0,non-T6SE,314,0.18210863,0.25239617,0.21405751,0.28434505,0.13738019,0.22364217,0.20766773,0.28434505,0.16932907,0.27795527,0.11182109,0.24920128,0.15335463,0.031948882,0.19169329,0.25239617,0.21086262,0.11501597,0.32268371,0.23003195,0.11182109
gi|52841423,0,non-T6SE,390,0.25192802,0.15938303,0.25192802,0.29305913,0.1748072,0.19280206,0.21336761,0.22879177,0.21336761,0.29048843,0.13624679,0.23136247,0.17737789,0.01285347,0.16195373,0.26992288,0.25192802,0.11825193,0.2622108,0.22879177,0.14910026
gi|52841426,0,non-T6SE,207,0.22330097,0.18446602,0.22815534,0.31553398,0.15533981,0.1407767,0.21359223,0.22815534,0.20873786,0.32038835,0.13106796,0.16504854,0.11165049,0.024271845,0.18932039,0.22815534,0.25242718,0.12621359,0.27669903,0.19902913,0.13106796
gi|52841427,0,non-T6SE,255,0.17716535,0.2480315,0.20866142,0.27165354,0.14566929,0.18897638,0.18503937,0.29527559,0.14566929,0.24015748,0.12992126,0.20472441,0.15354331,0.027559055,0.18503937,0.25984252,0.24409449,0.17322835,0.29133858,0.20866142,0.13385827
gi|52841430,0,non-T6SE,352,0.18518519,0.2022792,0.26495726,0.30769231,0.21082621,0.16239316,0.25356125,0.23076923,0.18518519,0.28205128,0.17378917,0.1994302,0.12820513,0.031339031,0.1965812,0.25925926,0.21367521,0.2022792,0.25925926,0.22222222,0.12820513
gi|52841432,0,non-T6SE,431,0.23023256,0.20465116,0.24418605,0.34651163,0.1255814,0.16511628,0.23488372,0.22325581,0.21627907,0.3372093,0.11162791,0.17906977,0.11860465,0.01627907,0.19069767,0.2627907,0.24651163,0.14651163,0.29767442,0.21860465,0.1372093
gi|52841433,0,non-T6SE,312,0.18649518,0.23472669,0.24437299,0.32797428,0.10289389,0.19614148,0.22829582,0.27009646,0.17041801,0.33440514,0.077170418,0.22186495,0.16720257,0.025723473,0.17684887,0.24758842,0.21543408,0.14469453,0.30868167,0.21864952,0.11254019
gi|52841435,0,non-T6SE,378,0.14058355,0.11405836,0.34482759,0.29973475,0.19893899,0.16180371,0.34482759,0.14323607,0.11671088,0.27586207,0.16976127,0.19098143,0.10875332,0.013262599,0.092838196,0.27320955,0.16445623,0.20159151,0.16445623,0.24403183,0.090185676
gi|52841443,0,non-T6SE,223,0.13963964,0.13063063,0.35585586,0.31981982,0.16666667,0.22522523,0.34684685,0.15765766,0.13063063,0.32882883,0.13963964,0.25225225,0.14414414,0.009009009,0.054054054,0.27927928,0.2027027,0.15765766,0.15315315,0.25675676,0.11711712
gi|52841449,0,non-T6SE,140,0.30935252,0.23021583,0.17985612,0.27338129,0.15827338,0.17985612,0.17266187,0.28057554,0.25899281,0.27338129,0.14388489,0.1942446,0.1294964,0.014388489,0.20863309,0.1942446,0.28057554,0.15107914,0.33093525,0.17266187,0.20863309
gi|52841450,0,non-T6SE,225,0.25892857,0.21428571,0.25,0.43303571,0.10267857,0.125,0.25446429,0.21875,0.25446429,0.41517857,0.10267857,0.125,0.11607143,0,0.15178571,0.17410714,0.29464286,0.16964286,0.31696429,0.22321429,0.15625
gi|52841451,0,non-T6SE,437,0.25688073,0.19036697,0.22018349,0.34633028,0.11697248,0.11238532,0.21559633,0.2087156,0.24770642,0.34633028,0.11238532,0.11697248,0.082568807,0.002293578,0.12614679,0.16972477,0.26605505,0.21559633,0.30275229,0.24770642,0.14449541
gi|52841454,0,non-T6SE,230,0.24454148,0.17467249,0.2139738,0.34061135,0.15283843,0.20960699,0.23144105,0.18340611,0.24454148,0.36681223,0.11790393,0.24454148,0.18340611,0.017467249,0.15720524,0.21834061,0.2489083,0.19650655,0.29257642,0.22270742,0.12663755
gi|52841455,0,non-T6SE,394,0.21882952,0.17811705,0.24936387,0.31043257,0.15267176,0.11450382,0.24681934,0.20101781,0.20610687,0.30534351,0.14249364,0.12468193,0.1475827,0.015267176,0.11195929,0.21882952,0.22137405,0.20610687,0.26208651,0.27989822,0.13486005
gi|52841457,0,non-T6SE,649,0.24691358,0.20833333,0.20679012,0.32407407,0.15123457,0.13888889,0.22376543,0.24074074,0.20833333,0.33333333,0.14814815,0.14197531,0.12191358,0.018518519,0.16358025,0.20216049,0.23611111,0.22993827,0.28703704,0.20987654,0.16820988
gi|52841467,0,non-T6SE,142,0.23404255,0.25531915,0.14893617,0.19858156,0.19858156,0.34751773,0.09929078,0.31914894,0.22695035,0.15602837,0.15602837,0.39007092,0.30496454,0.021276596,0.14184397,0.26241135,0.33333333,0.10638298,0.29787234,0.15602837,0.19148936
gi|52841511,0,non-T6SE,574,0.21640489,0.17277487,0.26527051,0.31064572,0.18499127,0.15881326,0.2478185,0.20418848,0.18848168,0.29144852,0.15183246,0.19197208,0.14659686,0.02443281,0.18324607,0.2408377,0.2617801,0.17801047,0.2390925,0.21465969,0.15008726
gi|52841515,0,non-T6SE,359,0.2150838,0.27094972,0.22067039,0.32122905,0.15363128,0.20949721,0.20111732,0.29050279,0.20111732,0.30167598,0.1452514,0.21787709,0.20111732,0.044692737,0.24022346,0.26815642,0.25977654,0.10893855,0.32960894,0.17039106,0.15642458
gi|52841517,0,non-T6SE,247,0.24796748,0.23577236,0.20731707,0.35365854,0.16666667,0.1300813,0.21544715,0.25203252,0.25609756,0.34146341,0.16260163,0.13414634,0.15853659,0.020325203,0.24796748,0.26829268,0.2804878,0.1300813,0.33739837,0.18292683,0.14634146
gi|52841518,0,non-T6SE,174,0.21387283,0.19075145,0.20231214,0.26011561,0.20231214,0.16184971,0.20809249,0.23121387,0.21965318,0.25433526,0.19653179,0.16763006,0.1849711,0.034682081,0.1734104,0.21965318,0.21965318,0.12716763,0.24277457,0.17919075,0.16184971
gi|52841522,0,non-T6SE,471,0.19361702,0.23404255,0.21914894,0.30212766,0.12765957,0.21276596,0.19787234,0.26808511,0.17234043,0.28297872,0.10851064,0.23191489,0.18723404,0.031914894,0.1893617,0.24255319,0.22978723,0.11914894,0.29574468,0.17659574,0.13191489
gi|52841524,0,non-T6SE,181,0.11666667,0.18888889,0.30555556,0.18888889,0.15555556,0.26111111,0.25,0.24444444,0.083333333,0.17777778,0.13333333,0.28333333,0.15,0.016666667,0.061111111,0.35555556,0.12222222,0.15555556,0.18333333,0.26111111,0.12222222
gi|52841525,0,non-T6SE,479,0.20502092,0.23430962,0.21129707,0.25104603,0.14435146,0.21338912,0.20711297,0.26778243,0.17991632,0.22803347,0.10878661,0.24895397,0.20711297,0.014644351,0.11506276,0.22803347,0.23849372,0.16527197,0.28870293,0.20711297,0.15062762
gi|52841526,0,non-T6SE,254,0.17786561,0.21343874,0.256917,0.27272727,0.16205534,0.2173913,0.23320158,0.2687747,0.18577075,0.27667984,0.13438735,0.24505929,0.13833992,0.015810277,0.15019763,0.26482213,0.18577075,0.20158103,0.24901186,0.24901186,0.14229249
gi|52841527,0,non-T6SE,287,0.18531469,0.1993007,0.23426573,0.22027972,0.1993007,0.25174825,0.21678322,0.25874126,0.16083916,0.1993007,0.15734266,0.29370629,0.15734266,0.045454545,0.14335664,0.25874126,0.20979021,0.16783217,0.22727273,0.23776224,0.15734266
gi|52841528,0,non-T6SE,284,0.17667845,0.22261484,0.25441696,0.26501767,0.14487633,0.16961131,0.22614841,0.26501767,0.15547703,0.26855124,0.10600707,0.20848057,0.1590106,0.03180212,0.19081272,0.2155477,0.2155477,0.1590106,0.28975265,0.19787986,0.10954064
gi|52841533,0,non-T6SE,262,0.22988506,0.1954023,0.23754789,0.27969349,0.1954023,0.18773946,0.20689655,0.27203065,0.19923372,0.2605364,0.16858238,0.21455939,0.15708812,0.038314176,0.1302682,0.29501916,0.23371648,0.15708812,0.26819923,0.19923372,0.15708812
gi|52841536,0,non-T6SE,272,0.22878229,0.19188192,0.25830258,0.29151292,0.15867159,0.20664207,0.24354244,0.22140221,0.21402214,0.27675277,0.13653137,0.22878229,0.13653137,0.018450185,0.20295203,0.19188192,0.19557196,0.18819188,0.28413284,0.25092251,0.13653137
gi|52841537,0,non-T6SE,551,0.24363636,0.23636364,0.20909091,0.25818182,0.22727273,0.20727273,0.18545455,0.28181818,0.22363636,0.21636364,0.18545455,0.24909091,0.19454545,0.027272727,0.21272727,0.24545455,0.22181818,0.13272727,0.30363636,0.19818182,0.17636364
gi|52841550,0,non-T6SE,494,0.21095335,0.24543611,0.23123732,0.31440162,0.15212982,0.21095335,0.20892495,0.28397566,0.19675456,0.31034483,0.13184584,0.23123732,0.17647059,0.018255578,0.20892495,0.27180527,0.25760649,0.14604462,0.31237323,0.19878296,0.14401623
gi|52841551,0,non-T6SE,791,0.23291139,0.20126582,0.20506329,0.32025316,0.13544304,0.17594937,0.18860759,0.2278481,0.21898734,0.31518987,0.11518987,0.19620253,0.16708861,0.029113924,0.13291139,0.22278481,0.23291139,0.19240506,0.28227848,0.22151899,0.15189873
gi|52841562,0,non-T6SE,241,0.21666667,0.19583333,0.25,0.30416667,0.1625,0.20833333,0.22916667,0.23333333,0.2125,0.25833333,0.13333333,0.2375,0.17916667,0.0125,0.18333333,0.2875,0.27083333,0.15416667,0.2625,0.22083333,0.15
gi|52841563,0,non-T6SE,321,0.196875,0.2125,0.253125,0.253125,0.184375,0.196875,0.209375,0.275,0.178125,0.221875,0.128125,0.253125,0.175,0.028125,0.134375,0.21875,0.25,0.19375,0.25,0.23125,0.159375
gi|52841568,0,non-T6SE,541,0.21111111,0.21666667,0.26296296,0.36111111,0.11666667,0.13148148,0.26851852,0.24074074,0.18333333,0.37592593,0.11666667,0.13148148,0.14074074,0.012962963,0.15740741,0.21851852,0.24444444,0.18888889,0.27592593,0.25740741,0.15185185
gi|52841570,0,non-T6SE,475,0.23839662,0.17299578,0.2721519,0.41350211,0.092827004,0.088607595,0.28059072,0.17721519,0.23417722,0.4092827,0.092827004,0.088607595,0.094936709,0.012658228,0.12236287,0.19198312,0.27637131,0.20886076,0.27637131,0.25949367,0.1350211
gi|52841571,0,non-T6SE,294,0.221843,0.18430034,0.23549488,0.27645051,0.18771331,0.20477816,0.22525597,0.20136519,0.2116041,0.24914676,0.16723549,0.22525597,0.18771331,0.030716724,0.16382253,0.24573379,0.22525597,0.15017065,0.2559727,0.221843,0.15017065
gi|52841572,0,non-T6SE,428,0.18501171,0.23887588,0.25058548,0.25058548,0.19437939,0.20608899,0.21779859,0.2763466,0.15690867,0.25058548,0.15690867,0.24355972,0.15690867,0.025761124,0.18032787,0.22716628,0.22716628,0.15690867,0.29976581,0.23887588,0.12412178
gi|52841574,0,non-T6SE,177,0.13636364,0.15909091,0.33522727,0.32386364,0.18181818,0.23295455,0.34659091,0.18181818,0.125,0.30113636,0.17045455,0.24431818,0.13068182,0.017045455,0.10795455,0.32386364,0.18181818,0.19886364,0.18181818,0.19318182,0.11363636
gi|52841575,0,non-T6SE,211,0.1952381,0.21904762,0.22380952,0.21904762,0.18095238,0.24285714,0.2047619,0.28571429,0.14761905,0.20952381,0.15238095,0.27142857,0.16190476,0.038095238,0.16190476,0.24285714,0.21428571,0.1952381,0.24285714,0.1952381,0.17142857
gi|52841579,0,non-T6SE,511,0.16470588,0.13921569,0.32156863,0.31764706,0.16862745,0.18823529,0.30588235,0.18235294,0.13333333,0.29019608,0.12941176,0.22745098,0.10196078,0.01372549,0.096078431,0.22745098,0.23529412,0.21960784,0.1745098,0.27647059,0.12941176
gi|52841582,0,non-T6SE,789,0.23096447,0.20431472,0.24873096,0.30837563,0.16878173,0.19035533,0.21319797,0.25761421,0.21319797,0.30837563,0.14340102,0.21573604,0.16370558,0.026649746,0.18147208,0.24873096,0.24238579,0.15228426,0.29314721,0.20939086,0.14213198
gi|52841592,0,non-T6SE,140,0.24460432,0.17266187,0.20863309,0.30215827,0.1942446,0.20143885,0.20143885,0.1942446,0.22302158,0.30215827,0.15107914,0.24460432,0.16546763,0.021582734,0.16546763,0.1942446,0.25899281,0.22302158,0.27338129,0.20143885,0.14388489
gi|52841596,0,non-T6SE,257,0.21484375,0.26171875,0.203125,0.2734375,0.15625,0.25,0.20703125,0.3125,0.17578125,0.25390625,0.13671875,0.26953125,0.1796875,0.03125,0.15625,0.234375,0.2734375,0.1484375,0.3046875,0.1953125,0.171875
gi|52841605,0,non-T6SE,626,0.232,0.1904,0.2528,0.2896,0.1824,0.1904,0.2384,0.2528,0.1984,0.2784,0.1504,0.2224,0.2,0.0208,0.1392,0.2464,0.216,0.208,0.2608,0.2352,0.1616
gi|52841606,0,non-T6SE,156,0.18709677,0.21935484,0.27741935,0.32258065,0.16774194,0.16774194,0.27096774,0.2516129,0.18064516,0.29677419,0.12903226,0.20645161,0.18709677,0.025806452,0.15483871,0.24516129,0.27096774,0.10322581,0.27741935,0.22580645,0.12903226
gi|52841614,0,non-T6SE,251,0.22,0.252,0.196,0.268,0.124,0.272,0.14,0.308,0.18,0.256,0.096,0.3,0.168,0.024,0.224,0.316,0.24,0.12,0.292,0.208,0.18
gi|52841622,0,non-T6SE,342,0.18475073,0.22580645,0.26099707,0.30791789,0.16129032,0.17595308,0.24046921,0.25219941,0.18181818,0.32258065,0.14662757,0.19061584,0.17595308,0.017595308,0.17008798,0.23167155,0.27859238,0.13782991,0.30205279,0.20527859,0.1085044
gi|52841624,0,non-T6SE,315,0.21656051,0.20382166,0.28025478,0.38535032,0.12420382,0.17197452,0.26433121,0.25159236,0.19426752,0.35350318,0.11146497,0.18471338,0.098726115,0.022292994,0.16878981,0.25796178,0.26751592,0.14649682,0.30573248,0.25159236,0.11464968
gi|52841628,0,non-T6SE,332,0.24471299,0.16012085,0.19335347,0.2265861,0.16616314,0.2326284,0.18731118,0.23564955,0.17522659,0.2326284,0.14199396,0.25679758,0.1570997,0.024169184,0.12688822,0.25679758,0.21148036,0.14501511,0.2326284,0.18429003,0.17220544
gi|52841629,0,non-T6SE,212,0.23222749,0.28909953,0.1563981,0.23222749,0.1563981,0.18009479,0.14218009,0.32227488,0.19905213,0.20853081,0.14218009,0.1943128,0.19905213,0.018957346,0.22748815,0.29383886,0.28436019,0.11374408,0.3507109,0.1563981,0.17061611
gi|52841632,0,non-T6SE,270,0.23048327,0.20817844,0.26394052,0.36431227,0.16728625,0.18587361,0.22304833,0.27137546,0.20446097,0.33085502,0.11895911,0.23420074,0.12639405,0.029739777,0.19330855,0.23791822,0.19702602,0.20074349,0.2936803,0.20074349,0.14498141
gi|52841633,0,non-T6SE,366,0.19726027,0.16986301,0.3260274,0.33150685,0.18356164,0.16164384,0.29041096,0.21369863,0.19178082,0.3369863,0.15616438,0.1890411,0.11506849,0.016438356,0.14794521,0.24109589,0.23835616,0.18356164,0.24931507,0.25479452,0.11780822
gi|52841635,0,non-T6SE,426,0.15058824,0.10823529,0.36,0.33882353,0.14823529,0.18352941,0.33647059,0.15058824,0.12235294,0.31294118,0.11294118,0.21882353,0.084705882,0.0047058824,0.070588235,0.31294118,0.22588235,0.13882353,0.16705882,0.27058824,0.091764706
gi|52841641,0,non-T6SE,236,0.20851064,0.20851064,0.18723404,0.25106383,0.11914894,0.22553191,0.14042553,0.27234043,0.1787234,0.25106383,0.10212766,0.24255319,0.16595745,0.046808511,0.18297872,0.26808511,0.20425532,0.13617021,0.28085106,0.23829787,0.13617021
gi|52841643,0,non-T6SE,506,0.21980198,0.18415842,0.23762376,0.22970297,0.21386139,0.1980198,0.21386139,0.25940594,0.19009901,0.24356436,0.18415842,0.22772277,0.16435644,0.013861386,0.14851485,0.25346535,0.24554455,0.16237624,0.24554455,0.22574257,0.15841584
gi|52841644,0,non-T6SE,491,0.21836735,0.17346939,0.24489796,0.30204082,0.19795918,0.16734694,0.23469388,0.19591837,0.20816327,0.29183673,0.17142857,0.19387755,0.13469388,0.040816327,0.15918367,0.25306122,0.22857143,0.1755102,0.24897959,0.23061224,0.14285714
gi|52841650,0,non-T6SE,231,0.2,0.22608696,0.2,0.28695652,0.13043478,0.17826087,0.17391304,0.25217391,0.2,0.26956522,0.11304348,0.19565217,0.16521739,0.026086957,0.17391304,0.23913043,0.23913043,0.12608696,0.32608696,0.22608696,0.1
gi|52841653,0,non-T6SE,389,0.21649485,0.21907216,0.25773196,0.25515464,0.18556701,0.23453608,0.18298969,0.28865979,0.19845361,0.24226804,0.14690722,0.27319588,0.18556701,0.041237113,0.19845361,0.22680412,0.27061856,0.1185567,0.29123711,0.21391753,0.1443299
gi|52841660,0,non-T6SE,282,0.11743772,0.14590747,0.31672598,0.24199288,0.21352313,0.20284698,0.3024911,0.16725979,0.10320285,0.22064057,0.16370107,0.25266904,0.12811388,0.014234875,0.071174377,0.31316726,0.19572954,0.17437722,0.19572954,0.24911032,0.067615658
gi|52841664,0,non-T6SE,279,0.22302158,0.16546763,0.28417266,0.32374101,0.16906475,0.1942446,0.27697842,0.21582734,0.1942446,0.32014388,0.13669065,0.22661871,0.14748201,0.010791367,0.14748201,0.25899281,0.21223022,0.15827338,0.23741007,0.25179856,0.15107914
gi|52841667,0,non-T6SE,464,0.22030238,0.20086393,0.2462203,0.30669546,0.16846652,0.17710583,0.22462203,0.23542117,0.20302376,0.30021598,0.15766739,0.18790497,0.19222462,0.030237581,0.17278618,0.25485961,0.25917927,0.13822894,0.27645788,0.18574514,0.14470842
gi|52841672,0,non-T6SE,282,0.22419929,0.20996441,0.25266904,0.25978648,0.21708185,0.18505338,0.22064057,0.28469751,0.21352313,0.24199288,0.19217082,0.20996441,0.17793594,0.028469751,0.18505338,0.28113879,0.25978648,0.15302491,0.28825623,0.22775801,0.14590747
gi|52841673,0,non-T6SE,221,0.23636364,0.18636364,0.23636364,0.34090909,0.17727273,0.15909091,0.25454545,0.20454545,0.22727273,0.31363636,0.14090909,0.19545455,0.14545455,0.022727273,0.20454545,0.18181818,0.24545455,0.13636364,0.27272727,0.23636364,0.15
gi|52841677,0,non-T6SE,248,0.26720648,0.25910931,0.19838057,0.27935223,0.17004049,0.2388664,0.18218623,0.29959514,0.25101215,0.26720648,0.13360324,0.27530364,0.24696356,0.036437247,0.17408907,0.24696356,0.31578947,0.10121457,0.36032389,0.18218623,0.1659919
gi|52841686,0,non-T6SE,444,0.21896163,0.26862302,0.20316027,0.26410835,0.18058691,0.21444695,0.18510158,0.31376975,0.21444695,0.25282167,0.14221219,0.25282167,0.18510158,0.018058691,0.18961625,0.28216704,0.23927765,0.15575621,0.31828442,0.19413093,0.16930023
gi|52841687,0,non-T6SE,734,0.21282401,0.25648022,0.22100955,0.26739427,0.17189632,0.21145975,0.18281037,0.3165075,0.19645293,0.25511596,0.1568895,0.22646658,0.19236016,0.031377899,0.21145975,0.27148704,0.23328786,0.12414734,0.32878581,0.21282401,0.14051842
gi|52841689,0,non-T6SE,397,0.20454545,0.21464646,0.26515152,0.25252525,0.22727273,0.18434343,0.26767677,0.26262626,0.18181818,0.27272727,0.18686869,0.22474747,0.18181818,0.02020202,0.17171717,0.25,0.21212121,0.18686869,0.29545455,0.19191919,0.12373737
gi|52841691,0,non-T6SE,579,0.21107266,0.24913495,0.25778547,0.34429066,0.14878893,0.17128028,0.23702422,0.27681661,0.18685121,0.30795848,0.13321799,0.18685121,0.16089965,0.022491349,0.20588235,0.22145329,0.26989619,0.15224913,0.31141869,0.19204152,0.14878893
gi|52841697,0,non-T6SE,207,0.17961165,0.22330097,0.19902913,0.26699029,0.13106796,0.21359223,0.17475728,0.25728155,0.16504854,0.25242718,0.097087379,0.24757282,0.16990291,0.04368932,0.16990291,0.22815534,0.19902913,0.15048544,0.2815534,0.17475728,0.12135922
gi|52841699,0,non-T6SE,532,0.18079096,0.21468927,0.26365348,0.29190207,0.1299435,0.21845574,0.24482109,0.25988701,0.14312618,0.2787194,0.10922787,0.23917137,0.14312618,0.030131827,0.15819209,0.26741996,0.20150659,0.19397363,0.25423729,0.21468927,0.14124294
gi|52841701,0,non-T6SE,460,0.18954248,0.19172113,0.26797386,0.28976035,0.20697168,0.19607843,0.24400871,0.22875817,0.20043573,0.2745098,0.17864924,0.22440087,0.15686275,0.026143791,0.1546841,0.26579521,0.24400871,0.18300654,0.26361656,0.24618736,0.11764706
gi|52841704,0,non-T6SE,239,0.14285714,0.27310924,0.29411765,0.24789916,0.22268908,0.22268908,0.26470588,0.31932773,0.1302521,0.24369748,0.17647059,0.26890756,0.15546218,0.025210084,0.15966387,0.25630252,0.23109244,0.22268908,0.28151261,0.21428571,0.13445378
gi|52841705,0,non-T6SE,212,0.18957346,0.25592417,0.22748815,0.29383886,0.12322275,0.18483412,0.20853081,0.30331754,0.15165877,0.23222749,0.090047393,0.21800948,0.14691943,0.0047393365,0.20379147,0.20853081,0.2464455,0.21800948,0.29383886,0.22274882,0.15165877
gi|52841709,0,non-T6SE,982,0.17227319,0.21610601,0.2579001,0.26911315,0.15086646,0.23547401,0.23853211,0.25586137,0.14271152,0.24566769,0.13557594,0.25076453,0.16921509,0.026503568,0.13761468,0.31294597,0.19877676,0.14780836,0.25891947,0.21610601,0.12945973
gi|52841710,0,non-T6SE,223,0.26126126,0.18018018,0.3018018,0.34234234,0.19369369,0.18018018,0.27927928,0.2027027,0.23873874,0.2972973,0.13963964,0.23423423,0.18468468,0.013513514,0.18468468,0.18468468,0.27027027,0.19369369,0.28828829,0.22522523,0.15315315
gi|52841716,0,non-T6SE,173,0.1744186,0.26162791,0.15116279,0.22093023,0.13953488,0.25,0.13372093,0.31395349,0.14534884,0.18604651,0.093023256,0.29651163,0.20348837,0.052325581,0.1744186,0.26744186,0.20930233,0.1744186,0.26162791,0.12209302,0.1744186
gi|52841727,0,non-T6SE,900,0.2080089,0.23470523,0.22246941,0.29143493,0.17575083,0.19354839,0.2080089,0.27808676,0.18798665,0.2647386,0.15795328,0.21134594,0.16240267,0.0378198,0.21802002,0.2458287,0.25027809,0.14349277,0.29365962,0.19799778,0.14905451
gi|52841732,0,non-T6SE,479,0.21757322,0.19037657,0.26359833,0.33472803,0.18410042,0.14644351,0.25313808,0.20502092,0.21966527,0.30125523,0.14644351,0.18410042,0.16108787,0.029288703,0.19665272,0.24895397,0.21966527,0.16945607,0.29288703,0.18410042,0.11506276
gi|52841739,0,non-T6SE,430,0.24475524,0.17948718,0.23776224,0.28671329,0.17715618,0.17482517,0.21445221,0.21212121,0.22610723,0.28205128,0.15850816,0.19347319,0.17948718,0.025641026,0.15151515,0.23776224,0.23076923,0.13986014,0.25641026,0.22377622,0.16783217
gi|52841742,0,non-T6SE,678,0.1506647,0.14918759,0.31314623,0.28064993,0.14475628,0.19793205,0.27917282,0.19202363,0.1225997,0.26292467,0.11816839,0.22451994,0.13589365,0.010339734,0.093057607,0.28064993,0.20974889,0.15657312,0.17282127,0.28212703,0.12703102
gi|52841753,0,non-T6SE,406,0.17777778,0.18765432,0.2962963,0.32345679,0.1654321,0.18765432,0.27654321,0.20246914,0.16790123,0.28395062,0.15061728,0.20246914,0.15308642,0.02962963,0.14814815,0.28148148,0.2345679,0.12098765,0.2617284,0.24444444,0.1037037
gi|52841754,0,non-T6SE,289,0.10069444,0.16319444,0.38541667,0.26736111,0.18402778,0.19791667,0.33333333,0.19444444,0.090277778,0.23611111,0.13888889,0.24305556,0.097222222,0.013888889,0.083333333,0.31597222,0.19097222,0.19097222,0.20138889,0.29861111,0.0625
gi|52841758,0,non-T6SE,271,0.23333333,0.21111111,0.23333333,0.2962963,0.21481481,0.16666667,0.25555556,0.24074074,0.21851852,0.27777778,0.17407407,0.20740741,0.1962963,0.018518519,0.18888889,0.29259259,0.17037037,0.2,0.28518519,0.18518519,0.15925926
gi|52841759,0,non-T6SE,490,0.22494888,0.21063395,0.23312883,0.26175869,0.19631902,0.20245399,0.22290389,0.26175869,0.19018405,0.25357873,0.17177914,0.22699387,0.16359918,0.024539877,0.20449898,0.2801636,0.2208589,0.16973415,0.26584867,0.20449898,0.16973415
gi|52841762,0,non-T6SE,666,0.18796992,0.18496241,0.25864662,0.29774436,0.14887218,0.18646617,0.24210526,0.22556391,0.16541353,0.29473684,0.12030075,0.21503759,0.12330827,0.030075188,0.1443609,0.22105263,0.22556391,0.18195489,0.2556391,0.23458647,0.11729323
gi|52841763,0,non-T6SE,538,0.1396648,0.11545624,0.30353818,0.2849162,0.17318436,0.20484171,0.30912477,0.1396648,0.11918063,0.26070764,0.16014898,0.21787709,0.089385475,0.018621974,0.03538175,0.26070764,0.20856611,0.20111732,0.16014898,0.24953445,0.094972067
gi|52841767,0,non-T6SE,243,0.10330579,0.16528926,0.34297521,0.31404959,0.14876033,0.19421488,0.31818182,0.18181818,0.10330579,0.28099174,0.1322314,0.2107438,0.12396694,0.024793388,0.13636364,0.33057851,0.2231405,0.14876033,0.17768595,0.26859504,0.090909091
gi|52841768,0,non-T6SE,436,0.2045977,0.22528736,0.2183908,0.23908046,0.19770115,0.21149425,0.2045977,0.26666667,0.1954023,0.23218391,0.16321839,0.24597701,0.20229885,0.025287356,0.15402299,0.26436782,0.22298851,0.16321839,0.29195402,0.2137931,0.13793103
gi|52841769,0,non-T6SE,141,0.13571429,0.30714286,0.18571429,0.2,0.16428571,0.27142857,0.15714286,0.33571429,0.12142857,0.12857143,0.10714286,0.32857143,0.27857143,0.021428571,0.12142857,0.29285714,0.18571429,0.15714286,0.31428571,0.17142857,0.12857143
gi|52841771,0,non-T6SE,462,0.21475054,0.19956616,0.23210412,0.28416486,0.18438178,0.18872017,0.21258134,0.23644252,0.21258134,0.26681128,0.1670282,0.20607375,0.19956616,0.028199566,0.1626898,0.24511931,0.26247289,0.18004338,0.27114967,0.18438178,0.14316703
gi|52841772,0,non-T6SE,387,0.22020725,0.17875648,0.23834197,0.28497409,0.1373057,0.16580311,0.22279793,0.19430052,0.20984456,0.31606218,0.12694301,0.1761658,0.15284974,0.018134715,0.12694301,0.24093264,0.24352332,0.17875648,0.2746114,0.25388601,0.12435233
gi|52841777,0,non-T6SE,386,0.20519481,0.23636364,0.23896104,0.3012987,0.16883117,0.2025974,0.23116883,0.27012987,0.18181818,0.26233766,0.14545455,0.22597403,0.17662338,0.036363636,0.15064935,0.22337662,0.25974026,0.18701299,0.28311688,0.20779221,0.15844156
gi|52841778,0,non-T6SE,158,0.26751592,0.19745223,0.22929936,0.29299363,0.1910828,0.1656051,0.19745223,0.22929936,0.24840764,0.2866242,0.15923567,0.19745223,0.17834395,0.044585987,0.23566879,0.26751592,0.22929936,0.12738854,0.33121019,0.24203822,0.13375796
gi|52841783,0,non-T6SE,236,0.24255319,0.23404255,0.25106383,0.34468085,0.15744681,0.15319149,0.21702128,0.25957447,0.23404255,0.2893617,0.14468085,0.16595745,0.13191489,0.012765957,0.2,0.26382979,0.26382979,0.16170213,0.36170213,0.23829787,0.11489362
gi|52841787,0,non-T6SE,440,0.21867882,0.21640091,0.22779043,0.25968109,0.23234624,0.2095672,0.2118451,0.27790433,0.17539863,0.23690205,0.19589977,0.24601367,0.18223235,0.034168565,0.18906606,0.25740319,0.22095672,0.2118451,0.27107062,0.21640091,0.16400911
gi|52841797,0,non-T6SE,263,0.20229008,0.21755725,0.24045802,0.27099237,0.17175573,0.15267176,0.22900763,0.2519084,0.19083969,0.28244275,0.10687023,0.21755725,0.1259542,0.011450382,0.16412214,0.26717557,0.20610687,0.19083969,0.29389313,0.19847328,0.1259542
gi|52841798,0,non-T6SE,495,0.19230769,0.1902834,0.27732794,0.29757085,0.17611336,0.17813765,0.25910931,0.23684211,0.17813765,0.28947368,0.13967611,0.2145749,0.15587045,0.022267206,0.15789474,0.24089069,0.23684211,0.18016194,0.25910931,0.23076923,0.12348178
gi|52841801,0,non-T6SE,419,0.26794258,0.16746411,0.27033493,0.34449761,0.16028708,0.14832536,0.26315789,0.19856459,0.24162679,0.36363636,0.1507177,0.15789474,0.15311005,0.014354067,0.14354067,0.20334928,0.23923445,0.20334928,0.284689,0.27033493,0.1507177
gi|52841819,0,non-T6SE,149,0.20945946,0.22972973,0.20945946,0.23648649,0.14189189,0.22297297,0.16891892,0.28378378,0.20945946,0.21621622,0.13513514,0.22972973,0.14864865,0.047297297,0.22297297,0.24324324,0.22972973,0.12162162,0.36486486,0.2027027,0.074324324
gi|52841821,0,non-T6SE,75,0.25675676,0.24324324,0.17567568,0.22972973,0.22972973,0.14864865,0.16216216,0.28378378,0.21621622,0.22972973,0.17567568,0.2027027,0.2972973,0.013513514,0.14864865,0.25675676,0.17567568,0.17567568,0.32432432,0.21621622,0.17567568
gi|52841825,0,non-T6SE,244,0.24279835,0.18930041,0.27572016,0.33744856,0.1563786,0.18518519,0.26337449,0.22633745,0.21399177,0.3127572,0.12345679,0.218107,0.17695473,0.0041152263,0.13580247,0.21399177,0.23868313,0.23868313,0.27983539,0.23045267,0.15226337
gi|52841826,0,non-T6SE,672,0.19672131,0.20566319,0.2414307,0.26229508,0.20566319,0.18926975,0.23546945,0.2414307,0.18181818,0.25633383,0.18181818,0.21311475,0.18479881,0.047690015,0.15797317,0.25931446,0.2533532,0.1490313,0.28315946,0.19821162,0.11922504
gi|52841827,0,non-T6SE,439,0.20776256,0.1826484,0.26712329,0.29452055,0.18493151,0.15981735,0.25799087,0.20547945,0.19863014,0.3196347,0.15068493,0.19406393,0.16666667,0.025114155,0.14611872,0.20776256,0.27625571,0.12557078,0.25570776,0.21004566,0.1347032
gi|52841835,0,non-T6SE,775,0.1873385,0.23385013,0.24031008,0.24935401,0.17571059,0.24935401,0.22222222,0.28036176,0.17700258,0.23385013,0.14728682,0.27777778,0.18217054,0.034883721,0.16408269,0.2622739,0.22997416,0.15116279,0.27260982,0.24289406,0.14857881
gi|52841837,0,non-T6SE,417,0.23798077,0.21634615,0.20432692,0.33173077,0.17548077,0.16346154,0.19230769,0.25240385,0.23076923,0.26923077,0.15625,0.18269231,0.17067308,0.036057692,0.17788462,0.23798077,0.27884615,0.16105769,0.31490385,0.17548077,0.13942308
gi|52841838,0,non-T6SE,356,0.2,0.21126761,0.24507042,0.31549296,0.14084507,0.16056338,0.22535211,0.24225352,0.18591549,0.29014085,0.12676056,0.17464789,0.17464789,0.011267606,0.15211268,0.22253521,0.23380282,0.2056338,0.27042254,0.1943662,0.14084507
gi|52841844,0,non-T6SE,486,0.20206186,0.24536082,0.20618557,0.24123711,0.17319588,0.22474227,0.16907216,0.31958763,0.1814433,0.23505155,0.14226804,0.2556701,0.19793814,0.024742268,0.18762887,0.28247423,0.26804124,0.1257732,0.30103093,0.21030928,0.14639175
gi|52841851,0,non-T6SE,343,0.20175439,0.25438596,0.19883041,0.23684211,0.17251462,0.20175439,0.19005848,0.28362573,0.17251462,0.23391813,0.15789474,0.21637427,0.19005848,0.038011696,0.17836257,0.28654971,0.24853801,0.1374269,0.35087719,0.21637427,0.10526316
gi|52841852,0,non-T6SE,327,0.20552147,0.18711656,0.25153374,0.26993865,0.15644172,0.22699387,0.21472393,0.23006135,0.19325153,0.2607362,0.13496933,0.24846626,0.16257669,0.015337423,0.15030675,0.23312883,0.24233129,0.16564417,0.24846626,0.24846626,0.14417178
gi|52841858,0,non-T6SE,328,0.24464832,0.19571865,0.27522936,0.32721713,0.19877676,0.16513761,0.24159021,0.24159021,0.19877676,0.32110092,0.14984709,0.21406728,0.17737003,0.03058104,0.14678899,0.20795107,0.24159021,0.20489297,0.28440367,0.2324159,0.1559633
gi|52841862,0,non-T6SE,1000,0.23023023,0.22522523,0.23423423,0.27027027,0.18618619,0.21721722,0.21221221,0.28528529,0.1961962,0.26026026,0.15815816,0.24524525,0.17417417,0.024024024,0.17517518,0.25325325,0.23923924,0.17717718,0.2962963,0.22822823,0.15915916
gi|161723252,0,non-T6SE,422,0.18289786,0.20902613,0.24940618,0.27553444,0.18052257,0.16864608,0.2280285,0.25890736,0.17102138,0.24465558,0.14489311,0.20427553,0.14489311,0.021377672,0.13776722,0.27790974,0.20665083,0.16389549,0.27078385,0.23752969,0.12114014
gi|52841906,0,non-T6SE,780,0.22593068,0.1720154,0.25417202,0.32477535,0.15532734,0.16944801,0.24518614,0.2195122,0.19640565,0.3029525,0.1283697,0.19640565,0.12195122,0.03465982,0.18870347,0.23363286,0.2618742,0.19512195,0.24133504,0.19127086,0.15661104
gi|52841908,0,non-T6SE,459,0.13318777,0.15065502,0.34497817,0.31222707,0.17030568,0.18995633,0.34279476,0.16157205,0.13100437,0.30349345,0.15720524,0.20305677,0.12008734,0.0021834061,0.085152838,0.21834061,0.20742358,0.21834061,0.19650655,0.30131004,0.087336245
gi|52841910,0,non-T6SE,283,0.19503546,0.22340426,0.24822695,0.29432624,0.18439716,0.15248227,0.25886525,0.24822695,0.18439716,0.28723404,0.14893617,0.18794326,0.18794326,0.024822695,0.13829787,0.21985816,0.25886525,0.19858156,0.27304965,0.21985816,0.14539007
gi|52841931,0,non-T6SE,431,0.20465116,0.22790698,0.2744186,0.28604651,0.20697674,0.21860465,0.25581395,0.2744186,0.17209302,0.27209302,0.1744186,0.25116279,0.20697674,0.01627907,0.13255814,0.2627907,0.2,0.18604651,0.27906977,0.19767442,0.15348837
gi|52841932,0,non-T6SE,184,0.26229508,0.17486339,0.20765027,0.27322404,0.21857923,0.18032787,0.18032787,0.22404372,0.2568306,0.27322404,0.18579235,0.21311475,0.16939891,0.016393443,0.20218579,0.23497268,0.31147541,0.14754098,0.29508197,0.22404372,0.1420765
gi|52841934,0,non-T6SE,347,0.25144509,0.18208092,0.22254335,0.28901734,0.1734104,0.19942197,0.20520231,0.23410405,0.22254335,0.28612717,0.13583815,0.23699422,0.1849711,0.028901734,0.1849711,0.22543353,0.22543353,0.1734104,0.25722543,0.21387283,0.17630058
gi|52841936,0,non-T6SE,448,0.25279642,0.20805369,0.2147651,0.32885906,0.12080537,0.21252796,0.18568233,0.25503356,0.21029083,0.29977629,0.10067114,0.23266219,0.1409396,0.015659955,0.17673378,0.21923937,0.28411633,0.12975391,0.27964206,0.20357942,0.18120805
gi|52841940,0,non-T6SE,247,0.24796748,0.18699187,0.25609756,0.31300813,0.18292683,0.15447154,0.24390244,0.23170732,0.21138211,0.29674797,0.15853659,0.17886179,0.17479675,0.020325203,0.19105691,0.22764228,0.26829268,0.13821138,0.29674797,0.19105691,0.13821138
gi|52841948,0,non-T6SE,861,0.20348837,0.22674419,0.20465116,0.25813953,0.16511628,0.24883721,0.17325581,0.28488372,0.17790698,0.25813953,0.14186047,0.27209302,0.19418605,0.029069767,0.16162791,0.28139535,0.20348837,0.13139535,0.2744186,0.19302326,0.15581395
gi|52841952,0,non-T6SE,276,0.22181818,0.17818182,0.24363636,0.32363636,0.18545455,0.13090909,0.23272727,0.19636364,0.20363636,0.29454545,0.17818182,0.13818182,0.16,0.058181818,0.19636364,0.21090909,0.26545455,0.17818182,0.25454545,0.18545455,0.14545455
gi|52841953,0,non-T6SE,828,0.2019347,0.17291415,0.27569528,0.30592503,0.17412334,0.16565901,0.26118501,0.20435308,0.18258767,0.28899637,0.15235792,0.18742443,0.16565901,0.022974607,0.15840387,0.25392987,0.22974607,0.14510278,0.25392987,0.23579202,0.12091898
gi|52841960,0,non-T6SE,427,0.089201878,0.14319249,0.342723,0.28169014,0.15023474,0.21126761,0.33568075,0.17370892,0.077464789,0.26760563,0.14084507,0.22065728,0.08685446,0.0093896714,0.079812207,0.28638498,0.20187793,0.16431925,0.14319249,0.3028169,0.089201878
gi|52841961,0,non-T6SE,718,0.22873082,0.20362622,0.22733612,0.26778243,0.19107392,0.21199442,0.20362622,0.25523013,0.19107392,0.25523013,0.16178522,0.24128312,0.15620642,0.027894003,0.20083682,0.27475593,0.23988842,0.16039052,0.26359833,0.20083682,0.16875872
gi|52841974,0,non-T6SE,257,0.203125,0.25,0.2109375,0.26171875,0.14453125,0.19921875,0.1953125,0.28125,0.1953125,0.2734375,0.109375,0.234375,0.1875,0.0234375,0.1484375,0.24609375,0.2421875,0.140625,0.296875,0.19140625,0.15625
gi|52841975,0,non-T6SE,261,0.23461538,0.22307692,0.23461538,0.28846154,0.16538462,0.18846154,0.21153846,0.26153846,0.20384615,0.28461538,0.13076923,0.22307692,0.18846154,0.015384615,0.2,0.20769231,0.23846154,0.19230769,0.31153846,0.20384615,0.14615385
gi|52841987,0,non-T6SE,544,0.23941068,0.20257827,0.21546961,0.34069982,0.15469613,0.17495396,0.21915285,0.22467772,0.22099448,0.30939227,0.13812155,0.19152855,0.16574586,0.033149171,0.19152855,0.22467772,0.26703499,0.1694291,0.26151013,0.19705341,0.18047882
gi|52841990,0,non-T6SE,343,0.22222222,0.1871345,0.27777778,0.33918129,0.15497076,0.16374269,0.25438596,0.23391813,0.20467836,0.33040936,0.13450292,0.18421053,0.11111111,0.011695906,0.1754386,0.25730994,0.25438596,0.14035088,0.2748538,0.24853801,0.13450292
gi|52841993,0,non-T6SE,794,0.19041614,0.18663304,0.26103405,0.29003783,0.19041614,0.16897856,0.24464061,0.21059269,0.18915511,0.28625473,0.16141236,0.19798235,0.16141236,0.027742749,0.16015132,0.22068096,0.24211854,0.15762926,0.23959647,0.2370744,0.13745271
gi|52841994,0,non-T6SE,349,0.22126437,0.15804598,0.25,0.27873563,0.15804598,0.17241379,0.23275862,0.18678161,0.19827586,0.31034483,0.14367816,0.18678161,0.13218391,0.022988506,0.16091954,0.23563218,0.19827586,0.15229885,0.25287356,0.25,0.12643678
gi|52841995,0,non-T6SE,222,0.22624434,0.17647059,0.28959276,0.2760181,0.24434389,0.20361991,0.28959276,0.23076923,0.22624434,0.2760181,0.19909502,0.24886878,0.13574661,0.018099548,0.17647059,0.25791855,0.18099548,0.20361991,0.2081448,0.28054299,0.19457014
gi|52842001,0,non-T6SE,942,0.24442083,0.22422954,0.23804463,0.29755579,0.18065887,0.19872476,0.21360255,0.26567481,0.21360255,0.282678,0.16578108,0.21360255,0.18172157,0.032943677,0.18597237,0.24760893,0.24760893,0.1434644,0.29330499,0.21891605,0.17534538
gi|52842012,0,non-T6SE,692,0.18668596,0.17510854,0.27785818,0.31259045,0.14327062,0.170767,0.26772793,0.20839363,0.17366136,0.30101302,0.12590449,0.18813314,0.1186686,0.020260492,0.15340087,0.25325615,0.24602026,0.1577424,0.23589001,0.21128799,0.12590449
gi|52842013,0,non-T6SE,383,0.22774869,0.18324607,0.2434555,0.27486911,0.20680628,0.17277487,0.23560209,0.20680628,0.20418848,0.23298429,0.19109948,0.18848168,0.20157068,0.028795812,0.13089005,0.2591623,0.2434555,0.13874346,0.26701571,0.20942408,0.14397906
gi|52842014,0,non-T6SE,256,0.098039216,0.17254902,0.38039216,0.3254902,0.1372549,0.24705882,0.35294118,0.18431373,0.094117647,0.30980392,0.11372549,0.27058824,0.078431373,0.0039215686,0.074509804,0.29411765,0.21568627,0.18431373,0.19607843,0.34509804,0.074509804
gi|52842016,0,non-T6SE,249,0.10887097,0.14919355,0.33870968,0.29435484,0.18548387,0.18951613,0.34677419,0.14919355,0.11693548,0.26612903,0.15725806,0.21774194,0.096774194,0.0080645161,0.080645161,0.31048387,0.21370968,0.18145161,0.16129032,0.31048387,0.096774194
gi|52842018,0,non-T6SE,109,0.2037037,0.30555556,0.2037037,0.35185185,0.11111111,0.11111111,0.2037037,0.30555556,0.22222222,0.33333333,0.11111111,0.11111111,0.15740741,0.037037037,0.22222222,0.23148148,0.21296296,0.17592593,0.38888889,0.14814815,0.12037037
gi|52842019,0,non-T6SE,355,0.22033898,0.25423729,0.20621469,0.31638418,0.15819209,0.16949153,0.18644068,0.27683616,0.20338983,0.27118644,0.14689266,0.18079096,0.15254237,0.039548023,0.23728814,0.24293785,0.22881356,0.16666667,0.3079096,0.20056497,0.16666667
gi|52842035,0,non-T6SE,331,0.25454545,0.18787879,0.23636364,0.28787879,0.2030303,0.18181818,0.23333333,0.22727273,0.22727273,0.27272727,0.17575758,0.20909091,0.13939394,0.018181818,0.18787879,0.25454545,0.27575758,0.14242424,0.27878788,0.23333333,0.16363636
gi|52842037,0,non-T6SE,492,0.20570265,0.14663951,0.28309572,0.3095723,0.17922607,0.14256619,0.29735234,0.20162933,0.16700611,0.33197556,0.15682281,0.16496945,0.10183299,0.018329939,0.12830957,0.20977597,0.22199593,0.26272912,0.21181263,0.25661914,0.14052953
gi|52842038,0,non-T6SE,859,0.2004662,0.20862471,0.24708625,0.2983683,0.17482517,0.18065268,0.22261072,0.24708625,0.2016317,0.28671329,0.14219114,0.21328671,0.13636364,0.026806527,0.15850816,0.24825175,0.23193473,0.16666667,0.27622378,0.23892774,0.13286713
gi|52842042,0,non-T6SE,296,0.18983051,0.22372881,0.24067797,0.32881356,0.1559322,0.19322034,0.21694915,0.24745763,0.18644068,0.30169492,0.11525424,0.23389831,0.17966102,0.023728814,0.15932203,0.25762712,0.25084746,0.13559322,0.28813559,0.21694915,0.12542373
gi|52842045,0,non-T6SE,323,0.19875776,0.22981366,0.23913043,0.26397516,0.18944099,0.17080745,0.24223602,0.25465839,0.16770186,0.21428571,0.14596273,0.21428571,0.18322981,0.01552795,0.16459627,0.22981366,0.19565217,0.19565217,0.29813665,0.1863354,0.13043478
gi|52842048,0,non-T6SE,388,0.22997416,0.20413437,0.26098191,0.31007752,0.1498708,0.18346253,0.22222222,0.24806202,0.20155039,0.30490956,0.11886305,0.21447028,0.17829457,0.018087855,0.14728682,0.20671835,0.25581395,0.17312661,0.28423773,0.21447028,0.1498708
gi|52842062,0,non-T6SE,263,0.25954198,0.18320611,0.22900763,0.32061069,0.16793893,0.15267176,0.23282443,0.21755725,0.24045802,0.3129771,0.13740458,0.18320611,0.14503817,0.038167939,0.19847328,0.24427481,0.2480916,0.13358779,0.26335878,0.18320611,0.17938931
gi|52842064,0,non-T6SE,243,0.21487603,0.21900826,0.23966942,0.2231405,0.20661157,0.2107438,0.21900826,0.23966942,0.2107438,0.21900826,0.16942149,0.24793388,0.19421488,0.037190083,0.2107438,0.2231405,0.30165289,0.1322314,0.31404959,0.20661157,0.11983471
gi|52842071,0,non-T6SE,145,0.22222222,0.26388889,0.20833333,0.3125,0.15972222,0.21527778,0.1875,0.28472222,0.20138889,0.29861111,0.11805556,0.25694444,0.15972222,0.034722222,0.15972222,0.21527778,0.25,0.15277778,0.32638889,0.19444444,0.15972222
gi|52842072,0,non-T6SE,260,0.19305019,0.18918919,0.25482625,0.26254826,0.17760618,0.21235521,0.23166023,0.22007722,0.16216216,0.26640927,0.14285714,0.24710425,0.13513514,0.027027027,0.16216216,0.23938224,0.24710425,0.19305019,0.25096525,0.22007722,0.13127413
gi|52842080,0,non-T6SE,240,0.23012552,0.22175732,0.19246862,0.23430962,0.18828452,0.25104603,0.17573222,0.27196653,0.19665272,0.21338912,0.16736402,0.27196653,0.19246862,0.041841004,0.19246862,0.24686192,0.20083682,0.13807531,0.26359833,0.18828452,0.18828452
gi|52842087,0,non-T6SE,443,0.2081448,0.28280543,0.19004525,0.23303167,0.18778281,0.26696833,0.17873303,0.32579186,0.16515837,0.22171946,0.15837104,0.29638009,0.18325792,0.074660633,0.26696833,0.26244344,0.23529412,0.14479638,0.34162896,0.18778281,0.14932127
gi|52842092,0,non-T6SE,260,0.22393822,0.2007722,0.22007722,0.24324324,0.21235521,0.2046332,0.22779923,0.23938224,0.18918919,0.21235521,0.18918919,0.22779923,0.2007722,0.023166023,0.19305019,0.26254826,0.20849421,0.2007722,0.27413127,0.1969112,0.15057915
gi|52842114,0,non-T6SE,159,0.26582278,0.1835443,0.24050633,0.26582278,0.20253165,0.24050633,0.21518987,0.22151899,0.2278481,0.25949367,0.1835443,0.25949367,0.2278481,0.03164557,0.19620253,0.23417722,0.25949367,0.15822785,0.25949367,0.1835443,0.18987342
gi|52842119,0,non-T6SE,395,0.21827411,0.23096447,0.2284264,0.26142132,0.19035533,0.23857868,0.1928934,0.29695431,0.18781726,0.26142132,0.15482234,0.27411168,0.14213198,0.020304569,0.21827411,0.26903553,0.23857868,0.15736041,0.28680203,0.21573604,0.16243655
gi|52842124,0,non-T6SE,177,0.19318182,0.19318182,0.26136364,0.27272727,0.18181818,0.19886364,0.19886364,0.26704545,0.1875,0.26704545,0.15340909,0.22727273,0.15340909,0.028409091,0.17613636,0.27272727,0.22727273,0.15909091,0.26136364,0.23295455,0.125
gi|52842129,0,non-T6SE,494,0.21906694,0.23935091,0.22718053,0.28194726,0.18458418,0.21501014,0.20081136,0.30223124,0.19269777,0.27180527,0.15415822,0.24543611,0.17444219,0.032454361,0.18661258,0.25963489,0.24137931,0.16024341,0.31643002,0.19269777,0.14198783
gi|52842130,0,non-T6SE,910,0.21122112,0.24092409,0.23982398,0.30473047,0.15951595,0.20022002,0.22222222,0.28272827,0.18261826,0.28492849,0.13531353,0.22442244,0.19141914,0.0220022,0.18481848,0.25522552,0.22222222,0.1650165,0.30143014,0.18481848,0.15071507
gi|52842134,0,non-T6SE,105,0.17307692,0.20192308,0.28846154,0.28846154,0.13461538,0.25,0.24038462,0.26923077,0.14423077,0.29807692,0.125,0.25961538,0.19230769,0.028846154,0.10576923,0.30769231,0.26923077,0.096153846,0.22115385,0.22115385,0.15384615
gi|52842139,0,non-T6SE,223,0.18918919,0.1981982,0.32882883,0.38288288,0.13513514,0.15765766,0.3018018,0.20720721,0.18018018,0.37387387,0.11711712,0.17567568,0.12612613,0.027027027,0.15315315,0.25225225,0.23873874,0.18918919,0.28828829,0.22972973,0.099099099
gi|52842140,0,non-T6SE,666,0.23609023,0.19548872,0.2481203,0.32781955,0.19398496,0.16842105,0.23609023,0.22255639,0.21804511,0.30225564,0.16541353,0.19699248,0.17443609,0.042105263,0.17293233,0.24210526,0.25864662,0.14586466,0.2962406,0.20601504,0.13533835
gi|52842146,0,non-T6SE,308,0.17263844,0.19218241,0.29967427,0.33224756,0.17263844,0.14332248,0.29641694,0.21498371,0.16286645,0.29967427,0.1465798,0.16938111,0.14006515,0.009771987,0.17915309,0.24104235,0.23778502,0.17263844,0.25732899,0.26384365,0.10749186
gi|52842151,0,non-T6SE,436,0.1954023,0.26896552,0.23218391,0.28275862,0.15402299,0.18390805,0.2045977,0.31954023,0.16781609,0.25747126,0.12413793,0.2137931,0.15172414,0.018390805,0.17471264,0.25747126,0.23448276,0.18850575,0.33103448,0.1816092,0.13333333
gi|52842173,0,non-T6SE,367,0.21584699,0.21311475,0.30327869,0.3989071,0.1147541,0.15846995,0.29508197,0.23770492,0.20218579,0.39617486,0.095628415,0.17759563,0.1420765,0.019125683,0.17213115,0.24863388,0.23224044,0.19945355,0.30054645,0.19672131,0.1284153
gi|52842215,0,non-T6SE,375,0.1631016,0.23262032,0.27005348,0.27807487,0.18181818,0.18983957,0.27005348,0.26470588,0.15240642,0.24331551,0.15240642,0.21925134,0.12299465,0.010695187,0.11764706,0.24064171,0.20855615,0.19786096,0.25668449,0.23262032,0.13903743
gi|52842217,0,non-T6SE,305,0.11842105,0.19078947,0.3125,0.32565789,0.17763158,0.1875,0.32236842,0.20065789,0.10855263,0.31578947,0.17105263,0.19407895,0.12828947,0.029605263,0.14144737,0.25986842,0.19736842,0.21381579,0.22368421,0.21710526,0.085526316
gi|52842218,0,non-T6SE,618,0.17341977,0.17990276,0.27714749,0.31928687,0.12155592,0.16207455,0.26742301,0.20907618,0.1636953,0.32414911,0.11345219,0.17017828,0.13776337,0.027552674,0.16045381,0.26580227,0.22204214,0.1636953,0.23987034,0.21231767,0.11345219
gi|52842221,0,non-T6SE,349,0.20114943,0.1954023,0.25287356,0.26436782,0.18390805,0.20402299,0.22126437,0.25574713,0.17528736,0.25862069,0.16091954,0.22701149,0.16954023,0.025862069,0.18678161,0.27011494,0.25287356,0.14367816,0.26149425,0.25862069,0.13505747
gi|52842227,0,non-T6SE,209,0.17307692,0.24519231,0.18269231,0.25961538,0.16346154,0.25480769,0.16826923,0.26923077,0.16826923,0.27403846,0.13942308,0.27884615,0.15384615,0.048076923,0.21153846,0.20192308,0.21153846,0.18269231,0.30769231,0.18269231,0.11057692
gi|52842228,0,non-T6SE,288,0.21254355,0.32752613,0.21254355,0.28222997,0.20557491,0.20209059,0.18466899,0.36236934,0.19860627,0.26829268,0.19163763,0.21602787,0.22648084,0.038327526,0.25783972,0.2543554,0.2543554,0.12891986,0.37979094,0.18466899,0.16027875
gi|52842231,0,non-T6SE,231,0.23043478,0.23913043,0.23913043,0.32173913,0.13913043,0.22173913,0.20434783,0.2826087,0.21304348,0.25652174,0.13478261,0.22608696,0.2,0.034782609,0.13043478,0.2173913,0.26086957,0.13913043,0.29565217,0.16956522,0.17391304
gi|52842232,0,non-T6SE,262,0.15708812,0.17624521,0.27969349,0.27203065,0.18773946,0.1532567,0.27203065,0.20689655,0.14942529,0.30268199,0.16475096,0.17624521,0.13793103,0.022988506,0.13409962,0.23754789,0.21455939,0.14559387,0.23371648,0.24904215,0.099616858
gi|52842243,0,non-T6SE,200,0.24120603,0.22613065,0.18090452,0.26130653,0.15075377,0.18090452,0.1959799,0.24120603,0.1959799,0.28140704,0.14070352,0.19095477,0.17085427,0.045226131,0.25628141,0.16582915,0.24623116,0.095477387,0.27638191,0.14572864,0.19095477
gi|52842251,0,non-T6SE,387,0.16839378,0.19689119,0.28756477,0.29015544,0.15544041,0.19430052,0.24352332,0.25647668,0.16580311,0.29015544,0.12953368,0.22020725,0.12435233,0.020725389,0.16062176,0.27979275,0.19948187,0.19689119,0.24611399,0.23056995,0.11917098
gi|52842271,0,non-T6SE,334,0.21321321,0.23723724,0.23123123,0.24624625,0.21021021,0.22522523,0.2012012,0.27927928,0.2012012,0.22822823,0.19219219,0.24324324,0.22222222,0.03003003,0.14414414,0.27627628,0.2042042,0.12012012,0.28828829,0.1951952,0.16216216
gi|52842289,0,non-T6SE,278,0.25270758,0.21299639,0.20216606,0.20216606,0.19494585,0.27797834,0.1732852,0.26353791,0.20938628,0.18772563,0.15162455,0.32129964,0.20938628,0.02166065,0.16606498,0.24909747,0.2166065,0.17689531,0.31407942,0.20577617,0.15162455
gi|52842313,0,non-T6SE,173,0.25581395,0.14534884,0.22093023,0.26744186,0.22093023,0.22093023,0.20930233,0.20348837,0.22093023,0.26162791,0.15697674,0.28488372,0.16860465,0.034883721,0.13953488,0.21511628,0.25,0.20348837,0.18604651,0.29069767,0.21511628
gi|52842333,0,non-T6SE,341,0.25588235,0.19117647,0.22647059,0.27058824,0.2,0.23235294,0.21764706,0.26470588,0.19411765,0.27352941,0.13823529,0.29411765,0.22352941,0.064705882,0.17058824,0.26176471,0.22647059,0.15,0.25294118,0.18529412,0.19411765
gi|52842392,0,non-T6SE,1453,0.20936639,0.21625344,0.24517906,0.26239669,0.17286501,0.21487603,0.22176309,0.2630854,0.17768595,0.25550964,0.14393939,0.24380165,0.15909091,0.026859504,0.17699725,0.23898072,0.23209366,0.17975207,0.25413223,0.23966942,0.1714876
gi|52842404,0,non-T6SE,175,0.26436782,0.18965517,0.24137931,0.32758621,0.18965517,0.1954023,0.25862069,0.2183908,0.23563218,0.29885057,0.17241379,0.21264368,0.1954023,0.034482759,0.22988506,0.22988506,0.27011494,0.14942529,0.24137931,0.24137931,0.21264368
gi|52842427,0,non-T6SE,307,0.23856209,0.19934641,0.24509804,0.24836601,0.20261438,0.17320261,0.2254902,0.23202614,0.2124183,0.25163399,0.16013072,0.21568627,0.17973856,0.022875817,0.16013072,0.23856209,0.26143791,0.16993464,0.30392157,0.17647059,0.13398693
gi|52842442,0,non-T6SE,581,0.18793103,0.19310345,0.25344828,0.25689655,0.18793103,0.2137931,0.22413793,0.24310345,0.15517241,0.23965517,0.15689655,0.24482759,0.15172414,0.027586207,0.1637931,0.2862069,0.20344828,0.13793103,0.25,0.23275862,0.13103448
gi|52842445,0,non-T6SE,336,0.19104478,0.17313433,0.24477612,0.27164179,0.12835821,0.19701493,0.22089552,0.19701493,0.16716418,0.28358209,0.11044776,0.21492537,0.14626866,0.03880597,0.15223881,0.24776119,0.22686567,0.16119403,0.24179104,0.18507463,0.12238806
gi|52842456,0,non-T6SE,214,0.21126761,0.22065728,0.23474178,0.29107981,0.16901408,0.1971831,0.21126761,0.2629108,0.19248826,0.27230047,0.14084507,0.22535211,0.15492958,0.03286385,0.20187793,0.28638498,0.21126761,0.13615023,0.27699531,0.23004695,0.15492958
gi|52842460,0,non-T6SE,251,0.16,0.116,0.344,0.252,0.188,0.22,0.292,0.184,0.132,0.228,0.156,0.252,0.112,0.012,0.076,0.28,0.184,0.192,0.148,0.3,0.128
gi|52842463,0,non-T6SE,386,0.21038961,0.18701299,0.26753247,0.30909091,0.18961039,0.15584416,0.25194805,0.22337662,0.20519481,0.2987013,0.15324675,0.19220779,0.13766234,0.018181818,0.17142857,0.23376623,0.28051948,0.15064935,0.27272727,0.23636364,0.12467532
gi|52842475,0,non-T6SE,372,0.20215633,0.18059299,0.30188679,0.32614555,0.16172507,0.15363881,0.26954178,0.22911051,0.19137466,0.3180593,0.13746631,0.17789757,0.11590296,0.018867925,0.15902965,0.26415094,0.23450135,0.13746631,0.23180593,0.23719677,0.1509434
gi|52842487,0,non-T6SE,239,0.20168067,0.22268908,0.25210084,0.24789916,0.2394958,0.20588235,0.24369748,0.27310924,0.17647059,0.23529412,0.18487395,0.2605042,0.17647059,0.029411765,0.22268908,0.2394958,0.25630252,0.19747899,0.31512605,0.24789916,0.1092437
gi|52842498,0,non-T6SE,451,0.15777778,0.17333333,0.32666667,0.31777778,0.14444444,0.18666667,0.30666667,0.20666667,0.13333333,0.31777778,0.13111111,0.2,0.12444444,0.017777778,0.11333333,0.27333333,0.22444444,0.15777778,0.21333333,0.26666667,0.11777778
gi|52842500,0,non-T6SE,206,0.25853659,0.22926829,0.26341463,0.32682927,0.14634146,0.2,0.22439024,0.26829268,0.2195122,0.31707317,0.13658537,0.2097561,0.16585366,0.019512195,0.13658537,0.2195122,0.22926829,0.2,0.30243902,0.22926829,0.18536585
gi|52842501,0,non-T6SE,306,0.23934426,0.20327869,0.27213115,0.31147541,0.19344262,0.18032787,0.23278689,0.2295082,0.22622951,0.30491803,0.16065574,0.21311475,0.18032787,0.006557377,0.1704918,0.26885246,0.24918033,0.15737705,0.27540984,0.22295082,0.16721311
gi|52842503,0,non-T6SE,187,0.091397849,0.1344086,0.40860215,0.30645161,0.1827957,0.17741935,0.3655914,0.14516129,0.10215054,0.27419355,0.16129032,0.19892473,0.096774194,0.021505376,0.096774194,0.27956989,0.15591398,0.21505376,0.16129032,0.32258065,0.064516129
gi|52842509,0,non-T6SE,958,0.21107628,0.23824451,0.2183908,0.28735632,0.14420063,0.22048067,0.18913271,0.28840125,0.18808777,0.27899687,0.12539185,0.23928945,0.16405434,0.028213166,0.20376176,0.2539185,0.24242424,0.14106583,0.30198537,0.20167189,0.14733542
gi|52842514,0,non-T6SE,310,0.20711974,0.19093851,0.27184466,0.36893204,0.1618123,0.15533981,0.26213592,0.22006472,0.18446602,0.33656958,0.11650485,0.20064725,0.097087379,0.029126214,0.21682848,0.25242718,0.18770227,0.18770227,0.25566343,0.24271845,0.14239482
gi|52842518,0,non-T6SE,162,0.17391304,0.22360248,0.19254658,0.26708075,0.14285714,0.2173913,0.16770186,0.2484472,0.16770186,0.26708075,0.11801242,0.24223602,0.10559006,0.031055901,0.1552795,0.26708075,0.2173913,0.14285714,0.27329193,0.22360248,0.1242236
gi|52842519,0,non-T6SE,355,0.21751412,0.14689266,0.32485876,0.33050847,0.17231638,0.16949153,0.29661017,0.17514124,0.20056497,0.31638418,0.15254237,0.18926554,0.15536723,0.0084745763,0.13559322,0.25423729,0.24293785,0.15254237,0.21751412,0.21186441,0.14689266
gi|52842520,0,non-T6SE,288,0.21602787,0.16027875,0.29616725,0.32404181,0.16027875,0.16376307,0.28222997,0.18815331,0.19512195,0.31707317,0.13240418,0.19163763,0.1533101,0.020905923,0.16027875,0.2543554,0.25087108,0.12891986,0.22648084,0.2369338,0.14982578
gi|52842524,0,non-T6SE,290,0.16955017,0.21107266,0.26643599,0.30449827,0.15224913,0.19723183,0.23875433,0.24567474,0.17647059,0.28027682,0.1349481,0.21453287,0.14532872,0.027681661,0.16608997,0.26643599,0.17301038,0.15224913,0.26989619,0.25951557,0.11072664
gi|52842528,0,non-T6SE,301,0.17333333,0.14666667,0.27,0.31666667,0.16666667,0.17,0.26,0.17,0.17666667,0.29,0.15333333,0.18333333,0.096666667,0.0033333333,0.13666667,0.20666667,0.24333333,0.14666667,0.18666667,0.26,0.13333333
gi|52842531,0,non-T6SE,453,0.13274336,0.10619469,0.33185841,0.30309735,0.15707965,0.19026549,0.31858407,0.12831858,0.12831858,0.28097345,0.13495575,0.21238938,0.10619469,0.0044247788,0.053097345,0.28097345,0.2079646,0.17699115,0.13495575,0.30973451,0.1039823
gi|52842540,0,non-T6SE,309,0.18831169,0.22077922,0.23701299,0.27922078,0.15909091,0.17532468,0.20779221,0.26298701,0.15909091,0.29220779,0.13961039,0.19480519,0.15584416,0.0064935065,0.17532468,0.28896104,0.23376623,0.094155844,0.26623377,0.22077922,0.14285714
gi|52842543,0,non-T6SE,363,0.13812155,0.17679558,0.33425414,0.31491713,0.14917127,0.21546961,0.30110497,0.21546961,0.12983425,0.29558011,0.11325967,0.25138122,0.12154696,0.016574586,0.093922652,0.3121547,0.21270718,0.15745856,0.21823204,0.25690608,0.096685083
gi|52842545,0,non-T6SE,460,0.22222222,0.21786492,0.25054466,0.31154684,0.13071895,0.23747277,0.21350763,0.26361656,0.18518519,0.29411765,0.11764706,0.25054466,0.16993464,0.017429194,0.17429194,0.25925926,0.2745098,0.1372549,0.2745098,0.21350763,0.16557734
gi|52842548,0,non-T6SE,158,0.19745223,0.24840764,0.1910828,0.2611465,0.17834395,0.23566879,0.17197452,0.28025478,0.1910828,0.29299363,0.14649682,0.26751592,0.18471338,0.095541401,0.23566879,0.26751592,0.22929936,0.14012739,0.30573248,0.13375796,0.14012739
gi|52842550,0,non-T6SE,421,0.21190476,0.20714286,0.24285714,0.30952381,0.14285714,0.1952381,0.21904762,0.24285714,0.1952381,0.28809524,0.11190476,0.22619048,0.16190476,0.028571429,0.14285714,0.28333333,0.25714286,0.15714286,0.26666667,0.21904762,0.15238095
gi|161723245,0,non-T6SE,296,0.23728814,0.18305085,0.21016949,0.25762712,0.23050847,0.21694915,0.20338983,0.2440678,0.21694915,0.23728814,0.21694915,0.23050847,0.20338983,0.027118644,0.14915254,0.2440678,0.24067797,0.12542373,0.26779661,0.16949153,0.15254237
gi|52842557,0,non-T6SE,674,0.22585438,0.21099554,0.25557207,0.2897474,0.17384844,0.1961367,0.2332838,0.25408618,0.17979198,0.28231798,0.14264487,0.22734027,0.19167905,0.02526003,0.1589896,0.24665676,0.21248143,0.16493314,0.2897474,0.19316493,0.14710253
gi|52842560,0,non-T6SE,212,0.22274882,0.23696682,0.23222749,0.31279621,0.14218009,0.20853081,0.20853081,0.26066351,0.21800948,0.30331754,0.1042654,0.2464455,0.14691943,0.018957346,0.19905213,0.26066351,0.23222749,0.1563981,0.33649289,0.1943128,0.12322275
gi|52842563,0,non-T6SE,187,0.2311828,0.16129032,0.22043011,0.22580645,0.23655914,0.22580645,0.20430108,0.20967742,0.23655914,0.22580645,0.19354839,0.2688172,0.19354839,0.048387097,0.22043011,0.25806452,0.25806452,0.10752688,0.22580645,0.20430108,0.16666667
gi|52842564,0,non-T6SE,375,0.2513369,0.19251337,0.2486631,0.30481283,0.1631016,0.20320856,0.21657754,0.25668449,0.19251337,0.25935829,0.13636364,0.22994652,0.14438503,0.016042781,0.17112299,0.20588235,0.2459893,0.17914439,0.24331551,0.22727273,0.20053476
gi|52842566,0,non-T6SE,277,0.22101449,0.12318841,0.25,0.26811594,0.1884058,0.17753623,0.23550725,0.15217391,0.20652174,0.25724638,0.14130435,0.22463768,0.19927536,0.032608696,0.10869565,0.30072464,0.18478261,0.1557971,0.19927536,0.24275362,0.14492754
gi|52842568,0,non-T6SE,79,0.23076923,0.17948718,0.16666667,0.23076923,0.14102564,0.23076923,0.15384615,0.21794872,0.19230769,0.23076923,0.11538462,0.25641026,0.25641026,0.076923077,0.15384615,0.21794872,0.17948718,0.12820513,0.25641026,0.12820513,0.15384615
gi|52842570,0,non-T6SE,581,0.25344828,0.18965517,0.21896552,0.25517241,0.16896552,0.20689655,0.1862069,0.24310345,0.21034483,0.23793103,0.14137931,0.23448276,0.17586207,0.036206897,0.17068966,0.24482759,0.26896552,0.13103448,0.26551724,0.1862069,0.17758621
gi|52842585,0,non-T6SE,305,0.1875,0.21710526,0.30592105,0.31578947,0.15131579,0.23684211,0.26644737,0.25657895,0.16118421,0.30921053,0.125,0.26315789,0.16118421,0.032894737,0.14473684,0.25328947,0.24013158,0.16776316,0.27960526,0.27960526,0.125
gi|52842593,0,non-T6SE,641,0.146875,0.1375,0.34375,0.321875,0.15,0.1984375,0.3171875,0.1703125,0.1296875,0.3078125,0.1265625,0.221875,0.128125,0.01875,0.09375,0.2734375,0.19375,0.178125,0.19375,0.2859375,0.090625
gi|52842596,0,non-T6SE,308,0.26384365,0.16612378,0.23127036,0.23778502,0.24429967,0.2247557,0.24104235,0.25407166,0.19543974,0.23778502,0.21824104,0.25081433,0.15960912,0.009771987,0.17915309,0.21824104,0.26710098,0.20846906,0.24104235,0.23778502,0.18892508
gi|161723243,0,non-T6SE,359,0.25698324,0.18435754,0.23463687,0.25418994,0.23184358,0.17877095,0.23463687,0.22905028,0.22905028,0.23184358,0.19832402,0.2122905,0.19832402,0.0083798883,0.092178771,0.22625698,0.26536313,0.18156425,0.26256983,0.19273743,0.17877095
gi|52842649,0,non-T6SE,338,0.24925816,0.21364985,0.22551929,0.21068249,0.19881306,0.2462908,0.18397626,0.30267062,0.1958457,0.21068249,0.16320475,0.28189911,0.1958457,0.029673591,0.18397626,0.28486647,0.22255193,0.19287834,0.29376855,0.21958457,0.16913947
gi|52842662,0,non-T6SE,148,0.18367347,0.23809524,0.26530612,0.18367347,0.25170068,0.23129252,0.23129252,0.31292517,0.14965986,0.19727891,0.21088435,0.27210884,0.19047619,0.013605442,0.19047619,0.27891156,0.18367347,0.18367347,0.29251701,0.2585034,0.1292517
gi|52842679,0,non-T6SE,352,0.1965812,0.17948718,0.27635328,0.28490028,0.17948718,0.17663818,0.23931624,0.20512821,0.21082621,0.27350427,0.15384615,0.2022792,0.16239316,0.01994302,0.18518519,0.24216524,0.23931624,0.13105413,0.27635328,0.25641026,0.0997151
gi|52842680,0,non-T6SE,368,0.19346049,0.20980926,0.23705722,0.28065395,0.17711172,0.17983651,0.24523161,0.24523161,0.17983651,0.26158038,0.14713896,0.20980926,0.15803815,0.016348774,0.1852861,0.28882834,0.20708447,0.16348774,0.29155313,0.22343324,0.11171662
gi|52842682,0,non-T6SE,741,0.22432432,0.18513514,0.26486486,0.32297297,0.16621622,0.16756757,0.24459459,0.23243243,0.21486486,0.28918919,0.12972973,0.20405405,0.14054054,0.02972973,0.15810811,0.22567568,0.25,0.15810811,0.26756757,0.21351351,0.14189189
gi|52842683,0,non-T6SE,252,0.19920319,0.22310757,0.23505976,0.30278884,0.187251,0.15936255,0.19521912,0.27091633,0.21513944,0.30677291,0.15936255,0.187251,0.12350598,0.019920319,0.21115538,0.20318725,0.27888446,0.17928287,0.28685259,0.22310757,0.13545817
gi|52842684,0,non-T6SE,113,0.1875,0.28571429,0.20535714,0.33928571,0.125,0.16964286,0.19642857,0.3125,0.16071429,0.28571429,0.089285714,0.20535714,0.1875,0.0089285714,0.16071429,0.35714286,0.16071429,0.125,0.38392857,0.16964286,0.089285714
gi|52842686,0,non-T6SE,343,0.17251462,0.18421053,0.29239766,0.27192982,0.21637427,0.19005848,0.28654971,0.21345029,0.14912281,0.25730994,0.18421053,0.22222222,0.16959064,0.01754386,0.14619883,0.27192982,0.21052632,0.18421053,0.23099415,0.23099415,0.12573099
gi|52842689,0,non-T6SE,300,0.086956522,0.12040134,0.39130435,0.31438127,0.15719064,0.2006689,0.37458194,0.14381271,0.076923077,0.27424749,0.13043478,0.22742475,0.073578595,0,0.053511706,0.30769231,0.16722408,0.20735786,0.14046823,0.26421405,0.066889632
gi|52842696,0,non-T6SE,462,0.21041215,0.19522777,0.24511931,0.29067245,0.17787419,0.1626898,0.23427332,0.22342733,0.20824295,0.28416486,0.17136659,0.1691974,0.16052061,0.021691974,0.16052061,0.23427332,0.24511931,0.14750542,0.26681128,0.24511931,0.13882863
gi|52842697,0,non-T6SE,227,0.21238938,0.22566372,0.20353982,0.29646018,0.1460177,0.21238938,0.19469027,0.27876106,0.18584071,0.28318584,0.12389381,0.23451327,0.15044248,0.03539823,0.18584071,0.24778761,0.22566372,0.097345133,0.30088496,0.18584071,0.13716814
gi|52842704,0,non-T6SE,174,0.21387283,0.21387283,0.24855491,0.25433526,0.16184971,0.24277457,0.20231214,0.31791908,0.17919075,0.23121387,0.13872832,0.26589595,0.16184971,0.011560694,0.12716763,0.2716763,0.2716763,0.14450867,0.23699422,0.19075145,0.19075145
gi|52842722,0,non-T6SE,520,0.24855491,0.19845857,0.24470135,0.34104046,0.12524085,0.17919075,0.23314066,0.23699422,0.2061657,0.34874759,0.11368015,0.19075145,0.15799615,0.015414258,0.13872832,0.24470135,0.22736031,0.15799615,0.29479769,0.1849711,0.1522158
gi|52842742,0,non-T6SE,143,0.22535211,0.23943662,0.26056338,0.28873239,0.15492958,0.24647887,0.24647887,0.28169014,0.18309859,0.28873239,0.14084507,0.26056338,0.17605634,0.021126761,0.14788732,0.23943662,0.21830986,0.14084507,0.30985915,0.23943662,0.15492958
gi|52842761,0,non-T6SE,455,0.14977974,0.11894273,0.33259912,0.25550661,0.2092511,0.21145374,0.31497797,0.15418502,0.11894273,0.23788546,0.19162996,0.22907489,0.11453744,0.017621145,0.074889868,0.3061674,0.20484581,0.18722467,0.14757709,0.26872247,0.12114537
gi|52842795,0,non-T6SE,597,0.21812081,0.18791946,0.25838926,0.2852349,0.17114094,0.18288591,0.23993289,0.21644295,0.21308725,0.30369128,0.15268456,0.20134228,0.17449664,0.013422819,0.10738255,0.22986577,0.25503356,0.15100671,0.27852349,0.26677852,0.12751678
gi|52842799,0,non-T6SE,427,0.18309859,0.22769953,0.24413146,0.26995305,0.18544601,0.17605634,0.23004695,0.24647887,0.17840376,0.28638498,0.14084507,0.22065728,0.15258216,0.03286385,0.16901408,0.2370892,0.26056338,0.14788732,0.29107981,0.22065728,0.11971831
gi|52842801,0,non-T6SE,170,0.21301775,0.26035503,0.24260355,0.33136095,0.18343195,0.17751479,0.22485207,0.27810651,0.19526627,0.30177515,0.15976331,0.20118343,0.17751479,0.047337278,0.22485207,0.20710059,0.22485207,0.15976331,0.34911243,0.18343195,0.12426036
gi|52842803,0,non-T6SE,361,0.175,0.20555556,0.28055556,0.31666667,0.16111111,0.16666667,0.27222222,0.23055556,0.16666667,0.30555556,0.12777778,0.2,0.15833333,0.016666667,0.16666667,0.19722222,0.24722222,0.15277778,0.26388889,0.25277778,0.11666667
gi|52842805,0,non-T6SE,759,0.26649077,0.18865435,0.23218997,0.28100264,0.20844327,0.17282322,0.21899736,0.2414248,0.23218997,0.28759894,0.1701847,0.21108179,0.19920844,0.040897098,0.18733509,0.24274406,0.22031662,0.18733509,0.28759894,0.2005277,0.16754617
gi|52842815,0,non-T6SE,398,0.23425693,0.17380353,0.2418136,0.33501259,0.12594458,0.16372796,0.22670025,0.19395466,0.21914358,0.31989924,0.11586902,0.17380353,0.14357683,0.017632242,0.21410579,0.20403023,0.22921914,0.15869018,0.28967254,0.20654912,0.11838791
gi|52842816,0,non-T6SE,420,0.18854415,0.2124105,0.25536993,0.34844869,0.14319809,0.1575179,0.24105012,0.24105012,0.18854415,0.33174224,0.12649165,0.17422434,0.14081146,0.021479714,0.20286396,0.23389021,0.20286396,0.19331742,0.28639618,0.20286396,0.11455847
gi|52842818,0,non-T6SE,368,0.22070845,0.20435967,0.27520436,0.27520436,0.19346049,0.16893733,0.25340599,0.25885559,0.17166213,0.27247956,0.15258856,0.20980926,0.14986376,0.024523161,0.18256131,0.22343324,0.24523161,0.19073569,0.27247956,0.23160763,0.15258856
gi|52842820,0,non-T6SE,469,0.20726496,0.21153846,0.23290598,0.29487179,0.15384615,0.19230769,0.22435897,0.2457265,0.19444444,0.29059829,0.12393162,0.22222222,0.16025641,0.019230769,0.17307692,0.23076923,0.26923077,0.13675214,0.28205128,0.20940171,0.13675214
gi|52842821,0,non-T6SE,394,0.15012723,0.11450382,0.3562341,0.31043257,0.18066158,0.17811705,0.35114504,0.14503817,0.12468193,0.28753181,0.1475827,0.21119593,0.12977099,0.0076335878,0.078880407,0.27989822,0.19847328,0.18320611,0.15012723,0.26463104,0.11450382
gi|52842822,0,non-T6SE,447,0.21300448,0.18609865,0.28026906,0.32511211,0.17264574,0.16143498,0.2690583,0.20179372,0.19282511,0.34080717,0.15695067,0.17713004,0.14349776,0.022421525,0.17040359,0.21524664,0.25560538,0.18834081,0.28923767,0.21524664,0.10986547
gi|52842823,0,non-T6SE,372,0.14824798,0.14016173,0.34770889,0.33692722,0.13207547,0.18059299,0.32884097,0.17520216,0.13477089,0.32614555,0.11051213,0.20215633,0.12668464,0,0.064690027,0.29919137,0.18598383,0.15902965,0.19137466,0.26684636,0.09703504
gi|52842824,0,non-T6SE,461,0.21521739,0.18043478,0.28695652,0.32391304,0.17391304,0.14565217,0.2673913,0.21304348,0.2173913,0.33695652,0.16086957,0.15869565,0.13478261,0.013043478,0.16086957,0.22608696,0.26304348,0.16521739,0.27608696,0.24347826,0.11956522
gi|52842835,0,non-T6SE,356,0.17464789,0.17183099,0.30985915,0.30422535,0.15774648,0.21971831,0.28732394,0.21690141,0.13521127,0.28169014,0.13521127,0.24225352,0.14929577,0.0056338028,0.10704225,0.28732394,0.1971831,0.1971831,0.21690141,0.24507042,0.12957746
gi|52842840,0,non-T6SE,454,0.23399558,0.19426049,0.24944812,0.31125828,0.18101545,0.16997792,0.23620309,0.2384106,0.20750552,0.31788079,0.14348786,0.20750552,0.15452539,0.022075055,0.18101545,0.25386313,0.24724062,0.13907285,0.2803532,0.20309051,0.14790287
gi|52842842,0,non-T6SE,88,0.35632184,0.1954023,0.13793103,0.16091954,0.31034483,0.25287356,0.13793103,0.2183908,0.31034483,0.13793103,0.31034483,0.25287356,0.44827586,0.011494253,0.08045977,0.2183908,0.26436782,0.057471264,0.43678161,0.12643678,0.11494253
gi|52842851,0,non-T6SE,618,0.24473258,0.24473258,0.2171799,0.30145867,0.17017828,0.17504052,0.1993517,0.28525122,0.22042139,0.30632091,0.13128039,0.21393841,0.2171799,0.022690438,0.17504052,0.26256078,0.22204214,0.1458671,0.31928687,0.17017828,0.17017828
gi|52842852,0,non-T6SE,225,0.20535714,0.26339286,0.21428571,0.30357143,0.14732143,0.20535714,0.20982143,0.28571429,0.18303571,0.30803571,0.13392857,0.21875,0.18303571,0.03125,0.23214286,0.27678571,0.20089286,0.10714286,0.27232143,0.19196429,0.19642857
gi|52842856,0,non-T6SE,92,0.26373626,0.10989011,0.20879121,0.21978022,0.20879121,0.17582418,0.17582418,0.14285714,0.25274725,0.24175824,0.18681319,0.1978022,0.24175824,0.043956044,0.10989011,0.25274725,0.26373626,0.098901099,0.24175824,0.1978022,0.13186813
gi|52842859,0,non-T6SE,189,0.23404255,0.22340426,0.21808511,0.28191489,0.18085106,0.19680851,0.18085106,0.2712766,0.19680851,0.2606383,0.15957447,0.21808511,0.18617021,0.026595745,0.14361702,0.26595745,0.28723404,0.11702128,0.28191489,0.23404255,0.17553191
gi|52842862,0,non-T6SE,322,0.23987539,0.19003115,0.2741433,0.34890966,0.13707165,0.14953271,0.23987539,0.23987539,0.20872274,0.35202492,0.12772586,0.1588785,0.12772586,0.021806854,0.17757009,0.26791277,0.23987539,0.14641745,0.29595016,0.22741433,0.13395639
gi|52842863,0,non-T6SE,751,0.184,0.14133333,0.32133333,0.316,0.176,0.16666667,0.3,0.17333333,0.17066667,0.30666667,0.15866667,0.184,0.11333333,0.014666667,0.12933333,0.22533333,0.22133333,0.17866667,0.22133333,0.28,0.104
gi|52842865,0,non-T6SE,363,0.22099448,0.2320442,0.2320442,0.25690608,0.18508287,0.23756906,0.17679558,0.29834254,0.18232044,0.22651934,0.14917127,0.27348066,0.17403315,0.035911602,0.20718232,0.27900552,0.19060773,0.14640884,0.28729282,0.21270718,0.16574586
gi|52842867,0,non-T6SE,288,0.2195122,0.17073171,0.26829268,0.29965157,0.16724739,0.1533101,0.22996516,0.22299652,0.21602787,0.29616725,0.14285714,0.17770035,0.1184669,0.013937282,0.16724739,0.26480836,0.21254355,0.14982578,0.24738676,0.24390244,0.14285714
gi|52842868,0,non-T6SE,252,0.21115538,0.21912351,0.21912351,0.22709163,0.17131474,0.23904382,0.20717131,0.27888446,0.1752988,0.26294821,0.15139442,0.25896414,0.16334661,0.027888446,0.17928287,0.2749004,0.25099602,0.1314741,0.27888446,0.21115538,0.15139442
gi|52842870,0,non-T6SE,471,0.2212766,0.20851064,0.24468085,0.26595745,0.20425532,0.20212766,0.23404255,0.25319149,0.20638298,0.27446809,0.17446809,0.23191489,0.19148936,0.021276596,0.1787234,0.30638298,0.19787234,0.13829787,0.2893617,0.21276596,0.14042553
gi|52842873,0,non-T6SE,292,0.17869416,0.26116838,0.20962199,0.25085911,0.1443299,0.25773196,0.19931271,0.30584192,0.15463918,0.25085911,0.13745704,0.26460481,0.20274914,0.037800687,0.20962199,0.24054983,0.20962199,0.13058419,0.31958763,0.18556701,0.12027491
gi|52842874,0,non-T6SE,309,0.16558442,0.18181818,0.30194805,0.3538961,0.11363636,0.19805195,0.28896104,0.21428571,0.15909091,0.33441558,0.081168831,0.23051948,0.13636364,0.0032467532,0.12662338,0.24675325,0.24025974,0.11688312,0.23376623,0.19480519,0.11363636
gi|52842876,0,non-T6SE,368,0.26975477,0.19891008,0.22070845,0.32425068,0.14441417,0.19073569,0.19346049,0.22070845,0.25885559,0.3133515,0.1226158,0.21253406,0.1852861,0.016348774,0.21253406,0.22888283,0.25340599,0.11171662,0.32425068,0.16893733,0.14441417
gi|52842882,0,non-T6SE,387,0.2357513,0.21243523,0.20466321,0.30829016,0.14248705,0.1865285,0.19948187,0.24870466,0.21502591,0.28756477,0.12176166,0.20725389,0.17098446,0.025906736,0.21243523,0.25906736,0.21243523,0.15544041,0.27979275,0.21761658,0.16839378
gi|52842892,0,non-T6SE,1048,0.19961796,0.14899713,0.27602674,0.30276982,0.18624642,0.16618911,0.26552053,0.16141356,0.19102197,0.30181471,0.16427889,0.18815664,0.10601719,0.016236867,0.12034384,0.21203438,0.22731614,0.20057307,0.22445081,0.24355301,0.12416428
gi|52842902,0,non-T6SE,321,0.203125,0.20625,0.265625,0.2625,0.18125,0.196875,0.221875,0.25625,0.178125,0.2625,0.1375,0.240625,0.146875,0.021875,0.178125,0.253125,0.175,0.178125,0.271875,0.246875,0.1375
gi|52842903,0,non-T6SE,576,0.19130435,0.24173913,0.23304348,0.30782609,0.14782609,0.20173913,0.22434783,0.27130435,0.16521739,0.29043478,0.12,0.22956522,0.16869565,0.022608696,0.19478261,0.24521739,0.23478261,0.14434783,0.28173913,0.22956522,0.15130435
gi|52842904,0,non-T6SE,476,0.24421053,0.20631579,0.22105263,0.31578947,0.15789474,0.18947368,0.20210526,0.23368421,0.23789474,0.31578947,0.13684211,0.21052632,0.20210526,0.021052632,0.12210526,0.21052632,0.25894737,0.15157895,0.28631579,0.21052632,0.16421053
gi|52842905,0,non-T6SE,160,0.16981132,0.20125786,0.3081761,0.33962264,0.16352201,0.1572327,0.26415094,0.25786164,0.13836478,0.31446541,0.1509434,0.16981132,0.13836478,0.012578616,0.18238994,0.27672956,0.23899371,0.16352201,0.26415094,0.25157233,0.10691824
gi|52842906,0,non-T6SE,493,0.20121951,0.13211382,0.30691057,0.33333333,0.17073171,0.13211382,0.28455285,0.17073171,0.19512195,0.32113821,0.13821138,0.16463415,0.11178862,0.014227642,0.14430894,0.21341463,0.26422764,0.1300813,0.24186992,0.27642276,0.091463415
gi|52842907,0,non-T6SE,131,0.23846154,0.16923077,0.17692308,0.25384615,0.22307692,0.16153846,0.16153846,0.18461538,0.20769231,0.25384615,0.17692308,0.20769231,0.17692308,0.030769231,0.16923077,0.26153846,0.24615385,0.13846154,0.24615385,0.18461538,0.16153846
gi|52842924,0,non-T6SE,383,0.20418848,0.23560209,0.26963351,0.2460733,0.17015707,0.20418848,0.20680628,0.29319372,0.16753927,0.2408377,0.13350785,0.2408377,0.18062827,0.028795812,0.17539267,0.27486911,0.20418848,0.18062827,0.2513089,0.2460733,0.18848168
gi|52842930,0,non-T6SE,209,0.067307692,0.12980769,0.34615385,0.33653846,0.14423077,0.19230769,0.32211538,0.17307692,0.081730769,0.27884615,0.125,0.21153846,0.067307692,0.014423077,0.10096154,0.27403846,0.15865385,0.16826923,0.13461538,0.27884615,0.0625
gi|52842932,0,non-T6SE,388,0.2248062,0.18863049,0.26356589,0.25839793,0.19896641,0.20155039,0.22997416,0.25322997,0.19121447,0.28940568,0.16795866,0.23255814,0.16020672,0.010335917,0.16537468,0.22997416,0.25322997,0.18863049,0.22739018,0.24289406,0.18604651
gi|52842935,0,non-T6SE,416,0.25301205,0.17349398,0.23373494,0.31566265,0.19036145,0.18313253,0.22650602,0.21445783,0.22168675,0.3060241,0.16626506,0.20722892,0.15903614,0.024096386,0.13012048,0.21686747,0.24337349,0.17831325,0.26746988,0.23855422,0.15903614
gi|52842939,0,non-T6SE,321,0.20625,0.2,0.259375,0.31875,0.178125,0.1875,0.2375,0.234375,0.209375,0.290625,0.14375,0.221875,0.15625,0.0375,0.14375,0.25,0.246875,0.08125,0.28125,0.2125,0.125
gi|52842943,0,non-T6SE,307,0.18954248,0.1372549,0.32679739,0.2875817,0.16993464,0.18627451,0.29084967,0.17973856,0.16013072,0.29084967,0.15359477,0.20261438,0.10457516,0.019607843,0.1503268,0.29084967,0.18300654,0.18300654,0.20261438,0.23202614,0.12418301
gi|52842945,0,non-T6SE,187,0.23655914,0.26344086,0.19354839,0.30645161,0.11290323,0.19892473,0.15591398,0.31182796,0.18817204,0.2688172,0.086021505,0.22580645,0.17204301,0.037634409,0.24193548,0.23655914,0.29032258,0.10752688,0.28494624,0.14516129,0.21505376
gi|161723240,0,non-T6SE,410,0.23716381,0.21515892,0.23227384,0.29095355,0.17848411,0.21271394,0.21026895,0.26650367,0.21026895,0.25183374,0.15892421,0.23227384,0.20293399,0.034229829,0.1809291,0.27628362,0.22249389,0.12958435,0.29095355,0.18337408,0.16136919
gi|52842947,0,non-T6SE,325,0.23765432,0.2037037,0.23148148,0.30246914,0.15432099,0.1882716,0.22222222,0.25,0.20987654,0.29320988,0.11419753,0.22839506,0.19135802,0.018518519,0.13888889,0.25308642,0.25308642,0.16666667,0.28395062,0.19135802,0.15740741
gi|52842953,0,non-T6SE,556,0.21981982,0.20540541,0.24504505,0.31351351,0.14774775,0.17477477,0.21441441,0.24684685,0.21081081,0.30990991,0.13693694,0.18558559,0.15135135,0.025225225,0.16936937,0.23963964,0.22162162,0.14234234,0.29369369,0.20540541,0.13153153
gi|52842962,0,non-T6SE,421,0.15238095,0.21190476,0.29047619,0.32380952,0.11904762,0.17142857,0.26666667,0.25,0.12857143,0.29285714,0.097619048,0.19285714,0.13095238,0.0095238095,0.17142857,0.2547619,0.22142857,0.16428571,0.23333333,0.26190476,0.13095238
gi|52842965,0,non-T6SE,188,0.19251337,0.2513369,0.22459893,0.26203209,0.18716578,0.21925134,0.19786096,0.28877005,0.17647059,0.2513369,0.15508021,0.2513369,0.19251337,0.037433155,0.19786096,0.24064171,0.22994652,0.14438503,0.3315508,0.18181818,0.11229947
gi|52842969,0,non-T6SE,308,0.23778502,0.19869707,0.25732899,0.31596091,0.17915309,0.17589577,0.24104235,0.23452769,0.21498371,0.29315961,0.16286645,0.19218241,0.18566775,0.016286645,0.17915309,0.26058632,0.247557,0.15635179,0.3029316,0.22801303,0.13355049
gi|52842975,0,non-T6SE,501,0.102,0.106,0.39,0.29,0.198,0.184,0.37,0.13,0.106,0.268,0.176,0.206,0.086,0.01,0.074,0.318,0.198,0.158,0.134,0.296,0.074
gi|52842976,0,non-T6SE,657,0.099085366,0.10365854,0.36432927,0.27896341,0.18902439,0.17530488,0.35060976,0.14176829,0.091463415,0.26067073,0.16768293,0.19664634,0.079268293,0.006097561,0.080792683,0.27134146,0.19664634,0.19207317,0.13567073,0.32469512,0.067073171
gi|52842979,0,non-T6SE,166,0.2,0.19393939,0.26060606,0.32727273,0.12121212,0.15757576,0.22424242,0.27878788,0.16363636,0.29090909,0.084848485,0.19393939,0.18181818,0.042424242,0.16363636,0.29090909,0.16969697,0.12121212,0.24242424,0.18181818,0.15151515
gi|52842980,0,non-T6SE,340,0.13274336,0.11504425,0.35103245,0.29498525,0.17109145,0.21828909,0.33628319,0.15929204,0.1120944,0.27138643,0.14749263,0.24188791,0.1120944,0.005899705,0.088495575,0.31858407,0.16814159,0.179941,0.15339233,0.26253687,0.09439528
gi|52842981,0,non-T6SE,783,0.21483376,0.22378517,0.25319693,0.31713555,0.1943734,0.16624041,0.2455243,0.2544757,0.19181586,0.28388747,0.15601023,0.20460358,0.16496164,0.023017903,0.20716113,0.27365729,0.25575448,0.15345269,0.29283887,0.20588235,0.14578005
gi|52842982,0,non-T6SE,428,0.22248244,0.18032787,0.25761124,0.264637,0.20608899,0.17096019,0.23653396,0.2295082,0.18266979,0.25526932,0.15925059,0.21779859,0.15690867,0.021077283,0.16627635,0.23653396,0.264637,0.18501171,0.25995316,0.26229508,0.14285714
gi|52842983,0,non-T6SE,167,0.21686747,0.21084337,0.25301205,0.28915663,0.1686747,0.19879518,0.21686747,0.28313253,0.14457831,0.28313253,0.12650602,0.24096386,0.13253012,0.036144578,0.20481928,0.24096386,0.30120482,0.14457831,0.24698795,0.23493976,0.18072289
gi|52842984,0,non-T6SE,422,0.21140143,0.2280285,0.22565321,0.24465558,0.2304038,0.23515439,0.19477435,0.28741093,0.18052257,0.24703088,0.17577197,0.28978622,0.20665083,0.033254157,0.21377672,0.27315914,0.21615202,0.1543943,0.28266033,0.20665083,0.1567696
gi|52842989,0,non-T6SE,249,0.2016129,0.21370968,0.20967742,0.27016129,0.18951613,0.17741935,0.19354839,0.24596774,0.18548387,0.26612903,0.15322581,0.21370968,0.16129032,0.040322581,0.17741935,0.28225806,0.22983871,0.16935484,0.31048387,0.18951613,0.10483871
gi|52842991,0,non-T6SE,455,0.2246696,0.20264317,0.24889868,0.33700441,0.11894273,0.16079295,0.22907489,0.22687225,0.21365639,0.33039648,0.10352423,0.17621145,0.14977974,0.030837004,0.17180617,0.21145374,0.24449339,0.17400881,0.31057269,0.18722467,0.11674009
gi|52842992,0,non-T6SE,291,0.18965517,0.23103448,0.24827586,0.32758621,0.13793103,0.17586207,0.22758621,0.25862069,0.17586207,0.29310345,0.11724138,0.19655172,0.16206897,0.031034483,0.20344828,0.2137931,0.25862069,0.19310345,0.2862069,0.16551724,0.13448276
gi|52842994,0,non-T6SE,247,0.20325203,0.25203252,0.18699187,0.20731707,0.23170732,0.21138211,0.15853659,0.28861789,0.18292683,0.20731707,0.19105691,0.25203252,0.22357724,0.036585366,0.17479675,0.24390244,0.23577236,0.11382114,0.29268293,0.21544715,0.16260163
gi|52842998,0,non-T6SE,245,0.18032787,0.28688525,0.23770492,0.30327869,0.13934426,0.22540984,0.19262295,0.31557377,0.17622951,0.2704918,0.12295082,0.24180328,0.19262295,0.020491803,0.17622951,0.23360656,0.2704918,0.13114754,0.33196721,0.19672131,0.1352459
gi|52843004,0,non-T6SE,265,0.20454545,0.21212121,0.21969697,0.25757576,0.18181818,0.17424242,0.21969697,0.25,0.18939394,0.23863636,0.14015152,0.21590909,0.14772727,0.018939394,0.17045455,0.28409091,0.1969697,0.13636364,0.3030303,0.18560606,0.11363636
gi|52843006,0,non-T6SE,668,0.23838081,0.22788606,0.1934033,0.25787106,0.18890555,0.24737631,0.18590705,0.27136432,0.20089955,0.24137931,0.16941529,0.26686657,0.2023988,0.04047976,0.2083958,0.25937031,0.22938531,0.16341829,0.28785607,0.19190405,0.17841079
gi|52843007,0,non-T6SE,426,0.21176471,0.24941176,0.16470588,0.25176471,0.12941176,0.22588235,0.14823529,0.28470588,0.17647059,0.23764706,0.10117647,0.25411765,0.17176471,0.044705882,0.20470588,0.23529412,0.18588235,0.13411765,0.32705882,0.16941176,0.13411765
gi|52843013,0,non-T6SE,287,0.21678322,0.26923077,0.2027972,0.29370629,0.15384615,0.20979021,0.2027972,0.3041958,0.18181818,0.29020979,0.12237762,0.24125874,0.14335664,0.027972028,0.22377622,0.32517483,0.24125874,0.1013986,0.34265734,0.18881119,0.14335664
gi|52843019,0,non-T6SE,295,0.25510204,0.20068027,0.19727891,0.25510204,0.17006803,0.18707483,0.16666667,0.25170068,0.23809524,0.24829932,0.14965986,0.20748299,0.19387755,0.017006803,0.22108844,0.22789116,0.28571429,0.15986395,0.28571429,0.20748299,0.17006803
gi|52843020,0,non-T6SE,555,0.23646209,0.25631769,0.21119134,0.29422383,0.13537906,0.20216606,0.17509025,0.29963899,0.21119134,0.28700361,0.11732852,0.22021661,0.13537906,0.027075812,0.20938628,0.23104693,0.22382671,0.090252708,0.32851986,0.20938628,0.16425993
gi|52843029,0,non-T6SE,126,0.24,0.216,0.32,0.368,0.208,0.2,0.304,0.264,0.24,0.36,0.152,0.256,0.168,0.008,0.136,0.312,0.2,0.184,0.28,0.184,0.176
gi|52843034,0,non-T6SE,254,0.23320158,0.24505929,0.20948617,0.24110672,0.18577075,0.26482213,0.16996047,0.33201581,0.1541502,0.21343874,0.15810277,0.29249012,0.17786561,0.063241107,0.26086957,0.256917,0.2173913,0.16996047,0.27272727,0.16205534,0.2055336
gi|52843035,0,non-T6SE,156,0.22580645,0.2,0.20645161,0.21290323,0.19354839,0.26451613,0.18709677,0.24516129,0.19354839,0.18709677,0.19354839,0.26451613,0.23225806,0.064516129,0.15483871,0.25806452,0.29032258,0.10967742,0.26451613,0.17419355,0.16129032
gi|52843038,0,non-T6SE,468,0.20342612,0.21199143,0.21199143,0.29336188,0.18201285,0.16702355,0.18843683,0.248394,0.18843683,0.29122056,0.17130621,0.17773019,0.16916488,0.014989293,0.17344754,0.248394,0.24411135,0.17558887,0.25481799,0.22698073,0.16059957
gi|52843039,0,non-T6SE,337,0.23809524,0.17857143,0.24702381,0.27083333,0.19642857,0.14583333,0.24404762,0.20535714,0.22321429,0.2797619,0.17559524,0.16666667,0.17261905,0.017857143,0.19642857,0.20238095,0.25297619,0.17261905,0.2827381,0.2202381,0.13392857
gi|52843044,0,non-T6SE,337,0.26785714,0.19047619,0.25,0.28869048,0.21130952,0.19047619,0.25,0.23214286,0.2202381,0.30059524,0.16369048,0.23809524,0.1577381,0.020833333,0.1875,0.2202381,0.23809524,0.21428571,0.24107143,0.2797619,0.2172619
gi|52843061,0,non-T6SE,725,0.21961326,0.21132597,0.2320442,0.30662983,0.15331492,0.20718232,0.2058011,0.26243094,0.19060773,0.27624309,0.12292818,0.23756906,0.17265193,0.017955801,0.1339779,0.25414365,0.24723757,0.1519337,0.27348066,0.21546961,0.15745856
gi|52843064,0,non-T6SE,256,0.14509804,0.15686275,0.34117647,0.27058824,0.23137255,0.22352941,0.3254902,0.19607843,0.1372549,0.23921569,0.16862745,0.28627451,0.12941176,0,0.10980392,0.28627451,0.22352941,0.18431373,0.21568627,0.22352941,0.08627451
gi|52843066,0,non-T6SE,764,0.19790301,0.20838794,0.27785059,0.33551769,0.14809961,0.17038008,0.25032765,0.23328965,0.1887287,0.33027523,0.12188729,0.1965924,0.15465269,0.02621232,0.20445609,0.26081258,0.22280472,0.14023591,0.2948886,0.20576671,0.11140236
gi|52843067,0,non-T6SE,175,0.22988506,0.24137931,0.16666667,0.21264368,0.14942529,0.23563218,0.13793103,0.2816092,0.18965517,0.18390805,0.13218391,0.25287356,0.22413793,0.040229885,0.21264368,0.2183908,0.2183908,0.11494253,0.31034483,0.15517241,0.16091954
gi|52843068,0,non-T6SE,336,0.22985075,0.2,0.22985075,0.26567164,0.17014925,0.21492537,0.20298507,0.25671642,0.20298507,0.24477612,0.13134328,0.25373134,0.13731343,0.011940299,0.18507463,0.25373134,0.23283582,0.16119403,0.25373134,0.24477612,0.1761194
gi|52843070,0,non-T6SE,461,0.21956522,0.19565217,0.26304348,0.32391304,0.13043478,0.1673913,0.21956522,0.23478261,0.22391304,0.30652174,0.10434783,0.19347826,0.1326087,0.019565217,0.15217391,0.23695652,0.24347826,0.15869565,0.30434783,0.23913043,0.11086957
gi|52843076,0,non-T6SE,204,0.21674877,0.18226601,0.24630542,0.34482759,0.16748768,0.19211823,0.25123153,0.22660099,0.19211823,0.33990148,0.14285714,0.21674877,0.18226601,0.044334975,0.1773399,0.21182266,0.18226601,0.18226601,0.27586207,0.20689655,0.12315271
gi|52843081,0,non-T6SE,233,0.24137931,0.1637931,0.31034483,0.34913793,0.20258621,0.10344828,0.31896552,0.20689655,0.20689655,0.36206897,0.17241379,0.13362069,0.14224138,0.012931034,0.18534483,0.23275862,0.24568966,0.18534483,0.25431034,0.25,0.15086207
gi|52843082,0,non-T6SE,497,0.23185484,0.18548387,0.22782258,0.30443548,0.16330645,0.18951613,0.20967742,0.21169355,0.21370968,0.29435484,0.125,0.22782258,0.12903226,0.02016129,0.17137097,0.23790323,0.22983871,0.14516129,0.27620968,0.22379032,0.14112903
gi|52843085,0,non-T6SE,208,0.22705314,0.2705314,0.2173913,0.29951691,0.14492754,0.2173913,0.21256039,0.31400966,0.19323671,0.27536232,0.12077295,0.24154589,0.19806763,0.024154589,0.20289855,0.30917874,0.20289855,0.17391304,0.33816425,0.17391304,0.15942029
gi|52843095,0,non-T6SE,201,0.125,0.135,0.285,0.26,0.16,0.205,0.27,0.15,0.13,0.25,0.13,0.235,0.12,0,0.05,0.26,0.23,0.09,0.135,0.25,0.125
gi|52843099,0,non-T6SE,549,0.17335766,0.24817518,0.25729927,0.28284672,0.17335766,0.22992701,0.21532847,0.29744526,0.15693431,0.25182482,0.13138686,0.27189781,0.16605839,0.038321168,0.18065693,0.24452555,0.22810219,0.14963504,0.28832117,0.20437956,0.13321168
gi|52843104,0,non-T6SE,644,0.23950233,0.19906687,0.2192846,0.24572317,0.19906687,0.18973561,0.21461897,0.25194401,0.20217729,0.24416796,0.16329705,0.22550544,0.16018663,0.032659409,0.21306376,0.22395023,0.2192846,0.19440124,0.29082426,0.19751166,0.14774495
gi|52843112,0,non-T6SE,325,0.2654321,0.18209877,0.24074074,0.28395062,0.20987654,0.19444444,0.25617284,0.24691358,0.20679012,0.24691358,0.18518519,0.2191358,0.18209877,0.021604938,0.13888889,0.24382716,0.24382716,0.18209877,0.26851852,0.18209877,0.17901235
gi|52843116,0,non-T6SE,415,0.17874396,0.16666667,0.3236715,0.34299517,0.14975845,0.18115942,0.31400966,0.18599034,0.17391304,0.33816425,0.12560386,0.20531401,0.1352657,0.024154589,0.11835749,0.23671498,0.23188406,0.1884058,0.23188406,0.23671498,0.11352657
gi|52843120,0,non-T6SE,281,0.20357143,0.22857143,0.25357143,0.27142857,0.22142857,0.18214286,0.23571429,0.275,0.2,0.27142857,0.17142857,0.23214286,0.16071429,0.017857143,0.22142857,0.20714286,0.26428571,0.17142857,0.28571429,0.23571429,0.14642857
gi|52843122,0,non-T6SE,256,0.19215686,0.26666667,0.24705882,0.30588235,0.14901961,0.16862745,0.22745098,0.30980392,0.18039216,0.28627451,0.10588235,0.21176471,0.15686275,0.015686275,0.18039216,0.25098039,0.22352941,0.17254902,0.32156863,0.22745098,0.1372549
gi|52843123,0,non-T6SE,133,0.23484848,0.23484848,0.18181818,0.31060606,0.13636364,0.20454545,0.1969697,0.28030303,0.20454545,0.29545455,0.12121212,0.21969697,0.17424242,0.022727273,0.18939394,0.24242424,0.18181818,0.18181818,0.3030303,0.21969697,0.16666667
gi|52843124,0,non-T6SE,241,0.1125,0.15,0.32916667,0.26666667,0.175,0.19583333,0.3,0.17916667,0.10833333,0.2375,0.12916667,0.24166667,0.13333333,0,0.1,0.32916667,0.1625,0.12083333,0.175,0.25,0.0875
gi|52843139,0,non-T6SE,385,0.16666667,0.22395833,0.2890625,0.28645833,0.13802083,0.23958333,0.25,0.28385417,0.1640625,0.27604167,0.1015625,0.27604167,0.15885417,0.0234375,0.15885417,0.3046875,0.171875,0.16145833,0.27604167,0.25,0.11458333
gi|52843145,0,non-T6SE,316,0.23174603,0.18095238,0.22539683,0.3047619,0.17142857,0.17460317,0.21904762,0.22539683,0.22539683,0.29206349,0.15238095,0.19365079,0.15873016,0.038095238,0.19047619,0.26349206,0.19365079,0.18730159,0.26349206,0.1968254,0.14920635
gi|52843158,0,non-T6SE,207,0.2038835,0.22330097,0.2038835,0.2815534,0.19417476,0.18932039,0.17961165,0.25728155,0.19902913,0.25728155,0.15048544,0.23300971,0.17961165,0.014563107,0.20873786,0.27184466,0.23786408,0.1407767,0.2815534,0.18932039,0.14563107
gi|52843160,0,non-T6SE,89,0.22727273,0.27272727,0.28409091,0.30681818,0.20454545,0.14772727,0.23863636,0.27272727,0.22727273,0.27272727,0.14772727,0.20454545,0.125,0.011363636,0.23863636,0.26136364,0.19318182,0.21590909,0.36363636,0.19318182,0.13636364
gi|52843167,0,non-T6SE,283,0.21631206,0.23758865,0.23404255,0.26950355,0.20921986,0.19858156,0.21985816,0.27304965,0.19503546,0.25177305,0.16312057,0.24468085,0.19148936,0.035460993,0.17730496,0.26595745,0.24113475,0.17021277,0.31560284,0.19503546,0.13829787
gi|52843179,0,non-T6SE,156,0.24516129,0.25806452,0.12903226,0.2516129,0.17419355,0.19354839,0.12903226,0.25806452,0.24516129,0.24516129,0.16774194,0.2,0.2,0.070967742,0.21290323,0.2,0.16774194,0.051612903,0.43870968,0.083870968,0.064516129
gi|52843181,0,non-T6SE,292,0.092783505,0.18213058,0.37800687,0.33333333,0.14089347,0.2233677,0.34364261,0.20962199,0.089347079,0.30927835,0.11683849,0.24742268,0.089347079,0.0068728522,0.089347079,0.27147766,0.18900344,0.18213058,0.21993127,0.29553265,0.054982818
gi|52843189,0,non-T6SE,283,0.21631206,0.15957447,0.28368794,0.32624113,0.15957447,0.19148936,0.26241135,0.18794326,0.20921986,0.31560284,0.14184397,0.20921986,0.17375887,0.024822695,0.16666667,0.23758865,0.23404255,0.17375887,0.23049645,0.22340426,0.14539007
gi|52843195,0,non-T6SE,556,0.21261261,0.18198198,0.24864865,0.29369369,0.17117117,0.19279279,0.23423423,0.22162162,0.18378378,0.27387387,0.14414414,0.21981982,0.15855856,0.030630631,0.13513514,0.22162162,0.24684685,0.16756757,0.24864865,0.24504505,0.14594595
gi|61219632,0,non-T6SE,150,0.18791946,0.22147651,0.25503356,0.23489933,0.25503356,0.16778523,0.25503356,0.23489933,0.20134228,0.24832215,0.22818792,0.19463087,0.18120805,0.020134228,0.17449664,0.24161074,0.22147651,0.17449664,0.26845638,0.25503356,0.1409396
gi|34978353,0,non-T6SE,3590,0.27277793,0.17386459,0.23098356,0.3480078,0.16299805,0.11730287,0.22541098,0.19448314,0.2638618,0.34828643,0.14655893,0.13374199,0.18333798,0.014210086,0.17748677,0.1997771,0.31011424,0.14962385,0.33156868,0.22290332,0.11507384
gi|34978358,0,non-T6SE,712,0.19971871,0.19690577,0.26863572,0.33333333,0.13783404,0.1814346,0.25738397,0.21659634,0.18284107,0.3347398,0.12236287,0.19690577,0.17158931,0.014064698,0.16315049,0.27988748,0.21659634,0.13080169,0.28973277,0.19831224,0.1068917
gi|462099,0,non-T6SE,873,0.25573394,0.16513761,0.24885321,0.31192661,0.21788991,0.13302752,0.28211009,0.19610092,0.22477064,0.31651376,0.19495413,0.1559633,0.15940367,0.013761468,0.13073394,0.21215596,0.27637615,0.20068807,0.28440367,0.25,0.13646789
gi|462082,0,non-T6SE,584,0.26243568,0.17667238,0.24528302,0.30017153,0.23156089,0.15951973,0.25900515,0.22469983,0.2212693,0.30017153,0.2109777,0.18010292,0.19725557,0.022298456,0.135506,0.19554031,0.29674099,0.19039451,0.27787307,0.23156089,0.16123499
gi|37538301,0,non-T6SE,743,0.2722372,0.17250674,0.21967655,0.26145553,0.22102426,0.1212938,0.23719677,0.21563342,0.23450135,0.28167116,0.19272237,0.14959569,0.19407008,0.021563342,0.17520216,0.21563342,0.3032345,0.17654987,0.26415094,0.25067385,0.18059299
gi|34978536,0,non-T6SE,916,0.24808743,0.14972678,0.24371585,0.32131148,0.16612022,0.12021858,0.23825137,0.17486339,0.24918033,0.31584699,0.15628415,0.13005464,0.16721311,0.0098360656,0.1431694,0.18907104,0.30819672,0.13114754,0.28415301,0.25464481,0.1136612
gi|1709465,0,non-T6SE,385,0.26041667,0.17708333,0.27083333,0.3125,0.25,0.11979167,0.31510417,0.20572917,0.2265625,0.32291667,0.23958333,0.13020833,0.140625,0.010416667,0.14583333,0.1875,0.24739583,0.2734375,0.296875,0.20572917,0.140625
gi|585615,0,non-T6SE,194,0.29015544,0.18134715,0.21761658,0.33678756,0.21243523,0.13989637,0.23316062,0.1865285,0.28497409,0.33160622,0.1761658,0.1761658,0.21761658,0.025906736,0.18134715,0.20207254,0.25388601,0.19170984,0.31606218,0.19170984,0.15544041
gi|585479,0,non-T6SE,396,0.22025316,0.16455696,0.28860759,0.29620253,0.19746835,0.15949367,0.27341772,0.19493671,0.21012658,0.32658228,0.1721519,0.18481013,0.13164557,0.010126582,0.17721519,0.20253165,0.25316456,0.14177215,0.26329114,0.26075949,0.12151899
gi|48428535,0,non-T6SE,885,0.24773756,0.17533937,0.25113122,0.26357466,0.21945701,0.17760181,0.24547511,0.22171946,0.22171946,0.26357466,0.18099548,0.21606335,0.16742081,0.027149321,0.20135747,0.22171946,0.2341629,0.16968326,0.27828054,0.22511312,0.14479638
gi|68565998,0,non-T6SE,692,0.27206946,0.19536903,0.2431259,0.26772793,0.21562952,0.16931983,0.20694645,0.2431259,0.25904486,0.276411,0.18958032,0.19536903,0.18958032,0.020260492,0.2170767,0.22575977,0.25759768,0.15050651,0.32706223,0.23154848,0.14037627
gi|41016780,0,non-T6SE,191,0.18947368,0.20526316,0.24210526,0.28421053,0.16315789,0.16842105,0.24736842,0.25263158,0.15263158,0.27894737,0.13684211,0.19473684,0.16315789,0.0052631579,0.17894737,0.27894737,0.15789474,0.19473684,0.26842105,0.22631579,0.12631579
gi|39932128,0,non-T6SE,451,0.26666667,0.15555556,0.22888889,0.29777778,0.20222222,0.14666667,0.22666667,0.18444444,0.25555556,0.28,0.18,0.16888889,0.17111111,0.037777778,0.17555556,0.19555556,0.26666667,0.12,0.29777778,0.19333333,0.12444444
gi|46576492,0,non-T6SE,707,0.24220963,0.21104816,0.21813031,0.28470255,0.18696884,0.16572238,0.21671388,0.24645892,0.22379603,0.26062323,0.16572238,0.18696884,0.18413598,0.042492918,0.21813031,0.24504249,0.24645892,0.16005666,0.30594901,0.19688385,0.14730878
gi|1262291,0,non-T6SE,782,0.24327785,0.20486556,0.22279129,0.26632522,0.21766965,0.16901408,0.23431498,0.2368758,0.21382843,0.27528809,0.19078105,0.19590269,0.19078105,0.021766965,0.19334187,0.24583867,0.24199744,0.21126761,0.32010243,0.2240717,0.12804097
gi|61220326,0,non-T6SE,499,0.27911647,0.1686747,0.21084337,0.26907631,0.2248996,0.1746988,0.21285141,0.22690763,0.25702811,0.24297189,0.19076305,0.20883534,0.16465863,0.040160643,0.18273092,0.21686747,0.24096386,0.19678715,0.27108434,0.22289157,0.17670683
gi|61229444,0,non-T6SE,126,0.208,0.192,0.248,0.32,0.104,0.128,0.224,0.2,0.216,0.368,0.104,0.128,0.136,0.008,0.12,0.232,0.208,0.2,0.248,0.24,0.152
gi|61229448,0,non-T6SE,177,0.25568182,0.13636364,0.25568182,0.38636364,0.125,0.056818182,0.26136364,0.15340909,0.23863636,0.44886364,0.10795455,0.073863636,0.10795455,0,0.079545455,0.18181818,0.36363636,0.17045455,0.27840909,0.28977273,0.11363636
gi|91208178,0,non-T6SE,369,0.20380435,0.25815217,0.23913043,0.26902174,0.22826087,0.17663043,0.23097826,0.29347826,0.20652174,0.27717391,0.19293478,0.21195652,0.17119565,0.051630435,0.22554348,0.24728261,0.24728261,0.16032609,0.30706522,0.18478261,0.1548913
gi|3914201,0,non-T6SE,213,0.22169811,0.20283019,0.25,0.25943396,0.23113208,0.16509434,0.29245283,0.24528302,0.17924528,0.24056604,0.21226415,0.18396226,0.20754717,0.0094339623,0.16981132,0.25943396,0.27358491,0.22641509,0.29245283,0.21226415,0.13207547
gi|38258390,0,non-T6SE,506,0.23168317,0.21584158,0.24554455,0.3009901,0.21584158,0.17425743,0.22772277,0.24950495,0.21782178,0.31683168,0.18811881,0.2019802,0.16633663,0.03960396,0.19009901,0.1980198,0.27128713,0.15841584,0.31683168,0.1960396,0.13069307
gi|27805741,0,non-T6SE,551,0.25818182,0.18181818,0.25272727,0.29818182,0.23090909,0.16727273,0.24545455,0.22545455,0.21818182,0.28,0.19818182,0.2,0.18727273,0.02,0.20181818,0.26363636,0.21636364,0.17272727,0.27454545,0.24363636,0.16545455
gi|13431457,0,non-T6SE,656,0.25343511,0.21526718,0.18625954,0.32061069,0.16793893,0.15572519,0.17709924,0.23358779,0.24122137,0.31908397,0.15725191,0.16641221,0.17099237,0.06259542,0.23969466,0.24427481,0.2778626,0.12519084,0.35419847,0.17099237,0.11450382
gi|11387189,0,non-T6SE,319,0.1918239,0.25471698,0.22327044,0.27672956,0.18553459,0.22012579,0.2327044,0.28930818,0.18238994,0.2672956,0.15408805,0.25157233,0.12893082,0.022012579,0.20440252,0.26100629,0.20125786,0.1509434,0.32075472,0.20440252,0.12578616
gi|39932160,0,non-T6SE,592,0.24365482,0.20642978,0.21658206,0.28764805,0.18950931,0.20981387,0.19966159,0.26395939,0.22335025,0.27918782,0.17089679,0.2284264,0.17258883,0.030456853,0.18950931,0.23857868,0.26565144,0.12690355,0.31133672,0.20304569,0.13874788
gi|2501392,0,non-T6SE,326,0.10153846,0.12,0.38461538,0.4,0.098461538,0.15076923,0.38153846,0.14153846,0.092307692,0.35384615,0.083076923,0.16615385,0.10153846,0.0030769231,0.064615385,0.26769231,0.25230769,0.14153846,0.15076923,0.25230769,0.070769231
gi|8472786,0,non-T6SE,450,0.19153675,0.24721604,0.22717149,0.26280624,0.19153675,0.20712695,0.24053452,0.27394209,0.17371938,0.25612472,0.1714922,0.22717149,0.18930958,0.037861915,0.19821826,0.24498886,0.25612472,0.13363029,0.30512249,0.17594655,0.13363029
gi|20137257,0,non-T6SE,96,0.24210526,0.21052632,0.28421053,0.31578947,0.23157895,0.18947368,0.26315789,0.23157895,0.24210526,0.32631579,0.22105263,0.2,0.25263158,0.031578947,0.13684211,0.22105263,0.26315789,0.11578947,0.32631579,0.17894737,0.12631579
gi|137069,0,non-T6SE,238,0.22362869,0.2278481,0.21518987,0.26160338,0.19409283,0.23206751,0.17299578,0.27848101,0.22362869,0.26582278,0.17299578,0.25316456,0.21518987,0.054852321,0.21940928,0.24894515,0.20675105,0.15611814,0.35021097,0.20675105,0.10126582
gi|2506399,0,non-T6SE,167,0.22891566,0.21686747,0.19879518,0.21084337,0.20481928,0.25903614,0.15662651,0.24698795,0.1746988,0.19879518,0.19277108,0.27108434,0.12650602,0.030120482,0.23493976,0.24698795,0.28915663,0.12650602,0.27108434,0.18674699,0.1746988
gi|2497283,0,non-T6SE,203,0.27227723,0.25742574,0.11386139,0.25247525,0.15841584,0.26237624,0.099009901,0.3019802,0.23762376,0.21782178,0.12376238,0.2970297,0.28712871,0.059405941,0.19306931,0.27722772,0.28217822,0.10891089,0.36138614,0.11386139,0.16831683
gi|2494278,0,non-T6SE,355,0.21186441,0.26553672,0.20621469,0.27683616,0.19774011,0.19774011,0.18644068,0.29096045,0.22033898,0.29378531,0.17514124,0.22033898,0.20621469,0.04519774,0.23728814,0.26271186,0.22881356,0.11581921,0.36158192,0.14124294,0.11581921
gi|2499849,0,non-T6SE,835,0.20263789,0.22901679,0.19304556,0.28057554,0.17026379,0.22422062,0.1882494,0.26258993,0.17865707,0.26738609,0.14508393,0.24940048,0.20143885,0.06235012,0.20863309,0.26498801,0.24580336,0.13309353,0.29256595,0.17386091,0.13908873
gi|2494256,0,non-T6SE,399,0.21105528,0.19849246,0.23115578,0.27135678,0.17085427,0.19849246,0.20854271,0.2361809,0.20351759,0.27638191,0.13567839,0.23366834,0.16331658,0.047738693,0.22613065,0.24623116,0.2160804,0.18090452,0.27386935,0.23869347,0.13567839
gi|57014162,0,non-T6SE,569,0.24823944,0.17429577,0.24823944,0.30105634,0.19190141,0.17429577,0.22711268,0.22359155,0.2306338,0.30809859,0.18133803,0.18485915,0.14612676,0.033450704,0.19190141,0.2306338,0.26056338,0.17957746,0.26760563,0.2165493,0.15492958
gi|2507531,0,non-T6SE,195,0.10824742,0.12886598,0.3556701,0.31443299,0.19072165,0.16494845,0.3556701,0.14948454,0.10824742,0.31958763,0.16494845,0.19072165,0.06185567,0,0.10309278,0.30412371,0.18556701,0.22680412,0.15979381,0.25773196,0.077319588
gi|39932098,0,non-T6SE,518,0.21083172,0.24758221,0.21470019,0.28433269,0.18375242,0.23597679,0.19922631,0.2901354,0.18762089,0.27659574,0.16441006,0.25531915,0.18762089,0.02901354,0.20696325,0.26499033,0.24758221,0.15667311,0.31334623,0.17794971,0.1450677
gi|41018183,0,non-T6SE,892,0.22783389,0.2379349,0.20987654,0.2704826,0.19640853,0.20650954,0.19753086,0.26823793,0.21324355,0.26150393,0.17845118,0.22446689,0.18294052,0.039281706,0.20314254,0.25476992,0.24130191,0.14478114,0.332211,0.18406285,0.1335578
gi|11135458,0,non-T6SE,701,0.18714286,0.24428571,0.22428571,0.26142857,0.17285714,0.23714286,0.20285714,0.28,0.16285714,0.25428571,0.15428571,0.25571429,0.17857143,0.052857143,0.20714286,0.26,0.24714286,0.13285714,0.30571429,0.16142857,0.12571429
gi|12229872,0,non-T6SE,257,0.2421875,0.19921875,0.1875,0.265625,0.171875,0.20703125,0.1953125,0.23046875,0.234375,0.24609375,0.14453125,0.234375,0.21484375,0.01171875,0.1953125,0.2578125,0.265625,0.1484375,0.25390625,0.20703125,0.1875
gi|11386759,0,non-T6SE,443,0.13348416,0.10180995,0.34162896,0.31674208,0.1719457,0.17873303,0.33710407,0.12443439,0.1199095,0.30769231,0.14479638,0.20588235,0.095022624,0.013574661,0.081447964,0.29411765,0.22171946,0.16742081,0.13574661,0.28280543,0.099547511
gi|11386871,0,non-T6SE,481,0.23333333,0.22916667,0.225,0.25,0.22291667,0.22083333,0.22291667,0.26875,0.21875,0.26041667,0.17291667,0.27083333,0.18333333,0.025,0.225,0.26875,0.25,0.17916667,0.3,0.20208333,0.1625
gi|11387015,0,non-T6SE,237,0.12711864,0.16949153,0.30084746,0.27118644,0.13983051,0.27966102,0.29237288,0.19491525,0.11016949,0.24576271,0.11440678,0.30508475,0.13983051,0.0042372881,0.080508475,0.30508475,0.1779661,0.21186441,0.21186441,0.23305085,0.084745763
gi|7388358,0,non-T6SE,170,0.21893491,0.31952663,0.20710059,0.31360947,0.15976331,0.24260355,0.18343195,0.34319527,0.21893491,0.30177515,0.12426036,0.27810651,0.22485207,0.065088757,0.21893491,0.30177515,0.25443787,0.12426036,0.3964497,0.12426036,0.14201183
gi|511474,0,non-T6SE,414,0.26634383,0.20581114,0.24213075,0.30992736,0.18401937,0.18159806,0.24455206,0.24697337,0.23002421,0.27360775,0.17675545,0.18886199,0.17191283,0.016949153,0.14769976,0.25423729,0.23486683,0.10411622,0.31961259,0.23244552,0.15254237
gi|58200461,0,non-T6SE,433,0.20833333,0.18981481,0.22916667,0.23611111,0.18287037,0.24074074,0.20138889,0.25462963,0.15740741,0.22916667,0.14351852,0.28009259,0.14583333,0.020833333,0.17824074,0.27083333,0.22453704,0.17824074,0.24768519,0.21759259,0.15046296
gi|1706524,0,non-T6SE,204,0.19704433,0.20689655,0.23152709,0.23152709,0.26600985,0.18226601,0.2364532,0.25123153,0.18226601,0.21182266,0.2364532,0.21182266,0.17241379,0.044334975,0.13300493,0.2955665,0.24630542,0.14778325,0.2364532,0.24137931,0.16748768
gi|30581027,0,non-T6SE,233,0.25,0.22844828,0.22413793,0.28448276,0.1637931,0.19396552,0.19396552,0.25,0.24568966,0.27155172,0.13362069,0.22413793,0.17672414,0.030172414,0.21982759,0.17241379,0.26724138,0.10344828,0.35344828,0.1637931,0.125
gi|1706429,0,non-T6SE,113,0.089285714,0.11607143,0.30357143,0.21428571,0.23214286,0.28571429,0.28571429,0.16964286,0.10714286,0.16964286,0.20535714,0.3125,0.13392857,0.017857143,0.071428571,0.33928571,0.10714286,0.16071429,0.125,0.28571429,0.080357143
gi|266440,0,non-T6SE,422,0.2304038,0.21377672,0.22090261,0.28266033,0.19239905,0.14251781,0.21377672,0.23990499,0.20427553,0.28741093,0.16864608,0.16627078,0.14251781,0.023752969,0.20427553,0.23752969,0.20427553,0.19477435,0.31353919,0.22327791,0.13064133
gi|51338788,0,non-T6SE,267,0.18796992,0.27067669,0.19172932,0.20676692,0.20300752,0.19924812,0.16917293,0.29323308,0.18796992,0.19924812,0.17293233,0.22932331,0.21804511,0.045112782,0.19548872,0.2481203,0.2406015,0.12781955,0.33834586,0.17669173,0.12030075
gi|1346009,0,non-T6SE,539,0.12639405,0.10594796,0.38289963,0.26022305,0.2267658,0.19888476,0.35315985,0.15055762,0.12267658,0.26208178,0.19888476,0.2267658,0.081784387,0.014869888,0.065055762,0.28438662,0.18401487,0.17657993,0.14684015,0.31784387,0.085501859
gi|61229375,0,non-T6SE,276,0.22545455,0.2,0.26181818,0.34181818,0.17454545,0.12727273,0.28,0.21818182,0.2,0.34545455,0.14909091,0.15272727,0.16,0.021818182,0.18909091,0.22545455,0.22545455,0.18181818,0.32,0.21090909,0.10545455
gi|1706206,0,non-T6SE,354,0.22096317,0.19546742,0.2266289,0.28611898,0.19546742,0.14447592,0.26062323,0.22379603,0.19263456,0.2917847,0.17847025,0.16147309,0.16997167,0.031161473,0.18413598,0.22096317,0.2266289,0.20963173,0.28328612,0.22096317,0.13314448
gi|30316251,0,non-T6SE,807,0.2382134,0.21091811,0.25434243,0.31513648,0.19478908,0.13399504,0.24441687,0.23076923,0.23076923,0.31885856,0.16129032,0.1674938,0.18486352,0.026054591,0.21960298,0.21836228,0.26799007,0.18362283,0.32754342,0.21960298,0.12158809
gi|7531062,0,non-T6SE,351,0.24857143,0.18285714,0.24285714,0.27428571,0.19142857,0.13142857,0.23714286,0.2,0.23142857,0.28285714,0.14857143,0.17428571,0.19142857,0.025714286,0.17714286,0.21142857,0.27714286,0.12571429,0.29428571,0.19714286,0.13714286
gi|22654115,0,non-T6SE,667,0.22522523,0.2042042,0.23573574,0.26276276,0.2012012,0.19069069,0.21321321,0.24774775,0.21171171,0.25525526,0.17567568,0.21621622,0.17267267,0.043543544,0.21171171,0.26276276,0.22972973,0.13663664,0.28828829,0.21771772,0.14114114
gi|32130126,0,non-T6SE,507,0.27272727,0.21541502,0.2055336,0.29841897,0.18379447,0.1798419,0.20750988,0.25296443,0.23517787,0.2944664,0.16798419,0.19565217,0.20158103,0.033596838,0.2312253,0.22529644,0.27272727,0.1541502,0.36956522,0.17588933,0.11857708
gi|20141429,0,non-T6SE,321,0.2125,0.21875,0.271875,0.340625,0.14375,0.196875,0.25,0.240625,0.209375,0.35625,0.128125,0.2125,0.175,0.0125,0.19375,0.2375,0.234375,0.19375,0.29375,0.246875,0.1375
