id,label,class,length,PHYSCHEM_Charged,PHYSCHEM_Aliphatic,PHYSCHEM_Aromatic,PHYSCHEM_Polar,PHYSCHEM_Neutral,PHYSCHEM_Hydrophobic,PHYSCHEM_PositiveCharged,PHYSCHEM_NegativeCharged,PHYSCHEM_Tiny,PHYSCHEM_Small,PHYSCHEM_Large,PHYSCHEM_Transmembrane,PHYSCHEM_Dipole_lt1,PHYSCHEM_Dipole_1_2,PHYSCHEM_Dipole_2_3,PHYSCHEM_Dipole_gt3,PHYSCHEM_Dipole_gt3_opposite
gi|77358963,1,T6SE,169,0.28994083,0.18343195,0.1183432,0.31360947,0.4260355,0.26035503,0.14792899,0.14201183,0.36686391,0.52071006,0.11242604,0.26035503,0.43786982,0.20710059,0.10059172,0.11242604,0.14201183
gi|9948776,1,T6SE,158,0.29113924,0.1835443,0.11392405,0.32911392,0.42405063,0.24683544,0.15189873,0.13924051,0.36708861,0.4556962,0.17721519,0.28481013,0.47468354,0.17088608,0.082278481,0.13291139,0.13924051
gi|32261790,1,T6SE,169,0.23076923,0.20710059,0.11242604,0.31360947,0.40828402,0.27810651,0.1183432,0.11242604,0.36094675,0.5147929,0.12426036,0.27810651,0.42011834,0.20710059,0.17159763,0.082840237,0.11242604
gi|49080696,1,T6SE,163,0.23312883,0.19018405,0.085889571,0.3190184,0.40490798,0.27607362,0.12269939,0.11042945,0.39877301,0.51533742,0.085889571,0.25766871,0.43558282,0.20245399,0.14110429,0.10429448,0.11042945
gi|32261789,1,T6SE,932,0.21030043,0.21995708,0.11266094,0.32188841,0.40450644,0.27360515,0.10944206,0.10085837,0.34227468,0.56330472,0.094420601,0.28004292,0.39377682,0.24034335,0.18669528,0.071888412,0.10085837
gi|66967748,1,T6SE,659,0.23216995,0.15933232,0.081942337,0.25189681,0.53110774,0.21699545,0.15022762,0.081942337,0.44157815,0.39757208,0.16084977,0.32169954,0.49924127,0.20485584,0.083459788,0.1198786,0.081942337
gi|15600791,1,T6SE,1085,0.23317972,0.21105991,0.10875576,0.32442396,0.37880184,0.29677419,0.12442396,0.10875576,0.34193548,0.53364055,0.12442396,0.3078341,0.44608295,0.17880184,0.15576037,0.10322581,0.10875576
gi|15600889,1,T6SE,227,0.22026432,0.21585903,0.066079295,0.2907489,0.39647577,0.31277533,0.10132159,0.11894273,0.38325991,0.4845815,0.13215859,0.34801762,0.49779736,0.15418502,0.11894273,0.088105727,0.11894273
gi|237861353,1,T6SE,185,0.18378378,0.22162162,0.12432432,0.23783784,0.43783784,0.32432432,0.11891892,0.064864865,0.35135135,0.50810811,0.14054054,0.26486486,0.48648649,0.21621622,0.14054054,0.091891892,0.064864865
gi|83654653,1,T6SE,146,0.16438356,0.17808219,0.11643836,0.23972603,0.5,0.26027397,0.11643836,0.047945205,0.41780822,0.43835616,0.14383562,0.2739726,0.49315068,0.19863014,0.1369863,0.095890411,0.047945205
gi|83650570,1,T6SE,926,0.2462203,0.19978402,0.084233261,0.30885529,0.42980562,0.26133909,0.13066955,0.11555076,0.41684665,0.45788337,0.12526998,0.325054,0.50647948,0.1349892,0.13282937,0.10043197,0.11555076
gi|83653954,1,T6SE,1111,0.24752475,0.19981998,0.099009901,0.29522952,0.44284428,0.26192619,0.12511251,0.12241224,0.40324032,0.45544554,0.14131413,0.31323132,0.49414941,0.16831683,0.11611161,0.095409541,0.12241224
gi|83652307,1,T6SE,942,0.21549894,0.16242038,0.09447983,0.27070064,0.50636943,0.22292994,0.12314225,0.092356688,0.46496815,0.40764331,0.12738854,0.33545648,0.52016985,0.15180467,0.14437367,0.088110403,0.092356688
gi|83652651,1,T6SE,932,0.21244635,0.19098712,0.089055794,0.26609442,0.48390558,0.25,0.11373391,0.098712446,0.46244635,0.40987124,0.1276824,0.33798283,0.52682403,0.15879828,0.12553648,0.083690987,0.098712446
gi|83655353,1,T6SE,174,0.17241379,0.18390805,0.10344828,0.24712644,0.45402299,0.29885057,0.097701149,0.074712644,0.43103448,0.43103448,0.13793103,0.32183908,0.48850575,0.22413793,0.1091954,0.086206897,0.074712644
gi|83650739,1,T6SE,230,0.10434783,0.2,0.15217391,0.19565217,0.50434783,0.3,0.052173913,0.052173913,0.36521739,0.46956522,0.16521739,0.27826087,0.55217391,0.20869565,0.13043478,0.047826087,0.052173913
gi|83654886,1,T6SE,800,0.2725,0.18375,0.11,0.3225,0.3975,0.28,0.15,0.1225,0.37875,0.45875,0.1625,0.29875,0.47625,0.14625,0.1175,0.12875,0.1225
gi|83653368,1,T6SE,728,0.27197802,0.17582418,0.10027473,0.33791209,0.39972527,0.26236264,0.15247253,0.11950549,0.37087912,0.48076923,0.14835165,0.26510989,0.44368132,0.1717033,0.12774725,0.12774725,0.11950549
gi|83654025,1,T6SE,1007,0.2591857,0.19860973,0.099304866,0.32274081,0.39126117,0.28599801,0.14597815,0.11320755,0.37537239,0.4816286,0.14299901,0.32770606,0.48460775,0.1509434,0.10923535,0.13306852,0.11320755
gi|28872543,1,T6SE,172,0.25,0.1744186,0.13372093,0.27906977,0.47093023,0.25,0.12790698,0.12209302,0.40697674,0.47093023,0.12209302,0.25,0.40116279,0.25,0.13953488,0.081395349,0.12209302
gi|15597881,1,T6SE,726,0.26584022,0.19834711,0.12258953,0.32369146,0.3953168,0.28099174,0.13911846,0.12672176,0.3415978,0.49311295,0.16528926,0.25895317,0.43112948,0.18181818,0.14325069,0.1046832,0.12672176
gi|154353564,1,T6SE,305,0.26229508,0.23934426,0.055737705,0.32786885,0.38360656,0.28852459,0.1442623,0.11803279,0.38688525,0.56065574,0.052459016,0.36065574,0.49508197,0.14754098,0.1147541,0.12131148,0.11803279
gi|40287638,1,T6SE,163,0.24539877,0.15337423,0.11656442,0.31288344,0.39877301,0.28834356,0.12269939,0.12269939,0.42331288,0.4601227,0.11656442,0.2392638,0.41104294,0.20245399,0.12269939,0.11042945,0.12269939
tr|H9L4Q3|Hcp,1,T6SE,172,0.25,0.18604651,0.11627907,0.30813953,0.40697674,0.28488372,0.12209302,0.12790698,0.37790698,0.51744186,0.10465116,0.24418605,0.40697674,0.20930233,0.14534884,0.087209302,0.12790698
gi|15600894,1,T6SE,1017,0.26450344,0.20550639,0.11602753,0.33431662,0.39233038,0.273353,0.13864307,0.12586037,0.35299902,0.51720747,0.12979351,0.2920354,0.44346116,0.16715831,0.15142576,0.10422812,0.12586037
gi|9655913,1,T6SE,1163,0.23903697,0.19432502,0.12037833,0.31728289,0.41788478,0.26483233,0.12639725,0.11263972,0.33533964,0.54514187,0.11951849,0.28030954,0.44969905,0.17798796,0.16509028,0.089423904,0.11263972
gi|56708403,1,T6SE,164,0.26219512,0.27439024,0.018292683,0.3597561,0.33536585,0.30487805,0.12195122,0.1402439,0.40243902,0.59146341,0.006097561,0.34146341,0.39634146,0.22560976,0.12195122,0.1097561,0.1402439
gi|56708408,1,T6SE,383,0.2689295,0.25065274,0.10182768,0.42558747,0.24804178,0.32637076,0.11749347,0.15143603,0.25587467,0.63446475,0.10966057,0.27937337,0.36292428,0.19843342,0.17232376,0.11227154,0.15143603
gi|284924280,1,T6SE,168,0.28571429,0.22619048,0.11309524,0.33333333,0.33928571,0.32738095,0.14880952,0.13690476,0.32142857,0.55952381,0.11904762,0.26190476,0.41666667,0.20833333,0.10714286,0.11904762,0.13690476
gi|284924250,1,T6SE,163,0.3006135,0.20858896,0.14110429,0.34969325,0.37423313,0.27607362,0.15337423,0.14723926,0.3190184,0.55214724,0.12883436,0.26380368,0.3803681,0.20245399,0.14723926,0.11656442,0.14723926
gi|15890638,1,T6SE,158,0.2278481,0.1835443,0.094936709,0.29113924,0.4556962,0.25316456,0.10759494,0.12025316,0.41139241,0.48734177,0.10126582,0.27848101,0.39240506,0.2721519,0.12658228,0.082278481,0.12025316
gi|49612877,1,T6SE,678,0.26253687,0.18141593,0.12536873,0.30825959,0.42920354,0.26253687,0.13569322,0.12684366,0.37905605,0.46165192,0.15929204,0.26548673,0.45722714,0.18436578,0.12094395,0.10324484,0.12684366
gi|49612878,1,T6SE,172,0.24418605,0.19767442,0.12209302,0.27906977,0.43023256,0.29069767,0.11627907,0.12790698,0.37790698,0.51162791,0.11046512,0.25,0.4127907,0.23837209,0.12209302,0.081395349,0.12790698
gi|158512116,1,T6SE,661,0.25718608,0.21028744,0.11043873,0.31316188,0.397882,0.28895613,0.14220877,0.11497731,0.36006051,0.49621785,0.14372163,0.28895613,0.44175492,0.18154312,0.13918306,0.10892587,0.11497731
gi|169752312,1,T6SE,172,0.22093023,0.20348837,0.11046512,0.31976744,0.34883721,0.33139535,0.10465116,0.11627907,0.35465116,0.51744186,0.12790698,0.27906977,0.48255814,0.14534884,0.14534884,0.093023256,0.11627907
gi|110277123,1,T6SE,172,0.22674419,0.19186047,0.12209302,0.28488372,0.4127907,0.30232558,0.11046512,0.11627907,0.37209302,0.51744186,0.11046512,0.26744186,0.44186047,0.20348837,0.14534884,0.075581395,0.11627907
gi|251753421,1,T6SE,159,0.22012579,0.22012579,0.11949686,0.29559748,0.40880503,0.29559748,0.11320755,0.10691824,0.35220126,0.53459119,0.11320755,0.25786164,0.35849057,0.28301887,0.16352201,0.06918239,0.10691824
tr|A0KHA9|Rhs,1,T6SE,927,0.26429342,0.18878101,0.11003236,0.31067961,0.42502697,0.26429342,0.13592233,0.12837109,0.35598706,0.50593312,0.13807983,0.28047465,0.4811219,0.1596548,0.11866235,0.10571737,0.12837109
gi|110277142,1,T6SE,682,0.27859238,0.20087977,0.1202346,0.3372434,0.38416422,0.27859238,0.14369501,0.13489736,0.33577713,0.52052786,0.14369501,0.28152493,0.47067449,0.13489736,0.14222874,0.1085044,0.13489736
gi|225382164,1,T6SE,172,0.27906977,0.20348837,0.11046512,0.3372093,0.38953488,0.27325581,0.13953488,0.13953488,0.34883721,0.51744186,0.13372093,0.27325581,0.40116279,0.19186047,0.15116279,0.098837209,0.13953488
gi|68347098,1,T6SE,123,0.22764228,0.14634146,0.18699187,0.21138211,0.55284553,0.23577236,0.17886179,0.048780488,0.3902439,0.47154472,0.13821138,0.27642276,0.50406504,0.17073171,0.17886179,0.089430894,0.048780488
gi|282949892,1,T6SE,161,0.27950311,0.1863354,0.11180124,0.32298137,0.39751553,0.27950311,0.13664596,0.14285714,0.40993789,0.45962733,0.13043478,0.26708075,0.40372671,0.22360248,0.10559006,0.11180124,0.14285714
gi|169752307,1,T6SE,782,0.19948849,0.18542199,0.1112532,0.2685422,0.45524297,0.27621483,0.094629156,0.10485934,0.4398977,0.41943734,0.14066496,0.22762148,0.39130435,0.29539642,0.12404092,0.072890026,0.10485934
gi|15641429,1,T6SE,641,0.25897036,0.21372855,0.11232449,0.33697348,0.37129485,0.29173167,0.12636505,0.1326053,0.3400936,0.53198128,0.12792512,0.28861154,0.4149766,0.2074883,0.13728549,0.10140406,0.1326053
gi|126387226,1,T6SE,167,0.28742515,0.17365269,0.13772455,0.33532934,0.41317365,0.25149701,0.15568862,0.13173653,0.37724551,0.47904192,0.14371257,0.25748503,0.37724551,0.22155689,0.13772455,0.1257485,0.13173653
gi|9949632,1,T6SE,1099,0.23748863,0.21747043,0.096451319,0.31938126,0.37852593,0.30209281,0.12465878,0.11282985,0.33303003,0.5177434,0.14922657,0.31483167,0.48043676,0.15195632,0.14376706,0.10464058,0.11282985
gi|159186127,1,T6SE,166,0.18072289,0.1686747,0.13855422,0.25903614,0.48192771,0.25903614,0.11445783,0.06626506,0.37951807,0.43975904,0.18072289,0.24096386,0.44578313,0.23493976,0.14457831,0.090361446,0.06626506
gi|68344701,1,T6SE,177,0.18079096,0.18079096,0.09039548,0.28248588,0.4519774,0.26553672,0.11299435,0.06779661,0.42372881,0.43502825,0.14124294,0.33333333,0.51412429,0.17514124,0.12429379,0.10169492,0.06779661
gi|529189693,1,T6SE,1034,0.23791103,0.23210832,0.13539652,0.34042553,0.33945841,0.32011605,0.12959381,0.10831721,0.28529981,0.5754352,0.13926499,0.28626692,0.42359768,0.19825919,0.15473888,0.10928433,0.10831721
gi|529189690,1,T6SE,172,0.22093023,0.18604651,0.12209302,0.27906977,0.43604651,0.28488372,0.11046512,0.11046512,0.38372093,0.5,0.11627907,0.27906977,0.44767442,0.20348837,0.14534884,0.075581395,0.11046512
gi|529189691,1,T6SE,723,0.26970954,0.19087137,0.12448133,0.35131397,0.38035961,0.26832642,0.13969571,0.13001383,0.34716459,0.52143845,0.13139696,0.24343015,0.395574,0.18257261,0.18257261,0.096818811,0.13001383
gi|529187559,1,T6SE,730,0.23150685,0.18356164,0.12191781,0.30821918,0.41232877,0.27945205,0.11780822,0.11369863,0.37945205,0.49452055,0.1260274,0.25342466,0.43972603,0.19178082,0.16164384,0.082191781,0.11369863
gi|15595291,1,T6SE,430,0.1744186,0.20930233,0.086046512,0.23953488,0.46976744,0.29069767,0.097674419,0.076744186,0.42093023,0.45813953,0.12093023,0.35116279,0.57209302,0.15813953,0.10465116,0.08372093,0.076744186
gi|15597880,1,T6SE,1317,0.28853455,0.18375095,0.11009871,0.32801822,0.42596811,0.24601367,0.15034169,0.13819286,0.39331815,0.40774487,0.19893698,0.29688686,0.48139711,0.13819286,0.1055429,0.12756264,0.13819286
gi|15597970,1,T6SE,195,0.11282051,0.24615385,0.061538462,0.15897436,0.51794872,0.32307692,0.066666667,0.046153846,0.47692308,0.41538462,0.10769231,0.37435897,0.65128205,0.17948718,0.051282051,0.066666667,0.046153846
gi|15600282,1,T6SE,745,0.27516779,0.19731544,0.10067114,0.35033557,0.38255034,0.26711409,0.15033557,0.12483221,0.33557047,0.50738255,0.15704698,0.29261745,0.4590604,0.14362416,0.14630872,0.12483221,0.12483221
gi|28901118,1,T6SE,869,0.2589183,0.19792865,0.10932106,0.34177215,0.38780207,0.27042578,0.11047181,0.14844649,0.34982739,0.52474108,0.12543153,0.27963176,0.43613349,0.17376295,0.1438435,0.087456847,0.14844649
gi|28898162,1,T6SE,588,0.27380952,0.21768707,0.098639456,0.34353741,0.37244898,0.28401361,0.14115646,0.13265306,0.32312925,0.55102041,0.12585034,0.27210884,0.41156463,0.20238095,0.11904762,0.12414966,0.13265306
gi|28898189,1,T6SE,734,0.27792916,0.1893733,0.091280654,0.34196185,0.3746594,0.28337875,0.15122616,0.126703,0.39645777,0.49318801,0.11035422,0.26294278,0.4359673,0.17711172,0.10490463,0.13760218,0.126703
gi|91190981,1,T6SE,888,0.25675676,0.20833333,0.12837838,0.32995495,0.38626126,0.28378378,0.11936937,0.13738739,0.33333333,0.53265766,0.13400901,0.27364865,0.43468468,0.18468468,0.14189189,0.093468468,0.13738739
gi|15891300,1,T6SE,526,0.24334601,0.1730038,0.072243346,0.32129278,0.43536122,0.24334601,0.12927757,0.11406844,0.3878327,0.49619772,0.11596958,0.26996198,0.46577947,0.17110266,0.12547529,0.10836502,0.11406844
gi|15890633,1,T6SE,278,0.31294964,0.12589928,0.043165468,0.39568345,0.42446043,0.17985612,0.14748201,0.16546763,0.45323741,0.44604317,0.10071942,0.24820144,0.42086331,0.15107914,0.10791367,0.14028777,0.16546763
gi|146301001,1,T6SE,550,0.28363636,0.18181818,0.13272727,0.36727273,0.37272727,0.26,0.14363636,0.14,0.34909091,0.50545455,0.14545455,0.22545455,0.37818182,0.21272727,0.13636364,0.12727273,0.14
gi|146301018,1,T6SE,910,0.30769231,0.2021978,0.11868132,0.37692308,0.35274725,0.27032967,0.17692308,0.13076923,0.31538462,0.55714286,0.12747253,0.25384615,0.41208791,0.16263736,0.13406593,0.15054945,0.13076923
gi|146301004,1,T6SE,602,0.22425249,0.19435216,0.12624585,0.31395349,0.410299,0.27574751,0.11627907,0.10797342,0.37043189,0.51162791,0.1179402,0.27076412,0.4269103,0.22093023,0.15780731,0.084717608,0.10797342
gi|146301006,1,T6SE,128,0.28125,0.1640625,0.1171875,0.34375,0.3671875,0.2890625,0.1328125,0.1484375,0.3671875,0.4765625,0.15625,0.21875,0.3671875,0.265625,0.09375,0.125,0.1484375
gi|296101929,1,T6SE,1462,0.27564979,0.17578659,0.11764706,0.32831737,0.42407661,0.24760602,0.13816689,0.1374829,0.39261286,0.43365253,0.17373461,0.26333789,0.43433653,0.17783858,0.13064295,0.1121751,0.1374829
gi|296103479,1,T6SE,1418,0.26163611,0.18617772,0.11847673,0.3180536,0.42313117,0.25881523,0.13399154,0.12764457,0.39985896,0.41325811,0.18688293,0.27291961,0.44217207,0.17912553,0.12976023,0.11071932,0.12764457
gi|83717090,1,T6SE,1012,0.26976285,0.19762846,0.098814229,0.2944664,0.43972332,0.26581028,0.15612648,0.11363636,0.42193676,0.43577075,0.14229249,0.33992095,0.50395257,0.15711462,0.090909091,0.12648221,0.11363636
gi|83716550,1,T6SE,162,0.27160494,0.21604938,0.098765432,0.30864198,0.39506173,0.2962963,0.13580247,0.13580247,0.32098765,0.58641975,0.092592593,0.25308642,0.39506173,0.22839506,0.11728395,0.10493827,0.13580247
gi|300698040,1,T6SE,708,0.25847458,0.16101695,0.12853107,0.29519774,0.44774011,0.25706215,0.1539548,0.10451977,0.40536723,0.42655367,0.1680791,0.28389831,0.46610169,0.17090395,0.1299435,0.11864407,0.10451977
gi|384418314,1,T6SE,730,0.27260274,0.1890411,0.1,0.33835616,0.38219178,0.27945205,0.14657534,0.1260274,0.37808219,0.45890411,0.1630137,0.30821918,0.46712329,0.14109589,0.12739726,0.12739726,0.1260274
gi|157370037,1,T6SE,815,0.23680982,0.20245399,0.10184049,0.29570552,0.41840491,0.28588957,0.12269939,0.11411043,0.37300613,0.49079755,0.13619632,0.31656442,0.50306748,0.15828221,0.11288344,0.10429448,0.11411043
gi|386034524,1,T6SE,813,0.25092251,0.19434194,0.10701107,0.30873309,0.40467405,0.28659287,0.12546125,0.12546125,0.36408364,0.4895449,0.14637146,0.29397294,0.49200492,0.15129151,0.11562116,0.10455105,0.12546125
gi|336250618,1,T6SE,795,0.2490566,0.18490566,0.10943396,0.30440252,0.43899371,0.25660377,0.12830189,0.12075472,0.39874214,0.46540881,0.13584906,0.30566038,0.47672956,0.17484277,0.10943396,0.10691824,0.12075472
gi|15598486,1,T6SE,882,0.25396825,0.20294785,0.097505669,0.31179138,0.39909297,0.28911565,0.12698413,0.12698413,0.36281179,0.49433107,0.14285714,0.31632653,0.50680272,0.13492063,0.11451247,0.10657596,0.12698413
gi|34495467,1,T6SE,512,0.29492188,0.18164062,0.1328125,0.34960938,0.35742188,0.29296875,0.15820312,0.13671875,0.3359375,0.48046875,0.18359375,0.25390625,0.421875,0.16601562,0.12304688,0.13671875,0.13671875
gi|16416934,1,T6SE,641,0.26833073,0.22152886,0.13416537,0.32917317,0.35725429,0.31357254,0.14196568,0.12636505,0.29953198,0.55694228,0.14352574,0.28549142,0.43681747,0.17316693,0.13572543,0.11076443,0.12636505
gi|290474535,1,T6SE,624,0.29166667,0.19551282,0.14583333,0.34775641,0.35897436,0.29326923,0.15865385,0.13301282,0.29487179,0.54647436,0.15865385,0.24358974,0.3974359,0.20192308,0.13461538,0.12339744,0.13301282
gi|197285188,1,T6SE,636,0.27515723,0.21540881,0.13993711,0.33805031,0.35691824,0.30503145,0.1509434,0.12421384,0.30974843,0.52987421,0.16037736,0.27044025,0.41981132,0.19654088,0.12735849,0.12421384,0.12421384
gi|152983811,1,T6SE,539,0.24860853,0.20593692,0.11317254,0.28571429,0.43042672,0.283859,0.12615955,0.12244898,0.36178108,0.49350649,0.14471243,0.32467532,0.49165121,0.17254174,0.10946197,0.096474954,0.12244898
gi|28870646,1,T6SE,758,0.25461741,0.20316623,0.13192612,0.29287599,0.42084433,0.28627968,0.13192612,0.12269129,0.36147757,0.49076517,0.14775726,0.29419525,0.46965699,0.17941953,0.12005277,0.096306069,0.12269129
gi|77456377,1,T6SE,727,0.2696011,0.20495186,0.12792297,0.2957359,0.42503439,0.27922971,0.14855571,0.12104539,0.34525447,0.49381018,0.16093535,0.30536451,0.47317744,0.16368638,0.12104539,0.10729023,0.12104539
gi|104784379,1,T6SE,717,0.24825662,0.20502092,0.12412831,0.30404463,0.39748954,0.29846583,0.12552301,0.12273361,0.33751743,0.50488145,0.15760112,0.29567643,0.46582985,0.17154812,0.13389121,0.092050209,0.12273361
gi|146305851,1,T6SE,726,0.27548209,0.19559229,0.12672176,0.31267218,0.41460055,0.27272727,0.1446281,0.13085399,0.35950413,0.46694215,0.17355372,0.30991736,0.46143251,0.16666667,0.11983471,0.11157025,0.13085399
gi|119899760,1,T6SE,710,0.27746479,0.17042254,0.11549296,0.33239437,0.41408451,0.25352113,0.14366197,0.13380282,0.38732394,0.43661972,0.17605634,0.27183099,0.45352113,0.14788732,0.13521127,0.11690141,0.13380282
gi|28872169,1,T6SE,674,0.27151335,0.17655786,0.10237389,0.32344214,0.41246291,0.26409496,0.14243323,0.12908012,0.36350148,0.48664688,0.14985163,0.26261128,0.44510386,0.18249258,0.11424332,0.11721068,0.12908012
gi|188578355,1,T6SE,715,0.24895105,0.16923077,0.1034965,0.33006993,0.42377622,0.24615385,0.13286713,0.11608392,0.35804196,0.48951049,0.15244755,0.26013986,0.44195804,0.19020979,0.12867133,0.11468531,0.11608392
gi|15595457,1,T6SE,716,0.24860335,0.20251397,0.1075419,0.30726257,0.41620112,0.27653631,0.13268156,0.11592179,0.37430168,0.46787709,0.15782123,0.29050279,0.5,0.1452514,0.11871508,0.1103352,0.11592179
gi|401762249,1,T6SE,733,0.26193724,0.17462483,0.12687585,0.33151432,0.4106412,0.25784447,0.13915416,0.12278308,0.34924966,0.50204638,0.14870396,0.26603001,0.43929059,0.17598909,0.14324693,0.10914052,0.12278308
gi|26249230,1,T6SE,658,0.27355623,0.15957447,0.12462006,0.33890578,0.42857143,0.2325228,0.1443769,0.12917933,0.3556231,0.4893617,0.1550152,0.22340426,0.40881459,0.19604863,0.13677812,0.12006079,0.12917933
gi|300718511,1,T6SE,678,0.2640118,0.15781711,0.12094395,0.34513274,0.40412979,0.25073746,0.14011799,0.12389381,0.33775811,0.50294985,0.15929204,0.22861357,0.40560472,0.19764012,0.14159292,0.11946903,0.12389381
gi|300697663,1,T6SE,742,0.27088949,0.16037736,0.1361186,0.31536388,0.43126685,0.25336927,0.14150943,0.12938005,0.35579515,0.48113208,0.16307278,0.25336927,0.4393531,0.17250674,0.13881402,0.106469,0.12938005
gi|15596707,1,T6SE,569,0.26186292,0.1827768,0.10544815,0.33919156,0.4059754,0.25483304,0.12653779,0.13532513,0.3602812,0.48857645,0.15114236,0.26537786,0.43936731,0.16344464,0.14938489,0.10544815,0.13532513
gi|116687279,1,T6SE,646,0.26470588,0.18266254,0.10681115,0.31424149,0.41950464,0.26625387,0.13157895,0.13312693,0.37616099,0.5,0.12383901,0.27863777,0.47213622,0.1625387,0.12074303,0.10681115,0.13312693
gi|300715001,1,T6SE,556,0.24460432,0.21942446,0.10611511,0.32553957,0.38309353,0.29136691,0.13489209,0.10971223,0.33453237,0.52877698,0.13669065,0.29136691,0.46942446,0.15827338,0.14388489,0.11330935,0.10971223
gi|295095406,1,T6SE,513,0.25146199,0.22222222,0.11500975,0.30994152,0.38791423,0.30214425,0.13840156,0.11306043,0.3294347,0.53411306,0.13645224,0.28070175,0.4502924,0.18518519,0.13255361,0.11111111,0.11306043
gi|91212193,1,T6SE,589,0.27843803,0.21901528,0.10186757,0.35144312,0.3565365,0.29202037,0.13752122,0.14091681,0.31239389,0.55348048,0.13412564,0.27164686,0.42444822,0.18166384,0.13073005,0.11714771,0.14091681
gi|384420437,1,T6SE,625,0.2448,0.1856,0.1136,0.2944,0.4368,0.2688,0.1408,0.104,0.3824,0.464,0.1536,0.2944,0.48,0.1632,0.1296,0.1152,0.104
gi|300697198,1,T6SE,672,0.26785714,0.16666667,0.10416667,0.35863095,0.375,0.26636905,0.14880952,0.11904762,0.36160714,0.48958333,0.14880952,0.28125,0.41071429,0.17410714,0.15922619,0.125,0.11904762
gi|34496689,1,T6SE,656,0.27439024,0.17987805,0.12347561,0.35518293,0.37652439,0.26829268,0.16768293,0.10670732,0.31402439,0.55335366,0.13262195,0.26219512,0.41158537,0.16158537,0.1875,0.12195122,0.10670732
gi|251792084,1,T6SE,724,0.30939227,0.18508287,0.11187845,0.39364641,0.33701657,0.26933702,0.15745856,0.1519337,0.30939227,0.5718232,0.11878453,0.24171271,0.38259669,0.16574586,0.16298343,0.12845304,0.1519337
gi|194291793,1,T6SE,999,0.24224224,0.2032032,0.099099099,0.31131131,0.3993994,0.28928929,0.13613614,0.10610611,0.37837838,0.48348348,0.13813814,0.30830831,0.46646647,0.17117117,0.12912913,0.11611612,0.10610611
tr|A1TI59|Uncharacterized,1,T6SE,130,0.20769231,0.14615385,0.14615385,0.28461538,0.47692308,0.23846154,0.13846154,0.069230769,0.37692308,0.49230769,0.13076923,0.26153846,0.45384615,0.19230769,0.17692308,0.1,0.069230769
tr|A1TMA4|Uncharacterized,1,T6SE,145,0.14482759,0.15172414,0.12413793,0.26206897,0.50344828,0.23448276,0.10344828,0.04137931,0.37931034,0.49655172,0.12413793,0.24827586,0.47586207,0.19310345,0.17931034,0.082758621,0.04137931
tr|A1TPV9|Uncharacterized,1,T6SE,116,0.21551724,0.18103448,0.12068966,0.29310345,0.43965517,0.26724138,0.14655172,0.068965517,0.37068966,0.5,0.12931034,0.30172414,0.50862069,0.13793103,0.15517241,0.12068966,0.068965517
tr|A1TWF0|Uncharacterized,1,T6SE,162,0.18518519,0.16049383,0.12962963,0.24691358,0.5,0.25308642,0.12962963,0.055555556,0.41358025,0.44444444,0.14197531,0.29012346,0.48148148,0.18518519,0.16666667,0.098765432,0.055555556
tr|A7MQ14|Uncharacterized,1,T6SE,164,0.26829268,0.18902439,0.1402439,0.33536585,0.35365854,0.31097561,0.15243902,0.11585366,0.3597561,0.45731707,0.18292683,0.27439024,0.44512195,0.15853659,0.11585366,0.13414634,0.11585366
tr|A8AER8|Uncharacterized,1,T6SE,125,0.24,0.104,0.152,0.288,0.504,0.208,0.16,0.08,0.424,0.408,0.168,0.216,0.416,0.216,0.16,0.12,0.08
tr|A8AGA8|Uncharacterized,1,T6SE,56,0.23214286,0.23214286,0.14285714,0.30357143,0.32142857,0.375,0.17857143,0.053571429,0.23214286,0.60714286,0.16071429,0.28571429,0.375,0.21428571,0.19642857,0.125,0.053571429
tr|A9BLK0|Putative,1,T6SE,123,0.2195122,0.11382114,0.15447154,0.2601626,0.50406504,0.23577236,0.13821138,0.081300813,0.44715447,0.35772358,0.19512195,0.25203252,0.47154472,0.21138211,0.11382114,0.11382114,0.081300813
tr|A9BLY3|Putative,1,T6SE,173,0.21965318,0.16763006,0.15028902,0.26589595,0.47398844,0.26011561,0.13294798,0.086705202,0.39884393,0.42774566,0.1734104,0.26011561,0.47976879,0.20231214,0.11560694,0.10982659,0.086705202
tr|B0VVE2|Uncharacterized,1,T6SE,200,0.27,0.225,0.11,0.335,0.335,0.33,0.125,0.145,0.365,0.535,0.1,0.25,0.41,0.21,0.11,0.105,0.145
tr|B1YTK4|Uncharacterized,1,T6SE,126,0.30952381,0.16666667,0.12698413,0.34920635,0.42063492,0.23015873,0.1984127,0.11111111,0.35714286,0.45238095,0.19047619,0.24603175,0.42063492,0.17460317,0.11904762,0.16666667,0.11111111
tr|B2SWU8|Putative,1,T6SE,122,0.20491803,0.1557377,0.18852459,0.2704918,0.46721311,0.26229508,0.12295082,0.081967213,0.3442623,0.43442623,0.22131148,0.24590164,0.40983607,0.23770492,0.17213115,0.081967213,0.081967213
tr|B2TCX2|Uncharacterized,1,T6SE,133,0.20300752,0.21052632,0.14285714,0.2481203,0.45864662,0.29323308,0.13533835,0.067669173,0.41353383,0.45112782,0.13533835,0.34586466,0.5037594,0.15789474,0.15789474,0.097744361,0.067669173
tr|B2VH84|Putative,1,T6SE,159,0.22012579,0.20754717,0.13836478,0.30188679,0.37735849,0.32075472,0.13836478,0.081761006,0.35220126,0.49685535,0.1509434,0.27044025,0.44654088,0.17610063,0.1572327,0.11949686,0.081761006
tr|C6BHF2|Putative,1,T6SE,119,0.23529412,0.14285714,0.18487395,0.22689076,0.55462185,0.21848739,0.16806723,0.067226891,0.37815126,0.44537815,0.17647059,0.26890756,0.4789916,0.21008403,0.12605042,0.1092437,0.067226891
tr|C9XXJ5|Uncharacterized,1,T6SE,122,0.21311475,0.14754098,0.12295082,0.26229508,0.49180328,0.24590164,0.13934426,0.073770492,0.39344262,0.41803279,0.18852459,0.25409836,0.47540984,0.21311475,0.1147541,0.1147541,0.073770492
tr|C9XYW6|Uncharacterized,1,T6SE,129,0.20155039,0.17829457,0.14728682,0.28682171,0.46511628,0.24806202,0.13953488,0.062015504,0.36434109,0.47286822,0.1627907,0.30232558,0.48062016,0.1627907,0.19379845,0.093023256,0.062015504
tr|C9XZ04|Uncharacterized,1,T6SE,136,0.19117647,0.16176471,0.11764706,0.27941176,0.48529412,0.23529412,0.13235294,0.058823529,0.39705882,0.45588235,0.14705882,0.28676471,0.44117647,0.22058824,0.17647059,0.095588235,0.058823529
tr|D2ZDL2|Uncharacterized,1,T6SE,122,0.20491803,0.14754098,0.13934426,0.25409836,0.49180328,0.25409836,0.13934426,0.06557377,0.39344262,0.44262295,0.16393443,0.24590164,0.45901639,0.23770492,0.1147541,0.1147541,0.06557377
tr|D4E4R6|Uncharacterized,1,T6SE,168,0.19047619,0.18452381,0.1547619,0.2797619,0.41666667,0.30357143,0.125,0.06547619,0.3452381,0.46428571,0.19047619,0.27380952,0.4702381,0.17261905,0.16666667,0.10714286,0.06547619
tr|D5WCZ6|Uncharacterized,1,T6SE,131,0.21374046,0.16030534,0.13740458,0.29007634,0.45801527,0.2519084,0.15267176,0.061068702,0.35877863,0.48091603,0.16030534,0.25954198,0.44274809,0.18320611,0.19847328,0.10687023,0.061068702
tr|D6J6Z7|Putative,1,T6SE,161,0.18012422,0.2173913,0.13043478,0.25465839,0.40993789,0.33540373,0.10559006,0.074534161,0.36024845,0.49689441,0.14285714,0.26086957,0.49689441,0.18012422,0.14906832,0.080745342,0.074534161
tr|D8NKY6|D8NKY6_RALSLUncharacterized,1,T6SE,125,0.216,0.128,0.168,0.264,0.536,0.2,0.136,0.08,0.392,0.432,0.176,0.24,0.456,0.208,0.16,0.088,0.08
tr|E8WJ67|Uncharacterized,1,T6SE,93,0.21505376,0.30107527,0.096774194,0.29032258,0.23655914,0.47311828,0.13978495,0.075268817,0.2688172,0.58064516,0.15053763,0.33333333,0.44086022,0.15053763,0.15053763,0.10752688,0.075268817
tr|F5RYK9|Uncharacterized,1,T6SE,160,0.16875,0.19375,0.13125,0.2375,0.4375,0.325,0.1125,0.05625,0.3875,0.4625,0.15,0.2625,0.48125,0.20625,0.14375,0.0875,0.05625
tr|G2S527|Uncharacterized,1,T6SE,120,0.26666667,0.175,0.18333333,0.275,0.46666667,0.25833333,0.175,0.091666667,0.375,0.46666667,0.15833333,0.26666667,0.41666667,0.19166667,0.19166667,0.091666667,0.091666667
tr|G4QDA2|Uncharacterized,1,T6SE,143,0.25874126,0.2027972,0.18881119,0.3006993,0.38461538,0.31468531,0.17482517,0.083916084,0.32867133,0.5034965,0.16783217,0.25874126,0.44755245,0.18881119,0.13986014,0.13286713,0.083916084
tr|Q13LX5|Uncharacterized,1,T6SE,126,0.20634921,0.19047619,0.13492063,0.26984127,0.46825397,0.26190476,0.12698413,0.079365079,0.3968254,0.45238095,0.15079365,0.28571429,0.46825397,0.19047619,0.17460317,0.079365079,0.079365079
tr|Q13YG4|Uncharacterized,1,T6SE,133,0.21804511,0.15037594,0.15037594,0.29323308,0.4887218,0.21804511,0.13533835,0.082706767,0.37593985,0.44360902,0.18045113,0.29323308,0.47368421,0.16541353,0.17293233,0.097744361,0.082706767
tr|Q4ZP52|Putative,1,T6SE,167,0.23353293,0.17365269,0.16766467,0.28742515,0.4251497,0.28742515,0.14371257,0.089820359,0.35928144,0.46107784,0.17964072,0.26347305,0.4491018,0.18562874,0.14371257,0.11377246,0.089820359
tr|Q8Z4Z6|NlpC/P60,1,T6SE,122,0.24590164,0.10655738,0.17213115,0.26229508,0.53278689,0.20491803,0.16393443,0.081967213,0.41803279,0.37704918,0.20491803,0.2295082,0.42622951,0.23770492,0.12295082,0.12295082,0.081967213
tr|Q8Z969|Uncharacterised,1,T6SE,133,0.23308271,0.18796992,0.15789474,0.33082707,0.39097744,0.27819549,0.15037594,0.082706767,0.32330827,0.5112782,0.16541353,0.27819549,0.42857143,0.16541353,0.21052632,0.10526316,0.082706767
tr|Q912Q1|VP1,1,T6SE,169,0.26035503,0.18934911,0.14201183,0.32544379,0.43195266,0.24260355,0.13609467,0.12426036,0.33727811,0.55029586,0.11242604,0.25443787,0.41420118,0.19526627,0.18343195,0.082840237,0.12426036
tr|Q93IS4|Putative,1,T6SE,161,0.19254658,0.2173913,0.13664596,0.27950311,0.39130435,0.32919255,0.1242236,0.068322981,0.33540373,0.52173913,0.14285714,0.27329193,0.48447205,0.16149068,0.17391304,0.093167702,0.068322981
sp|E0SAL0|VGRGA_DICD3Putative,1,T6SE,617,0.23014587,0.19286872,0.11669368,0.31118314,0.41329011,0.27552674,0.1102107,0.11993517,0.37277147,0.47974068,0.14748784,0.28687196,0.47163695,0.17504052,0.14100486,0.085899514,0.11993517
gi|56416452,0,non-T6SE,171,0.25730994,0.20467836,0.099415205,0.31578947,0.36842105,0.31578947,0.14619883,0.11111111,0.3625731,0.46783626,0.16959064,0.2748538,0.40935673,0.19883041,0.12865497,0.13450292,0.11111111
gi|56416486,0,non-T6SE,262,0.28625954,0.21755725,0.091603053,0.33969466,0.32824427,0.33206107,0.15267176,0.13358779,0.37022901,0.49618321,0.13358779,0.27099237,0.38549618,0.19465649,0.095419847,0.14122137,0.13358779
gi|56416658,0,non-T6SE,179,0.26256983,0.2122905,0.083798883,0.31284916,0.36871508,0.31843575,0.11731844,0.1452514,0.39106145,0.49162011,0.11731844,0.29608939,0.45810056,0.17318436,0.10055866,0.10055866,0.1452514
gi|56416728,0,non-T6SE,369,0.22764228,0.25203252,0.051490515,0.25745257,0.40921409,0.33333333,0.10569106,0.12195122,0.40379404,0.50406504,0.092140921,0.3604336,0.54200542,0.17344173,0.046070461,0.097560976,0.12195122
gi|56416785,0,non-T6SE,431,0.23897912,0.25986079,0.067285383,0.30162413,0.38515081,0.31322506,0.11600928,0.12296984,0.38979118,0.50812065,0.10208817,0.37587007,0.51276102,0.16241299,0.088167053,0.10440835,0.12296984
gi|56416813,0,non-T6SE,201,0.23880597,0.26865672,0.094527363,0.23880597,0.39800995,0.36318408,0.14427861,0.094527363,0.35323383,0.54228856,0.10447761,0.35323383,0.47263682,0.20895522,0.10447761,0.094527363,0.094527363
gi|161544987,0,non-T6SE,327,0.26605505,0.24464832,0.085626911,0.29357798,0.40978593,0.29663609,0.13455657,0.13149847,0.37614679,0.50458716,0.11926606,0.34250765,0.51070336,0.1529052,0.091743119,0.10703364,0.13149847
gi|49474890,0,non-T6SE,381,0.3175853,0.14698163,0.10761155,0.37007874,0.37532808,0.25459318,0.17847769,0.13910761,0.3648294,0.47506562,0.16010499,0.21259843,0.43307087,0.14435696,0.10498688,0.15223097,0.13910761
gi|49474941,0,non-T6SE,672,0.1264881,0.27678571,0.1889881,0.14732143,0.39583333,0.45684524,0.083333333,0.043154762,0.31696429,0.4985119,0.18452381,0.36011905,0.5922619,0.17857143,0.125,0.050595238,0.043154762
gi|49475017,0,non-T6SE,332,0.28614458,0.26807229,0.12048193,0.35843373,0.29518072,0.34638554,0.16566265,0.12048193,0.25903614,0.56626506,0.1746988,0.31325301,0.43674699,0.16566265,0.12650602,0.14457831,0.12048193
gi|49475022,0,non-T6SE,733,0.29331514,0.23328786,0.075034106,0.33015007,0.36562074,0.3042292,0.14188267,0.15143247,0.35470668,0.53478854,0.11050477,0.31923602,0.46930423,0.17326057,0.077762619,0.12414734,0.15143247
gi|49475050,0,non-T6SE,373,0.16085791,0.30563003,0.14477212,0.20107239,0.37533512,0.42359249,0.080428954,0.080428954,0.33780161,0.48525469,0.1769437,0.35924933,0.57104558,0.20911528,0.064343164,0.072386059,0.080428954
gi|49475082,0,non-T6SE,383,0.24020888,0.25065274,0.10966057,0.2689295,0.38642298,0.34464752,0.13577023,0.10443864,0.37075718,0.46214099,0.16710183,0.36814621,0.53524804,0.15143603,0.091383812,0.11488251,0.10443864
gi|49475197,0,non-T6SE,451,0.10864745,0.34146341,0.099778271,0.16407982,0.37250554,0.46341463,0.064301552,0.044345898,0.33702882,0.54988914,0.11308204,0.43237251,0.62305987,0.18847007,0.086474501,0.055432373,0.044345898
gi|49475229,0,non-T6SE,366,0.2431694,0.22677596,0.098360656,0.28415301,0.41530055,0.30054645,0.13934426,0.10382514,0.39071038,0.46994536,0.13934426,0.31693989,0.50546448,0.15846995,0.10928962,0.10928962,0.10382514
gi|49475398,0,non-T6SE,1383,0.30368764,0.22776573,0.08604483,0.35502531,0.33261027,0.31236443,0.1417209,0.16196674,0.33333333,0.52494577,0.1417209,0.30368764,0.45914678,0.15979754,0.089660159,0.12509038,0.16196674
gi|49475551,0,non-T6SE,161,0.29192547,0.20496894,0.093167702,0.34782609,0.39130435,0.26086957,0.20496894,0.086956522,0.34782609,0.48447205,0.16770186,0.30434783,0.45341615,0.17391304,0.099378882,0.1863354,0.086956522
gi|49475600,0,non-T6SE,276,0.25362319,0.21376812,0.13043478,0.29347826,0.39130435,0.31521739,0.13405797,0.11956522,0.35869565,0.48913043,0.15217391,0.27898551,0.46376812,0.17753623,0.11231884,0.10144928,0.11956522
gi|49475756,0,non-T6SE,931,0.30612245,0.24597207,0.069817401,0.34801289,0.33727175,0.31471536,0.14822771,0.15789474,0.33941998,0.51987111,0.14070892,0.32008593,0.46079484,0.16326531,0.079484425,0.13104189,0.15789474
gi|49475880,0,non-T6SE,405,0.19012346,0.29876543,0.11851852,0.28148148,0.31358025,0.40493827,0.11358025,0.07654321,0.27407407,0.57777778,0.14814815,0.36790123,0.51111111,0.17283951,0.13580247,0.098765432,0.07654321
gi|49475883,0,non-T6SE,171,0.29824561,0.24561404,0.12280702,0.31578947,0.34502924,0.33918129,0.1754386,0.12280702,0.2748538,0.55555556,0.16959064,0.28070175,0.43274854,0.1754386,0.11695906,0.14035088,0.12280702
gi|49476134,0,non-T6SE,715,0.27412587,0.20839161,0.068531469,0.35804196,0.35664336,0.28531469,0.14965035,0.12447552,0.33846154,0.54405594,0.11748252,0.3048951,0.46713287,0.15524476,0.11328671,0.13846154,0.12447552
gi|49476146,0,non-T6SE,361,0.29362881,0.26038781,0.08033241,0.33518006,0.34626039,0.31855956,0.14958449,0.14404432,0.33518006,0.51800554,0.1468144,0.37119114,0.52354571,0.10803324,0.091412742,0.12742382,0.14404432
gi|49476187,0,non-T6SE,531,0.23917137,0.24105461,0.06779661,0.29378531,0.41054614,0.29566855,0.11676083,0.12241055,0.38229755,0.51789077,0.099811676,0.33709981,0.50659134,0.18079096,0.080979284,0.10357815,0.12241055
gi|33591276,0,non-T6SE,639,0.25508607,0.228482,0.093896714,0.31298905,0.40688576,0.2801252,0.13615023,0.11893584,0.35211268,0.50704225,0.14084507,0.33333333,0.50234742,0.14397496,0.12206573,0.10798122,0.11893584
gi|33591308,0,non-T6SE,131,0.35114504,0.18320611,0.12977099,0.36641221,0.36641221,0.26717557,0.17557252,0.17557252,0.35877863,0.48091603,0.16030534,0.2519084,0.41221374,0.17557252,0.083969466,0.14503817,0.17557252
gi|33591337,0,non-T6SE,193,0.24870466,0.20725389,0.13471503,0.28497409,0.42487047,0.29015544,0.16062176,0.088082902,0.34196891,0.44041451,0.21761658,0.32642487,0.54404145,0.10880829,0.12953368,0.12435233,0.088082902
gi|33591364,0,non-T6SE,220,0.20909091,0.23181818,0.1,0.24545455,0.45454545,0.3,0.11818182,0.090909091,0.38181818,0.47727273,0.14090909,0.37272727,0.56818182,0.12272727,0.10454545,0.090909091,0.090909091
gi|33591365,0,non-T6SE,333,0.2972973,0.1951952,0.10810811,0.31231231,0.40540541,0.28228228,0.16816817,0.12912913,0.34534535,0.51951952,0.13513514,0.2972973,0.45345345,0.16516517,0.10810811,0.12312312,0.12912913
gi|33591421,0,non-T6SE,158,0.32278481,0.25949367,0.11392405,0.39240506,0.26582278,0.34177215,0.13924051,0.1835443,0.27848101,0.61392405,0.10759494,0.3164557,0.41772152,0.12658228,0.16455696,0.094936709,0.1835443
gi|33591450,0,non-T6SE,637,0.29042386,0.18681319,0.10989011,0.31711146,0.40188383,0.28100471,0.14913658,0.14128728,0.35164835,0.50549451,0.14285714,0.28571429,0.46467818,0.16169545,0.10361068,0.1177394,0.14128728
gi|33591498,0,non-T6SE,539,0.16697588,0.26159555,0.14285714,0.20222635,0.39888683,0.39888683,0.090909091,0.07606679,0.34137291,0.48051948,0.17810761,0.3877551,0.57328386,0.17996289,0.094619666,0.07606679,0.07606679
gi|33591525,0,non-T6SE,619,0.24071082,0.20678514,0.077544426,0.27463651,0.42649435,0.29886914,0.11954766,0.12116317,0.4361874,0.44588045,0.11793215,0.33441034,0.5088853,0.1631664,0.08723748,0.096930533,0.12116317
gi|33591569,0,non-T6SE,216,0.21759259,0.18518519,0.11574074,0.25925926,0.44444444,0.2962963,0.12962963,0.087962963,0.38425926,0.43055556,0.18518519,0.33333333,0.56944444,0.11111111,0.12037037,0.10185185,0.087962963
gi|33591598,0,non-T6SE,224,0.20982143,0.21428571,0.10267857,0.22767857,0.47767857,0.29464286,0.10714286,0.10267857,0.45982143,0.39732143,0.14285714,0.38392857,0.58482143,0.16964286,0.053571429,0.089285714,0.10267857
gi|33591615,0,non-T6SE,200,0.245,0.235,0.08,0.26,0.405,0.335,0.115,0.13,0.415,0.485,0.1,0.375,0.525,0.15,0.105,0.07,0.13
gi|33591651,0,non-T6SE,134,0.20149254,0.20895522,0.12686567,0.30597015,0.37313433,0.32089552,0.089552239,0.1119403,0.3358209,0.48507463,0.17910448,0.30597015,0.52238806,0.13432836,0.14179104,0.082089552,0.1119403
gi|33591687,0,non-T6SE,1042,0.30902111,0.17466411,0.051823417,0.36756238,0.4193858,0.21305182,0.14971209,0.15930902,0.37907869,0.49232246,0.12859885,0.33013436,0.48272553,0.11900192,0.1084453,0.12763916,0.15930902
gi|33591698,0,non-T6SE,817,0.2998776,0.2252142,0.082007344,0.34394125,0.36474908,0.29130967,0.15422277,0.14565483,0.36719706,0.499388,0.13341493,0.33414933,0.47246022,0.14443084,0.099143207,0.12974296,0.14565483
gi|33591728,0,non-T6SE,111,0.20720721,0.11711712,0.099099099,0.31531532,0.51351351,0.17117117,0.12612613,0.081081081,0.45945946,0.41441441,0.12612613,0.24324324,0.38738739,0.27927928,0.14414414,0.10810811,0.081081081
gi|33591806,0,non-T6SE,250,0.3,0.216,0.108,0.344,0.376,0.28,0.156,0.144,0.34,0.496,0.164,0.348,0.476,0.128,0.116,0.132,0.144
gi|33591844,0,non-T6SE,573,0.27748691,0.21465969,0.12390925,0.30191972,0.39965096,0.29842932,0.15532286,0.12216405,0.35776614,0.46422339,0.17801047,0.31762653,0.5113438,0.12914485,0.10122164,0.12041885,0.12216405
gi|33591852,0,non-T6SE,327,0.21712538,0.25993884,0.06116208,0.26299694,0.40978593,0.32721713,0.11314985,0.10397554,0.40672783,0.47706422,0.11620795,0.39755352,0.56880734,0.12844037,0.091743119,0.097859327,0.10397554
gi|33591890,0,non-T6SE,404,0.24257426,0.24752475,0.079207921,0.27227723,0.42079208,0.30693069,0.12128713,0.12128713,0.37871287,0.48514851,0.13613861,0.37128713,0.55445545,0.13613861,0.086633663,0.096534653,0.12128713
gi|33591923,0,non-T6SE,377,0.27851459,0.19893899,0.087533156,0.32625995,0.4137931,0.25994695,0.13793103,0.14058355,0.40318302,0.4535809,0.14323607,0.30769231,0.52254642,0.11671088,0.10079576,0.11671088,0.14058355
gi|33591961,0,non-T6SE,163,0.31288344,0.31288344,0.049079755,0.33128834,0.30674847,0.36196319,0.1595092,0.15337423,0.31288344,0.57055215,0.11656442,0.37423313,0.47852761,0.17177914,0.055214724,0.14110429,0.15337423
gi|33592032,0,non-T6SE,162,0.22839506,0.25925926,0.092592593,0.22839506,0.4691358,0.30246914,0.13580247,0.092592593,0.4382716,0.46296296,0.098765432,0.44444444,0.64197531,0.074074074,0.10493827,0.086419753,0.092592593
gi|33592099,0,non-T6SE,241,0.21161826,0.21161826,0.091286307,0.25726141,0.43983402,0.30290456,0.10788382,0.10373444,0.38174274,0.49377593,0.12448133,0.32365145,0.49377593,0.2033195,0.095435685,0.091286307,0.10373444
gi|33592102,0,non-T6SE,377,0.22546419,0.19098143,0.1193634,0.25729443,0.44297082,0.29973475,0.1193634,0.1061008,0.3872679,0.46419098,0.14854111,0.32891247,0.51458886,0.16710875,0.11671088,0.087533156,0.1061008
gi|33592105,0,non-T6SE,442,0.22171946,0.22850679,0.083710407,0.239819,0.4479638,0.31221719,0.10633484,0.11538462,0.43665158,0.40950226,0.15384615,0.36877828,0.57692308,0.14932127,0.054298643,0.095022624,0.11538462
gi|161610761,0,non-T6SE,571,0.29246935,0.25569177,0.064798599,0.35376532,0.32924694,0.31698774,0.13660245,0.1558669,0.34676007,0.54115587,0.11208406,0.32224168,0.47460595,0.14711033,0.096322242,0.12434326,0.1558669
gi|33592108,0,non-T6SE,119,0.2605042,0.17647059,0.075630252,0.32773109,0.41176471,0.2605042,0.14285714,0.11764706,0.39495798,0.48739496,0.11764706,0.27731092,0.43697479,0.20168067,0.12605042,0.11764706,0.11764706
gi|33592122,0,non-T6SE,344,0.25290698,0.22093023,0.10465116,0.31686047,0.40406977,0.27906977,0.13372093,0.11918605,0.37790698,0.45348837,0.16860465,0.34302326,0.50872093,0.14244186,0.10755814,0.12209302,0.11918605
gi|33592143,0,non-T6SE,901,0.28190899,0.18978912,0.12985572,0.32186459,0.4017758,0.2763596,0.14983352,0.13207547,0.33740289,0.50832408,0.15427303,0.28523862,0.46836848,0.15316315,0.12763596,0.11320755,0.13207547
gi|33592161,0,non-T6SE,491,0.16293279,0.30142566,0.097759674,0.19144603,0.41344196,0.39511202,0.099796334,0.063136456,0.38492872,0.49490835,0.12016293,0.41547862,0.5885947,0.17311609,0.093686354,0.077393075,0.063136456
gi|33592162,0,non-T6SE,216,0.2037037,0.23148148,0.050925926,0.24074074,0.46296296,0.2962963,0.097222222,0.10648148,0.43518519,0.45833333,0.10648148,0.37037037,0.55555556,0.16666667,0.064814815,0.087962963,0.10648148
gi|33592170,0,non-T6SE,186,0.21505376,0.18817204,0.12365591,0.24731183,0.44086022,0.31182796,0.13978495,0.075268817,0.38709677,0.43010753,0.1827957,0.32258065,0.5,0.17741935,0.11290323,0.10752688,0.075268817
gi|33592172,0,non-T6SE,315,0.26984127,0.20952381,0.066666667,0.34285714,0.38095238,0.27619048,0.15555556,0.11428571,0.35873016,0.48253968,0.15873016,0.32698413,0.47936508,0.14920635,0.12063492,0.13650794,0.11428571
gi|33592173,0,non-T6SE,685,0.24525547,0.23941606,0.058394161,0.31094891,0.38540146,0.30364964,0.10364964,0.14160584,0.37372263,0.5270073,0.099270073,0.37226277,0.52262774,0.13430657,0.1080292,0.084671533,0.14160584
gi|33592174,0,non-T6SE,166,0.24096386,0.31927711,0.060240964,0.30120482,0.31927711,0.37951807,0.096385542,0.14457831,0.31927711,0.57228916,0.10843373,0.39759036,0.53012048,0.1626506,0.072289157,0.090361446,0.14457831
gi|33592178,0,non-T6SE,210,0.24761905,0.21428571,0.038095238,0.39047619,0.31904762,0.29047619,0.095238095,0.15238095,0.36190476,0.52857143,0.10952381,0.34761905,0.45714286,0.13809524,0.16190476,0.09047619,0.15238095
gi|33592184,0,non-T6SE,447,0.27740492,0.22595078,0.087248322,0.33557047,0.35346756,0.31096197,0.1409396,0.13646532,0.34004474,0.51006711,0.14988814,0.30425056,0.47427293,0.15659955,0.098434004,0.12080537,0.13646532
gi|33592201,0,non-T6SE,519,0.2504817,0.22350674,0.096339114,0.28131021,0.40655106,0.31213873,0.12524085,0.12524085,0.35067437,0.49325626,0.15606936,0.32755299,0.52023121,0.15028902,0.090558767,0.10789981,0.12524085
gi|33592209,0,non-T6SE,278,0.097122302,0.32014388,0.10431655,0.1618705,0.41726619,0.42086331,0.071942446,0.025179856,0.34532374,0.51438849,0.14028777,0.44244604,0.62230216,0.17625899,0.10431655,0.064748201,0.025179856
gi|33592210,0,non-T6SE,338,0.1035503,0.30473373,0.10650888,0.15976331,0.40532544,0.43491124,0.053254438,0.050295858,0.34615385,0.5147929,0.13905325,0.40532544,0.62426036,0.19526627,0.076923077,0.053254438,0.050295858
gi|33592211,0,non-T6SE,346,0.20520231,0.19075145,0.10693642,0.29479769,0.43641618,0.26878613,0.10982659,0.095375723,0.4132948,0.47398844,0.11271676,0.34682081,0.53757225,0.1300578,0.13294798,0.10404624,0.095375723
gi|33592259,0,non-T6SE,956,0.2625523,0.20292887,0.12447699,0.31485356,0.40271967,0.28242678,0.13702929,0.12552301,0.35041841,0.4958159,0.15376569,0.29393305,0.46338912,0.17154812,0.13075314,0.10355649,0.12552301
gi|33592276,0,non-T6SE,791,0.28824273,0.22629583,0.067003793,0.3312263,0.38432364,0.28445006,0.14664981,0.14159292,0.38053097,0.47661188,0.14285714,0.37420986,0.53223767,0.10872314,0.078381795,0.13274336,0.14159292
gi|33592355,0,non-T6SE,453,0.22075055,0.25386313,0.061810155,0.26490066,0.42604857,0.30905077,0.1192053,0.10154525,0.39293598,0.49448124,0.11258278,0.38631347,0.55187638,0.14348786,0.090507726,0.099337748,0.10154525
gi|33592369,0,non-T6SE,201,0.19900498,0.15920398,0.10945274,0.28855721,0.45771144,0.25373134,0.10945274,0.089552239,0.37313433,0.45273632,0.17412935,0.31840796,0.52736318,0.15920398,0.12437811,0.094527363,0.089552239
gi|33592375,0,non-T6SE,997,0.28686058,0.20661986,0.043129388,0.34102307,0.41524574,0.24373119,0.14142427,0.14543631,0.37412237,0.53460381,0.091273821,0.36409228,0.51454363,0.1223671,0.091273821,0.12437312,0.14543631
gi|33592382,0,non-T6SE,904,0.2699115,0.23340708,0.087389381,0.3119469,0.38606195,0.30199115,0.13053097,0.13938053,0.36725664,0.49336283,0.13938053,0.3550885,0.50442478,0.14159292,0.099557522,0.10730088,0.13938053
gi|33592384,0,non-T6SE,262,0.21755725,0.20610687,0.12977099,0.23664122,0.48854962,0.27480916,0.11832061,0.099236641,0.42366412,0.42366412,0.15267176,0.36259542,0.55343511,0.14122137,0.11832061,0.080152672,0.099236641
gi|33592386,0,non-T6SE,463,0.23326134,0.21814255,0.088552916,0.26349892,0.42980562,0.30669546,0.12742981,0.10583153,0.39524838,0.47516199,0.12958963,0.35637149,0.5399568,0.1425486,0.097192225,0.097192225,0.10583153
gi|33592390,0,non-T6SE,141,0.20567376,0.21276596,0.078014184,0.29078014,0.39716312,0.31205674,0.11347518,0.092198582,0.39007092,0.4964539,0.11347518,0.34751773,0.4822695,0.18439716,0.11347518,0.10638298,0.092198582
gi|33592400,0,non-T6SE,308,0.10064935,0.32792208,0.10714286,0.13961039,0.42207792,0.43831169,0.064935065,0.035714286,0.36038961,0.50649351,0.13311688,0.44480519,0.64935065,0.19480519,0.061688312,0.055194805,0.035714286
gi|33592405,0,non-T6SE,437,0.22883295,0.17620137,0.12128146,0.30663616,0.42334096,0.27002288,0.12585812,0.10297483,0.36842105,0.49199085,0.1395881,0.29748284,0.48741419,0.17162471,0.12128146,0.11212815,0.10297483
gi|33592407,0,non-T6SE,283,0.13427562,0.29681979,0.13780919,0.16961131,0.38162544,0.44876325,0.074204947,0.060070671,0.3180212,0.50883392,0.17314488,0.40282686,0.60070671,0.19787986,0.070671378,0.067137809,0.060070671
gi|33592423,0,non-T6SE,233,0.2360515,0.19742489,0.13733906,0.31330472,0.40343348,0.2832618,0.12446352,0.11158798,0.30472103,0.50214592,0.19313305,0.30901288,0.50643777,0.13733906,0.1416309,0.10300429,0.11158798
gi|33592476,0,non-T6SE,135,0.24444444,0.18518519,0.088888889,0.36296296,0.36296296,0.27407407,0.12592593,0.11851852,0.34074074,0.48888889,0.17037037,0.28888889,0.41481481,0.20740741,0.14814815,0.11111111,0.11851852
gi|33592484,0,non-T6SE,340,0.23235294,0.17941176,0.070588235,0.32352941,0.42941176,0.24705882,0.12058824,0.11176471,0.4,0.44705882,0.15294118,0.34117647,0.5,0.16470588,0.10882353,0.11470588,0.11176471
gi|33592487,0,non-T6SE,606,0.2359736,0.20462046,0.04290429,0.32673267,0.41254125,0.26072607,0.11221122,0.12376238,0.41914191,0.46369637,0.11716172,0.39438944,0.5,0.15511551,0.11221122,0.1039604,0.12376238
gi|33592501,0,non-T6SE,336,0.28571429,0.25,0.041666667,0.35416667,0.32142857,0.32440476,0.11904762,0.16666667,0.36904762,0.5297619,0.10119048,0.36607143,0.47916667,0.1547619,0.089285714,0.11011905,0.16666667
gi|33592520,0,non-T6SE,186,0.35483871,0.23655914,0.02688172,0.40322581,0.32258065,0.27419355,0.1827957,0.17204301,0.33333333,0.56451613,0.10215054,0.33333333,0.41397849,0.17204301,0.069892473,0.17204301,0.17204301
gi|33592528,0,non-T6SE,151,0.27152318,0.25827815,0.092715232,0.29139073,0.34437086,0.36423841,0.14569536,0.12582781,0.30463576,0.56291391,0.13245033,0.34437086,0.52317881,0.13907285,0.072847682,0.1192053,0.12582781
gi|33592575,0,non-T6SE,216,0.27777778,0.23148148,0.125,0.34722222,0.31944444,0.33333333,0.14351852,0.13425926,0.2962963,0.51851852,0.18518519,0.31481481,0.52314815,0.092592593,0.11574074,0.125,0.13425926
gi|33592577,0,non-T6SE,376,0.21276596,0.2393617,0.069148936,0.27925532,0.3856383,0.33510638,0.10106383,0.11170213,0.39361702,0.4893617,0.11702128,0.35904255,0.53989362,0.13829787,0.10638298,0.093085106,0.11170213
gi|33592642,0,non-T6SE,108,0.25925926,0.18518519,0.027777778,0.34259259,0.35185185,0.30555556,0.12962963,0.12962963,0.37962963,0.56481481,0.055555556,0.34259259,0.48148148,0.15740741,0.10185185,0.12037037,0.12962963
gi|33592677,0,non-T6SE,246,0.24796748,0.2195122,0.06097561,0.28455285,0.42682927,0.28861789,0.12601626,0.12195122,0.45528455,0.40243902,0.14227642,0.35772358,0.5203252,0.15447154,0.077235772,0.1097561,0.12195122
gi|33592689,0,non-T6SE,232,0.29310345,0.18534483,0.12068966,0.29310345,0.44396552,0.26293103,0.15517241,0.13793103,0.40517241,0.43534483,0.15948276,0.29741379,0.50431034,0.13793103,0.11637931,0.10344828,0.13793103
gi|33592773,0,non-T6SE,149,0.23489933,0.25503356,0.067114094,0.25503356,0.4295302,0.31543624,0.13422819,0.10067114,0.39597315,0.46979866,0.13422819,0.40268456,0.5704698,0.12080537,0.073825503,0.10738255,0.10067114
gi|33592860,0,non-T6SE,170,0.23529412,0.21176471,0.058823529,0.32352941,0.38823529,0.28823529,0.14117647,0.094117647,0.41176471,0.45882353,0.12941176,0.31764706,0.44117647,0.18823529,0.12941176,0.12352941,0.094117647
gi|33592866,0,non-T6SE,113,0.30973451,0.23893805,0.079646018,0.30973451,0.3539823,0.33628319,0.12389381,0.18584071,0.38053097,0.56637168,0.053097345,0.30973451,0.4159292,0.15044248,0.11504425,0.07079646,0.18584071
gi|33592952,0,non-T6SE,321,0.26791277,0.21806854,0.087227414,0.33333333,0.37383178,0.29283489,0.14641745,0.12149533,0.33333333,0.49844237,0.1682243,0.33021807,0.50155763,0.13395639,0.10280374,0.13084112,0.12149533
gi|33593047,0,non-T6SE,863,0.25144844,0.21784473,0.07995365,0.29432213,0.4032445,0.30243337,0.12050985,0.13093859,0.38470452,0.50521437,0.11008111,0.3198146,0.50405562,0.16338355,0.083429896,0.10428737,0.13093859
gi|33593102,0,non-T6SE,440,0.23863636,0.18181818,0.11363636,0.31590909,0.40681818,0.27727273,0.12045455,0.11818182,0.38636364,0.45909091,0.15454545,0.31363636,0.47727273,0.16363636,0.12954545,0.10227273,0.11818182
gi|33593188,0,non-T6SE,760,0.33815789,0.18684211,0.055263158,0.38421053,0.36842105,0.24736842,0.16973684,0.16842105,0.38026316,0.50657895,0.11315789,0.31052632,0.43289474,0.16315789,0.076315789,0.15657895,0.16842105
gi|33593279,0,non-T6SE,329,0.22492401,0.25835866,0.09118541,0.27051672,0.4224924,0.30699088,0.1337386,0.09118541,0.36474164,0.52279635,0.11246201,0.38297872,0.56534954,0.12158055,0.10942249,0.10638298,0.09118541
gi|33593284,0,non-T6SE,528,0.11742424,0.26893939,0.11363636,0.16477273,0.44507576,0.39015152,0.070075758,0.047348485,0.40151515,0.46401515,0.1344697,0.40151515,0.58712121,0.20265152,0.10227273,0.056818182,0.047348485
gi|33593301,0,non-T6SE,532,0.23684211,0.22932331,0.063909774,0.29887218,0.40601504,0.29511278,0.12406015,0.11278195,0.37781955,0.4924812,0.12969925,0.35526316,0.54135338,0.13721805,0.093984962,0.11278195,0.11278195
gi|33593303,0,non-T6SE,446,0.25784753,0.20627803,0.087443946,0.2735426,0.45067265,0.27578475,0.13452915,0.12331839,0.41928251,0.45964126,0.12107623,0.34753363,0.53139013,0.14798206,0.085201794,0.10313901,0.12331839
gi|33593318,0,non-T6SE,90,0.23333333,0.16666667,0.033333333,0.26666667,0.41111111,0.32222222,0.11111111,0.12222222,0.45555556,0.44444444,0.1,0.24444444,0.43333333,0.18888889,0.066666667,0.1,0.12222222
gi|33593330,0,non-T6SE,90,0.28888889,0.18888889,0.1,0.42222222,0.28888889,0.28888889,0.14444444,0.14444444,0.24444444,0.56666667,0.18888889,0.26666667,0.41111111,0.12222222,0.16666667,0.14444444,0.14444444
gi|33593333,0,non-T6SE,226,0.23451327,0.27433628,0.039823009,0.28761062,0.38495575,0.32743363,0.11061947,0.12389381,0.41150442,0.48230088,0.10619469,0.40265487,0.5840708,0.10619469,0.07079646,0.10176991,0.12389381
gi|33593350,0,non-T6SE,436,0.23623853,0.20642202,0.12844037,0.28899083,0.38761468,0.3233945,0.12385321,0.11238532,0.35550459,0.49311927,0.15137615,0.2912844,0.47706422,0.17889908,0.1146789,0.096330275,0.11238532
gi|33593385,0,non-T6SE,633,0.26382306,0.24486572,0.072669826,0.30015798,0.3807267,0.31911532,0.14691943,0.11690363,0.33649289,0.52290679,0.14060032,0.35387046,0.52132701,0.14375987,0.096366509,0.11690363,0.11690363
gi|33593386,0,non-T6SE,326,0.22392638,0.20552147,0.076687117,0.25153374,0.48159509,0.26687117,0.11349693,0.11042945,0.45705521,0.43558282,0.10736196,0.38343558,0.57055215,0.13496933,0.088957055,0.082822086,0.11042945
gi|33593394,0,non-T6SE,339,0.24188791,0.20648968,0.091445428,0.25663717,0.45427729,0.28908555,0.13864307,0.10324484,0.44247788,0.43067847,0.12684366,0.36578171,0.55162242,0.12389381,0.10914454,0.09439528,0.10324484
gi|33593421,0,non-T6SE,199,0.32160804,0.20603015,0.070351759,0.37688442,0.34170854,0.28140704,0.14572864,0.1758794,0.35175879,0.45728643,0.19095477,0.33668342,0.43718593,0.16582915,0.070351759,0.14572864,0.1758794
gi|33593453,0,non-T6SE,451,0.2616408,0.21064302,0.084257206,0.33037694,0.37472284,0.29490022,0.1286031,0.13303769,0.35254989,0.50997783,0.13747228,0.31042129,0.47228381,0.15742794,0.11973392,0.10643016,0.13303769
gi|33593454,0,non-T6SE,446,0.26681614,0.19730942,0.10538117,0.3206278,0.41255605,0.26681614,0.1367713,0.13004484,0.38340807,0.4529148,0.16367713,0.34977578,0.50896861,0.1367713,0.10762332,0.11434978,0.13004484
gi|33593464,0,non-T6SE,721,0.16920943,0.26213592,0.05409154,0.21359223,0.45214979,0.33425798,0.088765603,0.080443828,0.43828017,0.44521498,0.11650485,0.44660194,0.62135922,0.14840499,0.05963939,0.085991678,0.080443828
gi|33593492,0,non-T6SE,269,0.22304833,0.22304833,0.074349442,0.26022305,0.43494424,0.30483271,0.11524164,0.10780669,0.4535316,0.43122677,0.11524164,0.3605948,0.52788104,0.16356877,0.096654275,0.089219331,0.10780669
gi|33593516,0,non-T6SE,178,0.31460674,0.2247191,0.11797753,0.33707865,0.35393258,0.30898876,0.15168539,0.16292135,0.30898876,0.5505618,0.14044944,0.30898876,0.48314607,0.13483146,0.078651685,0.12921348,0.16292135
gi|33593549,0,non-T6SE,257,0.29961089,0.18287938,0.12451362,0.37743191,0.33463035,0.28793774,0.20233463,0.097276265,0.29571984,0.47859922,0.22568093,0.28015564,0.41634241,0.11284047,0.16342412,0.17120623,0.097276265
gi|33593602,0,non-T6SE,530,0.25660377,0.23584906,0.11132075,0.27735849,0.39622642,0.32641509,0.13018868,0.12641509,0.36226415,0.50566038,0.13207547,0.32830189,0.51132075,0.15660377,0.1,0.096226415,0.12641509
gi|33593644,0,non-T6SE,437,0.26773455,0.2173913,0.09382151,0.30663616,0.40503432,0.28832952,0.1395881,0.12814645,0.35926773,0.48970252,0.15102975,0.29519451,0.47368421,0.18077803,0.09382151,0.11670481,0.12814645
gi|33593645,0,non-T6SE,156,0.19230769,0.19871795,0.08974359,0.23717949,0.48076923,0.28205128,0.1025641,0.08974359,0.44871795,0.42307692,0.12820513,0.33333333,0.52564103,0.19230769,0.096153846,0.076923077,0.08974359
gi|33593651,0,non-T6SE,94,0.31914894,0.18085106,0.17021277,0.28723404,0.41489362,0.29787234,0.19148936,0.12765957,0.29787234,0.54255319,0.15957447,0.26595745,0.43617021,0.17021277,0.14893617,0.11702128,0.12765957
gi|33593652,0,non-T6SE,329,0.28571429,0.18237082,0.12765957,0.3343465,0.37082067,0.29483283,0.1550152,0.13069909,0.33738602,0.50151976,0.16109422,0.2887538,0.43161094,0.14893617,0.14893617,0.12158055,0.13069909
gi|33593672,0,non-T6SE,173,0.26011561,0.20231214,0.092485549,0.30635838,0.38150289,0.31213873,0.12716763,0.13294798,0.41618497,0.46242775,0.12138728,0.30057803,0.43930636,0.17919075,0.11560694,0.098265896,0.13294798
gi|33593692,0,non-T6SE,135,0.18518519,0.28148148,0.16296296,0.14814815,0.43703704,0.41481481,0.1037037,0.081481481,0.34074074,0.54814815,0.11111111,0.37777778,0.53333333,0.22222222,0.13333333,0.02962963,0.081481481
gi|33593693,0,non-T6SE,213,0.15023474,0.27230047,0.16901408,0.15492958,0.42253521,0.42253521,0.089201878,0.061032864,0.33333333,0.48826291,0.17840376,0.35211268,0.58685446,0.18309859,0.10328638,0.051643192,0.061032864
gi|33593709,0,non-T6SE,1273,0.2325216,0.2238806,0.084838963,0.28358209,0.42655145,0.28986646,0.1162608,0.1162608,0.38413197,0.47918303,0.136685,0.36842105,0.53181461,0.14139827,0.1060487,0.094265515,0.1162608
gi|33593717,0,non-T6SE,81,0.22222222,0.13580247,0.11111111,0.32098765,0.41975309,0.25925926,0.11111111,0.11111111,0.44444444,0.45679012,0.098765432,0.22222222,0.4691358,0.18518519,0.13580247,0.098765432,0.11111111
gi|33593802,0,non-T6SE,399,0.22556391,0.21804511,0.10025063,0.26817043,0.42606516,0.30576441,0.11528822,0.11027569,0.40100251,0.43358396,0.16541353,0.35087719,0.53884712,0.14786967,0.087719298,0.097744361,0.11027569
gi|33593847,0,non-T6SE,486,0.23868313,0.22839506,0.069958848,0.27572016,0.43415638,0.29012346,0.11934156,0.11934156,0.41975309,0.45061728,0.12962963,0.33744856,0.52880658,0.17283951,0.072016461,0.10493827,0.11934156
gi|33593886,0,non-T6SE,160,0.35625,0.2125,0.05625,0.38125,0.325,0.29375,0.1875,0.16875,0.35,0.46875,0.18125,0.275,0.40625,0.1875,0.025,0.1875,0.16875
gi|33593948,0,non-T6SE,307,0.27361564,0.247557,0.11074919,0.31596091,0.36156352,0.32247557,0.14332248,0.13029316,0.32899023,0.50814332,0.16286645,0.36156352,0.51140065,0.13029316,0.11726384,0.11074919,0.13029316
gi|33593964,0,non-T6SE,359,0.24791086,0.19777159,0.11420613,0.24791086,0.47075209,0.28133705,0.13649025,0.11142061,0.40389972,0.44011142,0.15598886,0.33983287,0.51810585,0.16991643,0.086350975,0.097493036,0.11142061
gi|33594074,0,non-T6SE,145,0.23448276,0.19310345,0.089655172,0.22758621,0.46206897,0.31034483,0.12413793,0.11034483,0.46896552,0.42758621,0.10344828,0.33103448,0.50344828,0.2,0.068965517,0.089655172,0.11034483
gi|33594098,0,non-T6SE,512,0.29882812,0.18359375,0.1484375,0.359375,0.359375,0.28125,0.15429688,0.14453125,0.29296875,0.49414062,0.21289062,0.2734375,0.42382812,0.15820312,0.13867188,0.125,0.14453125
gi|33594166,0,non-T6SE,245,0.23265306,0.24897959,0.097959184,0.25714286,0.40408163,0.33877551,0.12244898,0.11020408,0.35918367,0.51836735,0.12244898,0.3877551,0.56734694,0.12244898,0.10612245,0.085714286,0.11020408
gi|33594173,0,non-T6SE,320,0.265625,0.209375,0.096875,0.30625,0.3875,0.30625,0.14375,0.121875,0.365625,0.484375,0.15,0.30625,0.503125,0.146875,0.084375,0.125,0.121875
gi|33594185,0,non-T6SE,301,0.27242525,0.24252492,0.063122924,0.34883721,0.35215947,0.29900332,0.15282392,0.11960133,0.33554817,0.54817276,0.11627907,0.34551495,0.4551495,0.18272425,0.093023256,0.1461794,0.11960133
gi|33594187,0,non-T6SE,140,0.29285714,0.25714286,0.042857143,0.30714286,0.4,0.29285714,0.13571429,0.15714286,0.39285714,0.51428571,0.092857143,0.45,0.58571429,0.085714286,0.057142857,0.11428571,0.15714286
gi|33594225,0,non-T6SE,488,0.26639344,0.22336066,0.075819672,0.28893443,0.42418033,0.28688525,0.13729508,0.12909836,0.40983607,0.45901639,0.13114754,0.35245902,0.50204918,0.17213115,0.075819672,0.11270492,0.12909836
gi|33594408,0,non-T6SE,445,0.24719101,0.20898876,0.094382022,0.31910112,0.39550562,0.28539326,0.11685393,0.13033708,0.35730337,0.48988764,0.15280899,0.31460674,0.47865169,0.17752809,0.10337079,0.10786517,0.13033708
gi|33594429,0,non-T6SE,696,0.28448276,0.22988506,0.074712644,0.31752874,0.39367816,0.2887931,0.14655172,0.13793103,0.36637931,0.48994253,0.14367816,0.35632184,0.53304598,0.11494253,0.083333333,0.12356322,0.13793103
gi|161610757,0,non-T6SE,229,0.2489083,0.19650655,0.074235808,0.28384279,0.46724891,0.2489083,0.16593886,0.082969432,0.41921397,0.45414847,0.12663755,0.31877729,0.52401747,0.16157205,0.096069869,0.13537118,0.082969432
gi|33594485,0,non-T6SE,263,0.3269962,0.18250951,0.068441065,0.36882129,0.38403042,0.24714829,0.20532319,0.121673,0.33079848,0.4904943,0.17870722,0.2851711,0.46007605,0.14068441,0.087452471,0.19011407,0.121673
gi|33594488,0,non-T6SE,93,0.33333333,0.24731183,0.064516129,0.39784946,0.30107527,0.30107527,0.22580645,0.10752688,0.2688172,0.58064516,0.15053763,0.32258065,0.39784946,0.17204301,0.11827957,0.20430108,0.10752688
gi|33594494,0,non-T6SE,101,0.36633663,0.16831683,0.059405941,0.44554455,0.30693069,0.24752475,0.26732673,0.099009901,0.2970297,0.51485149,0.18811881,0.27722772,0.38613861,0.13861386,0.10891089,0.25742574,0.099009901
gi|33594497,0,non-T6SE,120,0.30833333,0.225,0.075,0.325,0.40833333,0.26666667,0.225,0.083333333,0.375,0.45,0.175,0.4,0.54166667,0.10833333,0.066666667,0.2,0.083333333
gi|33594500,0,non-T6SE,146,0.2739726,0.20547945,0.061643836,0.30821918,0.44520548,0.24657534,0.19863014,0.075342466,0.39041096,0.48630137,0.12328767,0.32191781,0.52739726,0.1369863,0.089041096,0.17123288,0.075342466
gi|33594505,0,non-T6SE,133,0.2481203,0.18045113,0.060150376,0.28571429,0.48120301,0.23308271,0.19548872,0.052631579,0.42857143,0.44360902,0.12781955,0.30827068,0.4887218,0.18796992,0.090225564,0.17293233,0.052631579
gi|33594506,0,non-T6SE,207,0.33816425,0.19806763,0.072463768,0.38164251,0.352657,0.26570048,0.21256039,0.12560386,0.35748792,0.46859903,0.17391304,0.28019324,0.40096618,0.1884058,0.077294686,0.19806763,0.12560386
gi|33594553,0,non-T6SE,254,0.26771654,0.19291339,0.12204724,0.27952756,0.44094488,0.27952756,0.15748031,0.11023622,0.34251969,0.5,0.15748031,0.31102362,0.51968504,0.13385827,0.12204724,0.11023622,0.11023622
gi|33594669,0,non-T6SE,416,0.21394231,0.22836538,0.048076923,0.33653846,0.38701923,0.27644231,0.11538462,0.098557692,0.37259615,0.49038462,0.13701923,0.36538462,0.52403846,0.12740385,0.13701923,0.11298077,0.098557692
gi|33594691,0,non-T6SE,257,0.25291829,0.20622568,0.10116732,0.24902724,0.45914397,0.29182879,0.13229572,0.12062257,0.41245136,0.43968872,0.14785992,0.3540856,0.51361868,0.17509728,0.089494163,0.093385214,0.12062257
gi|384409781,0,non-T6SE,263,0.23574144,0.25855513,0.068441065,0.28136882,0.40304183,0.31558935,0.121673,0.11406844,0.38022814,0.49809886,0.121673,0.37262357,0.51711027,0.17490494,0.08365019,0.1026616,0.11406844
gi|384409783,0,non-T6SE,424,0.19811321,0.21698113,0.070754717,0.28066038,0.41745283,0.30188679,0.094339623,0.10377358,0.41981132,0.46698113,0.11320755,0.35849057,0.54245283,0.1509434,0.10141509,0.089622642,0.10377358
gi|384409813,0,non-T6SE,502,0.24302789,0.26294821,0.071713147,0.28685259,0.36454183,0.34860558,0.11155378,0.1314741,0.33665339,0.54780876,0.11553785,0.34860558,0.53784861,0.13545817,0.085657371,0.091633466,0.1314741
gi|384409948,0,non-T6SE,329,0.27659574,0.21580547,0.13981763,0.3343465,0.35258359,0.31306991,0.12462006,0.15197568,0.32826748,0.5106383,0.16109422,0.30395137,0.42857143,0.18844985,0.12158055,0.10334347,0.15197568
gi|384409965,0,non-T6SE,150,0.25333333,0.16,0.10666667,0.35333333,0.32666667,0.32,0.12,0.13333333,0.35333333,0.51333333,0.13333333,0.26666667,0.40666667,0.16666667,0.16,0.10666667,0.13333333
gi|384409966,0,non-T6SE,286,0.24475524,0.1958042,0.13986014,0.27622378,0.4020979,0.32167832,0.11888112,0.12587413,0.34265734,0.47552448,0.18181818,0.27622378,0.51748252,0.15734266,0.08041958,0.1013986,0.12587413
gi|384410107,0,non-T6SE,346,0.26589595,0.1849711,0.066473988,0.30924855,0.4017341,0.28901734,0.1300578,0.13583815,0.39595376,0.48843931,0.11560694,0.31213873,0.46820809,0.1734104,0.083815029,0.11271676,0.13583815
gi|384410681,0,non-T6SE,269,0.27881041,0.20446097,0.12267658,0.32713755,0.35687732,0.31598513,0.14498141,0.133829,0.34944238,0.48698885,0.16356877,0.30111524,0.48327138,0.14498141,0.11152416,0.12267658,0.133829
gi|384410778,0,non-T6SE,269,0.20817844,0.23791822,0.074349442,0.26765799,0.43494424,0.29739777,0.10408922,0.10408922,0.39776952,0.49442379,0.10780669,0.3866171,0.56133829,0.13011152,0.11524164,0.081784387,0.10408922
gi|384407507,0,non-T6SE,342,0.22222222,0.23099415,0.13157895,0.28947368,0.35380117,0.35672515,0.12573099,0.096491228,0.3245614,0.52631579,0.14912281,0.33040936,0.47953216,0.16666667,0.14619883,0.099415205,0.096491228
gi|384407668,0,non-T6SE,331,0.3141994,0.19033233,0.13293051,0.35347432,0.33836858,0.3081571,0.18429003,0.12990937,0.28096677,0.51963746,0.19939577,0.26888218,0.43806647,0.1570997,0.12084592,0.1510574,0.12990937
gi|384407867,0,non-T6SE,453,0.17218543,0.25165563,0.1986755,0.20750552,0.39072848,0.401766,0.11037528,0.061810155,0.30684327,0.45916115,0.23399558,0.35099338,0.55187638,0.17439294,0.11699779,0.086092715,0.061810155
gi|384407921,0,non-T6SE,643,0.26283048,0.21461897,0.10730949,0.27371695,0.44479005,0.281493,0.1399689,0.12286159,0.39657854,0.46189736,0.14152411,0.33903577,0.53654743,0.15241058,0.077760498,0.10730949,0.12286159
gi|384408521,0,non-T6SE,170,0.26470588,0.23529412,0.10588235,0.27058824,0.4,0.32941176,0.15294118,0.11176471,0.38235294,0.45882353,0.15882353,0.33529412,0.5,0.15882353,0.088235294,0.12352941,0.11176471
gi|384408613,0,non-T6SE,165,0.27878788,0.23030303,0.03030303,0.29090909,0.40606061,0.3030303,0.14545455,0.13333333,0.41818182,0.5030303,0.078787879,0.36363636,0.49090909,0.18181818,0.054545455,0.12727273,0.13333333
gi|384408673,0,non-T6SE,455,0.25714286,0.17142857,0.079120879,0.32527473,0.45054945,0.22417582,0.12967033,0.12747253,0.44835165,0.45934066,0.092307692,0.30769231,0.47912088,0.15384615,0.12747253,0.1032967,0.12747253
gi|384408736,0,non-T6SE,276,0.24637681,0.24275362,0.10507246,0.27173913,0.41304348,0.31521739,0.13768116,0.10869565,0.37318841,0.50362319,0.12318841,0.33333333,0.49275362,0.17391304,0.12318841,0.094202899,0.10869565
gi|384408802,0,non-T6SE,619,0.17609047,0.30694669,0.071082391,0.20678514,0.40226171,0.39095315,0.085621971,0.090468498,0.36833603,0.53150242,0.10016155,0.44588045,0.63812601,0.12600969,0.071082391,0.069466882,0.090468498
gi|384408830,0,non-T6SE,431,0.27610209,0.19025522,0.13921114,0.32946636,0.38051044,0.2900232,0.15313225,0.12296984,0.34338747,0.45939675,0.19721578,0.27842227,0.45475638,0.16473318,0.1136891,0.13921114,0.12296984
gi|384408868,0,non-T6SE,82,0.20731707,0.18292683,0.13414634,0.26829268,0.41463415,0.31707317,0.097560976,0.1097561,0.42682927,0.35365854,0.2195122,0.29268293,0.5,0.17073171,0.12195122,0.097560976,0.1097561
gi|384408869,0,non-T6SE,296,0.22635135,0.23310811,0.084459459,0.27027027,0.39864865,0.33108108,0.14189189,0.084459459,0.38513514,0.48310811,0.13175676,0.34459459,0.51689189,0.15878378,0.094594595,0.11824324,0.084459459
gi|384409050,0,non-T6SE,278,0.11510791,0.3705036,0.10071942,0.14748201,0.37410072,0.47841727,0.064748201,0.050359712,0.31294964,0.56115108,0.12589928,0.4676259,0.65107914,0.16546763,0.071942446,0.053956835,0.050359712
gi|384409056,0,non-T6SE,186,0.29569892,0.15591398,0.096774194,0.36021505,0.37096774,0.2688172,0.1344086,0.16129032,0.37634409,0.49462366,0.12903226,0.26344086,0.41397849,0.1827957,0.10215054,0.12903226,0.16129032
gi|384409057,0,non-T6SE,338,0.24852071,0.17455621,0.13017751,0.31952663,0.40828402,0.27218935,0.12130178,0.12721893,0.37869822,0.47337278,0.14792899,0.29289941,0.47633136,0.17751479,0.1035503,0.10946746,0.12721893
gi|384409086,0,non-T6SE,304,0.20723684,0.21381579,0.085526316,0.25657895,0.44407895,0.29934211,0.11842105,0.088815789,0.41447368,0.47039474,0.11513158,0.36842105,0.56907895,0.13815789,0.098684211,0.098684211,0.088815789
gi|384409133,0,non-T6SE,174,0.24137931,0.25287356,0.051724138,0.27586207,0.4137931,0.31034483,0.1091954,0.13218391,0.37356322,0.53448276,0.091954023,0.40804598,0.58045977,0.12643678,0.063218391,0.097701149,0.13218391
gi|384409267,0,non-T6SE,690,0.26521739,0.20724638,0.13478261,0.2942029,0.39855072,0.30724638,0.13623188,0.12898551,0.35507246,0.48695652,0.15797101,0.27536232,0.45362319,0.17971014,0.1115942,0.10869565,0.12898551
gi|384409325,0,non-T6SE,377,0.31830239,0.21485411,0.066312997,0.37400531,0.34482759,0.28116711,0.14588859,0.17241379,0.35278515,0.51458886,0.13262599,0.32360743,0.43501326,0.16710875,0.10079576,0.12466844,0.17241379
gi|384409625,0,non-T6SE,206,0.24271845,0.2038835,0.11165049,0.27669903,0.38834951,0.33495146,0.13106796,0.11165049,0.33980583,0.49514563,0.16504854,0.25728155,0.50970874,0.16019417,0.082524272,0.11650485,0.11165049
gi|212217694,0,non-T6SE,193,0.25388601,0.24352332,0.12435233,0.30569948,0.3626943,0.33160622,0.15025907,0.10362694,0.31088083,0.52331606,0.16580311,0.32124352,0.49222798,0.15544041,0.098445596,0.13471503,0.10362694
gi|212217715,0,non-T6SE,473,0.2832981,0.24735729,0.080338266,0.34038055,0.34672304,0.31289641,0.14799154,0.13530655,0.33403805,0.55813953,0.10782241,0.34672304,0.49048626,0.13107822,0.10993658,0.12262156,0.13530655
gi|212217716,0,non-T6SE,210,0.3,0.21904762,0.19047619,0.34285714,0.34761905,0.30952381,0.2047619,0.095238095,0.22380952,0.53333333,0.24285714,0.25714286,0.38095238,0.18571429,0.18571429,0.14761905,0.095238095
gi|212217756,0,non-T6SE,404,0.24009901,0.24009901,0.069306931,0.32673267,0.3539604,0.31930693,0.12376238,0.11633663,0.33910891,0.56930693,0.091584158,0.36386139,0.50247525,0.14108911,0.11633663,0.11386139,0.11633663
gi|212217761,0,non-T6SE,611,0.24549918,0.25040917,0.10474632,0.29623568,0.39443535,0.30932897,0.15711948,0.088379705,0.32405892,0.56464812,0.11129296,0.36006547,0.50081833,0.14893617,0.1309329,0.11947627,0.088379705
gi|212217804,0,non-T6SE,319,0.26332288,0.25705329,0.07523511,0.31661442,0.35423197,0.32915361,0.13479624,0.12852665,0.35423197,0.52351097,0.12225705,0.35109718,0.46394984,0.18181818,0.10344828,0.10971787,0.12852665
gi|212217811,0,non-T6SE,189,0.28571429,0.22751323,0.15343915,0.32804233,0.32804233,0.34391534,0.16402116,0.12169312,0.26984127,0.56613757,0.16402116,0.27513228,0.45502646,0.14814815,0.14814815,0.12169312,0.12169312
gi|212217836,0,non-T6SE,342,0.24269006,0.26900585,0.10818713,0.30116959,0.35380117,0.34502924,0.14327485,0.099415205,0.28947368,0.57894737,0.13157895,0.34210526,0.48538012,0.14619883,0.14912281,0.10526316,0.099415205
gi|212217850,0,non-T6SE,321,0.25856698,0.25545171,0.10280374,0.32087227,0.33021807,0.34890966,0.13084112,0.12772586,0.29283489,0.56386293,0.14330218,0.3271028,0.4953271,0.14953271,0.105919,0.1152648,0.12772586
gi|212217853,0,non-T6SE,139,0.23741007,0.20863309,0.079136691,0.34532374,0.35251799,0.30215827,0.071942446,0.16546763,0.38848921,0.50359712,0.10791367,0.29496403,0.47482014,0.15827338,0.10791367,0.071942446,0.16546763
gi|212217903,0,non-T6SE,205,0.27804878,0.22439024,0.10243902,0.33170732,0.37073171,0.29756098,0.14634146,0.13170732,0.33170732,0.53658537,0.13170732,0.31219512,0.44878049,0.1804878,0.10731707,0.12682927,0.13170732
gi|212217929,0,non-T6SE,220,0.30454545,0.26363636,0.12727273,0.30454545,0.33636364,0.35909091,0.15454545,0.15,0.25,0.58636364,0.16363636,0.30454545,0.44545455,0.20454545,0.068181818,0.12272727,0.15
gi|212217939,0,non-T6SE,215,0.25116279,0.24186047,0.1255814,0.2744186,0.42790698,0.29767442,0.15348837,0.097674419,0.32093023,0.55813953,0.12093023,0.33488372,0.50232558,0.15813953,0.13953488,0.097674419,0.097674419
gi|212217945,0,non-T6SE,319,0.31661442,0.15987461,0.17241379,0.36990596,0.33855799,0.29153605,0.17241379,0.14420063,0.27272727,0.47962382,0.2476489,0.20689655,0.43260188,0.12852665,0.12852665,0.14733542,0.14420063
gi|212217949,0,non-T6SE,172,0.28488372,0.22093023,0.075581395,0.34302326,0.35465116,0.30232558,0.13953488,0.14534884,0.26744186,0.62790698,0.10465116,0.27906977,0.47093023,0.15697674,0.098837209,0.12209302,0.14534884
gi|212217955,0,non-T6SE,917,0.26499455,0.22246456,0.10796074,0.304253,0.38931298,0.30643402,0.13740458,0.12758997,0.35114504,0.52344602,0.12540894,0.29661941,0.47001091,0.16793893,0.11777535,0.1046892,0.12758997
gi|212217957,0,non-T6SE,552,0.27536232,0.25,0.032608696,0.33333333,0.35869565,0.30797101,0.12862319,0.14673913,0.37862319,0.55797101,0.063405797,0.36413043,0.50362319,0.15217391,0.072463768,0.12137681,0.14673913
gi|212217958,0,non-T6SE,383,0.28198433,0.22976501,0.11227154,0.30287206,0.38381201,0.31331593,0.15665796,0.12532637,0.34203655,0.51174935,0.1462141,0.32898172,0.48825065,0.1462141,0.10704961,0.1227154,0.12532637
gi|212217959,0,non-T6SE,130,0.31538462,0.22307692,0.10769231,0.36923077,0.35384615,0.27692308,0.084615385,0.23076923,0.34615385,0.54615385,0.10769231,0.30769231,0.42307692,0.16923077,0.11538462,0.061538462,0.23076923
gi|212217993,0,non-T6SE,159,0.37106918,0.23899371,0.16352201,0.37106918,0.31446541,0.31446541,0.18238994,0.18867925,0.25157233,0.56603774,0.18238994,0.28930818,0.39622642,0.17610063,0.094339623,0.13836478,0.18867925
gi|212217999,0,non-T6SE,258,0.23643411,0.24418605,0.093023256,0.27131783,0.41472868,0.31395349,0.11627907,0.12015504,0.35271318,0.53100775,0.11627907,0.3372093,0.51937984,0.1627907,0.10077519,0.089147287,0.12015504
gi|212218000,0,non-T6SE,230,0.19565217,0.22608696,0.12173913,0.25652174,0.43478261,0.30869565,0.15652174,0.039130435,0.33043478,0.4826087,0.18695652,0.33913043,0.53043478,0.15217391,0.13478261,0.13043478,0.039130435
gi|212218012,0,non-T6SE,496,0.26209677,0.2641129,0.092741935,0.30241935,0.37298387,0.32459677,0.15120968,0.1108871,0.33870968,0.53830645,0.12298387,0.38104839,0.5141129,0.13709677,0.11491935,0.11693548,0.1108871
gi|212218059,0,non-T6SE,188,0.32978723,0.27659574,0.10638298,0.36702128,0.26595745,0.36702128,0.17553191,0.15425532,0.21808511,0.61702128,0.16489362,0.29787234,0.47340426,0.13829787,0.074468085,0.15957447,0.15425532
gi|212218060,0,non-T6SE,145,0.24827586,0.20689655,0.055172414,0.30344828,0.42758621,0.26896552,0.15172414,0.096551724,0.37241379,0.53103448,0.096551724,0.31724138,0.50344828,0.17931034,0.068965517,0.14482759,0.096551724
gi|212218061,0,non-T6SE,232,0.28448276,0.23275862,0.043103448,0.34482759,0.375,0.28017241,0.17241379,0.11206897,0.39224138,0.52586207,0.081896552,0.35344828,0.5,0.13793103,0.077586207,0.1637931,0.11206897
gi|212218069,0,non-T6SE,140,0.32142857,0.22142857,0.057142857,0.35,0.37857143,0.27142857,0.25,0.071428571,0.31428571,0.50714286,0.17857143,0.29285714,0.46428571,0.14285714,0.071428571,0.22857143,0.071428571
gi|212218070,0,non-T6SE,191,0.35078534,0.19371728,0.073298429,0.39790576,0.34554974,0.2565445,0.23036649,0.12041885,0.32460733,0.51308901,0.16230366,0.31937173,0.45549738,0.11518325,0.09947644,0.20942408,0.12041885
gi|212218073,0,non-T6SE,113,0.3539823,0.26548673,0.044247788,0.38938053,0.30973451,0.30088496,0.20353982,0.15044248,0.33628319,0.52212389,0.14159292,0.34513274,0.43362832,0.15929204,0.07079646,0.18584071,0.15044248
gi|212218075,0,non-T6SE,206,0.28640777,0.23786408,0.053398058,0.34951456,0.35436893,0.2961165,0.17475728,0.11165049,0.35436893,0.51456311,0.13106796,0.33495146,0.46116505,0.16504854,0.09223301,0.16504854,0.11165049
gi|212218078,0,non-T6SE,95,0.35789474,0.16842105,0.11578947,0.35789474,0.37894737,0.26315789,0.26315789,0.094736842,0.28421053,0.57894737,0.13684211,0.22105263,0.38947368,0.17894737,0.13684211,0.2,0.094736842
gi|212218079,0,non-T6SE,115,0.31304348,0.2173913,0.052173913,0.39130435,0.33913043,0.26956522,0.2,0.11304348,0.35652174,0.53043478,0.11304348,0.3826087,0.45217391,0.12173913,0.13043478,0.17391304,0.11304348
gi|212218088,0,non-T6SE,133,0.30075188,0.2556391,0.045112782,0.35338346,0.33082707,0.31578947,0.17293233,0.12781955,0.30075188,0.58646617,0.11278195,0.30075188,0.40601504,0.22556391,0.067669173,0.16541353,0.12781955
gi|212218110,0,non-T6SE,361,0.21052632,0.24930748,0.099722992,0.29085873,0.37119114,0.33795014,0.11634349,0.094182825,0.33240997,0.51246537,0.15512465,0.34626039,0.50969529,0.16066482,0.12188366,0.10249307,0.094182825
gi|212218126,0,non-T6SE,79,0.36708861,0.20253165,0.075949367,0.44303797,0.26582278,0.29113924,0.29113924,0.075949367,0.24050633,0.59493671,0.16455696,0.24050633,0.36708861,0.13924051,0.13924051,0.26582278,0.075949367
gi|212218129,0,non-T6SE,161,0.20496894,0.25465839,0.080745342,0.24223602,0.42857143,0.32919255,0.10559006,0.099378882,0.39130435,0.50931677,0.099378882,0.32919255,0.53416149,0.16770186,0.093167702,0.080745342,0.099378882
gi|212218143,0,non-T6SE,656,0.33689024,0.23628049,0.10213415,0.40091463,0.28810976,0.31097561,0.16310976,0.17378049,0.28658537,0.57926829,0.13414634,0.30182927,0.41920732,0.14329268,0.11890244,0.14176829,0.17378049
gi|212218213,0,non-T6SE,161,0.21118012,0.19254658,0.11801242,0.26708075,0.37888199,0.35403727,0.1242236,0.086956522,0.36645963,0.43478261,0.19875776,0.27950311,0.45341615,0.21118012,0.086956522,0.11801242,0.086956522
gi|212218227,0,non-T6SE,153,0.29411765,0.26143791,0.071895425,0.35947712,0.31372549,0.32679739,0.15686275,0.1372549,0.29411765,0.54901961,0.15686275,0.33986928,0.50980392,0.10457516,0.091503268,0.14379085,0.1372549
gi|212218228,0,non-T6SE,503,0.33797217,0.25049702,0.047713718,0.40755467,0.27833002,0.31411531,0.1332008,0.20477137,0.31212724,0.5805169,0.10735586,0.35387674,0.45328032,0.11928429,0.089463221,0.12723658,0.20477137
gi|212218281,0,non-T6SE,113,0.26548673,0.24778761,0.13274336,0.27433628,0.37168142,0.3539823,0.15929204,0.10619469,0.30973451,0.59292035,0.097345133,0.34513274,0.51327434,0.097345133,0.17699115,0.079646018,0.10619469
gi|212218306,0,non-T6SE,461,0.26681128,0.24295011,0.11279826,0.3340564,0.35140998,0.31453362,0.14750542,0.11930586,0.29718004,0.56832972,0.13449024,0.32321041,0.44251627,0.17570499,0.13449024,0.11930586,0.11930586
gi|212218335,0,non-T6SE,158,0.2721519,0.25949367,0.13291139,0.30379747,0.34177215,0.35443038,0.13924051,0.13291139,0.29746835,0.57594937,0.12658228,0.33544304,0.47468354,0.15189873,0.12658228,0.10126582,0.13291139
gi|212218344,0,non-T6SE,127,0.35433071,0.22047244,0.1023622,0.38582677,0.33858268,0.27559055,0.19685039,0.15748031,0.29133858,0.58267717,0.12598425,0.30708661,0.37795276,0.18110236,0.13385827,0.1496063,0.15748031
gi|212218375,0,non-T6SE,506,0.2687747,0.23517787,0.10079051,0.32213439,0.37944664,0.29841897,0.14031621,0.1284585,0.33003953,0.52964427,0.14031621,0.32608696,0.47826087,0.16403162,0.11067194,0.11264822,0.1284585
gi|212218379,0,non-T6SE,353,0.25495751,0.23512748,0.099150142,0.29745042,0.36827195,0.33427762,0.1529745,0.101983,0.31728045,0.53824363,0.14447592,0.33427762,0.49575071,0.15014164,0.101983,0.12747875,0.101983
gi|212218392,0,non-T6SE,871,0.25717566,0.25028703,0.094144661,0.33754305,0.347876,0.31458094,0.13547646,0.1216992,0.29735936,0.5717566,0.13088404,0.33754305,0.46153846,0.163031,0.13892078,0.10792193,0.1216992
gi|212218440,0,non-T6SE,454,0.31497797,0.25110132,0.085903084,0.37004405,0.3215859,0.30837004,0.1784141,0.13656388,0.30176211,0.54405286,0.15418502,0.31277533,0.45814978,0.13436123,0.1123348,0.15198238,0.13656388
gi|212218441,0,non-T6SE,435,0.25287356,0.24367816,0.091954023,0.29885057,0.38850575,0.31264368,0.13333333,0.11954023,0.34022989,0.53103448,0.12873563,0.30804598,0.48045977,0.17701149,0.098850575,0.11034483,0.11954023
gi|212218447,0,non-T6SE,270,0.25555556,0.29259259,0.040740741,0.31851852,0.33333333,0.34814815,0.13333333,0.12222222,0.34814815,0.55555556,0.096296296,0.38518519,0.4962963,0.14074074,0.092592593,0.12222222,0.12222222
gi|212218450,0,non-T6SE,360,0.25833333,0.25277778,0.083333333,0.30833333,0.38333333,0.30833333,0.15277778,0.10555556,0.35,0.55,0.1,0.33888889,0.45833333,0.16944444,0.14166667,0.11111111,0.10555556
gi|212218506,0,non-T6SE,177,0.25988701,0.2259887,0.12429379,0.28248588,0.3559322,0.36158192,0.16949153,0.09039548,0.3220339,0.52542373,0.15254237,0.27683616,0.46327684,0.18644068,0.10169492,0.13559322,0.09039548
gi|212218582,0,non-T6SE,371,0.26145553,0.21024259,0.14555256,0.33153639,0.35309973,0.31536388,0.1509434,0.11051213,0.32075472,0.53638814,0.14285714,0.2722372,0.44204852,0.14016173,0.16981132,0.10781671,0.11051213
gi|212218583,0,non-T6SE,1157,0.27052723,0.25237684,0.10976664,0.33016422,0.35609334,0.31374244,0.14693172,0.12359551,0.29213483,0.56006914,0.14779602,0.3258427,0.47104581,0.15903198,0.12445981,0.11754538,0.12359551
gi|212218588,0,non-T6SE,604,0.25,0.21688742,0.10264901,0.30794702,0.40231788,0.2897351,0.15231788,0.097682119,0.37086093,0.5115894,0.11754967,0.31456954,0.48509934,0.16225166,0.1192053,0.12251656,0.097682119
gi|212218625,0,non-T6SE,428,0.24766355,0.2453271,0.091121495,0.30140187,0.38084112,0.31775701,0.12616822,0.12149533,0.3317757,0.55373832,0.11448598,0.3317757,0.50934579,0.16121495,0.091121495,0.11448598,0.12149533
gi|212218637,0,non-T6SE,240,0.3125,0.22916667,0.1125,0.36666667,0.29583333,0.3375,0.1625,0.15,0.29166667,0.55833333,0.15,0.29583333,0.4375,0.15,0.1125,0.1375,0.15
gi|212218656,0,non-T6SE,339,0.25073746,0.24188791,0.10029499,0.28318584,0.39823009,0.31858407,0.14454277,0.10619469,0.34218289,0.53097345,0.12684366,0.36578171,0.5280236,0.13274336,0.10029499,0.11504425,0.10619469
gi|212218689,0,non-T6SE,402,0.27363184,0.21890547,0.15422886,0.28358209,0.4079602,0.30845771,0.14179104,0.1318408,0.31840796,0.52487562,0.15671642,0.27860697,0.47014925,0.17910448,0.10447761,0.10199005,0.1318408
gi|212218695,0,non-T6SE,173,0.26589595,0.26589595,0.069364162,0.32369942,0.34682081,0.32947977,0.10982659,0.15606936,0.30635838,0.60115607,0.092485549,0.35260116,0.46820809,0.1734104,0.098265896,0.092485549,0.15606936
gi|212218714,0,non-T6SE,145,0.37241379,0.23448276,0.13103448,0.36551724,0.29655172,0.33793103,0.2,0.17241379,0.29655172,0.5862069,0.11724138,0.29655172,0.4137931,0.11724138,0.13103448,0.13103448,0.17241379
gi|212218749,0,non-T6SE,202,0.27227723,0.24752475,0.089108911,0.31683168,0.37128713,0.31188119,0.14851485,0.12376238,0.32673267,0.55445545,0.11881188,0.37128713,0.52475248,0.11881188,0.094059406,0.12376238,0.12376238
gi|212218792,0,non-T6SE,336,0.22619048,0.22321429,0.098214286,0.27380952,0.4047619,0.32142857,0.11011905,0.11607143,0.36607143,0.5327381,0.10119048,0.32738095,0.46130952,0.19642857,0.12202381,0.080357143,0.11607143
gi|212218844,0,non-T6SE,236,0.25,0.26694915,0.055084746,0.30508475,0.34745763,0.34745763,0.13135593,0.11864407,0.35169492,0.54661017,0.10169492,0.3559322,0.50423729,0.16101695,0.076271186,0.12288136,0.11864407
gi|212218915,0,non-T6SE,253,0.31620553,0.22529644,0.11462451,0.32806324,0.35573123,0.31620553,0.15019763,0.16600791,0.33201581,0.52173913,0.14624506,0.31620553,0.46245059,0.14229249,0.09486166,0.11462451,0.16600791
gi|212218929,0,non-T6SE,436,0.33715596,0.23394495,0.066513761,0.37155963,0.32798165,0.30045872,0.16972477,0.16743119,0.31422018,0.59862385,0.087155963,0.30733945,0.47706422,0.12614679,0.066513761,0.1559633,0.16743119
gi|212218945,0,non-T6SE,181,0.3480663,0.16022099,0.11049724,0.40331492,0.35911602,0.23756906,0.22651934,0.12154696,0.28176796,0.55801105,0.16022099,0.27071823,0.42541436,0.1160221,0.14364641,0.1878453,0.12154696
gi|212219025,0,non-T6SE,434,0.24423963,0.2718894,0.064516129,0.28110599,0.37788018,0.34101382,0.12903226,0.11520737,0.36175115,0.53456221,0.10368664,0.38479263,0.52764977,0.15207373,0.092165899,0.10368664,0.11520737
gi|212219026,0,non-T6SE,324,0.23148148,0.27160494,0.064814815,0.24691358,0.41049383,0.34259259,0.12962963,0.10185185,0.39506173,0.5308642,0.074074074,0.37037037,0.51234568,0.19753086,0.077160494,0.098765432,0.10185185
gi|212219111,0,non-T6SE,201,0.23383085,0.25373134,0.084577114,0.27860697,0.39800995,0.32338308,0.13432836,0.099502488,0.34825871,0.5721393,0.07960199,0.34328358,0.49253731,0.14925373,0.13432836,0.089552239,0.099502488
gi|212219132,0,non-T6SE,1324,0.25,0.21752266,0.11329305,0.30362538,0.38444109,0.31193353,0.13595166,0.11404834,0.33761329,0.52794562,0.13444109,0.30966767,0.48716012,0.15256798,0.12915408,0.10498489,0.11404834
gi|212219167,0,non-T6SE,936,0.28098291,0.2232906,0.12713675,0.32692308,0.35470085,0.31837607,0.14529915,0.13568376,0.32799145,0.50961538,0.16239316,0.31837607,0.47008547,0.13995726,0.12286325,0.11858974,0.13568376
gi|212219176,0,non-T6SE,117,0.35897436,0.22222222,0.076923077,0.39316239,0.30769231,0.2991453,0.23076923,0.12820513,0.31623932,0.58119658,0.1025641,0.32478632,0.43589744,0.13675214,0.1025641,0.1965812,0.12820513
gi|212219224,0,non-T6SE,614,0.26221498,0.25895765,0.089576547,0.31596091,0.35504886,0.32899023,0.14006515,0.12214984,0.32084691,0.55374593,0.12540717,0.35016287,0.50814332,0.1465798,0.091205212,0.12214984,0.12214984
gi|212219249,0,non-T6SE,519,0.27552987,0.21387283,0.10982659,0.31984586,0.39884393,0.28131021,0.13872832,0.13680154,0.35452794,0.52408478,0.12138728,0.31599229,0.47013487,0.16184971,0.12331407,0.10019268,0.13680154
gi|212219277,0,non-T6SE,610,0.27868852,0.24590164,0.10327869,0.3295082,0.33770492,0.33278689,0.1442623,0.13442623,0.30655738,0.54262295,0.15081967,0.30491803,0.47540984,0.15901639,0.1,0.12295082,0.13442623
gi|212219280,0,non-T6SE,200,0.26,0.275,0.095,0.295,0.385,0.32,0.145,0.115,0.3,0.585,0.115,0.35,0.51,0.145,0.12,0.105,0.115
gi|212219373,0,non-T6SE,916,0.31768559,0.21615721,0.096069869,0.38209607,0.33515284,0.28275109,0.15938865,0.15829694,0.29803493,0.56877729,0.13318777,0.30567686,0.4268559,0.15174672,0.12882096,0.13100437,0.15829694
gi|212219402,0,non-T6SE,160,0.3,0.24375,0.0875,0.3375,0.3375,0.325,0.14375,0.15625,0.28125,0.56875,0.15,0.30625,0.475,0.13125,0.1,0.125,0.15625
gi|212219451,0,non-T6SE,200,0.265,0.21,0.085,0.325,0.395,0.28,0.11,0.155,0.37,0.525,0.105,0.34,0.485,0.15,0.115,0.085,0.155
gi|212219499,0,non-T6SE,91,0.35164835,0.18681319,0.17582418,0.40659341,0.27472527,0.31868132,0.20879121,0.14285714,0.20879121,0.57142857,0.21978022,0.23076923,0.36263736,0.16483516,0.15384615,0.17582418,0.14285714
gi|212219504,0,non-T6SE,314,0.25796178,0.24840764,0.070063694,0.31528662,0.35987261,0.32484076,0.14012739,0.11783439,0.35031847,0.53503185,0.11464968,0.35987261,0.51273885,0.13694268,0.098726115,0.12420382,0.11783439
gi|212219519,0,non-T6SE,204,0.25,0.25,0.06372549,0.30882353,0.37254902,0.31862745,0.1372549,0.1127451,0.38235294,0.49509804,0.12254902,0.36764706,0.50980392,0.16666667,0.073529412,0.13235294,0.1127451
gi|212219538,0,non-T6SE,393,0.26208651,0.21882952,0.091603053,0.30279898,0.40203562,0.29516539,0.12977099,0.13231552,0.38422392,0.48854962,0.12722646,0.3129771,0.48854962,0.15521628,0.10178117,0.1043257,0.13231552
gi|212219546,0,non-T6SE,775,0.27096774,0.24129032,0.10451613,0.34193548,0.32258065,0.33548387,0.13548387,0.13548387,0.30709677,0.54967742,0.14322581,0.31096774,0.44258065,0.15483871,0.1316129,0.11612903,0.13548387
gi|212219550,0,non-T6SE,723,0.2724758,0.22130014,0.12033195,0.33609959,0.36099585,0.30290456,0.14799447,0.12448133,0.32226833,0.5186722,0.15905947,0.30290456,0.42876902,0.18118949,0.14246196,0.11618257,0.12448133
gi|88658171,0,non-T6SE,123,0.30894309,0.26829268,0.073170732,0.37398374,0.30081301,0.32520325,0.22764228,0.081300813,0.28455285,0.53658537,0.17886179,0.32520325,0.44715447,0.1300813,0.11382114,0.20325203,0.081300813
gi|88658479,0,non-T6SE,137,0.28467153,0.2189781,0.065693431,0.33576642,0.38686131,0.27737226,0.16058394,0.12408759,0.38686131,0.56934307,0.04379562,0.32116788,0.4379562,0.18248175,0.094890511,0.13868613,0.12408759
gi|88657724,0,non-T6SE,487,0.3100616,0.26899384,0.055441478,0.39425051,0.29158111,0.31416838,0.14373717,0.16632444,0.29774127,0.6036961,0.098562628,0.33675565,0.44147844,0.14989733,0.10677618,0.13347023,0.16632444
gi|410681562,0,non-T6SE,381,0.29396325,0.22572178,0.13648294,0.34383202,0.35695538,0.2992126,0.16010499,0.13385827,0.30183727,0.5328084,0.16535433,0.29133858,0.41469816,0.20209974,0.11286089,0.1312336,0.13385827
gi|410681642,0,non-T6SE,812,0.28571429,0.21674877,0.10714286,0.34729064,0.34359606,0.3091133,0.14285714,0.14285714,0.30665025,0.56650246,0.12684729,0.28571429,0.43842365,0.17487685,0.10960591,0.12315271,0.14285714
gi|410681660,0,non-T6SE,549,0.10382514,0.32786885,0.14571949,0.13296903,0.3989071,0.46812386,0.061930783,0.041894353,0.33151184,0.51730419,0.15118397,0.42622951,0.6557377,0.18032787,0.061930783,0.052823315,0.041894353
gi|410681902,0,non-T6SE,448,0.25669643,0.20535714,0.11383929,0.31919643,0.37946429,0.30133929,0.13839286,0.11830357,0.33705357,0.53348214,0.12946429,0.28794643,0.46205357,0.171875,0.109375,0.11830357,0.11830357
gi|410681911,0,non-T6SE,213,0.27699531,0.1971831,0.1971831,0.32394366,0.36150235,0.31455399,0.14553991,0.1314554,0.31455399,0.5258216,0.15962441,0.2629108,0.41314554,0.17840376,0.16901408,0.098591549,0.1314554
gi|410682152,0,non-T6SE,194,0.24226804,0.21134021,0.1443299,0.29896907,0.3814433,0.31958763,0.13402062,0.10824742,0.32989691,0.54639175,0.12371134,0.27319588,0.45876289,0.18041237,0.1443299,0.10309278,0.10824742
gi|410682211,0,non-T6SE,207,0.24637681,0.26570048,0.072463768,0.30434783,0.33333333,0.36231884,0.12077295,0.12560386,0.3236715,0.60386473,0.072463768,0.34782609,0.51690821,0.14492754,0.10144928,0.10144928,0.12560386
gi|410682383,0,non-T6SE,244,0.22540984,0.23770492,0.1147541,0.31557377,0.35245902,0.33196721,0.13934426,0.086065574,0.27459016,0.60245902,0.12295082,0.29918033,0.45491803,0.17622951,0.1557377,0.11065574,0.086065574
gi|410682680,0,non-T6SE,545,0.27706422,0.23669725,0.14862385,0.32844037,0.3266055,0.34495413,0.16146789,0.11559633,0.28623853,0.56513761,0.14862385,0.30091743,0.44770642,0.16513761,0.14311927,0.12293578,0.11559633
gi|410682694,0,non-T6SE,233,0.24034335,0.22746781,0.11158798,0.27038627,0.38197425,0.34763948,0.13733906,0.10300429,0.36909871,0.50643777,0.12446352,0.31759657,0.45922747,0.21888412,0.081545064,0.11158798,0.10300429
gi|410682695,0,non-T6SE,413,0.27845036,0.22033898,0.13801453,0.3220339,0.36561743,0.31234867,0.14527845,0.13317191,0.33898305,0.51815981,0.14285714,0.30750605,0.48184019,0.14527845,0.11138015,0.11380145,0.13317191
gi|410682831,0,non-T6SE,141,0.34042553,0.19858156,0.078014184,0.36879433,0.34042553,0.29078014,0.24113475,0.09929078,0.28368794,0.56028369,0.15602837,0.28368794,0.43262411,0.15602837,0.085106383,0.21985816,0.09929078
gi|410683030,0,non-T6SE,408,0.13970588,0.32598039,0.12745098,0.17401961,0.37009804,0.45588235,0.080882353,0.058823529,0.33333333,0.53676471,0.12990196,0.40686275,0.61519608,0.17401961,0.068627451,0.066176471,0.058823529
gi|52840394,0,non-T6SE,692,0.2283237,0.20375723,0.12716763,0.28323699,0.41184971,0.30491329,0.1199422,0.1083815,0.37716763,0.49855491,0.12427746,0.30202312,0.47254335,0.17196532,0.15317919,0.079479769,0.1083815
gi|52840829,0,non-T6SE,124,0.27419355,0.25,0.088709677,0.2983871,0.35483871,0.34677419,0.13709677,0.13709677,0.33064516,0.55645161,0.11290323,0.33870968,0.51612903,0.16129032,0.056451613,0.12096774,0.13709677
gi|52840997,0,non-T6SE,305,0.2295082,0.25901639,0.12131148,0.31803279,0.33770492,0.3442623,0.11803279,0.11147541,0.28196721,0.56721311,0.15081967,0.3147541,0.46557377,0.18032787,0.12459016,0.10491803,0.11147541
gi|161723256,0,non-T6SE,161,0.34161491,0.22360248,0.080745342,0.42236025,0.27950311,0.29813665,0.17391304,0.16770186,0.31677019,0.54658385,0.13664596,0.26086957,0.37267081,0.1863354,0.10559006,0.16149068,0.16770186
gi|52842031,0,non-T6SE,164,0.18292683,0.22560976,0.1097561,0.23170732,0.43292683,0.33536585,0.10365854,0.079268293,0.3902439,0.51219512,0.097560976,0.34756098,0.5,0.18292683,0.1402439,0.067073171,0.079268293
gi|52842402,0,non-T6SE,317,0.16088328,0.34069401,0.22397476,0.1829653,0.27129338,0.54574132,0.10410095,0.056782334,0.21135647,0.55835962,0.23028391,0.40378549,0.60567823,0.14511041,0.11041009,0.078864353,0.056782334
gi|153007409,0,non-T6SE,389,0.23650386,0.22622108,0.061696658,0.26992288,0.42673522,0.3033419,0.12082262,0.11568123,0.36760925,0.52699229,0.10539846,0.33933162,0.55526992,0.15424165,0.066838046,0.10796915,0.11568123
gi|153007490,0,non-T6SE,89,0.33707865,0.19101124,0.056179775,0.38202247,0.35955056,0.25842697,0.17977528,0.15730337,0.34831461,0.50561798,0.14606742,0.33707865,0.4494382,0.13483146,0.08988764,0.15730337,0.15730337
gi|153007542,0,non-T6SE,1263,0.26840855,0.20981789,0.09976247,0.31353919,0.39271576,0.29374505,0.12272367,0.14568488,0.36817102,0.49247823,0.13935075,0.33966746,0.50356295,0.14410135,0.096595408,0.10213777,0.14568488
gi|153007546,0,non-T6SE,644,0.27173913,0.23447205,0.096273292,0.31987578,0.3742236,0.30590062,0.12732919,0.14440994,0.38198758,0.45962733,0.15838509,0.33074534,0.48757764,0.16459627,0.088509317,0.11024845,0.14440994
gi|153007804,0,non-T6SE,264,0.24621212,0.21212121,0.13636364,0.31818182,0.38636364,0.29545455,0.12878788,0.11742424,0.31439394,0.51893939,0.16666667,0.31439394,0.5,0.12878788,0.14393939,0.098484848,0.11742424
gi|153007805,0,non-T6SE,294,0.23469388,0.23129252,0.06462585,0.28231293,0.40136054,0.31632653,0.11904762,0.11564626,0.39115646,0.52721088,0.081632653,0.35034014,0.54761905,0.13605442,0.095238095,0.095238095,0.11564626
gi|153007823,0,non-T6SE,116,0.34482759,0.18103448,0.12931034,0.37068966,0.3362069,0.29310345,0.18965517,0.15517241,0.31896552,0.52586207,0.15517241,0.25,0.40517241,0.17241379,0.094827586,0.1637931,0.15517241
gi|153007934,0,non-T6SE,350,0.27142857,0.25428571,0.085714286,0.30857143,0.36285714,0.32857143,0.13714286,0.13428571,0.34,0.54285714,0.11714286,0.35714286,0.50857143,0.12857143,0.10857143,0.10285714,0.13428571
gi|153008098,0,non-T6SE,165,0.3030303,0.21818182,0.1030303,0.33333333,0.38787879,0.27878788,0.15151515,0.15151515,0.4,0.5030303,0.096969697,0.35151515,0.44848485,0.16363636,0.12727273,0.10909091,0.15151515
gi|153008136,0,non-T6SE,134,0.35074627,0.17910448,0.097014925,0.39552239,0.37313433,0.23134328,0.25373134,0.097014925,0.35820896,0.44029851,0.20149254,0.34328358,0.46268657,0.1119403,0.097014925,0.23134328,0.097014925
gi|153008267,0,non-T6SE,300,0.24666667,0.21666667,0.056666667,0.27666667,0.43,0.29333333,0.12333333,0.12333333,0.40333333,0.51333333,0.083333333,0.31666667,0.53666667,0.16333333,0.053333333,0.11333333,0.12333333
gi|153008282,0,non-T6SE,469,0.28571429,0.20042644,0.089552239,0.31130064,0.40298507,0.28571429,0.14498934,0.14072495,0.39232409,0.48827292,0.11940299,0.30490405,0.46908316,0.16204691,0.098081023,0.11513859,0.14072495
gi|153008288,0,non-T6SE,614,0.26547231,0.19218241,0.11074919,0.28827362,0.42508143,0.28664495,0.13843648,0.12703583,0.39576547,0.46742671,0.13680782,0.3029316,0.47557003,0.1742671,0.10586319,0.10423453,0.12703583
gi|153008404,0,non-T6SE,339,0.23893805,0.21828909,0.10029499,0.27433628,0.41887906,0.30678466,0.12389381,0.11504425,0.38348083,0.47787611,0.13864307,0.33923304,0.56047198,0.13274336,0.076696165,0.10619469,0.11504425
gi|153008421,0,non-T6SE,538,0.26208178,0.21933086,0.085501859,0.28066914,0.43866171,0.28066914,0.13568773,0.12639405,0.41635688,0.48141264,0.10223048,0.38847584,0.54832714,0.133829,0.079925651,0.10594796,0.12639405
gi|153008448,0,non-T6SE,453,0.29359823,0.21192053,0.070640177,0.33333333,0.39514349,0.27152318,0.13686534,0.15673289,0.39514349,0.50772627,0.097130243,0.33112583,0.49448124,0.13907285,0.086092715,0.11699779,0.15673289
gi|153008609,0,non-T6SE,369,0.24119241,0.20054201,0.12466125,0.28184282,0.42276423,0.29539295,0.1300813,0.11111111,0.37669377,0.44715447,0.17615176,0.29268293,0.46070461,0.19241192,0.11924119,0.10298103,0.11111111
gi|153008685,0,non-T6SE,284,0.23943662,0.22887324,0.080985915,0.3028169,0.36971831,0.32746479,0.11619718,0.12323944,0.36267606,0.51408451,0.12323944,0.30633803,0.49647887,0.15140845,0.10211268,0.10915493,0.12323944
gi|153008699,0,non-T6SE,319,0.21316614,0.19435737,0.12539185,0.28213166,0.42946708,0.28840125,0.11285266,0.10031348,0.3322884,0.4984326,0.169279,0.28840125,0.4984326,0.18808777,0.10344828,0.10658307,0.10031348
gi|153008701,0,non-T6SE,218,0.24311927,0.22477064,0.11009174,0.30733945,0.39908257,0.29357798,0.14220183,0.10091743,0.32110092,0.51376147,0.16513761,0.32568807,0.49541284,0.1559633,0.12844037,0.1146789,0.10091743
gi|153008749,0,non-T6SE,319,0.26018809,0.19749216,0.07523511,0.32601881,0.40752351,0.26645768,0.12225705,0.13793103,0.4137931,0.49529781,0.090909091,0.32915361,0.48589342,0.15987461,0.097178683,0.11285266,0.13793103
gi|153008791,0,non-T6SE,488,0.30122951,0.20491803,0.11680328,0.31557377,0.39754098,0.28688525,0.1454918,0.1557377,0.3545082,0.50819672,0.13729508,0.32991803,0.49180328,0.14754098,0.094262295,0.10860656,0.1557377
gi|153008944,0,non-T6SE,93,0.30107527,0.20430108,0.096774194,0.38709677,0.29032258,0.32258065,0.20430108,0.096774194,0.2688172,0.51612903,0.21505376,0.24731183,0.35483871,0.19354839,0.15053763,0.17204301,0.096774194
gi|153008959,0,non-T6SE,367,0.28337875,0.23433243,0.070844687,0.34059946,0.36239782,0.29700272,0.1253406,0.15803815,0.36239782,0.52043597,0.11716621,0.35149864,0.5013624,0.13351499,0.081743869,0.11444142,0.15803815
gi|153009013,0,non-T6SE,407,0.25061425,0.22113022,0.1007371,0.27518428,0.44226044,0.28255528,0.12285012,0.12776413,0.3980344,0.4987715,0.1031941,0.33169533,0.51597052,0.15479115,0.11056511,0.085995086,0.12776413
gi|153009021,0,non-T6SE,168,0.30357143,0.19642857,0.13095238,0.31547619,0.3452381,0.33928571,0.14285714,0.16071429,0.38690476,0.4702381,0.14285714,0.23809524,0.35119048,0.18452381,0.14285714,0.095238095,0.16071429
gi|153009122,0,non-T6SE,264,0.24242424,0.22727273,0.15151515,0.29545455,0.35984848,0.34469697,0.13257576,0.10984848,0.31439394,0.51515152,0.17045455,0.3030303,0.48484848,0.14772727,0.14772727,0.098484848,0.10984848
gi|153009134,0,non-T6SE,607,0.2306425,0.21746293,0.093904448,0.29159802,0.40197694,0.30642504,0.11861614,0.11202636,0.36738056,0.51894563,0.11367381,0.32784185,0.49258649,0.15980231,0.13014827,0.090609555,0.11202636
gi|153009296,0,non-T6SE,122,0.30327869,0.27868852,0.032786885,0.36065574,0.29508197,0.3442623,0.20491803,0.098360656,0.30327869,0.56557377,0.13114754,0.36065574,0.5,0.12295082,0.073770492,0.19672131,0.098360656
gi|153009298,0,non-T6SE,185,0.3027027,0.21081081,0.097297297,0.37297297,0.30810811,0.31891892,0.17297297,0.12972973,0.3027027,0.51891892,0.17837838,0.30810811,0.47567568,0.13513514,0.086486486,0.16756757,0.12972973
gi|153009306,0,non-T6SE,446,0.13452915,0.30044843,0.11210762,0.19506726,0.41255605,0.39237668,0.089686099,0.044843049,0.33632287,0.52914798,0.13452915,0.39910314,0.60089686,0.17713004,0.098654709,0.073991031,0.044843049
gi|153009310,0,non-T6SE,337,0.27893175,0.2611276,0.065281899,0.35905045,0.32344214,0.31750742,0.12166172,0.15727003,0.30267062,0.58753709,0.10979228,0.33531157,0.48071217,0.13649852,0.10979228,0.10979228,0.15727003
gi|153009311,0,non-T6SE,142,0.33802817,0.1971831,0.070422535,0.37323944,0.37323944,0.25352113,0.21830986,0.11971831,0.36619718,0.47887324,0.15492958,0.38028169,0.49295775,0.1056338,0.091549296,0.19014085,0.11971831
gi|153009331,0,non-T6SE,714,0.26610644,0.21988796,0.088235294,0.31932773,0.3837535,0.29691877,0.1302521,0.13585434,0.35994398,0.51120448,0.12885154,0.34033613,0.50280112,0.14985994,0.093837535,0.11344538,0.13585434
gi|153009387,0,non-T6SE,117,0.32478632,0.15384615,0.11965812,0.34188034,0.34188034,0.31623932,0.15384615,0.17094017,0.35897436,0.47008547,0.17094017,0.28205128,0.46153846,0.17094017,0.051282051,0.14529915,0.17094017
gi|153009466,0,non-T6SE,199,0.21105528,0.18592965,0.085427136,0.27638191,0.46231156,0.26130653,0.11055276,0.10050251,0.40703518,0.49246231,0.10050251,0.32663317,0.48743719,0.20603015,0.11557789,0.090452261,0.10050251
gi|153009524,0,non-T6SE,369,0.31165312,0.20867209,0.097560976,0.34417344,0.36856369,0.28726287,0.13821138,0.17344173,0.34417344,0.49051491,0.16531165,0.30352304,0.47696477,0.14634146,0.08401084,0.11382114,0.17344173
gi|153009530,0,non-T6SE,974,0.28644764,0.22279261,0.088295688,0.32854209,0.3798768,0.29158111,0.14579055,0.14065708,0.3613963,0.49897331,0.13963039,0.30492813,0.47227926,0.16427105,0.084188912,0.12833676,0.14065708
gi|153009536,0,non-T6SE,230,0.26086957,0.22173913,0.091304348,0.32608696,0.35217391,0.32173913,0.13913043,0.12173913,0.30869565,0.55217391,0.13913043,0.28695652,0.43478261,0.20434783,0.1173913,0.11304348,0.12173913
gi|153009585,0,non-T6SE,507,0.2642998,0.20118343,0.10848126,0.34122288,0.37869822,0.2800789,0.12031558,0.14398422,0.34319527,0.51873767,0.13806706,0.28205128,0.43195266,0.18540434,0.1183432,0.10650888,0.14398422
gi|153009733,0,non-T6SE,442,0.28733032,0.20361991,0.10859729,0.32579186,0.37330317,0.30090498,0.13574661,0.15158371,0.35294118,0.48642534,0.16063348,0.29638009,0.46606335,0.16968326,0.088235294,0.11764706,0.15158371
gi|153009820,0,non-T6SE,152,0.27631579,0.25,0.072368421,0.32236842,0.35526316,0.32236842,0.14473684,0.13157895,0.28289474,0.59868421,0.11842105,0.32894737,0.50657895,0.13157895,0.10526316,0.11842105,0.13157895
gi|153009822,0,non-T6SE,154,0.31168831,0.22727273,0.090909091,0.37662338,0.34415584,0.27922078,0.20779221,0.1038961,0.27922078,0.57792208,0.14285714,0.31818182,0.47402597,0.1038961,0.14285714,0.17532468,0.1038961
gi|153009857,0,non-T6SE,439,0.24829157,0.2118451,0.095671982,0.30523918,0.40091116,0.29384966,0.13211845,0.11617312,0.37129841,0.51025057,0.11845103,0.32574032,0.50797267,0.14578588,0.11389522,0.1070615,0.11617312
gi|153009903,0,non-T6SE,363,0.2369146,0.25068871,0.063360882,0.27272727,0.40495868,0.32231405,0.1046832,0.1322314,0.41046832,0.49311295,0.096418733,0.36639118,0.58402204,0.12121212,0.05785124,0.096418733,0.1322314
gi|153009959,0,non-T6SE,403,0.10421836,0.28784119,0.14143921,0.1439206,0.44168734,0.41439206,0.074441687,0.029776675,0.35483871,0.49627792,0.14888337,0.39950372,0.61290323,0.20843672,0.086848635,0.05707196,0.029776675
gi|153010181,0,non-T6SE,207,0.26570048,0.24637681,0.11111111,0.32850242,0.3236715,0.34782609,0.13043478,0.1352657,0.31884058,0.53623188,0.14492754,0.31884058,0.4589372,0.12077295,0.15458937,0.096618357,0.1352657
gi|153010186,0,non-T6SE,824,0.25,0.17839806,0.13349515,0.30946602,0.38592233,0.30461165,0.12621359,0.12378641,0.35315534,0.48058252,0.16626214,0.25970874,0.44660194,0.18203883,0.125,0.1092233,0.12378641
gi|153010187,0,non-T6SE,313,0.24920128,0.17571885,0.10223642,0.30351438,0.4057508,0.29073482,0.12779553,0.12140575,0.37699681,0.514377,0.1086262,0.26517572,0.45686901,0.14376997,0.12779553,0.099041534,0.12140575
gi|153010206,0,non-T6SE,594,0.28451178,0.22895623,0.12626263,0.3030303,0.4023569,0.29461279,0.15993266,0.12457912,0.34848485,0.48484848,0.16666667,0.32828283,0.5,0.13973064,0.11447811,0.11952862,0.12457912
gi|153010214,0,non-T6SE,1254,0.26555024,0.18580542,0.13397129,0.30701754,0.41148325,0.2814992,0.14114833,0.12440191,0.35885167,0.48086124,0.16028708,0.26794258,0.43939394,0.18341308,0.1307815,0.11244019,0.12440191
gi|153010215,0,non-T6SE,512,0.2734375,0.17773438,0.1171875,0.32617188,0.36328125,0.31054688,0.13671875,0.13671875,0.33007812,0.5078125,0.16210938,0.25,0.41992188,0.18164062,0.10546875,0.12304688,0.13671875
gi|153010251,0,non-T6SE,400,0.0875,0.275,0.085,0.1125,0.505,0.3825,0.055,0.0325,0.4525,0.435,0.1125,0.445,0.67,0.19,0.0575,0.0475,0.0325
gi|153010276,0,non-T6SE,135,0.22222222,0.2,0.11111111,0.3037037,0.37777778,0.31851852,0.13333333,0.088888889,0.33333333,0.46666667,0.2,0.24444444,0.48148148,0.18518519,0.1037037,0.12592593,0.088888889
gi|153010338,0,non-T6SE,215,0.30232558,0.19534884,0.13953488,0.3255814,0.35813953,0.31627907,0.17209302,0.13023256,0.34883721,0.46511628,0.18604651,0.2744186,0.45116279,0.15348837,0.10232558,0.14418605,0.13023256
gi|153010448,0,non-T6SE,307,0.21172638,0.27687296,0.03257329,0.26710098,0.40716612,0.3257329,0.09771987,0.11400651,0.41042345,0.51140065,0.078175896,0.39739414,0.53745928,0.17589577,0.074918567,0.087947883,0.11400651
gi|153010522,0,non-T6SE,141,0.28368794,0.26950355,0.056737589,0.30496454,0.38297872,0.31205674,0.14184397,0.14184397,0.33333333,0.55319149,0.11347518,0.34751773,0.5106383,0.14184397,0.078014184,0.11347518,0.14184397
gi|153011148,0,non-T6SE,173,0.25433526,0.19653179,0.086705202,0.25433526,0.49132948,0.25433526,0.13294798,0.12138728,0.41618497,0.52601156,0.057803468,0.30057803,0.53757225,0.14450867,0.10404624,0.080924855,0.12138728
gi|153011176,0,non-T6SE,275,0.32727273,0.23636364,0.087272727,0.36,0.36,0.28,0.13818182,0.18909091,0.37454545,0.52,0.10545455,0.35272727,0.48,0.14181818,0.058181818,0.12727273,0.18909091
gi|153011177,0,non-T6SE,444,0.26351351,0.18918919,0.096846847,0.32882883,0.3963964,0.27477477,0.13738739,0.12612613,0.3536036,0.50675676,0.13963964,0.28828829,0.49774775,0.13963964,0.11486486,0.11711712,0.12612613
gi|153011307,0,non-T6SE,208,0.23557692,0.23076923,0.12019231,0.29326923,0.37019231,0.33653846,0.11538462,0.12019231,0.35576923,0.50480769,0.13942308,0.32692308,0.5,0.15865385,0.11538462,0.096153846,0.12019231
gi|153011653,0,non-T6SE,269,0.17472119,0.28996283,0.12639405,0.19330855,0.38289963,0.42379182,0.081784387,0.092936803,0.34944238,0.52416357,0.12639405,0.3605948,0.55018587,0.21561338,0.085501859,0.055762082,0.092936803
gi|153011849,0,non-T6SE,95,0.30526316,0.25263158,0.094736842,0.36842105,0.33684211,0.29473684,0.21052632,0.094736842,0.26315789,0.56842105,0.16842105,0.30526316,0.41052632,0.18947368,0.11578947,0.18947368,0.094736842
gi|153012036,0,non-T6SE,333,0.26426426,0.20720721,0.11111111,0.30930931,0.37837838,0.31231231,0.13213213,0.13213213,0.36036036,0.4954955,0.14414414,0.30630631,0.47147147,0.17117117,0.099099099,0.11111111,0.13213213
gi|15887405,0,non-T6SE,744,0.2594086,0.20967742,0.086021505,0.31048387,0.39919355,0.29032258,0.12634409,0.13306452,0.37903226,0.49462366,0.12634409,0.32258065,0.48655914,0.16397849,0.10483871,0.10752688,0.13306452
gi|159184174,0,non-T6SE,257,0.24124514,0.22957198,0.062256809,0.28015564,0.40856031,0.31128405,0.11284047,0.12840467,0.42801556,0.46303502,0.10894942,0.40466926,0.54863813,0.14007782,0.062256809,0.10505837,0.12840467
gi|15887488,0,non-T6SE,438,0.22146119,0.25570776,0.043378995,0.25570776,0.4109589,0.33333333,0.10045662,0.12100457,0.42694064,0.47488584,0.098173516,0.40410959,0.57077626,0.14611872,0.052511416,0.093607306,0.12100457
gi|15887516,0,non-T6SE,340,0.16764706,0.20882353,0.061764706,0.21470588,0.50882353,0.27647059,0.091176471,0.076470588,0.43235294,0.46470588,0.10294118,0.36764706,0.54705882,0.20882353,0.091176471,0.076470588,0.076470588
gi|15887532,0,non-T6SE,300,0.3,0.20666667,0.11666667,0.32333333,0.38,0.29666667,0.14666667,0.15333333,0.34,0.50666667,0.15333333,0.29333333,0.46333333,0.16666667,0.086666667,0.11666667,0.15333333
gi|159184202,0,non-T6SE,381,0.15223097,0.24409449,0.1496063,0.21784777,0.3832021,0.39895013,0.086614173,0.065616798,0.32283465,0.48031496,0.19685039,0.32808399,0.55380577,0.18372703,0.11023622,0.081364829,0.065616798
gi|15887547,0,non-T6SE,442,0.23076923,0.21493213,0.11538462,0.25565611,0.44343891,0.30090498,0.12443439,0.10633484,0.38235294,0.47285068,0.14479638,0.30769231,0.51131222,0.17873303,0.097285068,0.095022624,0.10633484
gi|15887552,0,non-T6SE,303,0.20462046,0.22772277,0.079207921,0.2970297,0.41254125,0.29042904,0.095709571,0.10891089,0.39933993,0.50825083,0.092409241,0.37293729,0.52805281,0.15841584,0.11551155,0.089108911,0.10891089
gi|159184273,0,non-T6SE,351,0.26210826,0.22792023,0.062678063,0.33048433,0.37037037,0.2991453,0.13675214,0.12535613,0.34472934,0.52421652,0.13105413,0.34757835,0.4985755,0.15669516,0.096866097,0.12250712,0.12535613
gi|15887822,0,non-T6SE,241,0.091286307,0.29045643,0.13692946,0.1120332,0.48962656,0.39834025,0.058091286,0.033195021,0.406639,0.46473029,0.12863071,0.43983402,0.70954357,0.13278008,0.082987552,0.037344398,0.033195021
gi|159184358,0,non-T6SE,99,0.33333333,0.21212121,0.12121212,0.36363636,0.32323232,0.31313131,0.2020202,0.13131313,0.25252525,0.56565657,0.18181818,0.26262626,0.39393939,0.18181818,0.11111111,0.16161616,0.13131313
gi|159184474,0,non-T6SE,544,0.22242647,0.20772059,0.10110294,0.29411765,0.40257353,0.30330882,0.10661765,0.11580882,0.36213235,0.51470588,0.12316176,0.3125,0.5,0.16544118,0.12683824,0.091911765,0.11580882
gi|159184484,0,non-T6SE,549,0.25136612,0.18214936,0.13114754,0.30236794,0.41712204,0.28051002,0.13843352,0.1129326,0.35154827,0.48269581,0.16575592,0.27322404,0.48269581,0.15118397,0.13843352,0.10564663,0.1129326
gi|15888245,0,non-T6SE,165,0.2969697,0.24242424,0.13333333,0.2969697,0.36969697,0.33333333,0.15757576,0.13939394,0.37575758,0.45454545,0.16969697,0.33939394,0.47878788,0.15151515,0.10909091,0.11515152,0.13939394
gi|15888690,0,non-T6SE,836,0.30741627,0.215311,0.078947368,0.34569378,0.38397129,0.27033493,0.16028708,0.14712919,0.35526316,0.53110048,0.11363636,0.32177033,0.46889952,0.15550239,0.087320574,0.13636364,0.14712919
gi|15888931,0,non-T6SE,578,0.28373702,0.22145329,0.11072664,0.31314879,0.38754325,0.29930796,0.14186851,0.14186851,0.32525952,0.52595156,0.14878893,0.30276817,0.48961938,0.15570934,0.088235294,0.11591696,0.14186851
gi|15888975,0,non-T6SE,375,0.22666667,0.22933333,0.090666667,0.26133333,0.40533333,0.33333333,0.12,0.10666667,0.39733333,0.49333333,0.10933333,0.29866667,0.512,0.168,0.093333333,0.096,0.10666667
gi|159184959,0,non-T6SE,363,0.25619835,0.23966942,0.046831956,0.33333333,0.36639118,0.30027548,0.12121212,0.13498623,0.38292011,0.52066116,0.096418733,0.32782369,0.49311295,0.16253444,0.085399449,0.1184573,0.13498623
gi|159184984,0,non-T6SE,189,0.33333333,0.19047619,0.084656085,0.35978836,0.3968254,0.24338624,0.22222222,0.11111111,0.38095238,0.46031746,0.15873016,0.31746032,0.49206349,0.11111111,0.1005291,0.18518519,0.11111111
gi|15889239,0,non-T6SE,278,0.28417266,0.18345324,0.086330935,0.3381295,0.42446043,0.23741007,0.21223022,0.071942446,0.36330935,0.48201439,0.15467626,0.24820144,0.44964029,0.16906475,0.12589928,0.17985612,0.071942446
gi|15889291,0,non-T6SE,988,0.30060729,0.18016194,0.072874494,0.35020243,0.40283401,0.24696356,0.14878543,0.15182186,0.37955466,0.47773279,0.14271255,0.28137652,0.44635628,0.18016194,0.078947368,0.13663968,0.15182186
gi|15889454,0,non-T6SE,305,0.22295082,0.16393443,0.10163934,0.3147541,0.41639344,0.26885246,0.10819672,0.1147541,0.42622951,0.42622951,0.14754098,0.2295082,0.44262295,0.19672131,0.14098361,0.091803279,0.1147541
gi|159185089,0,non-T6SE,1162,0.25473322,0.22719449,0.067125645,0.31239243,0.38554217,0.3020654,0.11962134,0.13511188,0.36660929,0.52151463,0.11187608,0.34079174,0.50086059,0.16523236,0.079173838,0.11015491,0.13511188
gi|15889610,0,non-T6SE,502,0.28685259,0.20717131,0.067729084,0.35458167,0.39243028,0.25298805,0.1812749,0.10557769,0.34661355,0.51992032,0.13346614,0.29880478,0.48804781,0.12948207,0.11752988,0.15737052,0.10557769
gi|159185223,0,non-T6SE,237,0.27004219,0.23628692,0.14345992,0.29957806,0.37130802,0.32911392,0.15611814,0.11392405,0.31223629,0.55274262,0.1350211,0.32067511,0.51476793,0.10970464,0.14345992,0.10970464,0.11392405
gi|15889760,0,non-T6SE,481,0.15592516,0.28898129,0.093555094,0.18918919,0.42619543,0.38461538,0.079002079,0.076923077,0.39085239,0.51143451,0.097713098,0.41580042,0.60914761,0.17047817,0.076923077,0.062370062,0.076923077
gi|159185243,0,non-T6SE,128,0.2109375,0.2421875,0.109375,0.2421875,0.4375,0.3203125,0.109375,0.1015625,0.375,0.53125,0.09375,0.3359375,0.515625,0.1875,0.1015625,0.078125,0.1015625
gi|15889765,0,non-T6SE,246,0.2195122,0.21138211,0.11382114,0.28861789,0.41056911,0.30081301,0.10569106,0.11382114,0.37398374,0.48780488,0.13821138,0.30894309,0.49593496,0.17479675,0.11788618,0.089430894,0.11382114
gi|15889766,0,non-T6SE,363,0.23140496,0.19008264,0.1184573,0.28650138,0.39393939,0.31955923,0.10192837,0.12947658,0.37741047,0.48484848,0.13774105,0.28099174,0.4738292,0.20385675,0.090909091,0.093663912,0.12947658
gi|159185267,0,non-T6SE,263,0.2243346,0.21292776,0.095057034,0.25855513,0.44486692,0.29657795,0.121673,0.1026616,0.41825095,0.46387833,0.11787072,0.39923954,0.55893536,0.15969582,0.064638783,0.11406844,0.1026616
gi|15889957,0,non-T6SE,179,0.32960894,0.17877095,0.044692737,0.39106145,0.40223464,0.20670391,0.17877095,0.15083799,0.36871508,0.47486034,0.15642458,0.37430168,0.48044693,0.12290503,0.061452514,0.17877095,0.15083799
gi|159185343,0,non-T6SE,337,0.22551929,0.21661721,0.11275964,0.27299703,0.41543027,0.3115727,0.11275964,0.11275964,0.3620178,0.51038576,0.12759644,0.33234421,0.5074184,0.1810089,0.091988131,0.10089021,0.11275964
gi|159185594,0,non-T6SE,440,0.1,0.30227273,0.097727273,0.12727273,0.47727273,0.39545455,0.059090909,0.040909091,0.41363636,0.46363636,0.12272727,0.44772727,0.70454545,0.14772727,0.056818182,0.05,0.040909091
gi|15891708,0,non-T6SE,348,0.1091954,0.35344828,0.057471264,0.15229885,0.41666667,0.43103448,0.068965517,0.040229885,0.40229885,0.50287356,0.094827586,0.51436782,0.6954023,0.12931034,0.063218391,0.063218391,0.040229885
gi|15891676,0,non-T6SE,402,0.29850746,0.20646766,0.11442786,0.30845771,0.40049751,0.29104478,0.15422886,0.14427861,0.39054726,0.45024876,0.15920398,0.30845771,0.47761194,0.13930348,0.11442786,0.11442786,0.14427861
gi|15891640,0,non-T6SE,418,0.22488038,0.20574163,0.090909091,0.25598086,0.4354067,0.30861244,0.11722488,0.1076555,0.40669856,0.44976077,0.14354067,0.32296651,0.50956938,0.19138756,0.071770335,0.10526316,0.1076555
gi|159185731,0,non-T6SE,603,0.20066335,0.29353234,0.10116086,0.24212272,0.39303483,0.36484245,0.11774461,0.08291874,0.33001658,0.51741294,0.15257048,0.3946932,0.57048093,0.15754561,0.089552239,0.099502488,0.08291874
gi|159185737,0,non-T6SE,389,0.24935733,0.2159383,0.10796915,0.28020566,0.44215938,0.27763496,0.12596401,0.12339332,0.40102828,0.44987147,0.14910026,0.32904884,0.53727506,0.14910026,0.082262211,0.10539846,0.12339332
gi|15891357,0,non-T6SE,186,0.25806452,0.21505376,0.091397849,0.29032258,0.43010753,0.27956989,0.1344086,0.12365591,0.40860215,0.4516129,0.13978495,0.33333333,0.51075269,0.15591398,0.096774194,0.10752688,0.12365591
gi|15891222,0,non-T6SE,333,0.24924925,0.22222222,0.11411411,0.26726727,0.42342342,0.30930931,0.13213213,0.11711712,0.34234234,0.51951952,0.13813814,0.33633634,0.51051051,0.16816817,0.11711712,0.087087087,0.11711712
gi|15891196,0,non-T6SE,166,0.19879518,0.19879518,0.06626506,0.24096386,0.48192771,0.27710843,0.078313253,0.12048193,0.46385542,0.44578313,0.090361446,0.39156627,0.54819277,0.18674699,0.078313253,0.06626506,0.12048193
gi|159185894,0,non-T6SE,349,0.22922636,0.23495702,0.05730659,0.30659026,0.39255014,0.3008596,0.11174785,0.11747851,0.36389685,0.52148997,0.11461318,0.36962751,0.51002865,0.17191977,0.097421203,0.10315186,0.11747851
gi|15891161,0,non-T6SE,567,0.088183422,0.26455026,0.11992945,0.15167549,0.45149912,0.3968254,0.051146384,0.037037037,0.38095238,0.48677249,0.13227513,0.39506173,0.62610229,0.19047619,0.098765432,0.040564374,0.037037037
gi|15891157,0,non-T6SE,481,0.22869023,0.25363825,0.066528067,0.29106029,0.40540541,0.3035343,0.11434511,0.11434511,0.36798337,0.53222453,0.0997921,0.38669439,0.52598753,0.14553015,0.11434511,0.089397089,0.11434511
gi|159185947,0,non-T6SE,495,0.30909091,0.18989899,0.15353535,0.32727273,0.37373737,0.2989899,0.13131313,0.17777778,0.36363636,0.46868687,0.16767677,0.26666667,0.46262626,0.13939394,0.11313131,0.096969697,0.17777778
gi|15890896,0,non-T6SE,420,0.28571429,0.22380952,0.12142857,0.30952381,0.38095238,0.30952381,0.13809524,0.14761905,0.35714286,0.47857143,0.16428571,0.31428571,0.47380952,0.16428571,0.095238095,0.10952381,0.14761905
gi|15890895,0,non-T6SE,735,0.27755102,0.18367347,0.16734694,0.30204082,0.39319728,0.3047619,0.14285714,0.13469388,0.32108844,0.48571429,0.19319728,0.2585034,0.46802721,0.15102041,0.13333333,0.1047619,0.13469388
gi|15890719,0,non-T6SE,365,0.21369863,0.24109589,0.057534247,0.24657534,0.43561644,0.31780822,0.10684932,0.10684932,0.41917808,0.47123288,0.10958904,0.37260274,0.56164384,0.16712329,0.060273973,0.093150685,0.10684932
gi|159186117,0,non-T6SE,497,0.18108652,0.28169014,0.12273642,0.20925553,0.39839034,0.39235412,0.092555332,0.088531187,0.34607646,0.50301811,0.15090543,0.40241449,0.5915493,0.16700201,0.064386318,0.080482897,0.088531187
gi|15890574,0,non-T6SE,834,0.27098321,0.17985612,0.13429257,0.31055156,0.39568345,0.29376499,0.14628297,0.12470024,0.34292566,0.48920863,0.16786571,0.27577938,0.46043165,0.16666667,0.11870504,0.117506,0.12470024
gi|15890572,0,non-T6SE,233,0.2832618,0.18025751,0.12875536,0.30042918,0.36480687,0.33476395,0.17167382,0.11158798,0.36909871,0.48497854,0.14592275,0.27467811,0.41630901,0.17596567,0.13304721,0.12875536,0.11158798
gi|15890527,0,non-T6SE,260,0.28461538,0.23461538,0.084615385,0.31538462,0.36538462,0.31923077,0.17692308,0.10769231,0.31923077,0.55,0.13076923,0.33076923,0.48846154,0.14230769,0.088461538,0.15,0.10769231
gi|15890521,0,non-T6SE,321,0.26168224,0.23676012,0.059190031,0.30841121,0.3894081,0.30218069,0.12461059,0.13707165,0.41433022,0.47352025,0.11214953,0.38629283,0.50155763,0.16199377,0.065420561,0.12149533,0.13707165
gi|159186182,0,non-T6SE,436,0.26834862,0.16972477,0.14449541,0.33715596,0.37844037,0.28440367,0.12844037,0.13990826,0.3440367,0.49082569,0.16513761,0.25917431,0.46330275,0.15137615,0.13073394,0.10550459,0.13990826
gi|159186266,0,non-T6SE,457,0.25820569,0.21881838,0.11159737,0.3107221,0.37417943,0.31509847,0.13347921,0.12472648,0.3238512,0.52297593,0.15317287,0.31291028,0.46389497,0.16411379,0.11816193,0.10940919,0.12472648
gi|15890217,0,non-T6SE,764,0.2539267,0.19240838,0.11256545,0.29057592,0.43062827,0.27879581,0.13219895,0.12172775,0.39528796,0.46465969,0.14005236,0.31151832,0.4882199,0.16492147,0.11518325,0.09947644,0.12172775
gi|16119673,0,non-T6SE,364,0.21703297,0.2032967,0.098901099,0.28571429,0.46153846,0.25274725,0.1043956,0.11263736,0.41483516,0.43956044,0.1456044,0.34615385,0.53571429,0.15384615,0.10714286,0.087912088,0.11263736
gi|16119726,0,non-T6SE,177,0.20338983,0.21468927,0.056497175,0.29378531,0.39548023,0.31073446,0.084745763,0.11864407,0.44067797,0.45762712,0.10169492,0.31073446,0.45762712,0.18644068,0.11299435,0.073446328,0.11864407
gi|159161959,0,non-T6SE,370,0.3,0.2,0.059459459,0.35135135,0.38378378,0.26486486,0.17837838,0.12162162,0.38108108,0.46486486,0.15405405,0.31351351,0.44594595,0.16216216,0.1027027,0.15945946,0.12162162
gi|16119900,0,non-T6SE,266,0.12781955,0.29699248,0.12406015,0.16917293,0.41353383,0.41729323,0.07518797,0.052631579,0.36090226,0.48120301,0.15789474,0.41729323,0.60150376,0.18045113,0.10150376,0.063909774,0.052631579
gi|240851295,0,non-T6SE,122,0.1557377,0.29508197,0.090163934,0.24590164,0.3852459,0.36885246,0.12295082,0.032786885,0.3442623,0.54918033,0.10655738,0.45901639,0.56557377,0.14754098,0.14754098,0.098360656,0.032786885
gi|240851310,0,non-T6SE,314,0.29617834,0.21656051,0.076433121,0.36305732,0.3566879,0.28025478,0.17197452,0.12420382,0.29617834,0.60191083,0.10191083,0.27070064,0.41719745,0.20382166,0.098726115,0.15605096,0.12420382
gi|163869227,0,non-T6SE,73,0.24657534,0.36986301,0.04109589,0.32876712,0.23287671,0.43835616,0.20547945,0.04109589,0.20547945,0.67123288,0.12328767,0.45205479,0.56164384,0.095890411,0.082191781,0.20547945,0.04109589
gi|163869107,0,non-T6SE,134,0.44776119,0.10447761,0.074626866,0.52985075,0.26119403,0.20895522,0.21641791,0.23134328,0.29104478,0.55223881,0.15671642,0.23880597,0.31343284,0.11940299,0.10447761,0.20895522,0.23134328
gi|240850960,0,non-T6SE,173,0.33526012,0.20231214,0.057803468,0.44508671,0.32369942,0.23121387,0.17919075,0.15606936,0.31213873,0.6300578,0.057803468,0.29479769,0.32369942,0.21387283,0.14450867,0.16184971,0.15606936
gi|148557907,0,non-T6SE,128,0.171875,0.265625,0.1015625,0.2265625,0.3671875,0.40625,0.1328125,0.0390625,0.3125,0.5078125,0.1796875,0.328125,0.5390625,0.1953125,0.0859375,0.125,0.0390625
gi|148558277,0,non-T6SE,105,0.17142857,0.33333333,0.076190476,0.18095238,0.41904762,0.4,0.12380952,0.047619048,0.36190476,0.55238095,0.085714286,0.46666667,0.59047619,0.19047619,0.076190476,0.095238095,0.047619048
gi|161620153,0,non-T6SE,57,0.1754386,0.24561404,0.052631579,0.22807018,0.45614035,0.31578947,0.10526316,0.070175439,0.35087719,0.57894737,0.070175439,0.36842105,0.61403509,0.14035088,0.052631579,0.10526316,0.070175439
gi|52841485,0,non-T6SE,236,0.22881356,0.19067797,0.088983051,0.37711864,0.35169492,0.27118644,0.12288136,0.1059322,0.33474576,0.55508475,0.11016949,0.30508475,0.39830508,0.19067797,0.19915254,0.10169492,0.1059322
gi|54298679,0,non-T6SE,472,0.093220339,0.19491525,0.088983051,0.3029661,0.43008475,0.26694915,0.046610169,0.046610169,0.35805085,0.53813559,0.10381356,0.27966102,0.4279661,0.25423729,0.21610169,0.046610169,0.046610169
gi|148360942,0,non-T6SE,86,0.18604651,0.24418605,0.23255814,0.15116279,0.39534884,0.45348837,0.15116279,0.034883721,0.3372093,0.34883721,0.31395349,0.36046512,0.59302326,0.1627907,0.093023256,0.11627907,0.034883721
gi|148360941,0,non-T6SE,114,0.24561404,0.23684211,0.087719298,0.29824561,0.33333333,0.36842105,0.087719298,0.15789474,0.37719298,0.48245614,0.14035088,0.31578947,0.46491228,0.20175439,0.052631579,0.087719298,0.15789474
gi|148360940,0,non-T6SE,120,0.275,0.175,0.066666667,0.34166667,0.41666667,0.24166667,0.11666667,0.15833333,0.40833333,0.49166667,0.1,0.25833333,0.425,0.21666667,0.083333333,0.10833333,0.15833333
gi|148360927,0,non-T6SE,1009,0.24777007,0.23885035,0.10109019,0.29038652,0.38949455,0.32011893,0.12091179,0.12685828,0.3567889,0.49950446,0.14370664,0.33399405,0.47869177,0.19623389,0.088206145,0.10505451,0.12685828
gi|148360925,0,non-T6SE,973,0.20554985,0.24049332,0.11819116,0.33710175,0.3381295,0.32476876,0.11202467,0.09352518,0.29290853,0.57862282,0.12846865,0.29701953,0.42959918,0.19527235,0.18293936,0.092497431,0.09352518
gi|148360924,0,non-T6SE,261,0.22222222,0.26436782,0.1302682,0.29118774,0.36781609,0.34099617,0.12260536,0.099616858,0.2835249,0.56704981,0.14942529,0.34099617,0.48659004,0.18390805,0.11877395,0.099616858,0.099616858
gi|148360819,0,non-T6SE,208,0.28365385,0.23076923,0.13942308,0.29807692,0.375,0.32692308,0.13942308,0.14423077,0.32211538,0.54807692,0.12980769,0.29326923,0.4375,0.19711538,0.12019231,0.096153846,0.14423077
gi|148358576,0,non-T6SE,151,0.31125828,0.26490066,0.10596026,0.35099338,0.29139073,0.35761589,0.13907285,0.17218543,0.29139073,0.54966887,0.1589404,0.32450331,0.46357616,0.14569536,0.092715232,0.1192053,0.17218543
gi|296106004,0,non-T6SE,194,0.087628866,0.28350515,0.092783505,0.15463918,0.45876289,0.38659794,0.056701031,0.030927835,0.40206186,0.47938144,0.1185567,0.36597938,0.57216495,0.24226804,0.087628866,0.051546392,0.030927835
gi|289163712,0,non-T6SE,308,0.25649351,0.24025974,0.094155844,0.34415584,0.34090909,0.31493506,0.15909091,0.097402597,0.30844156,0.55844156,0.13311688,0.33441558,0.43831169,0.16883117,0.14935065,0.13961039,0.097402597
gi|289166110,0,non-T6SE,277,0.20938628,0.23104693,0.054151625,0.36462094,0.35379061,0.28158845,0.10108303,0.10830325,0.28880866,0.62093863,0.090252708,0.29241877,0.44765343,0.18050542,0.16606498,0.097472924,0.10830325
gi|289166111,0,non-T6SE,1525,0.20459016,0.1652459,0.067540984,0.29442623,0.47540984,0.23016393,0.10622951,0.098360656,0.49836066,0.4104918,0.091147541,0.35344262,0.53508197,0.1547541,0.09442623,0.10491803,0.098360656
gi|289166112,0,non-T6SE,372,0.15591398,0.20698925,0.077956989,0.28494624,0.43010753,0.28494624,0.088709677,0.067204301,0.34677419,0.55107527,0.10215054,0.30645161,0.48924731,0.19623656,0.16129032,0.080645161,0.067204301
gi|54296146,0,non-T6SE,100,0.14,0.28,0.11,0.22,0.37,0.41,0.11,0.03,0.35,0.49,0.16,0.34,0.51,0.22,0.09,0.11,0.03
gi|54293113,0,non-T6SE,93,0.16129032,0.24731183,0.20430108,0.16129032,0.38709677,0.4516129,0.096774194,0.064516129,0.29032258,0.48387097,0.22580645,0.32258065,0.5483871,0.20430108,0.086021505,0.064516129,0.064516129
gi|54295881,0,non-T6SE,667,0.25937031,0.23688156,0.11694153,0.32833583,0.32983508,0.34182909,0.14242879,0.11694153,0.30134933,0.55622189,0.14242879,0.29835082,0.43328336,0.19190405,0.12443778,0.12443778,0.11694153
gi|308051519,0,non-T6SE,107,0.12149533,0.28971963,0.1682243,0.17757009,0.39252336,0.42990654,0.08411215,0.037383178,0.29906542,0.54205607,0.1588785,0.35514019,0.52336449,0.21495327,0.14953271,0.065420561,0.037383178
gi|308051520,0,non-T6SE,96,0.10416667,0.33333333,0.14583333,0.10416667,0.46875,0.42708333,0.083333333,0.020833333,0.30208333,0.55208333,0.14583333,0.38541667,0.61458333,0.22916667,0.09375,0.041666667,0.020833333
gi|308051522,0,non-T6SE,239,0.24267782,0.22175732,0.12133891,0.31380753,0.38075314,0.30543933,0.12970711,0.11297071,0.30962343,0.56903766,0.12133891,0.27615063,0.42677824,0.23012552,0.12970711,0.10041841,0.11297071
gi|308051523,0,non-T6SE,484,0.22727273,0.19214876,0.078512397,0.33677686,0.40702479,0.25619835,0.13016529,0.097107438,0.38016529,0.51859504,0.10123967,0.29545455,0.44008264,0.19628099,0.14669421,0.11363636,0.097107438
gi|308051528,0,non-T6SE,331,0.17824773,0.21148036,0.14501511,0.2326284,0.41993958,0.34743202,0.096676737,0.081570997,0.35951662,0.48036254,0.16012085,0.28398792,0.48640483,0.19033233,0.12688822,0.075528701,0.081570997
gi|308051531,0,non-T6SE,262,0.24427481,0.22900763,0.14122137,0.32061069,0.33969466,0.33969466,0.14503817,0.099236641,0.25572519,0.59160305,0.15267176,0.29007634,0.43129771,0.20992366,0.14122137,0.11832061,0.099236641
gi|308051533,0,non-T6SE,467,0.18843683,0.20770878,0.096359743,0.32119914,0.38543897,0.29336188,0.098501071,0.08993576,0.37259101,0.50535332,0.12205567,0.32119914,0.45610278,0.18843683,0.16916488,0.083511777,0.08993576
gi|308051536,0,non-T6SE,1956,0.30163599,0.21881391,0.10480573,0.37627812,0.35122699,0.27249489,0.16973415,0.13190184,0.31646217,0.56952965,0.11400818,0.28834356,0.39672802,0.17893661,0.15439673,0.13190184,0.13190184
gi|289165178,0,non-T6SE,211,0.22274882,0.27014218,0.12322275,0.2985782,0.34123223,0.36018957,0.12796209,0.09478673,0.28909953,0.57819905,0.13270142,0.33649289,0.46445498,0.17061611,0.14691943,0.099526066,0.09478673
gi|289165184,0,non-T6SE,189,0.23809524,0.25396825,0.13756614,0.30687831,0.35449735,0.33862434,0.16402116,0.074074074,0.29100529,0.53968254,0.16931217,0.28571429,0.38624339,0.25925926,0.14814815,0.12698413,0.074074074
gi|54292921,0,non-T6SE,95,0.16842105,0.27368421,0.11578947,0.2,0.32631579,0.47368421,0.11578947,0.052631579,0.34736842,0.52631579,0.12631579,0.4,0.58947368,0.2,0.042105263,0.11578947,0.052631579
gi|54292935,0,non-T6SE,935,0.21604278,0.20855615,0.12620321,0.28770053,0.40748663,0.30481283,0.12406417,0.09197861,0.37433155,0.50160428,0.12406417,0.29518717,0.43957219,0.22245989,0.1540107,0.087700535,0.09197861
gi|52842291,0,non-T6SE,1981,0.29076224,0.20999495,0.093891974,0.38869258,0.33922261,0.27208481,0.16910651,0.12165573,0.31549722,0.56739021,0.11711257,0.28672388,0.39676931,0.17415447,0.15850581,0.14437153,0.12165573
gi|52842295,0,non-T6SE,140,0.19285714,0.25,0.15,0.24285714,0.38571429,0.37142857,0.11428571,0.078571429,0.32857143,0.52857143,0.14285714,0.31428571,0.52142857,0.18571429,0.12142857,0.078571429,0.078571429
gi|52842297,0,non-T6SE,603,0.23383085,0.1774461,0.10613599,0.34494196,0.36650083,0.28855721,0.12271973,0.11111111,0.36981758,0.52570481,0.10447761,0.24378109,0.37976783,0.18573798,0.17412935,0.094527363,0.11111111
gi|52842298,0,non-T6SE,223,0.24215247,0.23766816,0.085201794,0.30493274,0.34529148,0.34977578,0.12556054,0.11659193,0.32735426,0.57399103,0.098654709,0.31390135,0.44394619,0.21973094,0.094170404,0.11210762,0.11659193
gi|52842301,0,non-T6SE,865,0.26242775,0.22196532,0.11907514,0.3283237,0.35606936,0.31560694,0.13757225,0.12485549,0.32601156,0.52023121,0.15375723,0.28786127,0.4265896,0.20346821,0.11445087,0.11676301,0.12485549
gi|52842302,0,non-T6SE,116,0.20689655,0.21551724,0.077586207,0.31034483,0.36206897,0.32758621,0.11206897,0.094827586,0.32758621,0.56034483,0.11206897,0.26724138,0.44827586,0.18103448,0.13793103,0.10344828,0.094827586
gi|52842304,0,non-T6SE,237,0.22362869,0.2278481,0.10126582,0.32067511,0.3628692,0.3164557,0.14345992,0.080168776,0.29535865,0.56118143,0.14345992,0.30379747,0.46413502,0.18565401,0.13080169,0.13080169,0.080168776
gi|52842306,0,non-T6SE,97,0.17525773,0.2371134,0.21649485,0.19587629,0.37113402,0.43298969,0.11340206,0.06185567,0.25773196,0.48453608,0.25773196,0.28865979,0.53608247,0.21649485,0.06185567,0.10309278,0.06185567
gi|52842307,0,non-T6SE,100,0.12,0.32,0.09,0.19,0.38,0.43,0.07,0.05,0.37,0.53,0.1,0.46,0.59,0.2,0.09,0.06,0.05
gi|148360347,0,non-T6SE,120,0.18333333,0.25833333,0.16666667,0.19166667,0.41666667,0.39166667,0.15833333,0.025,0.29166667,0.54166667,0.16666667,0.30833333,0.50833333,0.2,0.14166667,0.11666667,0.025
gi|148360344,0,non-T6SE,108,0.23148148,0.31481481,0.046296296,0.37962963,0.23148148,0.38888889,0.12037037,0.11111111,0.21296296,0.69444444,0.092592593,0.37037037,0.49074074,0.092592593,0.18518519,0.10185185,0.11111111
gi|148359934,0,non-T6SE,278,0.24100719,0.24460432,0.12589928,0.33453237,0.34532374,0.32014388,0.13309353,0.10791367,0.27697842,0.60791367,0.11510791,0.32014388,0.44964029,0.1618705,0.18345324,0.09352518,0.10791367
gi|148359948,0,non-T6SE,522,0.19731801,0.22605364,0.13984674,0.27011494,0.3908046,0.33908046,0.11494253,0.082375479,0.33524904,0.52681992,0.13793103,0.31800766,0.4789272,0.19731801,0.13793103,0.090038314,0.082375479
gi|154706876,0,non-T6SE,376,0.21010638,0.2287234,0.071808511,0.35904255,0.35904255,0.28191489,0.10638298,0.1037234,0.33776596,0.57446809,0.087765957,0.34308511,0.44946809,0.18085106,0.16755319,0.098404255,0.1037234
gi|209363766,0,non-T6SE,164,0.23170732,0.20731707,0.16463415,0.29268293,0.31097561,0.39634146,0.15853659,0.073170732,0.27439024,0.52439024,0.20121951,0.26829268,0.45121951,0.18902439,0.11585366,0.1402439,0.073170732
gi|154707117,0,non-T6SE,169,0.19526627,0.25443787,0.082840237,0.26035503,0.4260355,0.31360947,0.14201183,0.053254438,0.31360947,0.5739645,0.11242604,0.36686391,0.49704142,0.20118343,0.12426036,0.1183432,0.053254438
gi|154706791,0,non-T6SE,387,0.25322997,0.28165375,0.1369509,0.28423773,0.32299742,0.39276486,0.1498708,0.10335917,0.27648579,0.56072351,0.1627907,0.36434109,0.49870801,0.14211886,0.13436693,0.11886305,0.10335917
gi|154706520,0,non-T6SE,792,0.28156566,0.2260101,0.11616162,0.32954545,0.34848485,0.3219697,0.1489899,0.13257576,0.3219697,0.53409091,0.14393939,0.29671717,0.45454545,0.18434343,0.097222222,0.12626263,0.13257576
gi|209363772,0,non-T6SE,212,0.22641509,0.20754717,0.13679245,0.28301887,0.43867925,0.27830189,0.16509434,0.061320755,0.34433962,0.46226415,0.19339623,0.30660377,0.43867925,0.23584906,0.11792453,0.13679245,0.061320755
gi|154706496,0,non-T6SE,218,0.19724771,0.24770642,0.13302752,0.27981651,0.34862385,0.37155963,0.11009174,0.087155963,0.28899083,0.55045872,0.16055046,0.31651376,0.46330275,0.20642202,0.14678899,0.091743119,0.087155963
gi|269958325,0,non-T6SE,808,0.29331683,0.1980198,0.13366337,0.35643564,0.35767327,0.28589109,0.1039604,0.18935644,0.32549505,0.5210396,0.15346535,0.2549505,0.43193069,0.17079208,0.11757426,0.08539604,0.18935644
gi|222475288,0,non-T6SE,893,0.19708847,0.2150056,0.10862262,0.24300112,0.42329227,0.33370661,0.11422172,0.082866741,0.40089586,0.46808511,0.13101904,0.31131019,0.49160134,0.21276596,0.08174692,0.1019037,0.082866741
gi|56416578,0,non-T6SE,84,0.19047619,0.25,0.11904762,0.23809524,0.30952381,0.45238095,0.1547619,0.035714286,0.3452381,0.42857143,0.22619048,0.32142857,0.48809524,0.13095238,0.13095238,0.14285714,0.035714286
gi|10954961,0,non-T6SE,245,0.2244898,0.16734694,0.07755102,0.31020408,0.45306122,0.23673469,0.097959184,0.12653061,0.4244898,0.45714286,0.11836735,0.28163265,0.47346939,0.1755102,0.13061224,0.081632653,0.12653061
gi|10954800,0,non-T6SE,121,0.090909091,0.24793388,0.12396694,0.11570248,0.48760331,0.39669421,0.066115702,0.024793388,0.43801653,0.41322314,0.14876033,0.38016529,0.66942149,0.14876033,0.090909091,0.049586777,0.024793388
gi|10954803,0,non-T6SE,222,0.17567568,0.21171171,0.045045045,0.28828829,0.43243243,0.27927928,0.081081081,0.094594595,0.44144144,0.5,0.058558559,0.38738739,0.48648649,0.2027027,0.14864865,0.063063063,0.094594595
gi|222109065,0,non-T6SE,135,0.11851852,0.24444444,0.088888889,0.17777778,0.48148148,0.34074074,0.051851852,0.066666667,0.45185185,0.42962963,0.11851852,0.40740741,0.63703704,0.14814815,0.096296296,0.044444444,0.066666667
gi|10955095,0,non-T6SE,159,0.1509434,0.23899371,0.050314465,0.18867925,0.49685535,0.31446541,0.081761006,0.06918239,0.47798742,0.43396226,0.088050314,0.3836478,0.5408805,0.24528302,0.056603774,0.075471698,0.06918239
gi|190404434,0,non-T6SE,283,0.19787986,0.16607774,0.070671378,0.35335689,0.38869258,0.25795053,0.091872792,0.10600707,0.40282686,0.49116608,0.10600707,0.28268551,0.37809187,0.23321555,0.19787986,0.081272085,0.10600707
gi|222102015,0,non-T6SE,244,0.098360656,0.20081967,0.049180328,0.24590164,0.49590164,0.25819672,0.049180328,0.049180328,0.50409836,0.43032787,0.06557377,0.36885246,0.51639344,0.22540984,0.15983607,0.045081967,0.049180328
gi|222102018,0,non-T6SE,248,0.23387097,0.20564516,0.10483871,0.30645161,0.41129032,0.28225806,0.12096774,0.11290323,0.39516129,0.41935484,0.18548387,0.31048387,0.44354839,0.22580645,0.10080645,0.11693548,0.11290323
gi|222102021,0,non-T6SE,370,0.25945946,0.21351351,0.078378378,0.30810811,0.38918919,0.3027027,0.13243243,0.12702703,0.35405405,0.5027027,0.14324324,0.31081081,0.47027027,0.18378378,0.097297297,0.11621622,0.12702703
gi|222102022,0,non-T6SE,787,0.24650572,0.23634053,0.097839898,0.30114358,0.38246506,0.31639136,0.12452351,0.12198221,0.35069886,0.49301144,0.15628971,0.34307497,0.5133418,0.14993647,0.10419314,0.10800508,0.12198221
gi|222109183,0,non-T6SE,211,0.27014218,0.17535545,0.090047393,0.30805687,0.44075829,0.25118483,0.11374408,0.1563981,0.4028436,0.47393365,0.12322275,0.28436019,0.4549763,0.20379147,0.075829384,0.099526066,0.1563981
gi|222102346,0,non-T6SE,362,0.21823204,0.15745856,0.052486188,0.33977901,0.41712707,0.24309392,0.11049724,0.10773481,0.41712707,0.49171271,0.091160221,0.25138122,0.40055249,0.23480663,0.13812155,0.10773481,0.10773481
gi|116006756,0,non-T6SE,103,0.25242718,0.19417476,0.14563107,0.29126214,0.39805825,0.31067961,0.19417476,0.058252427,0.30097087,0.44660194,0.25242718,0.32038835,0.52427184,0.15533981,0.087378641,0.17475728,0.058252427
gi|116006758,0,non-T6SE,260,0.23846154,0.21538462,0.080769231,0.31153846,0.39615385,0.29230769,0.13846154,0.1,0.34615385,0.51153846,0.14230769,0.31153846,0.45769231,0.18076923,0.12692308,0.12692308,0.1
gi|116006760,0,non-T6SE,154,0.14285714,0.21428571,0.077922078,0.25324675,0.48051948,0.26623377,0.084415584,0.058441558,0.41558442,0.45454545,0.12987013,0.38311688,0.54545455,0.18831169,0.11688312,0.084415584,0.058441558
gi|116006761,0,non-T6SE,470,0.1787234,0.16595745,0.065957447,0.28297872,0.4787234,0.23829787,0.095744681,0.082978723,0.41489362,0.47021277,0.11489362,0.29574468,0.51276596,0.19361702,0.1212766,0.089361702,0.082978723
gi|116006763,0,non-T6SE,75,0.26666667,0.17333333,0.04,0.34666667,0.37333333,0.28,0.14666667,0.12,0.38666667,0.53333333,0.08,0.33333333,0.49333333,0.10666667,0.093333333,0.14666667,0.12
gi|116006764,0,non-T6SE,529,0.11153119,0.18336484,0.086956522,0.15879017,0.5463138,0.29489603,0.069943289,0.041587902,0.49905482,0.37429112,0.12665406,0.35538752,0.61436673,0.19848771,0.073724008,0.06805293,0.041587902
gi|163858032,0,non-T6SE,548,0.22627737,0.2080292,0.10218978,0.2810219,0.40693431,0.3120438,0.13321168,0.093065693,0.37226277,0.47445255,0.15328467,0.29744526,0.45072993,0.21715328,0.12408759,0.11131387,0.093065693
gi|163856500,0,non-T6SE,199,0.17085427,0.24623116,0.095477387,0.18592965,0.48743719,0.32663317,0.12562814,0.045226131,0.38693467,0.43718593,0.1758794,0.38693467,0.59798995,0.15075377,0.08040201,0.10552764,0.045226131
gi|33594646,0,non-T6SE,463,0.16414687,0.22678186,0.069114471,0.22030238,0.47948164,0.30021598,0.11015119,0.05399568,0.42764579,0.42548596,0.14686825,0.4362851,0.60475162,0.12311015,0.10799136,0.095032397,0.05399568
gi|163855371,0,non-T6SE,199,0.20603015,0.20603015,0.095477387,0.2160804,0.48743719,0.29648241,0.10552764,0.10050251,0.3919598,0.48241206,0.12562814,0.35175879,0.54773869,0.16582915,0.095477387,0.070351759,0.10050251
gi|163855378,0,non-T6SE,127,0.2519685,0.18897638,0.078740157,0.27559055,0.49606299,0.22834646,0.1496063,0.1023622,0.39370079,0.45669291,0.1496063,0.35433071,0.50393701,0.18110236,0.094488189,0.11811024,0.1023622
gi|163855381,0,non-T6SE,136,0.19852941,0.26470588,0.125,0.20588235,0.41911765,0.375,0.16176471,0.036764706,0.36764706,0.41176471,0.22058824,0.35294118,0.55882353,0.14705882,0.11029412,0.13235294,0.036764706
gi|163855382,0,non-T6SE,230,0.24782609,0.19130435,0.12173913,0.29130435,0.44782609,0.26086957,0.13913043,0.10869565,0.36086957,0.43913043,0.2,0.27391304,0.46956522,0.18695652,0.10434783,0.12173913,0.10869565
gi|163855385,0,non-T6SE,149,0.22147651,0.20134228,0.087248322,0.30872483,0.42281879,0.26845638,0.12080537,0.10067114,0.34228188,0.5033557,0.15436242,0.2885906,0.46979866,0.18791946,0.13422819,0.10067114,0.10067114
gi|163855393,0,non-T6SE,515,0.16699029,0.22718447,0.1223301,0.24660194,0.39805825,0.35533981,0.081553398,0.085436893,0.39417476,0.4368932,0.16893204,0.33786408,0.51262136,0.18834951,0.12815534,0.075728155,0.085436893
gi|163855655,0,non-T6SE,183,0.21311475,0.26229508,0.049180328,0.24043716,0.45355191,0.30601093,0.10928962,0.10382514,0.3715847,0.5136612,0.1147541,0.38251366,0.61202186,0.12021858,0.054644809,0.098360656,0.10382514
gi|163855667,0,non-T6SE,482,0.21576763,0.19917012,0.053941909,0.31742739,0.43360996,0.24896266,0.10580913,0.10995851,0.43360996,0.45643154,0.10995851,0.28838174,0.49585062,0.16390041,0.12863071,0.097510373,0.10995851
gi|163855681,0,non-T6SE,149,0.22147651,0.23489933,0.067114094,0.29530201,0.41610738,0.2885906,0.11409396,0.10738255,0.40939597,0.43624161,0.15436242,0.42281879,0.53020134,0.14765101,0.10067114,0.10738255,0.10738255
gi|163855683,0,non-T6SE,468,0.20299145,0.21794872,0.040598291,0.30982906,0.41452991,0.27564103,0.096153846,0.10683761,0.42094017,0.48076923,0.098290598,0.31837607,0.45299145,0.20299145,0.13461538,0.087606838,0.10683761
gi|163855801,0,non-T6SE,362,0.29005525,0.17403315,0.12430939,0.33701657,0.3839779,0.27900552,0.14917127,0.14088398,0.33977901,0.4558011,0.20441989,0.2679558,0.46685083,0.13259669,0.12707182,0.12430939,0.14088398
gi|163855804,0,non-T6SE,603,0.26699834,0.21227197,0.081260365,0.33333333,0.35655058,0.31011609,0.12437811,0.14262023,0.34991708,0.50414594,0.14593698,0.31840796,0.46600332,0.16086235,0.10447761,0.11276949,0.14262023
gi|163855811,0,non-T6SE,355,0.2028169,0.17464789,0.12394366,0.24788732,0.47605634,0.27605634,0.12112676,0.081690141,0.4056338,0.41408451,0.18028169,0.27605634,0.47323944,0.2028169,0.12394366,0.095774648,0.081690141
gi|163858586,0,non-T6SE,312,0.24679487,0.25,0.064102564,0.29487179,0.41025641,0.29487179,0.13141026,0.11538462,0.34935897,0.51602564,0.13461538,0.38782051,0.55128205,0.11858974,0.10576923,0.10897436,0.11538462
gi|163858592,0,non-T6SE,253,0.18972332,0.28458498,0.13043478,0.22529644,0.39130435,0.38339921,0.12648221,0.063241107,0.32411067,0.49802372,0.17786561,0.36758893,0.53754941,0.18577075,0.11067194,0.098814229,0.063241107
gi|163858593,0,non-T6SE,575,0.24869565,0.22956522,0.095652174,0.30434783,0.38782609,0.30782609,0.12347826,0.12521739,0.35652174,0.49913043,0.14434783,0.33043478,0.4973913,0.15826087,0.10782609,0.10434783,0.12521739
gi|163858594,0,non-T6SE,223,0.25112108,0.17040359,0.12107623,0.27802691,0.46188341,0.26008969,0.18834081,0.062780269,0.34529148,0.39013453,0.26457399,0.31390135,0.53811659,0.13901345,0.080717489,0.17040359,0.062780269
gi|163855374,0,non-T6SE,201,0.21393035,0.18905473,0.10447761,0.25373134,0.49253731,0.25373134,0.15422886,0.059701493,0.40298507,0.4278607,0.16915423,0.37810945,0.52736318,0.14427861,0.13432836,0.11442786,0.059701493
gi|116006766,0,non-T6SE,211,0.20379147,0.15165877,0.1042654,0.27014218,0.492891,0.23696682,0.12322275,0.08056872,0.41706161,0.42180095,0.16113744,0.33175355,0.49763033,0.18483412,0.11848341,0.10900474,0.08056872
gi|58579211,0,non-T6SE,1490,0.23624161,0.23355705,0.10469799,0.30134228,0.39127517,0.30738255,0.10939597,0.12684564,0.37785235,0.50402685,0.11812081,0.29194631,0.44765101,0.2147651,0.11275168,0.089932886,0.12684564
gi|58617264,0,non-T6SE,1591,0.27089881,0.21118793,0.083595223,0.37209302,0.33940918,0.2884978,0.11753614,0.15336266,0.38026398,0.51917033,0.10056568,0.25015713,0.38152106,0.20993086,0.13702074,0.10307982,0.15336266
gi|58617563,0,non-T6SE,138,0.10144928,0.26811594,0.11594203,0.16666667,0.38405797,0.44927536,0.065217391,0.036231884,0.39855072,0.5,0.10144928,0.38405797,0.60144928,0.18115942,0.10144928,0.050724638,0.036231884
gi|15644672,0,non-T6SE,123,0.22764228,0.19512195,0.097560976,0.37398374,0.36585366,0.2601626,0.13821138,0.089430894,0.28455285,0.63414634,0.081300813,0.2601626,0.40650407,0.19512195,0.18699187,0.12195122,0.089430894
gi|298736200,0,non-T6SE,308,0.31493506,0.19805195,0.071428571,0.4512987,0.29220779,0.25649351,0.16883117,0.1461039,0.28246753,0.62987013,0.087662338,0.27272727,0.36688312,0.14935065,0.17207792,0.1525974,0.1461039
gi|188527613,0,non-T6SE,143,0.18181818,0.21678322,0.11188811,0.32867133,0.32867133,0.34265734,0.06993007,0.11188811,0.3006993,0.58041958,0.11888112,0.26573427,0.46153846,0.18881119,0.16083916,0.06993007,0.11188811
gi|188527640,0,non-T6SE,126,0.26190476,0.23015873,0.15079365,0.33333333,0.34920635,0.31746032,0.18253968,0.079365079,0.26984127,0.55555556,0.17460317,0.28571429,0.38888889,0.23809524,0.11904762,0.15873016,0.079365079
gi|108562922,0,non-T6SE,481,0.31600832,0.1995842,0.076923077,0.43035343,0.32432432,0.24532225,0.17671518,0.13929314,0.28690229,0.60706861,0.10602911,0.27858628,0.36590437,0.18711019,0.12474012,0.17255717,0.13929314
gi|108562924,0,non-T6SE,748,0.24465241,0.22058824,0.14572193,0.32352941,0.32085561,0.35561497,0.12967914,0.11497326,0.30213904,0.51737968,0.18048128,0.27139037,0.45721925,0.19385027,0.10026738,0.12299465,0.11497326
gi|108562926,0,non-T6SE,199,0.26130653,0.2361809,0.10552764,0.40703518,0.25628141,0.33668342,0.12060302,0.14070352,0.26633166,0.57788945,0.15577889,0.28643216,0.40703518,0.1758794,0.14572864,0.12060302,0.14070352
gi|108562928,0,non-T6SE,662,0.41087613,0.17371601,0.058912387,0.52719033,0.23867069,0.23413897,0.1858006,0.22507553,0.28851964,0.63746224,0.074018127,0.2265861,0.29003021,0.13897281,0.14350453,0.17220544,0.22507553
gi|108562929,0,non-T6SE,523,0.32313576,0.20458891,0.084130019,0.45697897,0.26768642,0.27533461,0.18355641,0.13957935,0.23900574,0.63479924,0.12619503,0.27533461,0.37476099,0.14913958,0.15678776,0.17590822,0.13957935
gi|108562930,0,non-T6SE,535,0.1046729,0.31962617,0.11401869,0.2,0.36635514,0.43364486,0.056074766,0.048598131,0.34766355,0.52149533,0.13084112,0.40560748,0.58691589,0.19439252,0.11028037,0.056074766,0.048598131
gi|108562931,0,non-T6SE,252,0.26984127,0.24206349,0.095238095,0.38888889,0.26984127,0.34126984,0.1547619,0.11507937,0.27777778,0.56746032,0.1547619,0.3015873,0.40873016,0.1984127,0.11904762,0.1547619,0.11507937
gi|108562933,0,non-T6SE,280,0.27142857,0.22142857,0.092857143,0.43571429,0.28928571,0.275,0.16071429,0.11071429,0.23571429,0.64642857,0.11785714,0.27142857,0.36071429,0.18214286,0.19285714,0.14642857,0.11071429
gi|108562937,0,non-T6SE,376,0.31914894,0.19946809,0.1143617,0.43617021,0.28191489,0.28191489,0.18085106,0.13829787,0.27393617,0.59042553,0.1356383,0.27393617,0.36702128,0.18617021,0.13297872,0.17287234,0.13829787
gi|108562939,0,non-T6SE,237,0.25738397,0.26160338,0.067510549,0.38396624,0.29113924,0.32489451,0.13080169,0.12658228,0.29113924,0.61603376,0.092827004,0.32489451,0.40506329,0.19831224,0.1350211,0.12658228,0.12658228
gi|108562940,0,non-T6SE,381,0.18635171,0.2335958,0.073490814,0.32020997,0.35433071,0.32545932,0.091863517,0.094488189,0.34120735,0.57742782,0.081364829,0.34908136,0.4671916,0.19685039,0.14435696,0.089238845,0.094488189
gi|108562941,0,non-T6SE,370,0.11351351,0.21081081,0.075675676,0.25405405,0.45675676,0.28918919,0.056756757,0.056756757,0.4027027,0.51621622,0.081081081,0.32972973,0.44594595,0.28648649,0.14594595,0.054054054,0.056756757
gi|108562943,0,non-T6SE,268,0.27985075,0.23880597,0.14552239,0.42537313,0.2238806,0.35074627,0.10447761,0.17537313,0.2238806,0.62686567,0.14925373,0.26492537,0.37313433,0.17910448,0.18656716,0.085820896,0.17537313
gi|108562946,0,non-T6SE,216,0.3287037,0.26851852,0.11111111,0.40277778,0.23611111,0.36111111,0.17592593,0.15277778,0.25925926,0.61574074,0.125,0.30555556,0.42592593,0.14814815,0.092592593,0.16666667,0.15277778
gi|108562947,0,non-T6SE,115,0.13913043,0.28695652,0.07826087,0.1826087,0.44347826,0.37391304,0.086956522,0.052173913,0.43478261,0.46086957,0.10434783,0.4,0.5826087,0.2173913,0.052173913,0.086956522,0.052173913
gi|15611547,0,non-T6SE,218,0.21559633,0.27522936,0.14220183,0.29357798,0.33486239,0.37155963,0.12385321,0.091743119,0.25688073,0.60091743,0.14220183,0.32110092,0.50917431,0.16513761,0.12385321,0.10091743,0.091743119
gi|108562460,0,non-T6SE,351,0.15384615,0.28774929,0.17663818,0.23076923,0.32478632,0.44444444,0.094017094,0.05982906,0.28205128,0.55270655,0.16524217,0.37321937,0.53561254,0.18518519,0.13390313,0.071225071,0.05982906
gi|188527703,0,non-T6SE,100,0.12,0.31,0.09,0.23,0.32,0.45,0.09,0.03,0.32,0.58,0.1,0.43,0.59,0.13,0.13,0.09,0.03
gi|210134661,0,non-T6SE,389,0.32647815,0.23393316,0.11311054,0.41645244,0.26735219,0.31619537,0.15681234,0.16966581,0.23650386,0.64010283,0.12339332,0.26992288,0.38560411,0.16966581,0.13624679,0.13624679,0.16966581
gi|210134663,0,non-T6SE,88,0.15909091,0.30681818,0.17045455,0.19318182,0.31818182,0.48863636,0.068181818,0.090909091,0.30681818,0.48863636,0.20454545,0.39772727,0.53409091,0.21590909,0.079545455,0.056818182,0.090909091
gi|210135521,0,non-T6SE,551,0.24500907,0.16696915,0.11433757,0.3938294,0.35753176,0.24863884,0.15245009,0.092558984,0.30127042,0.57350272,0.12522686,0.21960073,0.34845735,0.2323049,0.18330309,0.13793103,0.092558984
gi|308183678,0,non-T6SE,582,0.28006873,0.22508591,0.12027491,0.36769759,0.31443299,0.31786942,0.15120275,0.12886598,0.29037801,0.56357388,0.14604811,0.28006873,0.41924399,0.18728522,0.11340206,0.14261168,0.12886598
gi|108562944,0,non-T6SE,438,0.23744292,0.20547945,0.10958904,0.33789954,0.34703196,0.31506849,0.11872146,0.11872146,0.35844749,0.50684932,0.1347032,0.28310502,0.43150685,0.19863014,0.13242009,0.10730594,0.11872146
gi|108562945,0,non-T6SE,534,0.27153558,0.23033708,0.15168539,0.35018727,0.28838951,0.36142322,0.14794007,0.12359551,0.26779026,0.55992509,0.17228464,0.28464419,0.44569288,0.17977528,0.10861423,0.1329588,0.12359551
gi|153008020,0,non-T6SE,103,0.27184466,0.17475728,0.077669903,0.31067961,0.37864078,0.31067961,0.14563107,0.12621359,0.39805825,0.45631068,0.14563107,0.2815534,0.42718447,0.2038835,0.077669903,0.13592233,0.12621359
gi|153010543,0,non-T6SE,342,0.19590643,0.19005848,0.084795322,0.25730994,0.49415205,0.24853801,0.11403509,0.081871345,0.40643275,0.41812865,0.1754386,0.32163743,0.52046784,0.19590643,0.093567251,0.10526316,0.081871345
gi|153010514,0,non-T6SE,254,0.20472441,0.19685039,0.078740157,0.22047244,0.50393701,0.27559055,0.11023622,0.094488189,0.42519685,0.42519685,0.1496063,0.38188976,0.57874016,0.15748031,0.070866142,0.090551181,0.094488189
gi|52840257,0,non-T6SE,452,0.28761062,0.2300885,0.11504425,0.34734513,0.3340708,0.31858407,0.15929204,0.12831858,0.30309735,0.54646018,0.15044248,0.31637168,0.45132743,0.16150442,0.12168142,0.13274336,0.12831858
gi|52840258,0,non-T6SE,367,0.23433243,0.29427793,0.070844687,0.31880109,0.31880109,0.36239782,0.11716621,0.11716621,0.31880109,0.59673025,0.084468665,0.36784741,0.46049046,0.1852861,0.1226158,0.098092643,0.11716621
gi|52840259,0,non-T6SE,353,0.2266289,0.24362606,0.13031161,0.35127479,0.32294618,0.32577904,0.13031161,0.09631728,0.30878187,0.54390935,0.14730878,0.29745042,0.40509915,0.18130312,0.1898017,0.10481586,0.09631728
gi|52840262,0,non-T6SE,630,0.24761905,0.25396825,0.1015873,0.32539683,0.34761905,0.32698413,0.12222222,0.12539683,0.32698413,0.57142857,0.1015873,0.31746032,0.43333333,0.18412698,0.14603175,0.09047619,0.12539683
gi|52840265,0,non-T6SE,85,0.27058824,0.28235294,0.094117647,0.31764706,0.31764706,0.36470588,0.14117647,0.12941176,0.25882353,0.65882353,0.082352941,0.31764706,0.44705882,0.2,0.11764706,0.10588235,0.12941176
gi|52840271,0,non-T6SE,357,0.22969188,0.25770308,0.13165266,0.33333333,0.32773109,0.33893557,0.1372549,0.092436975,0.26330532,0.58543417,0.1512605,0.34453782,0.48179272,0.16246499,0.14005602,0.1232493,0.092436975
gi|52840278,0,non-T6SE,707,0.24893918,0.23338048,0.12305516,0.32107496,0.35785007,0.32107496,0.15417256,0.09476662,0.30975955,0.55021216,0.14002829,0.31683168,0.44554455,0.1669024,0.15275813,0.12022631,0.09476662
gi|52840281,0,non-T6SE,190,0.21578947,0.20526316,0.16315789,0.24210526,0.45789474,0.3,0.13684211,0.078947368,0.37368421,0.45789474,0.16842105,0.3,0.44736842,0.22105263,0.13157895,0.1,0.078947368
gi|52840308,0,non-T6SE,297,0.27272727,0.22895623,0.090909091,0.33670034,0.35353535,0.30976431,0.12457912,0.14814815,0.33670034,0.53535354,0.12794613,0.35353535,0.47811448,0.16161616,0.094276094,0.11111111,0.14814815
gi|52840329,0,non-T6SE,523,0.24091778,0.2332696,0.12810707,0.29063098,0.35946463,0.3499044,0.1414914,0.099426386,0.32695985,0.52390057,0.14913958,0.3040153,0.50286807,0.14913958,0.1166348,0.11281071,0.099426386
gi|52840332,0,non-T6SE,442,0.28733032,0.239819,0.10180995,0.33484163,0.35746606,0.30769231,0.14253394,0.14479638,0.31900452,0.5361991,0.14479638,0.32352941,0.46606335,0.15158371,0.10633484,0.1199095,0.14479638
gi|52840333,0,non-T6SE,400,0.215,0.2525,0.1025,0.2775,0.3825,0.34,0.1275,0.0875,0.3325,0.5425,0.125,0.3475,0.5125,0.1625,0.1325,0.0975,0.0875
gi|52840344,0,non-T6SE,148,0.25675676,0.22972973,0.081081081,0.32432432,0.37162162,0.30405405,0.15540541,0.10135135,0.35810811,0.50675676,0.13513514,0.35135135,0.45945946,0.18243243,0.10810811,0.14189189,0.10135135
gi|52840347,0,non-T6SE,726,0.31818182,0.22038567,0.12121212,0.34435262,0.34573003,0.30991736,0.16942149,0.14876033,0.30716253,0.53581267,0.15702479,0.28787879,0.44352617,0.1584022,0.10606061,0.1322314,0.14876033
gi|52840352,0,non-T6SE,113,0.30973451,0.23893805,0.053097345,0.4159292,0.25663717,0.32743363,0.15929204,0.15044248,0.33628319,0.61061947,0.053097345,0.26548673,0.38053097,0.12389381,0.15044248,0.14159292,0.15044248
gi|52840355,0,non-T6SE,356,0.22752809,0.28932584,0.092696629,0.26685393,0.40449438,0.32865169,0.13764045,0.08988764,0.33707865,0.6011236,0.061797753,0.36235955,0.53370787,0.14325843,0.14044944,0.087078652,0.08988764
gi|52840359,0,non-T6SE,191,0.27225131,0.16230366,0.19371728,0.32984293,0.38219895,0.28795812,0.15706806,0.11518325,0.29319372,0.4973822,0.20942408,0.21989529,0.38219895,0.22513089,0.12041885,0.13089005,0.11518325
gi|52840369,0,non-T6SE,484,0.24380165,0.21280992,0.11363636,0.28099174,0.41735537,0.30165289,0.14049587,0.10330579,0.33884298,0.5268595,0.13429752,0.30578512,0.49380165,0.18181818,0.097107438,0.11157025,0.10330579
gi|52840384,0,non-T6SE,508,0.22834646,0.21850394,0.11614173,0.26968504,0.41929134,0.31102362,0.12598425,0.1023622,0.36023622,0.50984252,0.12992126,0.33070866,0.51377953,0.15354331,0.12401575,0.088582677,0.1023622
gi|52840393,0,non-T6SE,342,0.23684211,0.25146199,0.084795322,0.29532164,0.3625731,0.34210526,0.12865497,0.10818713,0.37426901,0.51169591,0.11403509,0.34210526,0.46783626,0.18421053,0.11988304,0.10233918,0.10818713
gi|52840396,0,non-T6SE,686,0.27842566,0.20116618,0.1516035,0.31632653,0.37463557,0.3090379,0.14139942,0.13702624,0.32361516,0.52040816,0.15597668,0.29446064,0.43440233,0.18075802,0.13994169,0.097667638,0.13702624
gi|52840411,0,non-T6SE,386,0.27720207,0.25129534,0.10880829,0.34455959,0.31606218,0.33937824,0.14766839,0.12953368,0.30569948,0.58290155,0.11139896,0.30310881,0.41968912,0.1761658,0.12176166,0.12176166,0.12953368
gi|52840421,0,non-T6SE,294,0.19727891,0.33333333,0.081632653,0.2244898,0.35034014,0.42517007,0.11904762,0.078231293,0.34693878,0.57823129,0.074829932,0.43877551,0.59183673,0.15646259,0.068027211,0.098639456,0.078231293
gi|52840431,0,non-T6SE,480,0.23958333,0.24791667,0.13541667,0.29791667,0.34166667,0.36041667,0.11875,0.12083333,0.31875,0.52708333,0.15416667,0.32291667,0.48333333,0.15625,0.12916667,0.091666667,0.12083333
gi|52840443,0,non-T6SE,358,0.27653631,0.27653631,0.094972067,0.33240223,0.32402235,0.34357542,0.1424581,0.13407821,0.31005587,0.57541899,0.11452514,0.34078212,0.47765363,0.15363128,0.11452514,0.11452514,0.13407821
gi|52840449,0,non-T6SE,749,0.24165554,0.16955941,0.11615487,0.3271028,0.3965287,0.27636849,0.12683578,0.11481976,0.36048064,0.4953271,0.14419226,0.27636849,0.46461949,0.16688919,0.13751669,0.11615487,0.11481976
gi|52840467,0,non-T6SE,471,0.25690021,0.22505308,0.15923567,0.31847134,0.33545648,0.34607219,0.14225053,0.11464968,0.29299363,0.52866242,0.17834395,0.3014862,0.4522293,0.14012739,0.16348195,0.11252654,0.11464968
gi|52840472,0,non-T6SE,359,0.23119777,0.25069638,0.12256267,0.28133705,0.37883008,0.33983287,0.11977716,0.11142061,0.32033426,0.55431755,0.12534819,0.32033426,0.49860724,0.15877437,0.1281337,0.08356546,0.11142061
gi|52840477,0,non-T6SE,506,0.11264822,0.2944664,0.16798419,0.16007905,0.3972332,0.44268775,0.090909091,0.02173913,0.32213439,0.51581028,0.16205534,0.37351779,0.54743083,0.23715415,0.12252964,0.065217391,0.02173913
gi|52840478,0,non-T6SE,283,0.25441696,0.28621908,0.09540636,0.3180212,0.32155477,0.36042403,0.13074205,0.12367491,0.29328622,0.56890459,0.13780919,0.34275618,0.48409894,0.16254417,0.098939929,0.11660777,0.12367491
gi|52840485,0,non-T6SE,709,0.25952045,0.25669958,0.095909732,0.36671368,0.29901269,0.33427362,0.13540197,0.12411848,0.28490832,0.58956276,0.12552891,0.32157969,0.4203103,0.17630465,0.15796897,0.11424542,0.12411848
gi|52840486,0,non-T6SE,852,0.22769953,0.2758216,0.096244131,0.2758216,0.38732394,0.33685446,0.13732394,0.090375587,0.33333333,0.59741784,0.069248826,0.36267606,0.49178404,0.17723005,0.13380282,0.09741784,0.090375587
gi|52840496,0,non-T6SE,310,0.20967742,0.24193548,0.087096774,0.28709677,0.38387097,0.32903226,0.10645161,0.10322581,0.33225806,0.56451613,0.10322581,0.33225806,0.49032258,0.17741935,0.12903226,0.087096774,0.10322581
gi|52840507,0,non-T6SE,231,0.12554113,0.3030303,0.15151515,0.18181818,0.35930736,0.45887446,0.082251082,0.043290043,0.3030303,0.53679654,0.16017316,0.38961039,0.55844156,0.21212121,0.11255411,0.064935065,0.043290043
gi|52840526,0,non-T6SE,213,0.23474178,0.23004695,0.1314554,0.31924883,0.342723,0.33802817,0.12676056,0.10798122,0.342723,0.54460094,0.11267606,0.28169014,0.45070423,0.15492958,0.16901408,0.089201878,0.10798122
gi|52840538,0,non-T6SE,403,0.2382134,0.22332506,0.11414392,0.27791563,0.41439206,0.30769231,0.12406948,0.11414392,0.35235732,0.5235732,0.12406948,0.30272953,0.46153846,0.18610422,0.13151365,0.084367246,0.11414392
gi|52840542,0,non-T6SE,205,0.25365854,0.2195122,0.092682927,0.33658537,0.35121951,0.31219512,0.11707317,0.13658537,0.34146341,0.53658537,0.12195122,0.29268293,0.45853659,0.16585366,0.11707317,0.10731707,0.13658537
gi|52840544,0,non-T6SE,694,0.27809798,0.25072046,0.13688761,0.32853026,0.3314121,0.34005764,0.15706052,0.12103746,0.28386167,0.56628242,0.14985591,0.31556196,0.44092219,0.1685879,0.13832853,0.11527378,0.12103746
gi|52840553,0,non-T6SE,446,0.28026906,0.24887892,0.080717489,0.39910314,0.28251121,0.31838565,0.15470852,0.12556054,0.26008969,0.64349776,0.096412556,0.32286996,0.43049327,0.12780269,0.18161435,0.12780269,0.12556054
gi|52840554,0,non-T6SE,324,0.19444444,0.26851852,0.095679012,0.23148148,0.41358025,0.35493827,0.10493827,0.089506173,0.34567901,0.58024691,0.074074074,0.37654321,0.54320988,0.16975309,0.11419753,0.067901235,0.089506173
gi|52840555,0,non-T6SE,163,0.2208589,0.25766871,0.10429448,0.28220859,0.36196319,0.35582822,0.12883436,0.09202454,0.33128834,0.5398773,0.12883436,0.32515337,0.4601227,0.20245399,0.11656442,0.10429448,0.09202454
gi|52840565,0,non-T6SE,177,0.26553672,0.24858757,0.062146893,0.3220339,0.37288136,0.30508475,0.16384181,0.10169492,0.35028249,0.52542373,0.12429379,0.40677966,0.50282486,0.16384181,0.06779661,0.15819209,0.10169492
gi|52840566,0,non-T6SE,126,0.25396825,0.23015873,0.023809524,0.3015873,0.4047619,0.29365079,0.095238095,0.15873016,0.4047619,0.56349206,0.031746032,0.42063492,0.53174603,0.16666667,0.047619048,0.095238095,0.15873016
gi|52840568,0,non-T6SE,1415,0.28975265,0.24522968,0.079858657,0.33710247,0.34840989,0.31448763,0.15265018,0.13710247,0.33144876,0.54134276,0.12720848,0.32650177,0.47067138,0.15547703,0.096819788,0.13074205,0.13710247
gi|52840585,0,non-T6SE,109,0.33944954,0.26605505,0.082568807,0.3853211,0.33027523,0.28440367,0.23853211,0.10091743,0.25688073,0.65137615,0.091743119,0.32110092,0.46788991,0.11009174,0.11926606,0.20183486,0.10091743
gi|52840589,0,non-T6SE,179,0.25139665,0.24022346,0.072625698,0.32402235,0.39664804,0.27932961,0.16201117,0.089385475,0.32402235,0.58100559,0.094972067,0.31284916,0.46927374,0.18435754,0.11173184,0.1452514,0.089385475
gi|52840602,0,non-T6SE,455,0.12747253,0.31208791,0.14285714,0.18241758,0.38461538,0.43296703,0.081318681,0.046153846,0.31428571,0.54505495,0.14065934,0.38681319,0.56483516,0.21318681,0.10769231,0.061538462,0.046153846
gi|52840606,0,non-T6SE,430,0.20930233,0.18837209,0.10232558,0.26976744,0.44651163,0.28372093,0.10465116,0.10465116,0.4372093,0.43953488,0.12325581,0.29534884,0.48139535,0.20930233,0.10697674,0.086046512,0.10465116
gi|52840611,0,non-T6SE,277,0.17689531,0.25631769,0.093862816,0.28158845,0.37545126,0.34296029,0.086642599,0.090252708,0.34296029,0.55595668,0.10108303,0.33574007,0.51624549,0.14801444,0.15884477,0.061371841,0.090252708
gi|52840632,0,non-T6SE,257,0.12451362,0.36575875,0.12840467,0.17509728,0.31906615,0.50583658,0.070038911,0.054474708,0.24902724,0.59533074,0.15564202,0.40856031,0.60311284,0.20622568,0.077821012,0.058365759,0.054474708
gi|52840641,0,non-T6SE,256,0.28515625,0.2421875,0.11328125,0.31640625,0.3515625,0.33203125,0.15234375,0.1328125,0.31640625,0.55859375,0.125,0.296875,0.46484375,0.140625,0.12890625,0.11328125,0.1328125
gi|52840642,0,non-T6SE,169,0.21893491,0.27810651,0.13017751,0.31360947,0.31360947,0.37278107,0.11242604,0.10650888,0.26035503,0.59763314,0.14201183,0.31952663,0.4852071,0.14792899,0.17159763,0.088757396,0.10650888
gi|52840659,0,non-T6SE,302,0.2615894,0.24172185,0.09602649,0.28807947,0.40728477,0.30463576,0.16887417,0.092715232,0.32781457,0.56622517,0.10596026,0.35099338,0.50331126,0.1589404,0.11258278,0.12582781,0.092715232
gi|52840661,0,non-T6SE,496,0.26209677,0.26209677,0.12701613,0.33669355,0.31451613,0.34879032,0.13508065,0.12701613,0.26612903,0.57862903,0.15524194,0.32258065,0.44354839,0.16129032,0.14314516,0.1108871,0.12701613
gi|52840664,0,non-T6SE,335,0.19104478,0.25373134,0.14925373,0.2358209,0.40597015,0.35820896,0.10746269,0.08358209,0.35223881,0.50746269,0.14029851,0.3641791,0.52537313,0.17910448,0.13134328,0.068656716,0.08358209
gi|52840665,0,non-T6SE,220,0.17272727,0.25909091,0.095454545,0.22272727,0.40909091,0.36818182,0.081818182,0.090909091,0.34090909,0.56363636,0.095454545,0.36818182,0.58181818,0.14090909,0.1,0.063636364,0.090909091
gi|52840670,0,non-T6SE,332,0.23192771,0.23795181,0.12349398,0.29518072,0.37650602,0.32831325,0.13855422,0.093373494,0.30421687,0.55722892,0.13855422,0.30421687,0.43975904,0.19578313,0.12951807,0.11144578,0.093373494
gi|52840678,0,non-T6SE,126,0.25396825,0.26190476,0.11111111,0.30952381,0.33333333,0.35714286,0.15873016,0.095238095,0.26190476,0.5952381,0.14285714,0.28571429,0.4047619,0.22222222,0.11904762,0.13492063,0.095238095
gi|52840689,0,non-T6SE,199,0.29648241,0.26130653,0.075376884,0.3718593,0.32663317,0.30150754,0.1758794,0.12060302,0.30653266,0.57788945,0.11557789,0.34170854,0.4321608,0.17085427,0.11557789,0.16080402,0.12060302
gi|52840699,0,non-T6SE,93,0.086021505,0.23655914,0.096774194,0.12903226,0.53763441,0.33333333,0.075268817,0.010752688,0.46236559,0.4516129,0.086021505,0.34408602,0.61290323,0.24731183,0.064516129,0.064516129,0.010752688
gi|52840700,0,non-T6SE,214,0.24299065,0.19158879,0.12149533,0.35981308,0.31775701,0.32242991,0.12616822,0.11682243,0.3411215,0.47663551,0.18224299,0.26168224,0.41121495,0.1728972,0.13551402,0.12149533,0.11682243
gi|52840706,0,non-T6SE,289,0.23183391,0.24567474,0.11418685,0.28027682,0.38408304,0.33564014,0.10034602,0.13148789,0.33564014,0.56401384,0.10034602,0.34602076,0.48788927,0.14186851,0.15224913,0.062283737,0.13148789
gi|52840714,0,non-T6SE,257,0.27626459,0.24513619,0.13618677,0.32684825,0.31906615,0.3540856,0.17120623,0.10505837,0.25291829,0.58365759,0.16342412,0.31906615,0.47081712,0.12451362,0.15175097,0.12840467,0.10505837
gi|52840721,0,non-T6SE,99,0.39393939,0.24242424,0.11111111,0.39393939,0.29292929,0.31313131,0.21212121,0.18181818,0.3030303,0.57575758,0.12121212,0.33333333,0.41414141,0.13131313,0.12121212,0.15151515,0.18181818
gi|52840722,0,non-T6SE,464,0.26077586,0.25862069,0.094827586,0.375,0.29956897,0.32543103,0.12715517,0.13362069,0.2737069,0.625,0.1012931,0.31681034,0.42241379,0.15301724,0.1875,0.094827586,0.13362069
gi|52840727,0,non-T6SE,387,0.24031008,0.25064599,0.087855297,0.31524548,0.35917313,0.3255814,0.12919897,0.11111111,0.31524548,0.58397933,0.10077519,0.32816537,0.49870801,0.15762274,0.12403101,0.10852713,0.11111111
gi|52840729,0,non-T6SE,380,0.22894737,0.23157895,0.078947368,0.34210526,0.37105263,0.28684211,0.11052632,0.11842105,0.33421053,0.54736842,0.11842105,0.31842105,0.46052632,0.18157895,0.13157895,0.10789474,0.11842105
gi|52840740,0,non-T6SE,441,0.25623583,0.22675737,0.10884354,0.32653061,0.33106576,0.34240363,0.13378685,0.12244898,0.33560091,0.53061224,0.13378685,0.29024943,0.42857143,0.19274376,0.12698413,0.11111111,0.12244898
gi|52840748,0,non-T6SE,238,0.27731092,0.23529412,0.12605042,0.35714286,0.28571429,0.35714286,0.14285714,0.13445378,0.28571429,0.55462185,0.15966387,0.30252101,0.44957983,0.1302521,0.1512605,0.11764706,0.13445378
gi|52840749,0,non-T6SE,284,0.10915493,0.34859155,0.16549296,0.15492958,0.3556338,0.48943662,0.070422535,0.038732394,0.28521127,0.54225352,0.17253521,0.40140845,0.59859155,0.17957746,0.1056338,0.059859155,0.038732394
gi|52840772,0,non-T6SE,130,0.16153846,0.33846154,0.13846154,0.17692308,0.31538462,0.50769231,0.12307692,0.038461538,0.26153846,0.57692308,0.16153846,0.42307692,0.6,0.16923077,0.084615385,0.1,0.038461538
gi|52840778,0,non-T6SE,406,0.26108374,0.27586207,0.061576355,0.32512315,0.31527094,0.35960591,0.13300493,0.12807882,0.34236453,0.56403941,0.093596059,0.36699507,0.50738916,0.13054187,0.093596059,0.12068966,0.12807882
gi|52840780,0,non-T6SE,215,0.29302326,0.19534884,0.13953488,0.38604651,0.33023256,0.28372093,0.15348837,0.13953488,0.26976744,0.53488372,0.19534884,0.25116279,0.39069767,0.17674419,0.1627907,0.13023256,0.13953488
gi|52840791,0,non-T6SE,199,0.22110553,0.27638191,0.12060302,0.29145729,0.33165829,0.37688442,0.12060302,0.10050251,0.27638191,0.5678392,0.15577889,0.32663317,0.47236181,0.20603015,0.11557789,0.10050251,0.10050251
gi|52840792,0,non-T6SE,574,0.19337979,0.23170732,0.12369338,0.2456446,0.43728223,0.31707317,0.1097561,0.083623693,0.3554007,0.5174216,0.1271777,0.33797909,0.53135889,0.18292683,0.11498258,0.083623693,0.083623693
gi|52840799,0,non-T6SE,274,0.26642336,0.24452555,0.12408759,0.29927007,0.37591241,0.32481752,0.17518248,0.091240876,0.2919708,0.58029197,0.12773723,0.30291971,0.47080292,0.15693431,0.1350365,0.12408759,0.091240876
gi|52840810,0,non-T6SE,423,0.27895981,0.24822695,0.096926714,0.35460993,0.30732861,0.33806147,0.1465721,0.13238771,0.29078014,0.59101655,0.11820331,0.30260047,0.45626478,0.15839243,0.12293144,0.12529551,0.13238771
gi|52840814,0,non-T6SE,178,0.21348315,0.2752809,0.12359551,0.24157303,0.43258427,0.3258427,0.12921348,0.084269663,0.33707865,0.5505618,0.11235955,0.33146067,0.49438202,0.19662921,0.12359551,0.084269663,0.084269663
gi|52840817,0,non-T6SE,326,0.2791411,0.20552147,0.11042945,0.33128834,0.37116564,0.29754601,0.14110429,0.13803681,0.3404908,0.54907975,0.11042945,0.3006135,0.45092025,0.17791411,0.10736196,0.11349693,0.13803681
gi|52840823,0,non-T6SE,187,0.21925134,0.26737968,0.11229947,0.29411765,0.34224599,0.36363636,0.096256684,0.12299465,0.27272727,0.59358289,0.13368984,0.32085561,0.48663102,0.1657754,0.13903743,0.07486631,0.12299465
gi|52840824,0,non-T6SE,142,0.23239437,0.23943662,0.1056338,0.3028169,0.36619718,0.33098592,0.13380282,0.098591549,0.33802817,0.5,0.16197183,0.33098592,0.47887324,0.16197183,0.11971831,0.11971831,0.098591549
gi|52840825,0,non-T6SE,297,0.24579125,0.25589226,0.094276094,0.33670034,0.33333333,0.32996633,0.13131313,0.11447811,0.31649832,0.57575758,0.10774411,0.32659933,0.43434343,0.17845118,0.16161616,0.097643098,0.11447811
gi|52840827,0,non-T6SE,503,0.23260437,0.23459245,0.083499006,0.29224652,0.38568588,0.32206759,0.13916501,0.093439364,0.32803181,0.58250497,0.089463221,0.33399602,0.48707753,0.14910537,0.14512922,0.099403579,0.093439364
gi|52840830,0,non-T6SE,193,0.22797927,0.23316062,0.12435233,0.30569948,0.37823834,0.31606218,0.12953368,0.098445596,0.31606218,0.50777202,0.1761658,0.31606218,0.45595855,0.19689119,0.11398964,0.11917098,0.098445596
gi|52840834,0,non-T6SE,733,0.22783083,0.24829468,0.12278308,0.27967258,0.36425648,0.35607094,0.13642565,0.091405184,0.31241473,0.53206003,0.15552524,0.32469304,0.51296044,0.16507503,0.10095498,0.11732606,0.091405184
gi|52840840,0,non-T6SE,428,0.2453271,0.23831776,0.13317757,0.32476636,0.36214953,0.31308411,0.13084112,0.11448598,0.30373832,0.58411215,0.11214953,0.31308411,0.44158879,0.16121495,0.18691589,0.081775701,0.11448598
gi|52840841,0,non-T6SE,414,0.24396135,0.22705314,0.12077295,0.28743961,0.38647343,0.32608696,0.12801932,0.11594203,0.33816425,0.54589372,0.11594203,0.33574879,0.46859903,0.18599034,0.12318841,0.09178744,0.11594203
gi|52840853,0,non-T6SE,416,0.24038462,0.23798077,0.12259615,0.32692308,0.35336538,0.31971154,0.125,0.11538462,0.30769231,0.55288462,0.13942308,0.28365385,0.38942308,0.22355769,0.14423077,0.10096154,0.11538462
gi|52840873,0,non-T6SE,221,0.21266968,0.19457014,0.12669683,0.3438914,0.34841629,0.30769231,0.099547511,0.11312217,0.32579186,0.50226244,0.1719457,0.26696833,0.40271493,0.21719457,0.15384615,0.090497738,0.11312217
gi|52840880,0,non-T6SE,412,0.18446602,0.27669903,0.19660194,0.20631068,0.38592233,0.40776699,0.11893204,0.065533981,0.30582524,0.50485437,0.18932039,0.36893204,0.52669903,0.19174757,0.13106796,0.077669903,0.065533981
gi|52840886,0,non-T6SE,263,0.29277567,0.23954373,0.12547529,0.36121673,0.30798479,0.33079848,0.14828897,0.14448669,0.28136882,0.54752852,0.17110266,0.30418251,0.43346008,0.14828897,0.14068441,0.12547529,0.14448669
gi|52840888,0,non-T6SE,411,0.22384428,0.25547445,0.082725061,0.29440389,0.37226277,0.33333333,0.10948905,0.11435523,0.3406326,0.55717762,0.10218978,0.38199513,0.55231144,0.11922141,0.11192214,0.090024331,0.11435523
gi|52840892,0,non-T6SE,408,0.1004902,0.32843137,0.13235294,0.12990196,0.41176471,0.45833333,0.06127451,0.039215686,0.36764706,0.49264706,0.13970588,0.40196078,0.60539216,0.21813725,0.073529412,0.046568627,0.039215686
gi|52840895,0,non-T6SE,285,0.24912281,0.24561404,0.098245614,0.33684211,0.35438596,0.30877193,0.12982456,0.11929825,0.31929825,0.55438596,0.12631579,0.34736842,0.47017544,0.16491228,0.13333333,0.1122807,0.11929825
gi|52840896,0,non-T6SE,580,0.26206897,0.23103448,0.087931034,0.32068966,0.35,0.32931034,0.14482759,0.11724138,0.33448276,0.54482759,0.12068966,0.2862069,0.4637931,0.17586207,0.10517241,0.12413793,0.11724138
gi|52840898,0,non-T6SE,374,0.14171123,0.32085561,0.12032086,0.21925134,0.32352941,0.45721925,0.07486631,0.06684492,0.27005348,0.58823529,0.14171123,0.37700535,0.55614973,0.19251337,0.10962567,0.069518717,0.06684492
gi|52840916,0,non-T6SE,913,0.25410734,0.26725082,0.12814896,0.32968237,0.30449069,0.36582694,0.14129244,0.1128149,0.26725082,0.5728368,0.15991238,0.3253012,0.44249726,0.17415115,0.14786418,0.11171961,0.1128149
gi|52840936,0,non-T6SE,455,0.19120879,0.2,0.10769231,0.35604396,0.37582418,0.26813187,0.1032967,0.087912088,0.35604396,0.50549451,0.13846154,0.32967033,0.43076923,0.19120879,0.19120879,0.096703297,0.087912088
gi|52840956,0,non-T6SE,921,0.3029316,0.22801303,0.12486428,0.34961998,0.32681868,0.32356135,0.15960912,0.14332248,0.29641694,0.55157438,0.15200869,0.2844734,0.42453855,0.16395223,0.12703583,0.13246471,0.14332248
gi|52840958,0,non-T6SE,420,0.20714286,0.26190476,0.085714286,0.33571429,0.3452381,0.31904762,0.11190476,0.095238095,0.30714286,0.59285714,0.1,0.33333333,0.48571429,0.15952381,0.1547619,0.1,0.095238095
gi|52840965,0,non-T6SE,325,0.23076923,0.25538462,0.089230769,0.28307692,0.36307692,0.35384615,0.11076923,0.12,0.37230769,0.53538462,0.092307692,0.33846154,0.50153846,0.14769231,0.11692308,0.083076923,0.12
gi|52840966,0,non-T6SE,160,0.1375,0.31875,0.16875,0.175,0.33125,0.49375,0.06875,0.06875,0.3,0.51875,0.18125,0.4,0.5875,0.15,0.1375,0.05,0.06875
gi|52840975,0,non-T6SE,460,0.28043478,0.23478261,0.067391304,0.33695652,0.35869565,0.30434783,0.1326087,0.14782609,0.35869565,0.52608696,0.11521739,0.33695652,0.46956522,0.16956522,0.091304348,0.1173913,0.14782609
gi|52840976,0,non-T6SE,357,0.23529412,0.25770308,0.10644258,0.26610644,0.38095238,0.35294118,0.13165266,0.10364146,0.32773109,0.54901961,0.1232493,0.34173669,0.5070028,0.15406162,0.12044818,0.095238095,0.10364146
gi|52840981,0,non-T6SE,516,0.32945736,0.24806202,0.081395349,0.43023256,0.25387597,0.31589147,0.17054264,0.15891473,0.27713178,0.60465116,0.11821705,0.29263566,0.37403101,0.16472868,0.14147287,0.15116279,0.15891473
gi|52840987,0,non-T6SE,213,0.20657277,0.24413146,0.11737089,0.25821596,0.38028169,0.36150235,0.098591549,0.10798122,0.33802817,0.55399061,0.10798122,0.29577465,0.48826291,0.1971831,0.12676056,0.0657277,0.10798122
gi|52840994,0,non-T6SE,294,0.28571429,0.24489796,0.12244898,0.32993197,0.35034014,0.31972789,0.15646259,0.1292517,0.32312925,0.54421769,0.13265306,0.30612245,0.42176871,0.18027211,0.1292517,0.12244898,0.1292517
gi|52841018,0,non-T6SE,82,0.29268293,0.31707317,0.06097561,0.36585366,0.26829268,0.36585366,0.12195122,0.17073171,0.2804878,0.59756098,0.12195122,0.35365854,0.46341463,0.14634146,0.097560976,0.1097561,0.17073171
gi|52841020,0,non-T6SE,331,0.20845921,0.24773414,0.11782477,0.32326284,0.32628399,0.35045317,0.11782477,0.090634441,0.32326284,0.55589124,0.12084592,0.28398792,0.42900302,0.18126888,0.18429003,0.093655589,0.090634441
gi|52841023,0,non-T6SE,433,0.25635104,0.25866051,0.12471132,0.3256351,0.3187067,0.3556582,0.15011547,0.10623557,0.28406467,0.57505774,0.1408776,0.34180139,0.47575058,0.11778291,0.16859122,0.11316397,0.10623557
gi|52841028,0,non-T6SE,235,0.2212766,0.19574468,0.068085106,0.30638298,0.40425532,0.2893617,0.12340426,0.09787234,0.38297872,0.54042553,0.076595745,0.2893617,0.46382979,0.21702128,0.10212766,0.11914894,0.09787234
gi|52841029,0,non-T6SE,423,0.12293144,0.30260047,0.14184397,0.17730496,0.36879433,0.45390071,0.080378251,0.042553191,0.30969267,0.5248227,0.16548463,0.39716312,0.59810875,0.19621749,0.087470449,0.070921986,0.042553191
gi|52841038,0,non-T6SE,567,0.14109347,0.31746032,0.10934744,0.19753086,0.37918871,0.42328042,0.084656085,0.05643739,0.32098765,0.54850088,0.13051146,0.41798942,0.61728395,0.14814815,0.10582011,0.0670194,0.05643739
gi|52841043,0,non-T6SE,280,0.24285714,0.26785714,0.082142857,0.31428571,0.34642857,0.33928571,0.11785714,0.125,0.34285714,0.56785714,0.089285714,0.35714286,0.46428571,0.16785714,0.13571429,0.089285714,0.125
gi|52841048,0,non-T6SE,302,0.22847682,0.28807947,0.07615894,0.31125828,0.3410596,0.34768212,0.12251656,0.10596026,0.30794702,0.56953642,0.12251656,0.35430464,0.48013245,0.18874172,0.11589404,0.10927152,0.10596026
gi|52841050,0,non-T6SE,222,0.30630631,0.24774775,0.12162162,0.36486486,0.31081081,0.32432432,0.20720721,0.099099099,0.22072072,0.62612613,0.15315315,0.28378378,0.45045045,0.12612613,0.15315315,0.17117117,0.099099099
gi|52841053,0,non-T6SE,111,0.27927928,0.26126126,0.10810811,0.34234234,0.2972973,0.36036036,0.13513514,0.14414414,0.25225225,0.63963964,0.10810811,0.31531532,0.43243243,0.18018018,0.13513514,0.099099099,0.14414414
gi|52841062,0,non-T6SE,443,0.21670429,0.26862302,0.083521445,0.33182844,0.34311512,0.32505643,0.12641084,0.090293454,0.30699774,0.57110609,0.12189616,0.35440181,0.47404063,0.16252822,0.15575621,0.10835214,0.090293454
gi|52841069,0,non-T6SE,258,0.27131783,0.28294574,0.073643411,0.34496124,0.29844961,0.35658915,0.15116279,0.12015504,0.29844961,0.6124031,0.089147287,0.35658915,0.46511628,0.15503876,0.12015504,0.12790698,0.12015504
gi|52841070,0,non-T6SE,344,0.21511628,0.24709302,0.084302326,0.30523256,0.36337209,0.33139535,0.11337209,0.10174419,0.37209302,0.52616279,0.10174419,0.35174419,0.48255814,0.1627907,0.14825581,0.087209302,0.10174419
gi|52841075,0,non-T6SE,183,0.26775956,0.26775956,0.092896175,0.3442623,0.31147541,0.3442623,0.13114754,0.13661202,0.32786885,0.57923497,0.092896175,0.34972678,0.48087432,0.12021858,0.14754098,0.098360656,0.13661202
gi|52841078,0,non-T6SE,260,0.10769231,0.31923077,0.12307692,0.16153846,0.38846154,0.45,0.061538462,0.046153846,0.35769231,0.48461538,0.15769231,0.41538462,0.61538462,0.19230769,0.080769231,0.057692308,0.046153846
gi|52841079,0,non-T6SE,158,0.25316456,0.28481013,0.069620253,0.31012658,0.33544304,0.35443038,0.12025316,0.13291139,0.34810127,0.53797468,0.11392405,0.34810127,0.5,0.1835443,0.069620253,0.11392405,0.13291139
gi|52841084,0,non-T6SE,252,0.23809524,0.21825397,0.15873016,0.29365079,0.37698413,0.32936508,0.12698413,0.11111111,0.31746032,0.54365079,0.13888889,0.3015873,0.4484127,0.17063492,0.17460317,0.075396825,0.11111111
gi|52841089,0,non-T6SE,471,0.28025478,0.24416136,0.082802548,0.33970276,0.32271762,0.33757962,0.14437367,0.1358811,0.30997877,0.5477707,0.14225053,0.31210191,0.46072187,0.15711253,0.099787686,0.12738854,0.1358811
gi|229270458,0,non-T6SE,312,0.28846154,0.2724359,0.08974359,0.33333333,0.31089744,0.35576923,0.16987179,0.11858974,0.28846154,0.59615385,0.11538462,0.35897436,0.48717949,0.1474359,0.086538462,0.15384615,0.11858974
gi|52841094,0,non-T6SE,263,0.15589354,0.31939163,0.17110266,0.19011407,0.33840304,0.47148289,0.091254753,0.064638783,0.26996198,0.54752852,0.18250951,0.42205323,0.57034221,0.16730038,0.11787072,0.076045627,0.064638783
gi|52841096,0,non-T6SE,143,0.23776224,0.26573427,0.11888112,0.27972028,0.38461538,0.33566434,0.15384615,0.083916084,0.31468531,0.55944056,0.12587413,0.38461538,0.53146853,0.14685315,0.12587413,0.11188811,0.083916084
gi|52841097,0,non-T6SE,650,0.14153846,0.30307692,0.15230769,0.19384615,0.34769231,0.45846154,0.087692308,0.053846154,0.30923077,0.50307692,0.18769231,0.38461538,0.56615385,0.17076923,0.11692308,0.075384615,0.053846154
gi|52841098,0,non-T6SE,177,0.2259887,0.25988701,0.14124294,0.28813559,0.31638418,0.39548023,0.1299435,0.096045198,0.25988701,0.57627119,0.16384181,0.3220339,0.50282486,0.11864407,0.15819209,0.10169492,0.096045198
gi|52841103,0,non-T6SE,608,0.26973684,0.22532895,0.12335526,0.32894737,0.36348684,0.30756579,0.15789474,0.11184211,0.30263158,0.5625,0.13486842,0.30098684,0.44572368,0.16118421,0.14473684,0.11842105,0.11184211
gi|52841104,0,non-T6SE,384,0.25520833,0.19010417,0.1171875,0.3046875,0.37760417,0.31770833,0.13020833,0.125,0.35677083,0.48177083,0.16145833,0.296875,0.45052083,0.19270833,0.098958333,0.109375,0.125
gi|52841112,0,non-T6SE,377,0.21485411,0.24403183,0.063660477,0.30238727,0.38461538,0.31299735,0.1061008,0.10875332,0.35543767,0.57029178,0.074270557,0.36604775,0.49602122,0.17506631,0.11671088,0.092838196,0.10875332
gi|52841115,0,non-T6SE,380,0.21052632,0.3,0.15,0.26842105,0.31052632,0.42105263,0.12105263,0.089473684,0.27368421,0.55789474,0.16842105,0.36842105,0.51315789,0.17894737,0.10789474,0.1,0.089473684
gi|52841120,0,non-T6SE,358,0.22625698,0.26256983,0.10055866,0.30167598,0.35195531,0.34636872,0.11173184,0.11452514,0.34078212,0.54469274,0.11452514,0.32402235,0.47486034,0.18156425,0.13407821,0.083798883,0.11452514
gi|52841124,0,non-T6SE,297,0.21548822,0.24915825,0.14141414,0.33333333,0.27609428,0.39057239,0.15488215,0.060606061,0.24579125,0.5993266,0.15488215,0.31313131,0.45791246,0.13468013,0.18855219,0.13804714,0.060606061
gi|52841126,0,non-T6SE,771,0.29571984,0.25291829,0.10376135,0.37224384,0.29053178,0.33722438,0.14396887,0.15175097,0.27496757,0.58754864,0.13748379,0.30869001,0.42542153,0.16342412,0.13359274,0.12062257,0.15175097
gi|52841132,0,non-T6SE,319,0.10971787,0.36990596,0.10658307,0.15360502,0.39184953,0.45454545,0.068965517,0.040752351,0.32915361,0.56112853,0.10971787,0.45141066,0.60188088,0.20376176,0.081504702,0.056426332,0.040752351
gi|52841134,0,non-T6SE,355,0.21408451,0.23098592,0.13239437,0.30985915,0.34647887,0.34366197,0.13802817,0.076056338,0.28450704,0.56619718,0.14929577,0.28450704,0.44225352,0.16619718,0.18309859,0.10704225,0.076056338
gi|52841138,0,non-T6SE,363,0.21212121,0.29476584,0.074380165,0.28374656,0.36363636,0.35261708,0.1322314,0.079889807,0.31955923,0.58402204,0.096418733,0.36639118,0.5399449,0.14325069,0.12672176,0.10743802,0.079889807
gi|52841149,0,non-T6SE,334,0.31137725,0.2245509,0.11077844,0.36227545,0.32634731,0.31137725,0.17664671,0.13473054,0.30838323,0.54491018,0.14670659,0.30838323,0.4760479,0.11676647,0.12275449,0.14371257,0.13473054
gi|52841152,0,non-T6SE,483,0.24430642,0.24016563,0.099378882,0.31677019,0.37267081,0.31055901,0.13457557,0.10973085,0.33333333,0.563147,0.10351967,0.33126294,0.46583851,0.16356108,0.14492754,0.10351967,0.10973085
gi|52841153,0,non-T6SE,350,0.25142857,0.24857143,0.13142857,0.28,0.39428571,0.32571429,0.13714286,0.11428571,0.34285714,0.54285714,0.11428571,0.33428571,0.47714286,0.16285714,0.12857143,0.088571429,0.11428571
gi|52841160,0,non-T6SE,794,0.23803526,0.23425693,0.10453401,0.32997481,0.36397985,0.30604534,0.12972292,0.10831234,0.30352645,0.56423174,0.13224181,0.32493703,0.47984887,0.15869018,0.1372796,0.11335013,0.10831234
gi|52841166,0,non-T6SE,698,0.24212034,0.29083095,0.058739255,0.34383954,0.31232092,0.34383954,0.12893983,0.11318052,0.30802292,0.59169054,0.10028653,0.35100287,0.47851003,0.16618911,0.12034384,0.1217765,0.11318052
gi|52841167,0,non-T6SE,175,0.32571429,0.24571429,0.074285714,0.39428571,0.30285714,0.30285714,0.14857143,0.17714286,0.31428571,0.53142857,0.15428571,0.30857143,0.45142857,0.14857143,0.074285714,0.14857143,0.17714286
gi|52841168,0,non-T6SE,369,0.25474255,0.27913279,0.097560976,0.30623306,0.34146341,0.35230352,0.14092141,0.11382114,0.30894309,0.58807588,0.10298103,0.35501355,0.49322493,0.14092141,0.12466125,0.10569106,0.11382114
gi|52841171,0,non-T6SE,328,0.24085366,0.26829268,0.12804878,0.31402439,0.33231707,0.35365854,0.14939024,0.091463415,0.29878049,0.54573171,0.1554878,0.34146341,0.49695122,0.1402439,0.1402439,0.11890244,0.091463415
gi|52841173,0,non-T6SE,121,0.16528926,0.2892562,0.19008264,0.17355372,0.37190083,0.45454545,0.099173554,0.066115702,0.33884298,0.46280992,0.19834711,0.38842975,0.60330579,0.14876033,0.11570248,0.05785124,0.066115702
gi|52841177,0,non-T6SE,311,0.29581994,0.25080386,0.099678457,0.37299035,0.2733119,0.35369775,0.16720257,0.12861736,0.28938907,0.57877814,0.1318328,0.2926045,0.41800643,0.1511254,0.1318328,0.14790997,0.12861736
gi|52841181,0,non-T6SE,268,0.30223881,0.24626866,0.097014925,0.33955224,0.33955224,0.32089552,0.15671642,0.14552239,0.30597015,0.56716418,0.12686567,0.36567164,0.46268657,0.13432836,0.13059701,0.1119403,0.14552239
gi|52841184,0,non-T6SE,224,0.071428571,0.32589286,0.13392857,0.14732143,0.40625,0.44642857,0.044642857,0.026785714,0.34821429,0.49553571,0.15625,0.41517857,0.61160714,0.23214286,0.089285714,0.040178571,0.026785714
gi|52841187,0,non-T6SE,292,0.22260274,0.2739726,0.089041096,0.27054795,0.35273973,0.37671233,0.12328767,0.099315068,0.34589041,0.53082192,0.12328767,0.3390411,0.52054795,0.15753425,0.095890411,0.10616438,0.099315068
gi|52841196,0,non-T6SE,457,0.15754923,0.34135667,0.11816193,0.19256018,0.3654267,0.44201313,0.098468271,0.059080963,0.32603939,0.5404814,0.13347921,0.42669584,0.56892779,0.19912473,0.083150985,0.080962801,0.059080963
gi|52841197,0,non-T6SE,1148,0.2630662,0.24216028,0.10452962,0.33101045,0.33623693,0.33275261,0.1271777,0.1358885,0.32752613,0.53397213,0.13850174,0.33275261,0.48170732,0.14547038,0.11324042,0.10801394,0.1358885
gi|52841205,0,non-T6SE,487,0.12320329,0.32648871,0.14373717,0.16427105,0.39014374,0.44558522,0.080082136,0.04312115,0.32648871,0.51334702,0.16016427,0.40451745,0.61396304,0.17864476,0.080082136,0.069815195,0.04312115
gi|52841263,0,non-T6SE,1071,0.18954248,0.30625584,0.092436975,0.26704015,0.3426704,0.39028945,0.10364146,0.085901027,0.29878618,0.57422969,0.12698413,0.38468721,0.54528478,0.15873016,0.12138189,0.085901027,0.085901027
gi|52841304,0,non-T6SE,393,0.28244275,0.23918575,0.094147583,0.35877863,0.32824427,0.3129771,0.17557252,0.10687023,0.27226463,0.58778626,0.13994911,0.29516539,0.42493639,0.17557252,0.13231552,0.15776081,0.10687023
gi|52841318,0,non-T6SE,343,0.29154519,0.23906706,0.11953353,0.39941691,0.27988338,0.32069971,0.1516035,0.13994169,0.23906706,0.60349854,0.1574344,0.29154519,0.39067055,0.16326531,0.16326531,0.13119534,0.13994169
gi|52841321,0,non-T6SE,535,0.12523364,0.30654206,0.14392523,0.1682243,0.37943925,0.45233645,0.089719626,0.035514019,0.3364486,0.49906542,0.16448598,0.41121495,0.59439252,0.19626168,0.085981308,0.074766355,0.035514019
gi|52841327,0,non-T6SE,904,0.2090708,0.2920354,0.078539823,0.27765487,0.33738938,0.38495575,0.10951327,0.099557522,0.33849558,0.54314159,0.11836283,0.39269912,0.53318584,0.15707965,0.097345133,0.10066372,0.099557522
gi|52841365,0,non-T6SE,388,0.24742268,0.21134021,0.15721649,0.35051546,0.29639175,0.35309278,0.14175258,0.1056701,0.28608247,0.53350515,0.18041237,0.2628866,0.40206186,0.17783505,0.17268041,0.12113402,0.1056701
gi|52841384,0,non-T6SE,359,0.27576602,0.19498607,0.12256267,0.33147632,0.36768802,0.30083565,0.17270195,0.10306407,0.31754875,0.51253482,0.16991643,0.29805014,0.46239554,0.14206128,0.1281337,0.14206128,0.10306407
gi|52841398,0,non-T6SE,384,0.23177083,0.2265625,0.11458333,0.30989583,0.36458333,0.32552083,0.11458333,0.1171875,0.33072917,0.55208333,0.1171875,0.296875,0.45572917,0.17708333,0.140625,0.0859375,0.1171875
gi|52841406,0,non-T6SE,495,0.23636364,0.17979798,0.12727273,0.37575758,0.36161616,0.26262626,0.12727273,0.10909091,0.32525253,0.53939394,0.13535354,0.2969697,0.44040404,0.14949495,0.17979798,0.12121212,0.10909091
gi|52841407,0,non-T6SE,528,0.20454545,0.27083333,0.13825758,0.28977273,0.33143939,0.37878788,0.12310606,0.081439394,0.29166667,0.54545455,0.16287879,0.34280303,0.48295455,0.17424242,0.14962121,0.09469697,0.081439394
gi|52841410,0,non-T6SE,482,0.21991701,0.21784232,0.11618257,0.32572614,0.37966805,0.29460581,0.13692946,0.082987552,0.30705394,0.56016598,0.13278008,0.3340249,0.45435685,0.1846473,0.15767635,0.1120332,0.082987552
gi|52841412,0,non-T6SE,204,0.21078431,0.28431373,0.088235294,0.26470588,0.37254902,0.3627451,0.10784314,0.10294118,0.33823529,0.56862745,0.093137255,0.32352941,0.47058824,0.22058824,0.12254902,0.073529412,0.10294118
gi|52841413,0,non-T6SE,402,0.27114428,0.26119403,0.074626866,0.3159204,0.35820896,0.32587065,0.14179104,0.12935323,0.32587065,0.56965174,0.10447761,0.34328358,0.49004975,0.14925373,0.099502488,0.11442786,0.12935323
gi|52841414,0,non-T6SE,155,0.24516129,0.29032258,0.070967742,0.30322581,0.33548387,0.36129032,0.12258065,0.12258065,0.3483871,0.55483871,0.096774194,0.36774194,0.50322581,0.15483871,0.096774194,0.10322581,0.12258065
gi|52841416,0,non-T6SE,274,0.23357664,0.22262774,0.094890511,0.29927007,0.36861314,0.33211679,0.12043796,0.11313869,0.33941606,0.54744526,0.11313869,0.30291971,0.48540146,0.17153285,0.10218978,0.10583942,0.11313869
gi|52841419,0,non-T6SE,260,0.23461538,0.16153846,0.15,0.31923077,0.40769231,0.27307692,0.13846154,0.096153846,0.32307692,0.5,0.17692308,0.29230769,0.39615385,0.25384615,0.12307692,0.12307692,0.096153846
gi|52841420,0,non-T6SE,314,0.27707006,0.24203822,0.095541401,0.35350318,0.29299363,0.35350318,0.13057325,0.14649682,0.2866242,0.5955414,0.11783439,0.31847134,0.44585987,0.14649682,0.12738854,0.11146497,0.14649682
gi|52841423,0,non-T6SE,390,0.23076923,0.24615385,0.12564103,0.29487179,0.38205128,0.32307692,0.14102564,0.08974359,0.32051282,0.55384615,0.12564103,0.33846154,0.46923077,0.16923077,0.15128205,0.1025641,0.08974359
gi|52841426,0,non-T6SE,207,0.22705314,0.25603865,0.082125604,0.32850242,0.34299517,0.32850242,0.10628019,0.12077295,0.33816425,0.56521739,0.096618357,0.32850242,0.42028986,0.1884058,0.15942029,0.082125604,0.12077295
gi|52841427,0,non-T6SE,255,0.25098039,0.26666667,0.094117647,0.32156863,0.33333333,0.34509804,0.12941176,0.12156863,0.34117647,0.54117647,0.11764706,0.34901961,0.47058824,0.15294118,0.12941176,0.10588235,0.12156863
gi|52841430,0,non-T6SE,352,0.25852273,0.22727273,0.125,0.29545455,0.35795455,0.34659091,0.125,0.13352273,0.36363636,0.50852273,0.12784091,0.29545455,0.46875,0.17329545,0.11363636,0.090909091,0.13352273
gi|52841432,0,non-T6SE,431,0.19721578,0.25522042,0.067285383,0.30394432,0.37819026,0.31786543,0.090487239,0.10672854,0.34802784,0.56844548,0.083526682,0.36426914,0.49187935,0.16473318,0.14617169,0.07424594,0.10672854
gi|52841433,0,non-T6SE,312,0.24679487,0.27564103,0.076923077,0.33333333,0.31410256,0.3525641,0.13141026,0.11538462,0.30769231,0.56089744,0.13141026,0.3525641,0.49038462,0.14423077,0.11217949,0.12179487,0.11538462
gi|52841435,0,non-T6SE,378,0.12433862,0.32010582,0.16137566,0.16666667,0.37301587,0.46031746,0.068783069,0.055555556,0.31746032,0.49470899,0.18783069,0.4021164,0.61111111,0.17195767,0.092592593,0.063492063,0.055555556
gi|52841443,0,non-T6SE,223,0.13004484,0.34080717,0.13901345,0.19282511,0.35426009,0.4529148,0.098654709,0.031390135,0.28699552,0.56502242,0.14798206,0.39910314,0.58295964,0.19730942,0.10313901,0.085201794,0.031390135
gi|52841449,0,non-T6SE,140,0.21428571,0.17857143,0.085714286,0.35,0.39285714,0.25714286,0.085714286,0.12857143,0.35,0.53571429,0.11428571,0.28571429,0.39285714,0.24285714,0.15714286,0.078571429,0.12857143
gi|52841450,0,non-T6SE,225,0.14666667,0.22222222,0.048888889,0.32888889,0.39555556,0.27555556,0.066666667,0.08,0.39555556,0.52444444,0.08,0.29777778,0.45777778,0.20888889,0.18666667,0.066666667,0.08
gi|52841451,0,non-T6SE,437,0.11899314,0.19450801,0.082379863,0.28375286,0.46453089,0.25171625,0.050343249,0.068649886,0.44622426,0.44851259,0.10526316,0.29748284,0.47368421,0.22883295,0.18535469,0.043478261,0.068649886
gi|52841454,0,non-T6SE,230,0.20434783,0.20869565,0.07826087,0.32173913,0.40434783,0.27391304,0.1173913,0.086956522,0.36521739,0.50434783,0.13043478,0.28695652,0.46521739,0.1826087,0.14782609,0.10869565,0.086956522
gi|52841455,0,non-T6SE,394,0.16751269,0.26903553,0.058375635,0.26142132,0.40862944,0.32994924,0.10152284,0.065989848,0.38324873,0.52538071,0.091370558,0.36040609,0.52030457,0.20812183,0.11167513,0.093908629,0.065989848
gi|52841457,0,non-T6SE,649,0.17719569,0.22804314,0.080123267,0.3220339,0.38828968,0.28967643,0.080123267,0.097072419,0.39599384,0.49306626,0.11093991,0.29583975,0.45146379,0.21879815,0.1587057,0.073959938,0.097072419
gi|52841467,0,non-T6SE,142,0.30985915,0.21830986,0.16197183,0.38028169,0.24647887,0.37323944,0.22535211,0.084507042,0.1971831,0.62676056,0.17605634,0.23239437,0.38028169,0.12676056,0.20422535,0.17605634,0.084507042
gi|52841511,0,non-T6SE,574,0.24041812,0.23170732,0.10452962,0.31881533,0.3641115,0.31707317,0.12020906,0.12020906,0.34494774,0.5261324,0.12891986,0.30836237,0.47212544,0.15853659,0.13414634,0.097560976,0.12020906
gi|52841515,0,non-T6SE,359,0.35933148,0.24233983,0.072423398,0.42339833,0.26740947,0.3091922,0.15320334,0.20612813,0.27576602,0.59888579,0.12534819,0.29805014,0.4178273,0.13649025,0.10027855,0.13927577,0.20612813
gi|52841517,0,non-T6SE,247,0.28744939,0.22267206,0.064777328,0.3562753,0.35222672,0.29149798,0.12955466,0.15789474,0.37246964,0.53441296,0.093117409,0.31983806,0.44939271,0.1659919,0.11336032,0.10931174,0.15789474
gi|52841518,0,non-T6SE,174,0.2816092,0.22988506,0.091954023,0.3045977,0.39655172,0.29885057,0.17816092,0.10344828,0.36206897,0.51724138,0.12068966,0.33333333,0.44252874,0.18965517,0.11494253,0.13218391,0.10344828
gi|52841522,0,non-T6SE,471,0.27176221,0.27388535,0.08492569,0.35456476,0.3163482,0.32908705,0.14225053,0.12951168,0.27813163,0.60084926,0.12101911,0.3418259,0.47133758,0.14225053,0.13163482,0.12101911,0.12951168
gi|52841524,0,non-T6SE,181,0.14917127,0.27071823,0.24309392,0.19337017,0.34254144,0.4640884,0.10497238,0.044198895,0.25414365,0.51381215,0.2320442,0.34254144,0.54143646,0.20994475,0.12154696,0.082872928,0.044198895
gi|52841525,0,non-T6SE,479,0.22755741,0.25887265,0.10438413,0.32776618,0.35490605,0.31732777,0.15866388,0.068893528,0.26304802,0.59916493,0.13778706,0.32776618,0.46764092,0.16283925,0.1565762,0.14196242,0.068893528
gi|52841526,0,non-T6SE,254,0.22440945,0.23228346,0.15354331,0.28740157,0.37401575,0.33858268,0.13385827,0.090551181,0.31889764,0.5511811,0.12992126,0.27165354,0.43700787,0.18503937,0.17716535,0.082677165,0.090551181
gi|52841527,0,non-T6SE,287,0.25087108,0.23344948,0.16724739,0.29268293,0.38675958,0.32055749,0.14982578,0.1010453,0.25087108,0.58188153,0.16724739,0.26132404,0.41811847,0.22648084,0.12543554,0.11498258,0.1010453
gi|52841528,0,non-T6SE,284,0.26760563,0.28521127,0.084507042,0.30985915,0.33802817,0.35211268,0.15140845,0.11619718,0.28521127,0.6056338,0.10915493,0.3556338,0.5,0.13732394,0.11971831,0.11619718,0.11619718
gi|52841533,0,non-T6SE,262,0.23664122,0.22900763,0.14122137,0.30152672,0.3740458,0.32442748,0.15267176,0.083969466,0.32061069,0.51908397,0.16030534,0.30152672,0.45419847,0.15648855,0.17938931,0.10687023,0.083969466
gi|52841536,0,non-T6SE,272,0.23161765,0.23897059,0.088235294,0.29779412,0.38970588,0.3125,0.11397059,0.11764706,0.33088235,0.5625,0.10661765,0.33823529,0.48161765,0.19117647,0.10661765,0.095588235,0.11764706
gi|52841537,0,non-T6SE,551,0.31034483,0.19963702,0.13974592,0.35753176,0.33756806,0.30490018,0.1615245,0.14882033,0.28493648,0.53720508,0.17785844,0.26134301,0.41016334,0.1615245,0.12885662,0.12704174,0.14882033
gi|52841550,0,non-T6SE,494,0.26923077,0.27935223,0.064777328,0.33805668,0.32591093,0.33603239,0.13360324,0.13562753,0.30769231,0.59716599,0.0951417,0.34008097,0.4534413,0.16801619,0.12550607,0.10526316,0.13562753
gi|52841551,0,non-T6SE,791,0.19974716,0.2528445,0.056890013,0.31984829,0.3817952,0.29835651,0.10872314,0.09102402,0.35777497,0.54614412,0.09608091,0.32743363,0.45764855,0.20606827,0.14285714,0.099873578,0.09102402
gi|52841562,0,non-T6SE,241,0.22821577,0.23236515,0.11618257,0.32365145,0.34854772,0.32780083,0.12448133,0.10373444,0.30705394,0.55186722,0.14107884,0.30290456,0.43983402,0.1659751,0.16182573,0.10373444,0.10373444
gi|52841563,0,non-T6SE,321,0.26479751,0.2741433,0.11838006,0.31775701,0.34267913,0.33956386,0.17133956,0.093457944,0.2741433,0.61993769,0.105919,0.32087227,0.4517134,0.14641745,0.18068536,0.10903427,0.093457944
gi|52841568,0,non-T6SE,541,0.17744917,0.23659889,0.059149723,0.3142329,0.40850277,0.27726433,0.090573013,0.086876155,0.40850277,0.5194085,0.072088725,0.29759704,0.4232902,0.25508318,0.14972274,0.085027726,0.086876155
gi|52841570,0,non-T6SE,475,0.12631579,0.20210526,0.025263158,0.27789474,0.48,0.24210526,0.056842105,0.069473684,0.51578947,0.41684211,0.067368421,0.35789474,0.48421053,0.23789474,0.15157895,0.056842105,0.069473684
gi|52841571,0,non-T6SE,294,0.25170068,0.20748299,0.10204082,0.29591837,0.3707483,0.33333333,0.1462585,0.10544218,0.34353741,0.5170068,0.13945578,0.30272109,0.48639456,0.17346939,0.091836735,0.12585034,0.10544218
gi|52841572,0,non-T6SE,428,0.2453271,0.25,0.13084112,0.31542056,0.34579439,0.33878505,0.13084112,0.11448598,0.31308411,0.54672897,0.14018692,0.32943925,0.45327103,0.1728972,0.14485981,0.10046729,0.11448598
gi|52841574,0,non-T6SE,177,0.15254237,0.33898305,0.1299435,0.20338983,0.33898305,0.45762712,0.084745763,0.06779661,0.31073446,0.53107345,0.15819209,0.42372881,0.58757062,0.17514124,0.084745763,0.079096045,0.06779661
gi|52841575,0,non-T6SE,211,0.2464455,0.22748815,0.1563981,0.33649289,0.35545024,0.30805687,0.13744076,0.10900474,0.27488152,0.56872038,0.1563981,0.27014218,0.41232227,0.19905213,0.16587678,0.1042654,0.10900474
gi|52841579,0,non-T6SE,511,0.14285714,0.30528376,0.15068493,0.21526419,0.36203523,0.42270059,0.082191781,0.060665362,0.28571429,0.55968689,0.15459883,0.35812133,0.54990215,0.18395303,0.12524462,0.066536204,0.060665362
gi|52841582,0,non-T6SE,789,0.24968314,0.22940431,0.1166033,0.30291508,0.37642586,0.32065906,0.13434728,0.11533587,0.33967047,0.53485425,0.12547529,0.32572877,0.46894804,0.16603295,0.1356147,0.10012674,0.11533587
gi|52841592,0,non-T6SE,140,0.22142857,0.24285714,0.092857143,0.31428571,0.37857143,0.30714286,0.11428571,0.10714286,0.32142857,0.57142857,0.10714286,0.30714286,0.48571429,0.16428571,0.14285714,0.1,0.10714286
gi|52841596,0,non-T6SE,257,0.23735409,0.25680934,0.11673152,0.3540856,0.307393,0.3385214,0.13229572,0.10505837,0.23346304,0.6381323,0.12840467,0.31128405,0.42801556,0.19455253,0.15564202,0.11673152,0.10505837
gi|52841605,0,non-T6SE,626,0.24121406,0.23801917,0.11980831,0.30830671,0.38178914,0.30990415,0.14536741,0.095846645,0.30351438,0.54313099,0.15335463,0.30670927,0.46166134,0.19648562,0.12140575,0.12140575,0.095846645
gi|52841606,0,non-T6SE,156,0.25641026,0.30128205,0.08974359,0.30128205,0.32692308,0.37179487,0.15384615,0.1025641,0.28205128,0.6025641,0.11538462,0.35897436,0.46794872,0.16666667,0.12820513,0.12179487,0.1025641
gi|52841614,0,non-T6SE,251,0.30278884,0.26294821,0.13944223,0.34262948,0.29083665,0.36653386,0.15936255,0.14342629,0.25099602,0.60956175,0.13944223,0.29880478,0.42629482,0.15139442,0.15537849,0.11155378,0.14342629
gi|52841622,0,non-T6SE,342,0.23391813,0.28654971,0.070175439,0.29824561,0.34210526,0.35964912,0.13450292,0.099415205,0.33918129,0.58479532,0.076023392,0.38011696,0.52046784,0.13157895,0.12573099,0.10526316,0.099415205
gi|52841624,0,non-T6SE,315,0.19365079,0.28253968,0.076190476,0.28253968,0.36507937,0.35238095,0.088888889,0.1047619,0.33650794,0.57142857,0.092063492,0.39047619,0.51428571,0.15873016,0.13968254,0.066666667,0.1047619
gi|52841628,0,non-T6SE,332,0.21385542,0.23795181,0.14156627,0.30722892,0.38253012,0.31024096,0.13554217,0.078313253,0.27710843,0.56626506,0.15662651,0.31927711,0.45481928,0.20481928,0.15060241,0.11144578,0.078313253
gi|52841629,0,non-T6SE,212,0.27358491,0.29245283,0.080188679,0.3490566,0.29245283,0.35849057,0.13679245,0.13679245,0.26886792,0.61320755,0.11792453,0.33490566,0.46226415,0.16037736,0.11792453,0.11792453,0.13679245
gi|52841632,0,non-T6SE,270,0.24444444,0.23703704,0.12592593,0.31851852,0.34444444,0.33703704,0.12222222,0.12222222,0.3037037,0.56296296,0.13333333,0.32592593,0.46296296,0.15185185,0.15925926,0.081481481,0.12222222
gi|52841633,0,non-T6SE,366,0.19125683,0.26229508,0.11202186,0.24863388,0.41256831,0.33879781,0.10382514,0.087431694,0.36065574,0.54098361,0.098360656,0.34699454,0.50546448,0.18306011,0.1420765,0.068306011,0.087431694
gi|52841635,0,non-T6SE,426,0.11502347,0.32159624,0.15258216,0.16666667,0.37793427,0.45539906,0.072769953,0.042253521,0.30046948,0.54225352,0.157277,0.42253521,0.60328638,0.17370892,0.10798122,0.051643192,0.042253521
gi|52841641,0,non-T6SE,236,0.29237288,0.25,0.097457627,0.33898305,0.34745763,0.31355932,0.1440678,0.14830508,0.31355932,0.55932203,0.12711864,0.30508475,0.47033898,0.15254237,0.1059322,0.11864407,0.14830508
gi|52841643,0,non-T6SE,506,0.25098814,0.22924901,0.15612648,0.29644269,0.39525692,0.3083004,0.14624506,0.10474308,0.31422925,0.54150198,0.14426877,0.29644269,0.43478261,0.19960474,0.15217391,0.098814229,0.10474308
gi|52841644,0,non-T6SE,491,0.22199593,0.21995927,0.11405295,0.29531568,0.37881874,0.32586558,0.11201629,0.10997963,0.37678208,0.49083503,0.13238289,0.30142566,0.43991853,0.20162933,0.14052953,0.091649695,0.10997963
gi|52841650,0,non-T6SE,231,0.25541126,0.26406926,0.064935065,0.35930736,0.32034632,0.32034632,0.12987013,0.12554113,0.32467532,0.54978355,0.12554113,0.36796537,0.47619048,0.13852814,0.13419913,0.11688312,0.12554113
gi|52841653,0,non-T6SE,389,0.29048843,0.23650386,0.12339332,0.33676093,0.33161954,0.33161954,0.16966581,0.12082262,0.30077121,0.55526992,0.14395887,0.32133676,0.43187661,0.14652956,0.15424165,0.12596401,0.12082262
gi|52841660,0,non-T6SE,282,0.13120567,0.32624113,0.17375887,0.17730496,0.32624113,0.4964539,0.085106383,0.046099291,0.29078014,0.5106383,0.19858156,0.42907801,0.59219858,0.16312057,0.10283688,0.074468085,0.046099291
gi|52841664,0,non-T6SE,279,0.21146953,0.24014337,0.11469534,0.24731183,0.44802867,0.3046595,0.11469534,0.096774194,0.35842294,0.53405018,0.10752688,0.3297491,0.49103943,0.21146953,0.10752688,0.078853047,0.096774194
gi|52841667,0,non-T6SE,464,0.25646552,0.25646552,0.096982759,0.31034483,0.36853448,0.32112069,0.14439655,0.11206897,0.33405172,0.53663793,0.12931034,0.34267241,0.46336207,0.18534483,0.11206897,0.12068966,0.11206897
gi|52841672,0,non-T6SE,282,0.27659574,0.21985816,0.12056738,0.29787234,0.39361702,0.30851064,0.16666667,0.10992908,0.35460993,0.53546099,0.10992908,0.30141844,0.42553191,0.18794326,0.14184397,0.11347518,0.10992908
gi|52841673,0,non-T6SE,221,0.25791855,0.24886878,0.095022624,0.28054299,0.39366516,0.32579186,0.14027149,0.11764706,0.33031674,0.54751131,0.12217195,0.31221719,0.49321267,0.1719457,0.095022624,0.1040724,0.11764706
gi|52841677,0,non-T6SE,248,0.28225806,0.23387097,0.10080645,0.36693548,0.32258065,0.31048387,0.1733871,0.10887097,0.26612903,0.57258065,0.16129032,0.25806452,0.42741935,0.16129032,0.15322581,0.14919355,0.10887097
gi|52841686,0,non-T6SE,444,0.26126126,0.22972973,0.11261261,0.34234234,0.32207207,0.33558559,0.1463964,0.11486486,0.29279279,0.57207207,0.13513514,0.28603604,0.42792793,0.17567568,0.1463964,0.11486486,0.11486486
gi|52841687,0,non-T6SE,734,0.30653951,0.24523161,0.10762943,0.35558583,0.32970027,0.3147139,0.17029973,0.13623978,0.30108992,0.57629428,0.1226158,0.32425068,0.43188011,0.14577657,0.14577657,0.1280654,0.13623978
gi|52841689,0,non-T6SE,397,0.24433249,0.23929471,0.11838791,0.302267,0.37027708,0.32745592,0.13602015,0.10831234,0.30730479,0.53652393,0.15617128,0.32997481,0.50881612,0.14357683,0.11335013,0.11586902,0.10831234
gi|52841691,0,non-T6SE,579,0.24525043,0.25734024,0.088082902,0.32642487,0.32469775,0.34887737,0.12262522,0.12262522,0.31606218,0.56649396,0.11744387,0.34887737,0.49568221,0.12780656,0.14162349,0.09671848,0.12262522
gi|52841697,0,non-T6SE,207,0.28019324,0.28502415,0.09178744,0.352657,0.30434783,0.34299517,0.16425121,0.11594203,0.26086957,0.63285024,0.10628019,0.34299517,0.43961353,0.15458937,0.1352657,0.1352657,0.11594203
gi|52841699,0,non-T6SE,532,0.22180451,0.28383459,0.13345865,0.32518797,0.30263158,0.37218045,0.11466165,0.10714286,0.2593985,0.60150376,0.13909774,0.33646617,0.46240602,0.17481203,0.15225564,0.095864662,0.10714286
gi|52841701,0,non-T6SE,460,0.22608696,0.23913043,0.12826087,0.27391304,0.38695652,0.33913043,0.12826087,0.097826087,0.35652174,0.53478261,0.10869565,0.32391304,0.46086957,0.18913043,0.13478261,0.093478261,0.097826087
gi|52841704,0,non-T6SE,239,0.21757322,0.24267782,0.15481172,0.28870293,0.32217573,0.38912134,0.11297071,0.10460251,0.25523013,0.58158996,0.16317992,0.28451883,0.49790795,0.16736402,0.12970711,0.09623431,0.10460251
gi|52841705,0,non-T6SE,212,0.22169811,0.27358491,0.094339623,0.31603774,0.30660377,0.37735849,0.10849057,0.11320755,0.31603774,0.58490566,0.099056604,0.3254717,0.44811321,0.16509434,0.15566038,0.08490566,0.11320755
gi|52841709,0,non-T6SE,982,0.20773931,0.32484725,0.11710794,0.299389,0.28615071,0.41446029,0.12016293,0.087576375,0.25152749,0.60794297,0.14052953,0.37780041,0.48778004,0.17820774,0.13543788,0.10794297,0.087576375
gi|52841710,0,non-T6SE,223,0.22869955,0.23766816,0.10313901,0.32286996,0.34977578,0.32735426,0.12556054,0.10313901,0.29596413,0.57399103,0.13004484,0.29596413,0.47533632,0.14349776,0.14349776,0.11210762,0.10313901
gi|52841716,0,non-T6SE,173,0.31791908,0.24855491,0.10404624,0.42774566,0.23121387,0.34104046,0.17919075,0.13872832,0.20231214,0.63583815,0.16184971,0.28901734,0.41040462,0.12716763,0.14450867,0.16184971,0.13872832
gi|52841727,0,non-T6SE,900,0.26888889,0.23777778,0.11555556,0.34444444,0.32222222,0.33333333,0.12444444,0.14444444,0.31,0.55333333,0.13666667,0.30444444,0.44333333,0.17888889,0.11666667,0.10888889,0.14444444
gi|52841732,0,non-T6SE,479,0.2651357,0.25052192,0.075156576,0.3006263,0.36743215,0.33194154,0.14196242,0.12317328,0.35490605,0.56367432,0.081419624,0.35281837,0.52400835,0.13569937,0.079331942,0.12317328,0.12317328
gi|52841739,0,non-T6SE,430,0.22093023,0.22093023,0.10697674,0.31162791,0.37906977,0.30930233,0.12093023,0.1,0.35581395,0.50232558,0.14186047,0.29069767,0.44651163,0.21395349,0.1255814,0.10930233,0.1
gi|52841742,0,non-T6SE,678,0.16519174,0.31858407,0.15339233,0.2079646,0.35988201,0.43215339,0.10914454,0.056047198,0.28466077,0.54867257,0.16666667,0.37315634,0.5339233,0.20501475,0.1120944,0.085545723,0.056047198
gi|52841753,0,non-T6SE,406,0.22660099,0.27586207,0.096059113,0.28078818,0.34729064,0.37192118,0.12807882,0.098522167,0.31280788,0.57635468,0.11083744,0.3817734,0.5320197,0.16995074,0.081280788,0.11576355,0.098522167
gi|52841754,0,non-T6SE,289,0.12802768,0.33564014,0.16955017,0.17301038,0.32525952,0.5017301,0.076124567,0.051903114,0.28027682,0.5432526,0.17647059,0.39792388,0.57093426,0.16955017,0.12110727,0.058823529,0.051903114
gi|52841758,0,non-T6SE,271,0.26199262,0.23616236,0.11070111,0.32472325,0.35793358,0.31734317,0.1402214,0.12177122,0.31365314,0.53136531,0.15498155,0.30258303,0.43911439,0.19926199,0.099630996,0.12177122,0.12177122
gi|52841759,0,non-T6SE,490,0.26734694,0.22244898,0.12040816,0.30408163,0.36530612,0.33061224,0.14285714,0.1244898,0.34081633,0.51428571,0.14489796,0.3244898,0.45714286,0.1755102,0.11836735,0.10816327,0.1244898
gi|52841762,0,non-T6SE,666,0.21621622,0.23723724,0.12612613,0.2972973,0.37537538,0.32732733,0.12012012,0.096096096,0.31081081,0.55855856,0.13063063,0.30630631,0.45345345,0.18168168,0.15615616,0.094594595,0.096096096
gi|52841763,0,non-T6SE,538,0.10780669,0.29925651,0.133829,0.20260223,0.35501859,0.44237918,0.078066914,0.029739777,0.30483271,0.54275093,0.15241636,0.35873606,0.56133829,0.19330855,0.13568773,0.066914498,0.029739777
gi|52841767,0,non-T6SE,243,0.20987654,0.36213992,0.10288066,0.22222222,0.30864198,0.4691358,0.12345679,0.086419753,0.28806584,0.58024691,0.13168724,0.43209877,0.57201646,0.17283951,0.061728395,0.10699588,0.086419753
gi|52841768,0,non-T6SE,436,0.27522936,0.23853211,0.12614679,0.33486239,0.33715596,0.32798165,0.17201835,0.10321101,0.28440367,0.53669725,0.17889908,0.31422018,0.46330275,0.1559633,0.13073394,0.14220183,0.10321101
gi|52841769,0,non-T6SE,141,0.26950355,0.27659574,0.12765957,0.37588652,0.24113475,0.38297872,0.19858156,0.070921986,0.17730496,0.63120567,0.19148936,0.29078014,0.41134752,0.12056738,0.19148936,0.17021277,0.070921986
gi|52841771,0,non-T6SE,462,0.29004329,0.24891775,0.095238095,0.34632035,0.33982684,0.31385281,0.17532468,0.11471861,0.32467532,0.55844156,0.11688312,0.31818182,0.46969697,0.13852814,0.12987013,0.14069264,0.11471861
gi|52841772,0,non-T6SE,387,0.17829457,0.26356589,0.082687339,0.27648579,0.40310078,0.32041344,0.10335917,0.074935401,0.37726098,0.52971576,0.093023256,0.34625323,0.48062016,0.20413437,0.14470284,0.090439276,0.074935401
gi|52841777,0,non-T6SE,386,0.25647668,0.23056995,0.085492228,0.34974093,0.3134715,0.33678756,0.14766839,0.10880829,0.3134715,0.56476684,0.12176166,0.29533679,0.41709845,0.17357513,0.14766839,0.12694301,0.10880829
gi|52841778,0,non-T6SE,158,0.27848101,0.20886076,0.10126582,0.32278481,0.33544304,0.34177215,0.13924051,0.13924051,0.34177215,0.53164557,0.12658228,0.33544304,0.47468354,0.15822785,0.094936709,0.11392405,0.13924051
gi|52841783,0,non-T6SE,236,0.21186441,0.27118644,0.084745763,0.28813559,0.36440678,0.34745763,0.10169492,0.11016949,0.34745763,0.55932203,0.093220339,0.3559322,0.50423729,0.15677966,0.13559322,0.072033898,0.11016949
gi|52841787,0,non-T6SE,440,0.27045455,0.225,0.13863636,0.32954545,0.34772727,0.32272727,0.14772727,0.12272727,0.31818182,0.53636364,0.14545455,0.28636364,0.43181818,0.18409091,0.12954545,0.11590909,0.12272727
gi|52841797,0,non-T6SE,263,0.20912548,0.23954373,0.11026616,0.26235741,0.3878327,0.34980989,0.11406844,0.095057034,0.34980989,0.53612167,0.11406844,0.3460076,0.51330798,0.14828897,0.14068441,0.079847909,0.095057034
gi|52841798,0,non-T6SE,495,0.23030303,0.24444444,0.11515152,0.28686869,0.38383838,0.32929293,0.12525253,0.10505051,0.34141414,0.52727273,0.13131313,0.33737374,0.47272727,0.18181818,0.12323232,0.098989899,0.10505051
gi|52841801,0,non-T6SE,419,0.19093079,0.23150358,0.088305489,0.28639618,0.42243437,0.29116945,0.10501193,0.085918854,0.37708831,0.48448687,0.13842482,0.29594272,0.47494033,0.21718377,0.13126492,0.090692124,0.085918854
gi|52841819,0,non-T6SE,149,0.29530201,0.28187919,0.067114094,0.38255034,0.30201342,0.31543624,0.15436242,0.1409396,0.25503356,0.66442953,0.080536913,0.37583893,0.47651007,0.11409396,0.1409396,0.12751678,0.1409396
gi|52841821,0,non-T6SE,75,0.30666667,0.17333333,0.13333333,0.36,0.36,0.28,0.22666667,0.08,0.32,0.46666667,0.21333333,0.24,0.38666667,0.2,0.10666667,0.2,0.08
gi|52841825,0,non-T6SE,244,0.20081967,0.26639344,0.11065574,0.2704918,0.39754098,0.33196721,0.11885246,0.081967213,0.2704918,0.57786885,0.15163934,0.33196721,0.53688525,0.1557377,0.11885246,0.10245902,0.081967213
gi|52841826,0,non-T6SE,672,0.27529762,0.24107143,0.099702381,0.31547619,0.35565476,0.32886905,0.16071429,0.11458333,0.33482143,0.53571429,0.12946429,0.33630952,0.48958333,0.15327381,0.095238095,0.13690476,0.11458333
gi|52841827,0,non-T6SE,439,0.22095672,0.21640091,0.079726651,0.28473804,0.40546697,0.30979499,0.11845103,0.10250569,0.38496583,0.50569476,0.10933941,0.34396355,0.51480638,0.15034169,0.11161731,0.10022779,0.10250569
gi|52841835,0,non-T6SE,775,0.25935484,0.24387097,0.12258065,0.33419355,0.32903226,0.33677419,0.14967742,0.10967742,0.27096774,0.59354839,0.13548387,0.28645161,0.4116129,0.20516129,0.14064516,0.12516129,0.10967742
gi|52841837,0,non-T6SE,417,0.25179856,0.27577938,0.081534772,0.3381295,0.32853717,0.33333333,0.13908873,0.11270983,0.31894484,0.58513189,0.095923261,0.35731415,0.47961631,0.14388489,0.13669065,0.11510791,0.11270983
gi|52841838,0,non-T6SE,356,0.22191011,0.31179775,0.075842697,0.32022472,0.32022472,0.35955056,0.13202247,0.08988764,0.29494382,0.60955056,0.095505618,0.36235955,0.48595506,0.16292135,0.1488764,0.10955056,0.08988764
gi|52841844,0,non-T6SE,486,0.30864198,0.24897119,0.12962963,0.34567901,0.33127572,0.32304527,0.19135802,0.11728395,0.26748971,0.60288066,0.12962963,0.29835391,0.42592593,0.15020576,0.16255144,0.13168724,0.11728395
gi|52841851,0,non-T6SE,343,0.26822157,0.25947522,0.11078717,0.34402332,0.31778426,0.33819242,0.13994169,0.12827988,0.27988338,0.56851312,0.1516035,0.3148688,0.47230321,0.14285714,0.12827988,0.12536443,0.12827988
gi|52841852,0,non-T6SE,327,0.22324159,0.23547401,0.14067278,0.28746177,0.382263,0.33027523,0.13149847,0.091743119,0.31498471,0.51987768,0.16513761,0.3088685,0.47706422,0.18348624,0.14067278,0.10397554,0.091743119
gi|52841858,0,non-T6SE,328,0.2347561,0.27134146,0.125,0.28963415,0.3597561,0.35060976,0.13719512,0.097560976,0.30487805,0.55182927,0.14329268,0.34756098,0.5,0.16463415,0.1097561,0.11280488,0.097560976
gi|52841862,0,non-T6SE,1000,0.256,0.241,0.137,0.314,0.356,0.33,0.147,0.109,0.306,0.549,0.145,0.294,0.44,0.183,0.135,0.114,0.109
gi|161723252,0,non-T6SE,422,0.22511848,0.24881517,0.14691943,0.28909953,0.35545024,0.35545024,0.13744076,0.087677725,0.2985782,0.56398104,0.13744076,0.32227488,0.49052133,0.1563981,0.14691943,0.099526066,0.087677725
gi|52841906,0,non-T6SE,780,0.23461538,0.24358974,0.10128205,0.30384615,0.38205128,0.31410256,0.11153846,0.12307692,0.33717949,0.5525641,0.11025641,0.32307692,0.49102564,0.15384615,0.13076923,0.084615385,0.12307692
gi|52841908,0,non-T6SE,459,0.11982571,0.28976035,0.11111111,0.20043573,0.37037037,0.4291939,0.076252723,0.043572985,0.33551198,0.54248366,0.12200436,0.35947712,0.54684096,0.22004357,0.11111111,0.069716776,0.043572985
gi|52841910,0,non-T6SE,283,0.22614841,0.26501767,0.09540636,0.3180212,0.32508834,0.35689046,0.13780919,0.088339223,0.31095406,0.54063604,0.14840989,0.32508834,0.49116608,0.17314488,0.1130742,0.12720848,0.088339223
gi|52841931,0,non-T6SE,431,0.24825986,0.25290023,0.12529002,0.30858469,0.33178654,0.35962877,0.16241299,0.085846868,0.29930394,0.55220418,0.14849188,0.31786543,0.43851508,0.17401392,0.14617169,0.12761021,0.085846868
gi|52841932,0,non-T6SE,184,0.25,0.24456522,0.10869565,0.27173913,0.41847826,0.30978261,0.13043478,0.11956522,0.33695652,0.5326087,0.13043478,0.30434783,0.48913043,0.20108696,0.092391304,0.097826087,0.11956522
gi|52841934,0,non-T6SE,347,0.25648415,0.22190202,0.11239193,0.3314121,0.34870317,0.31988473,0.13832853,0.11815562,0.30835735,0.53602305,0.1556196,0.28242075,0.42651297,0.20172911,0.12103746,0.11815562,0.11815562
gi|52841936,0,non-T6SE,448,0.22544643,0.234375,0.11830357,0.32589286,0.36607143,0.30803571,0.12053571,0.10491071,0.30580357,0.58482143,0.109375,0.32142857,0.45089286,0.16517857,0.18080357,0.082589286,0.10491071
gi|52841940,0,non-T6SE,247,0.24291498,0.25101215,0.072874494,0.28340081,0.37651822,0.34008097,0.13765182,0.10526316,0.37651822,0.51417004,0.10931174,0.3562753,0.51821862,0.1659919,0.08097166,0.11740891,0.10526316
gi|52841948,0,non-T6SE,861,0.27526132,0.24157956,0.14866434,0.35191638,0.30545877,0.34262485,0.16608595,0.10917538,0.27061556,0.56562137,0.16376307,0.29965157,0.41811847,0.16492451,0.16840883,0.12543554,0.10917538
gi|52841952,0,non-T6SE,276,0.27536232,0.27898551,0.057971014,0.31884058,0.33695652,0.3442029,0.13768116,0.13768116,0.35507246,0.53985507,0.10507246,0.36231884,0.5,0.15942029,0.065217391,0.12681159,0.13768116
gi|52841953,0,non-T6SE,828,0.24154589,0.24154589,0.097826087,0.28502415,0.38043478,0.33454106,0.13164251,0.10990338,0.34661836,0.51811594,0.1352657,0.3321256,0.50483092,0.16183575,0.096618357,0.11111111,0.10990338
gi|52841960,0,non-T6SE,427,0.12177986,0.30679157,0.12177986,0.16861827,0.37002342,0.46135831,0.074941452,0.046838407,0.30679157,0.55035129,0.14285714,0.3911007,0.59250585,0.20608899,0.081967213,0.06323185,0.046838407
gi|52841961,0,non-T6SE,718,0.26880223,0.23259053,0.13370474,0.32172702,0.34401114,0.33426184,0.13370474,0.13509749,0.30779944,0.53760446,0.1545961,0.28133705,0.44428969,0.17966574,0.1183844,0.10584958,0.13509749
gi|52841974,0,non-T6SE,257,0.24124514,0.25291829,0.070038911,0.32684825,0.3463035,0.32684825,0.13618677,0.10505837,0.307393,0.57587549,0.11673152,0.3385214,0.46303502,0.17509728,0.12840467,0.11673152,0.10505837
gi|52841975,0,non-T6SE,261,0.25287356,0.24521073,0.11494253,0.30268199,0.38697318,0.31034483,0.13793103,0.11494253,0.35249042,0.49042146,0.15708812,0.34099617,0.50957854,0.14176245,0.11494253,0.11111111,0.11494253
gi|52841987,0,non-T6SE,544,0.23897059,0.23161765,0.075367647,0.35661765,0.34926471,0.29411765,0.12132353,0.11764706,0.34007353,0.54595588,0.11397059,0.3125,0.44669118,0.17830882,0.14705882,0.11029412,0.11764706
gi|52841990,0,non-T6SE,343,0.20991254,0.26530612,0.096209913,0.27988338,0.3877551,0.33236152,0.10204082,0.10787172,0.34402332,0.55393586,0.10204082,0.35276968,0.4664723,0.19241983,0.15451895,0.067055394,0.10787172
gi|52841993,0,non-T6SE,794,0.24055416,0.26448363,0.086901763,0.28337531,0.36901763,0.34760705,0.12720403,0.11335013,0.34005038,0.54785894,0.11209068,0.34382872,0.51007557,0.17128463,0.093198992,0.1070529,0.11335013
gi|52841994,0,non-T6SE,349,0.20916905,0.22063037,0.10888252,0.25787966,0.41833811,0.32378223,0.11174785,0.097421203,0.41833811,0.45272206,0.12893983,0.32951289,0.49283668,0.19770774,0.10601719,0.085959885,0.097421203
gi|52841995,0,non-T6SE,222,0.22972973,0.20720721,0.16216216,0.26576577,0.38738739,0.34684685,0.13063063,0.099099099,0.32882883,0.50900901,0.16216216,0.25225225,0.42792793,0.22522523,0.13063063,0.099099099,0.099099099
gi|52842001,0,non-T6SE,942,0.27282378,0.21868365,0.10191083,0.34713376,0.35350318,0.29936306,0.14437367,0.12845011,0.32271762,0.53609342,0.14118896,0.2940552,0.40870488,0.19957537,0.12526539,0.12526539,0.12845011
gi|52842012,0,non-T6SE,692,0.1849711,0.31647399,0.082369942,0.27312139,0.33959538,0.38728324,0.093930636,0.091040462,0.30491329,0.59393064,0.10115607,0.39306358,0.54479769,0.15895954,0.12861272,0.076589595,0.091040462
gi|52842013,0,non-T6SE,383,0.24020888,0.28720627,0.08616188,0.31331593,0.31853786,0.36814621,0.1462141,0.093994778,0.26631854,0.60835509,0.12532637,0.37336815,0.51436031,0.15926893,0.093994778,0.1383812,0.093994778
gi|52842014,0,non-T6SE,256,0.09375,0.37109375,0.1171875,0.1484375,0.328125,0.5234375,0.0546875,0.0390625,0.26953125,0.6015625,0.12890625,0.4140625,0.609375,0.2109375,0.08984375,0.04296875,0.0390625
gi|52842016,0,non-T6SE,249,0.1124498,0.33333333,0.10441767,0.18473896,0.3253012,0.48995984,0.064257028,0.048192771,0.27309237,0.61044177,0.11646586,0.3935743,0.57028112,0.22891566,0.096385542,0.0562249,0.048192771
gi|52842018,0,non-T6SE,109,0.24770642,0.33027523,0.018348624,0.36697248,0.27522936,0.35779817,0.11926606,0.12844037,0.28440367,0.65137615,0.064220183,0.36697248,0.50458716,0.11926606,0.13761468,0.11009174,0.12844037
gi|52842019,0,non-T6SE,355,0.29577465,0.24788732,0.090140845,0.36619718,0.30140845,0.33239437,0.11830986,0.17746479,0.30704225,0.57464789,0.11830986,0.30140845,0.44225352,0.17464789,0.092957746,0.10985915,0.17746479
gi|52842035,0,non-T6SE,331,0.22960725,0.22054381,0.10574018,0.3021148,0.3776435,0.32024169,0.11480363,0.11480363,0.33534743,0.54682779,0.11782477,0.33232628,0.48036254,0.16918429,0.12386707,0.090634441,0.11480363
gi|52842037,0,non-T6SE,492,0.16463415,0.20934959,0.12804878,0.23577236,0.48170732,0.28252033,0.087398374,0.077235772,0.40650407,0.44918699,0.14430894,0.31300813,0.52235772,0.20528455,0.12804878,0.06504065,0.077235772
gi|52842038,0,non-T6SE,859,0.23050058,0.25611176,0.11757858,0.27357392,0.39231665,0.33410943,0.12922002,0.10128056,0.32945285,0.5669383,0.10360885,0.33643772,0.48661234,0.16880093,0.1443539,0.084982538,0.10128056
gi|52842042,0,non-T6SE,296,0.25337838,0.26351351,0.084459459,0.31756757,0.31418919,0.36824324,0.13513514,0.11824324,0.2972973,0.58783784,0.11486486,0.34459459,0.46959459,0.16216216,0.11148649,0.11486486,0.11824324
gi|52842045,0,non-T6SE,323,0.23839009,0.26006192,0.14241486,0.30650155,0.33436533,0.35913313,0.13931889,0.099071207,0.26315789,0.56965944,0.16718266,0.30959752,0.47678019,0.16099071,0.13622291,0.11455108,0.099071207
gi|52842048,0,non-T6SE,388,0.2242268,0.26804124,0.1056701,0.30412371,0.35051546,0.34536082,0.1314433,0.092783505,0.30412371,0.56958763,0.12628866,0.32731959,0.49226804,0.16752577,0.12628866,0.10824742,0.092783505
gi|52842062,0,non-T6SE,263,0.24334601,0.25095057,0.08365019,0.31939163,0.36882129,0.31178707,0.11787072,0.12547529,0.31558935,0.58555133,0.098859316,0.3460076,0.49809886,0.15969582,0.1026616,0.10646388,0.12547529
gi|52842064,0,non-T6SE,243,0.27983539,0.23868313,0.082304527,0.34567901,0.31687243,0.33744856,0.1563786,0.12345679,0.32510288,0.56378601,0.11111111,0.33744856,0.4526749,0.1563786,0.11934156,0.13580247,0.12345679
gi|52842071,0,non-T6SE,145,0.22068966,0.24827586,0.082758621,0.33793103,0.28965517,0.37241379,0.11724138,0.10344828,0.31724138,0.57241379,0.11034483,0.28965517,0.46896552,0.14482759,0.14482759,0.10344828,0.10344828
gi|52842072,0,non-T6SE,260,0.21538462,0.23076923,0.13846154,0.29230769,0.36923077,0.33846154,0.10769231,0.10769231,0.33846154,0.49615385,0.16538462,0.31538462,0.50384615,0.16923077,0.11923077,0.096153846,0.10769231
gi|52842080,0,non-T6SE,240,0.29166667,0.2625,0.125,0.32083333,0.3375,0.34166667,0.17083333,0.12083333,0.25833333,0.575,0.16666667,0.3125,0.43333333,0.2,0.1125,0.12916667,0.12083333
gi|52842087,0,non-T6SE,443,0.38374718,0.21670429,0.10609481,0.40857788,0.28442438,0.30699774,0.18284424,0.20090293,0.25959368,0.61851016,0.12189616,0.27765237,0.42437923,0.13318284,0.088036117,0.15349887,0.20090293
gi|52842092,0,non-T6SE,260,0.26538462,0.26153846,0.14615385,0.29615385,0.31923077,0.38461538,0.14230769,0.12307692,0.27692308,0.53076923,0.19230769,0.30384615,0.50384615,0.15769231,0.084615385,0.13076923,0.12307692
gi|52842114,0,non-T6SE,159,0.27044025,0.1509434,0.11949686,0.38993711,0.32704403,0.28301887,0.1572327,0.11320755,0.3081761,0.55974843,0.13207547,0.19496855,0.35220126,0.18238994,0.16352201,0.14465409,0.11320755
gi|52842119,0,non-T6SE,395,0.26835443,0.21518987,0.16202532,0.34683544,0.32405063,0.32911392,0.12151899,0.14683544,0.27088608,0.55949367,0.16962025,0.25316456,0.4,0.17974684,0.16962025,0.091139241,0.14683544
gi|52842124,0,non-T6SE,177,0.29943503,0.18644068,0.1920904,0.33898305,0.34463277,0.31638418,0.15819209,0.14124294,0.29378531,0.49152542,0.21468927,0.26553672,0.43502825,0.13559322,0.15819209,0.10734463,0.14124294
gi|52842129,0,non-T6SE,494,0.28137652,0.24291498,0.12550607,0.34210526,0.32995951,0.32793522,0.14777328,0.13360324,0.30364372,0.548583,0.14777328,0.3097166,0.44331984,0.14979757,0.14777328,0.11133603,0.13360324
gi|52842130,0,non-T6SE,910,0.26373626,0.26263736,0.1010989,0.33956044,0.31208791,0.34835165,0.14505495,0.11868132,0.3,0.58241758,0.11758242,0.32967033,0.45714286,0.15824176,0.13076923,0.11978022,0.11868132
gi|52842134,0,non-T6SE,105,0.3047619,0.21904762,0.14285714,0.34285714,0.33333333,0.32380952,0.19047619,0.11428571,0.26666667,0.60952381,0.12380952,0.26666667,0.37142857,0.2,0.18095238,0.12380952,0.11428571
gi|52842139,0,non-T6SE,223,0.19282511,0.2735426,0.080717489,0.28699552,0.34977578,0.3632287,0.089686099,0.10313901,0.34977578,0.5426009,0.10762332,0.39013453,0.52466368,0.14798206,0.13452915,0.076233184,0.10313901
gi|52842140,0,non-T6SE,666,0.27327327,0.24624625,0.097597598,0.32582583,0.33633634,0.33783784,0.14564565,0.12762763,0.33483483,0.53603604,0.12912913,0.32432432,0.46546547,0.15465465,0.10810811,0.12312312,0.12762763
gi|52842146,0,non-T6SE,308,0.23376623,0.25974026,0.081168831,0.28571429,0.37662338,0.33766234,0.12012987,0.11363636,0.33116883,0.58441558,0.084415584,0.35714286,0.49675325,0.18506494,0.1038961,0.094155844,0.11363636
gi|52842151,0,non-T6SE,436,0.24541284,0.25917431,0.12844037,0.34174312,0.2912844,0.36697248,0.13073394,0.1146789,0.26376147,0.60321101,0.13302752,0.31192661,0.46100917,0.13302752,0.17201835,0.098623853,0.1146789
gi|52842173,0,non-T6SE,367,0.21525886,0.28610354,0.054495913,0.28882834,0.35967302,0.35149864,0.10081744,0.11444142,0.3760218,0.55313351,0.070844687,0.39782016,0.53405995,0.13623978,0.10354223,0.08719346,0.11444142
gi|52842215,0,non-T6SE,375,0.18133333,0.264,0.12266667,0.29066667,0.35733333,0.352,0.093333333,0.088,0.288,0.58666667,0.12533333,0.33866667,0.472,0.192,0.16533333,0.069333333,0.088
gi|52842217,0,non-T6SE,305,0.18360656,0.3147541,0.10163934,0.23934426,0.34754098,0.41311475,0.095081967,0.08852459,0.33442623,0.52459016,0.14098361,0.40983607,0.57377049,0.17377049,0.075409836,0.08852459,0.08852459
gi|52842218,0,non-T6SE,618,0.20711974,0.29773463,0.069579288,0.28802589,0.35598706,0.35598706,0.10355987,0.10355987,0.33333333,0.55501618,0.11165049,0.37702265,0.51618123,0.17961165,0.10517799,0.093851133,0.10355987
gi|52842221,0,non-T6SE,349,0.252149,0.23209169,0.12893983,0.29226361,0.37249284,0.33524355,0.13180516,0.12034384,0.35530086,0.48710602,0.15759312,0.31805158,0.46704871,0.18051576,0.10028653,0.10315186,0.12034384
gi|52842227,0,non-T6SE,209,0.28708134,0.24401914,0.11483254,0.35406699,0.31100478,0.33492823,0.14354067,0.14354067,0.28708134,0.57894737,0.13397129,0.31100478,0.44976077,0.15789474,0.13397129,0.11483254,0.14354067
gi|52842228,0,non-T6SE,288,0.32291667,0.26041667,0.076388889,0.375,0.27083333,0.35416667,0.16319444,0.15972222,0.29861111,0.57986111,0.12152778,0.32638889,0.39236111,0.18055556,0.11458333,0.13541667,0.15972222
gi|52842231,0,non-T6SE,231,0.22943723,0.25108225,0.077922078,0.36363636,0.30735931,0.32900433,0.14285714,0.086580087,0.25541126,0.64069264,0.1038961,0.3030303,0.44155844,0.15584416,0.18614719,0.12121212,0.086580087
gi|52842232,0,non-T6SE,262,0.21755725,0.22519084,0.095419847,0.28244275,0.39694656,0.32061069,0.11832061,0.099236641,0.3740458,0.53816794,0.08778626,0.35114504,0.48473282,0.1870229,0.1221374,0.095419847,0.099236641
gi|52842243,0,non-T6SE,200,0.355,0.195,0.09,0.42,0.315,0.265,0.17,0.185,0.26,0.65,0.09,0.275,0.385,0.145,0.155,0.13,0.185
gi|52842251,0,non-T6SE,387,0.25322997,0.29715762,0.14728682,0.25064599,0.35917313,0.39018088,0.14728682,0.10594315,0.32299742,0.56330749,0.11369509,0.36434109,0.48062016,0.17054264,0.14728682,0.082687339,0.10594315
gi|52842271,0,non-T6SE,334,0.28742515,0.21856287,0.14071856,0.36227545,0.31437126,0.32335329,0.19461078,0.092814371,0.27245509,0.56586826,0.16167665,0.28742515,0.39520958,0.15269461,0.20658683,0.1497006,0.092814371
gi|52842289,0,non-T6SE,278,0.24820144,0.1942446,0.15827338,0.32374101,0.34892086,0.32733813,0.15107914,0.097122302,0.3057554,0.51438849,0.17985612,0.28057554,0.46043165,0.17266187,0.1294964,0.12589928,0.097122302
gi|52842313,0,non-T6SE,173,0.21387283,0.19075145,0.15028902,0.30057803,0.39884393,0.30057803,0.12138728,0.092485549,0.30057803,0.5433526,0.15606936,0.24855491,0.42774566,0.23699422,0.13294798,0.10404624,0.092485549
gi|52842333,0,non-T6SE,341,0.31671554,0.18181818,0.12609971,0.37536657,0.35483871,0.26979472,0.19354839,0.12316716,0.28152493,0.54545455,0.17302053,0.2170088,0.38416422,0.18181818,0.1202346,0.17008798,0.12316716
gi|52842392,0,non-T6SE,1453,0.23950447,0.23331039,0.12938747,0.32484515,0.34205093,0.33310392,0.12663455,0.11286992,0.29318651,0.5726084,0.13420509,0.27735719,0.41775637,0.20509291,0.1431521,0.10392292,0.11286992
gi|52842404,0,non-T6SE,175,0.30857143,0.2,0.091428571,0.37142857,0.36,0.26857143,0.16,0.14857143,0.31428571,0.55428571,0.13142857,0.25142857,0.37142857,0.23428571,0.10857143,0.13714286,0.14857143
gi|52842427,0,non-T6SE,307,0.247557,0.23127036,0.1237785,0.30944625,0.36156352,0.32899023,0.13680782,0.11074919,0.3257329,0.53745928,0.13680782,0.3029316,0.4723127,0.1465798,0.1465798,0.10749186,0.11074919
gi|52842442,0,non-T6SE,581,0.2616179,0.22719449,0.1394148,0.30636833,0.36144578,0.33218589,0.14457831,0.11703959,0.29776248,0.57314974,0.12908778,0.29259897,0.4475043,0.17383821,0.1394148,0.10327022,0.11703959
gi|52842445,0,non-T6SE,336,0.2202381,0.22619048,0.095238095,0.28869048,0.38988095,0.32142857,0.11309524,0.10714286,0.38988095,0.50297619,0.10714286,0.33630952,0.50297619,0.1577381,0.11904762,0.092261905,0.10714286
gi|52842456,0,non-T6SE,214,0.28037383,0.27102804,0.11214953,0.28971963,0.36915888,0.3411215,0.15420561,0.12616822,0.29439252,0.60280374,0.10280374,0.3411215,0.4953271,0.1635514,0.10280374,0.10747664,0.12616822
gi|52842460,0,non-T6SE,251,0.15936255,0.31075697,0.17131474,0.18326693,0.38645418,0.43027888,0.11553785,0.043824701,0.28286853,0.54581673,0.17131474,0.38247012,0.57768924,0.17928287,0.11952191,0.075697211,0.043824701
gi|52842463,0,non-T6SE,386,0.20984456,0.24611399,0.088082902,0.26683938,0.4015544,0.33160622,0.10880829,0.10103627,0.36787565,0.53626943,0.095854922,0.36787565,0.51813472,0.16580311,0.12435233,0.080310881,0.10103627
gi|52842475,0,non-T6SE,372,0.20698925,0.26075269,0.10483871,0.26612903,0.3844086,0.34946237,0.11290323,0.094086022,0.32526882,0.56989247,0.10483871,0.33333333,0.48655914,0.18548387,0.14247312,0.075268817,0.094086022
gi|52842487,0,non-T6SE,239,0.28870293,0.23012552,0.14225941,0.31799163,0.33472803,0.34728033,0.15899582,0.12970711,0.31799163,0.53138075,0.15062762,0.29288703,0.43933054,0.15481172,0.12552301,0.12552301,0.12970711
gi|52842498,0,non-T6SE,451,0.172949,0.29490022,0.10864745,0.23503326,0.34368071,0.42128603,0.097560976,0.075388027,0.30820399,0.57206208,0.11973392,0.36363636,0.53436807,0.20177384,0.099778271,0.084257206,0.075388027
gi|52842500,0,non-T6SE,206,0.2038835,0.26699029,0.097087379,0.30097087,0.36407767,0.33495146,0.11650485,0.087378641,0.31067961,0.55825243,0.13106796,0.34466019,0.45631068,0.21359223,0.14563107,0.097087379,0.087378641
gi|52842501,0,non-T6SE,306,0.23529412,0.25490196,0.11111111,0.30718954,0.33986928,0.35294118,0.1372549,0.098039216,0.30718954,0.53594771,0.15686275,0.31699346,0.45751634,0.18627451,0.13071895,0.11111111,0.098039216
gi|52842503,0,non-T6SE,187,0.14438503,0.35294118,0.12834225,0.14973262,0.36363636,0.48663102,0.085561497,0.058823529,0.31016043,0.54010695,0.14973262,0.45454545,0.59358289,0.20855615,0.064171123,0.07486631,0.058823529
gi|52842509,0,non-T6SE,958,0.26722338,0.2526096,0.1085595,0.34655532,0.32672234,0.32672234,0.13152401,0.13569937,0.27870564,0.58768267,0.13361169,0.31210856,0.4394572,0.16701461,0.14822547,0.10125261,0.13569937
gi|52842514,0,non-T6SE,310,0.24193548,0.25483871,0.11935484,0.30322581,0.33870968,0.35806452,0.096774194,0.14516129,0.31612903,0.5516129,0.13225806,0.32258065,0.46129032,0.16774194,0.12258065,0.070967742,0.14516129
gi|52842518,0,non-T6SE,162,0.19753086,0.22222222,0.10493827,0.33950617,0.35185185,0.30864198,0.086419753,0.11111111,0.30864198,0.58641975,0.10493827,0.30864198,0.42592593,0.2037037,0.18518519,0.067901235,0.11111111
gi|52842519,0,non-T6SE,355,0.21690141,0.25070423,0.095774648,0.27887324,0.38309859,0.33802817,0.13521127,0.081690141,0.33239437,0.57746479,0.090140845,0.36056338,0.50985915,0.14084507,0.15211268,0.095774648,0.081690141
gi|52842520,0,non-T6SE,288,0.22916667,0.26388889,0.072916667,0.28819444,0.38541667,0.32638889,0.125,0.10416667,0.36111111,0.53819444,0.10069444,0.38541667,0.5,0.17708333,0.10763889,0.10069444,0.10416667
gi|52842524,0,non-T6SE,290,0.23103448,0.26896552,0.075862069,0.26551724,0.38275862,0.35172414,0.12413793,0.10689655,0.34137931,0.58965517,0.068965517,0.38275862,0.49655172,0.17586207,0.11724138,0.086206897,0.10689655
gi|52842528,0,non-T6SE,301,0.16611296,0.27574751,0.093023256,0.24252492,0.38538206,0.37209302,0.083056478,0.083056478,0.32890365,0.59136213,0.079734219,0.36212625,0.52491694,0.19269103,0.13621262,0.053156146,0.083056478
gi|52842531,0,non-T6SE,453,0.11479029,0.32450331,0.12582781,0.17880795,0.36865342,0.45253863,0.081677704,0.033112583,0.28918322,0.59161148,0.1192053,0.39293598,0.54966887,0.23178808,0.1192053,0.059602649,0.033112583
gi|52842540,0,non-T6SE,309,0.22977346,0.28478964,0.080906149,0.30420712,0.34951456,0.34627832,0.11650485,0.11326861,0.33009709,0.57928803,0.090614887,0.38187702,0.48543689,0.17152104,0.13268608,0.087378641,0.11326861
gi|52842543,0,non-T6SE,363,0.15151515,0.35261708,0.1184573,0.21487603,0.32782369,0.45730028,0.096418733,0.055096419,0.27823691,0.60606061,0.11570248,0.42424242,0.57300275,0.15426997,0.13774105,0.071625344,0.055096419
gi|52842545,0,non-T6SE,460,0.24347826,0.24782609,0.10652174,0.33913043,0.3326087,0.32826087,0.13695652,0.10652174,0.29347826,0.57608696,0.13043478,0.32826087,0.43913043,0.16521739,0.17608696,0.1,0.10652174
gi|52842548,0,non-T6SE,158,0.37974684,0.1835443,0.063291139,0.4556962,0.27848101,0.26582278,0.17088608,0.20886076,0.30379747,0.56329114,0.13291139,0.25949367,0.35443038,0.14556962,0.10759494,0.15822785,0.20886076
gi|52842550,0,non-T6SE,421,0.2304038,0.27315914,0.12114014,0.29691211,0.33966746,0.36342043,0.13301663,0.097387173,0.28741093,0.56294537,0.14964371,0.33966746,0.48931116,0.16389549,0.13776722,0.10451306,0.097387173
gi|161723245,0,non-T6SE,296,0.26013514,0.19256757,0.16216216,0.34797297,0.35135135,0.30067568,0.16554054,0.094594595,0.28716216,0.54391892,0.16891892,0.27027027,0.42905405,0.16216216,0.18243243,0.125,0.094594595
gi|52842557,0,non-T6SE,674,0.25816024,0.24035608,0.10534125,0.31008902,0.37240356,0.31750742,0.15430267,0.10385757,0.31750742,0.5578635,0.12462908,0.33234421,0.49703264,0.13649852,0.12908012,0.12017804,0.10385757
gi|52842560,0,non-T6SE,212,0.25,0.24056604,0.11792453,0.34433962,0.27830189,0.37735849,0.11792453,0.13207547,0.28773585,0.55660377,0.15566038,0.30660377,0.48113208,0.12735849,0.14150943,0.10377358,0.13207547
gi|52842563,0,non-T6SE,187,0.31016043,0.20855615,0.12299465,0.32085561,0.39037433,0.28877005,0.16042781,0.14973262,0.28877005,0.53475936,0.17647059,0.30481283,0.46524064,0.1657754,0.080213904,0.13368984,0.14973262
gi|52842564,0,non-T6SE,375,0.24533333,0.21866667,0.14133333,0.32266667,0.38133333,0.296,0.136,0.10933333,0.288,0.57333333,0.13866667,0.272,0.42666667,0.18666667,0.17333333,0.093333333,0.10933333
gi|52842566,0,non-T6SE,277,0.23465704,0.25270758,0.11191336,0.2599278,0.38267148,0.35740072,0.14801444,0.086642599,0.31407942,0.566787,0.11913357,0.3465704,0.53068592,0.18050542,0.068592058,0.1299639,0.086642599
gi|52842568,0,non-T6SE,79,0.46835443,0.13924051,0.075949367,0.46835443,0.34177215,0.18987342,0.35443038,0.11392405,0.27848101,0.48101266,0.24050633,0.21518987,0.32911392,0.16455696,0.050632911,0.32911392,0.11392405
gi|52842570,0,non-T6SE,581,0.26333907,0.24096386,0.1222031,0.34423408,0.34251291,0.31325301,0.15490534,0.10843373,0.28399312,0.58347676,0.13253012,0.30464716,0.44922547,0.15318417,0.16351119,0.11703959,0.10843373
gi|52842585,0,non-T6SE,305,0.24918033,0.27540984,0.11803279,0.30491803,0.32786885,0.36721311,0.14754098,0.10163934,0.27213115,0.59344262,0.13442623,0.3147541,0.4557377,0.19016393,0.12786885,0.1147541,0.10163934
gi|52842593,0,non-T6SE,641,0.15600624,0.29953198,0.12792512,0.19656786,0.39937598,0.40405616,0.099843994,0.056162246,0.33229329,0.5351014,0.1326053,0.38533541,0.56318253,0.19188768,0.10296412,0.076443058,0.056162246
gi|52842596,0,non-T6SE,308,0.22402597,0.16558442,0.2012987,0.29545455,0.43181818,0.27272727,0.12012987,0.1038961,0.35714286,0.44480519,0.19805195,0.23701299,0.4025974,0.22727273,0.17532468,0.084415584,0.1038961
gi|161723243,0,non-T6SE,359,0.17827298,0.23119777,0.13370474,0.28969359,0.38718663,0.32311978,0.1281337,0.050139276,0.28412256,0.55710306,0.15877437,0.30640669,0.5097493,0.17548747,0.14763231,0.11420613,0.050139276
gi|52842649,0,non-T6SE,338,0.28994083,0.20710059,0.17159763,0.35798817,0.34319527,0.29881657,0.17159763,0.1183432,0.26035503,0.5591716,0.18047337,0.25443787,0.38757396,0.18047337,0.17455621,0.12721893,0.1183432
gi|52842662,0,non-T6SE,148,0.27702703,0.22297297,0.17567568,0.30405405,0.34459459,0.35135135,0.14864865,0.12837838,0.28378378,0.51351351,0.2027027,0.26351351,0.41891892,0.20945946,0.10135135,0.11486486,0.12837838
gi|52842679,0,non-T6SE,352,0.23863636,0.26420455,0.085227273,0.26420455,0.38920455,0.34659091,0.12784091,0.11079545,0.36931818,0.53977273,0.090909091,0.36079545,0.54545455,0.13920455,0.09375,0.096590909,0.11079545
gi|52842680,0,non-T6SE,368,0.22554348,0.23369565,0.10597826,0.28804348,0.36141304,0.35054348,0.12228261,0.10326087,0.32336957,0.55163043,0.125,0.33423913,0.50271739,0.14402174,0.11413043,0.097826087,0.10326087
gi|52842682,0,non-T6SE,741,0.23481781,0.25236167,0.10931174,0.29149798,0.365722,0.34278003,0.13090418,0.10391363,0.30904184,0.56005398,0.13090418,0.32118758,0.50067476,0.14035088,0.13360324,0.097165992,0.10391363
gi|52842683,0,non-T6SE,252,0.26587302,0.24603175,0.12698413,0.29761905,0.35714286,0.3452381,0.15079365,0.11507937,0.34126984,0.57936508,0.079365079,0.30555556,0.42857143,0.16269841,0.18650794,0.079365079,0.11507937
gi|52842684,0,non-T6SE,113,0.25663717,0.2920354,0.07079646,0.34513274,0.25663717,0.39823009,0.15044248,0.10619469,0.26548673,0.67256637,0.061946903,0.34513274,0.43362832,0.13274336,0.15044248,0.12389381,0.10619469
gi|52842686,0,non-T6SE,343,0.2361516,0.26530612,0.14285714,0.26530612,0.36151603,0.37317784,0.13119534,0.10495627,0.33527697,0.49271137,0.17201166,0.34402332,0.49271137,0.18950437,0.093294461,0.10787172,0.10495627
gi|52842689,0,non-T6SE,300,0.086666667,0.37333333,0.15666667,0.11666667,0.34666667,0.53666667,0.056666667,0.03,0.27333333,0.57333333,0.15333333,0.45333333,0.66666667,0.16,0.09,0.04,0.03
gi|52842696,0,non-T6SE,462,0.21861472,0.24458874,0.082251082,0.29220779,0.36580087,0.34199134,0.12121212,0.097402597,0.35281385,0.53463203,0.11255411,0.34848485,0.46969697,0.18831169,0.12121212,0.1017316,0.097402597
gi|52842697,0,non-T6SE,227,0.26431718,0.26872247,0.11453744,0.34361233,0.32599119,0.33039648,0.14977974,0.11453744,0.30837004,0.56387665,0.1277533,0.36563877,0.44933921,0.14537445,0.17180617,0.10572687,0.11453744
gi|52842704,0,non-T6SE,174,0.22413793,0.22413793,0.13793103,0.31034483,0.34482759,0.34482759,0.14367816,0.08045977,0.27586207,0.57471264,0.14942529,0.3045977,0.42528736,0.17816092,0.1954023,0.097701149,0.08045977
gi|52842722,0,non-T6SE,520,0.18076923,0.24807692,0.086538462,0.31730769,0.37307692,0.30961538,0.1,0.080769231,0.34230769,0.53846154,0.11923077,0.35384615,0.46730769,0.18653846,0.16730769,0.094230769,0.080769231
gi|52842742,0,non-T6SE,143,0.20979021,0.27972028,0.083916084,0.29370629,0.33566434,0.37062937,0.12587413,0.083916084,0.31468531,0.59440559,0.090909091,0.36363636,0.46853147,0.18181818,0.12587413,0.1048951,0.083916084
gi|52842761,0,non-T6SE,455,0.14065934,0.25054945,0.19340659,0.19120879,0.38241758,0.42637363,0.09010989,0.050549451,0.32307692,0.46593407,0.21098901,0.32527473,0.53626374,0.1956044,0.12307692,0.074725275,0.050549451
gi|52842795,0,non-T6SE,597,0.17922948,0.22948074,0.097152429,0.28475712,0.41038526,0.30485762,0.11557789,0.063651591,0.34840871,0.52093802,0.13065327,0.31825796,0.47571189,0.20435511,0.14907873,0.10217755,0.063651591
gi|52842799,0,non-T6SE,427,0.25058548,0.24590164,0.10538642,0.31850117,0.33255269,0.34894614,0.1381733,0.11241218,0.31850117,0.54800937,0.13348946,0.31850117,0.45901639,0.14519906,0.14519906,0.11241218,0.11241218
gi|52842801,0,non-T6SE,170,0.32941176,0.25882353,0.076470588,0.35882353,0.28823529,0.35294118,0.17647059,0.15294118,0.28823529,0.58235294,0.12941176,0.32352941,0.47647059,0.13529412,0.064705882,0.15882353,0.15294118
gi|52842803,0,non-T6SE,361,0.22437673,0.26315789,0.094182825,0.27700831,0.38504155,0.33795014,0.12742382,0.096952909,0.32963989,0.55955679,0.11080332,0.3434903,0.50969529,0.15789474,0.12465374,0.096952909,0.096952909
gi|52842805,0,non-T6SE,759,0.3030303,0.19631094,0.10540184,0.36758893,0.35177866,0.28063241,0.16864295,0.13438735,0.32279315,0.53096179,0.14624506,0.26350461,0.40447958,0.171278,0.11725955,0.14756258,0.13438735
gi|52842815,0,non-T6SE,398,0.23366834,0.2361809,0.045226131,0.32160804,0.37688442,0.30150754,0.09798995,0.13567839,0.38944724,0.52261307,0.087939698,0.35175879,0.51758794,0.14824121,0.1080402,0.087939698,0.13567839
gi|52842816,0,non-T6SE,420,0.24285714,0.26190476,0.064285714,0.2952381,0.37619048,0.32857143,0.12142857,0.12142857,0.37380952,0.53095238,0.095238095,0.36428571,0.5047619,0.15,0.10952381,0.095238095,0.12142857
gi|52842818,0,non-T6SE,368,0.25,0.25543478,0.11684783,0.29076087,0.36413043,0.3451087,0.125,0.125,0.32065217,0.56521739,0.11413043,0.33695652,0.4701087,0.17119565,0.11956522,0.089673913,0.125
gi|52842820,0,non-T6SE,469,0.24946695,0.24733475,0.108742,0.29637527,0.36460554,0.33901919,0.13219616,0.11727079,0.3326226,0.52878465,0.13859275,0.32835821,0.49466951,0.16204691,0.11940299,0.098081023,0.11727079
gi|52842821,0,non-T6SE,394,0.1319797,0.32994924,0.12690355,0.17258883,0.38071066,0.44670051,0.086294416,0.045685279,0.31218274,0.53045685,0.15736041,0.40862944,0.58629442,0.19796954,0.088832487,0.07106599,0.045685279
gi|52842822,0,non-T6SE,447,0.21923937,0.25055928,0.089485459,0.27069351,0.39821029,0.3310962,0.11185682,0.10738255,0.3803132,0.51230425,0.10738255,0.35123043,0.51006711,0.16778523,0.11185682,0.087248322,0.10738255
gi|52842823,0,non-T6SE,372,0.12096774,0.33870968,0.14247312,0.16397849,0.37365591,0.46236559,0.086021505,0.034946237,0.31451613,0.5188172,0.16666667,0.40591398,0.58870968,0.18548387,0.10752688,0.069892473,0.034946237
gi|52842824,0,non-T6SE,461,0.22125813,0.2472885,0.095444685,0.26898048,0.40780911,0.32321041,0.12364425,0.097613883,0.37960954,0.52711497,0.093275488,0.34490239,0.5032538,0.164859,0.14316703,0.078091106,0.097613883
gi|52842835,0,non-T6SE,356,0.17696629,0.29494382,0.13483146,0.24719101,0.34831461,0.40449438,0.11235955,0.064606742,0.27808989,0.56460674,0.15730337,0.36516854,0.53651685,0.1741573,0.13764045,0.084269663,0.064606742
gi|52842840,0,non-T6SE,454,0.2246696,0.23788546,0.10132159,0.29295154,0.37004405,0.33700441,0.11013216,0.11453744,0.34361233,0.52863436,0.1277533,0.33920705,0.50440529,0.15418502,0.12114537,0.092511013,0.11453744
gi|52842842,0,non-T6SE,88,0.30681818,0.18181818,0.056818182,0.39772727,0.38636364,0.21590909,0.26136364,0.045454545,0.34090909,0.52272727,0.13636364,0.39772727,0.44318182,0.13636364,0.13636364,0.23863636,0.045454545
gi|52842851,0,non-T6SE,618,0.28478964,0.24757282,0.095469256,0.3592233,0.32200647,0.31877023,0.16504854,0.1197411,0.28964401,0.55177994,0.15857605,0.31391586,0.44498382,0.15533981,0.11488673,0.14724919,0.1197411
gi|52842852,0,non-T6SE,225,0.29777778,0.25777778,0.071111111,0.34222222,0.31555556,0.34222222,0.14666667,0.15111111,0.31555556,0.58222222,0.10222222,0.33777778,0.43111111,0.19555556,0.093333333,0.12444444,0.15111111
gi|52842856,0,non-T6SE,92,0.29347826,0.16304348,0.10869565,0.34782609,0.42391304,0.22826087,0.20652174,0.086956522,0.34782609,0.47826087,0.17391304,0.22826087,0.4673913,0.14130435,0.11956522,0.17391304,0.086956522
gi|52842859,0,non-T6SE,189,0.26984127,0.25396825,0.11640212,0.3015873,0.38095238,0.31746032,0.17989418,0.08994709,0.30687831,0.57671958,0.11640212,0.31746032,0.48148148,0.13756614,0.17460317,0.11111111,0.08994709
gi|52842862,0,non-T6SE,322,0.22981366,0.27950311,0.083850932,0.30745342,0.35714286,0.33540373,0.11180124,0.11801242,0.36335404,0.54037267,0.096273292,0.39130435,0.5,0.14906832,0.13664596,0.083850932,0.11801242
gi|52842863,0,non-T6SE,751,0.17310253,0.27163782,0.12916112,0.22370173,0.3861518,0.39014647,0.099866844,0.073235686,0.33821571,0.52330226,0.13848202,0.37283622,0.53928096,0.18375499,0.11850866,0.073235686,0.073235686
gi|52842865,0,non-T6SE,363,0.31129477,0.24517906,0.14876033,0.36088154,0.29201102,0.34710744,0.16804408,0.14325069,0.23415978,0.58402204,0.18181818,0.3030303,0.42699725,0.15702479,0.12947658,0.1322314,0.14325069
gi|52842867,0,non-T6SE,288,0.22222222,0.24305556,0.11111111,0.27777778,0.37847222,0.34375,0.13194444,0.090277778,0.33680556,0.57986111,0.083333333,0.31944444,0.47222222,0.17361111,0.15625,0.083333333,0.090277778
gi|52842868,0,non-T6SE,252,0.25,0.21825397,0.13888889,0.33333333,0.34126984,0.32539683,0.13492063,0.11507937,0.28571429,0.56349206,0.15079365,0.27777778,0.43650794,0.17857143,0.15873016,0.099206349,0.11507937
gi|52842870,0,non-T6SE,471,0.26963907,0.21231423,0.11889597,0.30573248,0.39278132,0.3014862,0.15711253,0.11252654,0.33121019,0.52441614,0.14437367,0.32059448,0.47983015,0.15286624,0.11464968,0.12101911,0.11252654
gi|52842873,0,non-T6SE,292,0.30821918,0.23972603,0.099315068,0.3869863,0.28424658,0.32876712,0.15068493,0.15753425,0.27739726,0.56849315,0.15410959,0.32191781,0.43150685,0.14726027,0.13356164,0.13013699,0.15753425
gi|52842874,0,non-T6SE,309,0.16828479,0.32686084,0.093851133,0.24271845,0.34627832,0.41100324,0.10032362,0.067961165,0.29126214,0.58899676,0.1197411,0.4433657,0.57605178,0.14239482,0.12297735,0.084142395,0.067961165
gi|52842876,0,non-T6SE,368,0.28532609,0.23369565,0.078804348,0.35597826,0.33967391,0.30434783,0.14673913,0.13858696,0.33152174,0.57608696,0.092391304,0.32608696,0.4701087,0.14402174,0.125,0.12228261,0.13858696
gi|52842882,0,non-T6SE,387,0.26614987,0.24289406,0.080103359,0.31782946,0.37209302,0.31007752,0.13178295,0.13436693,0.33333333,0.52196382,0.14470284,0.31007752,0.43669251,0.21705426,0.087855297,0.11627907,0.13436693
gi|52842892,0,non-T6SE,1048,0.14122137,0.21469466,0.11450382,0.24045802,0.41221374,0.34732824,0.070610687,0.070610687,0.38549618,0.49045802,0.1240458,0.29484733,0.50381679,0.22137405,0.1278626,0.064885496,0.070610687
gi|52842902,0,non-T6SE,321,0.23987539,0.22429907,0.13084112,0.29906542,0.36760125,0.33333333,0.12772586,0.11214953,0.31775701,0.52336449,0.1588785,0.31152648,0.44548287,0.18691589,0.13707165,0.096573209,0.11214953
gi|52842903,0,non-T6SE,576,0.25694444,0.25694444,0.10416667,0.328125,0.328125,0.34375,0.13541667,0.12152778,0.29513889,0.57291667,0.13194444,0.328125,0.44444444,0.171875,0.140625,0.10590278,0.12152778
gi|52842904,0,non-T6SE,476,0.22058824,0.25420168,0.077731092,0.32352941,0.36554622,0.31092437,0.14495798,0.075630252,0.30882353,0.56512605,0.12605042,0.31722689,0.46638655,0.17857143,0.15546218,0.12394958,0.075630252
gi|52842905,0,non-T6SE,160,0.2375,0.2625,0.11875,0.275,0.35625,0.36875,0.11875,0.11875,0.34375,0.53125,0.125,0.3375,0.5,0.15625,0.10625,0.0875,0.11875
gi|52842906,0,non-T6SE,493,0.18255578,0.24543611,0.081135903,0.23123732,0.44219067,0.32657201,0.093306288,0.089249493,0.43002028,0.49290061,0.077079108,0.38945233,0.55172414,0.15212982,0.11156187,0.06693712,0.089249493
gi|52842907,0,non-T6SE,131,0.2519084,0.22900763,0.091603053,0.33587786,0.3740458,0.29007634,0.1221374,0.12977099,0.32061069,0.54961832,0.12977099,0.30534351,0.45038168,0.19083969,0.1221374,0.10687023,0.12977099
gi|52842924,0,non-T6SE,383,0.26370757,0.22976501,0.1383812,0.32898172,0.34203655,0.32898172,0.14882507,0.11488251,0.29503916,0.53524804,0.16971279,0.2767624,0.39425587,0.22454308,0.1227154,0.12793734,0.11488251
gi|52842930,0,non-T6SE,209,0.16746411,0.35406699,0.13875598,0.15789474,0.36363636,0.4784689,0.11004785,0.057416268,0.32057416,0.53588517,0.14354067,0.44019139,0.61244019,0.16746411,0.062200957,0.076555024,0.057416268
gi|52842932,0,non-T6SE,388,0.23195876,0.19845361,0.13402062,0.27061856,0.39175258,0.33762887,0.13659794,0.095360825,0.35051546,0.51546392,0.13402062,0.25515464,0.42783505,0.21391753,0.14175258,0.090206186,0.095360825
gi|52842935,0,non-T6SE,416,0.22836538,0.22115385,0.12019231,0.29086538,0.40865385,0.30048077,0.14182692,0.086538462,0.35576923,0.51923077,0.125,0.30048077,0.4375,0.21153846,0.14182692,0.10817308,0.086538462
gi|52842939,0,non-T6SE,321,0.24299065,0.26168224,0.065420561,0.30218069,0.35202492,0.34579439,0.13395639,0.10903427,0.34579439,0.56074766,0.093457944,0.35514019,0.47040498,0.17133956,0.1152648,0.10903427,0.10903427
gi|52842943,0,non-T6SE,307,0.21824104,0.31270358,0.14006515,0.21172638,0.37785016,0.41042345,0.1237785,0.094462541,0.35179153,0.5276873,0.12052117,0.41042345,0.54397394,0.16612378,0.11074919,0.074918567,0.094462541
gi|52842945,0,non-T6SE,187,0.28342246,0.25668449,0.096256684,0.39037433,0.26737968,0.34224599,0.13903743,0.14438503,0.24064171,0.64171123,0.11764706,0.29946524,0.39572193,0.1657754,0.1657754,0.11764706,0.14438503
gi|161723240,0,non-T6SE,410,0.30487805,0.24146341,0.11463415,0.34390244,0.32682927,0.32926829,0.17073171,0.13414634,0.27560976,0.56585366,0.15853659,0.31707317,0.44390244,0.13902439,0.13170732,0.13170732,0.13414634
gi|52842947,0,non-T6SE,325,0.22461538,0.25846154,0.086153846,0.33230769,0.33230769,0.33538462,0.13846154,0.086153846,0.29230769,0.59076923,0.11692308,0.31384615,0.43692308,0.17846154,0.16,0.11692308,0.086153846
gi|52842953,0,non-T6SE,556,0.23561151,0.24640288,0.089928058,0.33093525,0.35251799,0.31654676,0.12230216,0.11330935,0.32014388,0.58633094,0.09352518,0.33992806,0.45683453,0.16366906,0.15647482,0.09352518,0.11330935
gi|52842962,0,non-T6SE,421,0.21852732,0.32541568,0.085510689,0.26128266,0.32541568,0.41330166,0.11638955,0.10213777,0.28741093,0.60807601,0.10451306,0.3871734,0.51543943,0.18052257,0.10688836,0.087885986,0.10213777
gi|52842965,0,non-T6SE,188,0.27659574,0.26595745,0.079787234,0.31914894,0.31382979,0.36702128,0.14893617,0.12765957,0.30851064,0.56914894,0.12234043,0.33510638,0.45212766,0.17553191,0.095744681,0.12234043,0.12765957
gi|52842969,0,non-T6SE,308,0.24675325,0.24350649,0.084415584,0.30519481,0.36688312,0.32792208,0.13636364,0.11038961,0.35714286,0.54545455,0.097402597,0.31493506,0.4512987,0.19155844,0.11038961,0.11038961,0.11038961
gi|52842975,0,non-T6SE,501,0.11976048,0.31936128,0.15768463,0.13772455,0.38922156,0.47305389,0.073852295,0.045908184,0.33133733,0.51497006,0.15369261,0.4251497,0.62674651,0.19161677,0.071856287,0.055888224,0.045908184
gi|52842976,0,non-T6SE,657,0.1217656,0.29832572,0.1674277,0.14155251,0.42009132,0.43835616,0.073059361,0.04870624,0.34246575,0.49315068,0.16438356,0.38812785,0.58599696,0.21461187,0.091324201,0.04718417,0.04870624
gi|52842979,0,non-T6SE,166,0.30722892,0.23493976,0.12048193,0.3253012,0.3313253,0.34337349,0.1746988,0.13253012,0.30120482,0.52409639,0.1746988,0.30120482,0.41566265,0.1746988,0.084337349,0.14457831,0.13253012
gi|52842980,0,non-T6SE,340,0.12058824,0.35588235,0.16176471,0.15294118,0.35,0.49705882,0.073529412,0.047058824,0.27058824,0.55,0.17941176,0.43823529,0.63823529,0.16176471,0.091176471,0.061764706,0.047058824
gi|52842981,0,non-T6SE,783,0.26309068,0.2311622,0.093231162,0.30651341,0.37420179,0.3192848,0.13409962,0.12899106,0.33844189,0.54661558,0.11494253,0.32439336,0.45721584,0.17369093,0.11238825,0.10472542,0.12899106
gi|52842982,0,non-T6SE,428,0.22429907,0.20560748,0.12149533,0.27102804,0.4088785,0.32009346,0.11682243,0.10747664,0.35280374,0.50700935,0.14018692,0.27336449,0.49299065,0.17757009,0.10046729,0.098130841,0.10747664
gi|52842983,0,non-T6SE,167,0.26347305,0.22754491,0.10179641,0.31137725,0.35928144,0.32934132,0.13173653,0.13173653,0.31736527,0.58682635,0.095808383,0.30538922,0.4011976,0.21556886,0.13772455,0.089820359,0.13173653
gi|52842984,0,non-T6SE,422,0.30805687,0.21800948,0.14218009,0.31753555,0.35308057,0.32938389,0.17061611,0.13744076,0.2985782,0.51658768,0.18483412,0.28436019,0.44549763,0.16587678,0.10189573,0.13270142,0.13744076
gi|52842989,0,non-T6SE,249,0.25301205,0.23293173,0.10441767,0.33333333,0.33333333,0.33333333,0.13253012,0.12048193,0.3253012,0.562249,0.1124498,0.31325301,0.47389558,0.12851406,0.14457831,0.10441767,0.12048193
gi|52842991,0,non-T6SE,455,0.22197802,0.27692308,0.059340659,0.29230769,0.37582418,0.33186813,0.11648352,0.10549451,0.37362637,0.54505495,0.081318681,0.36263736,0.52527473,0.14725275,0.10989011,0.098901099,0.10549451
gi|52842992,0,non-T6SE,291,0.24398625,0.26804124,0.068728522,0.31958763,0.33676976,0.34364261,0.12371134,0.12027491,0.32646048,0.57731959,0.096219931,0.34707904,0.50515464,0.14089347,0.10652921,0.10996564,0.12027491
gi|52842994,0,non-T6SE,247,0.28340081,0.2388664,0.10526316,0.33198381,0.30769231,0.36032389,0.16194332,0.12145749,0.30364372,0.54251012,0.15384615,0.30769231,0.45748988,0.17004049,0.085020243,0.14979757,0.12145749
gi|52842998,0,non-T6SE,245,0.26530612,0.26938776,0.089795918,0.37142857,0.26530612,0.36326531,0.13469388,0.13061224,0.28571429,0.60408163,0.11020408,0.33469388,0.43673469,0.12653061,0.17142857,0.11428571,0.13061224
gi|52843004,0,non-T6SE,265,0.23018868,0.2490566,0.11698113,0.31698113,0.33584906,0.34716981,0.12075472,0.10943396,0.30188679,0.55849057,0.13962264,0.33962264,0.49433962,0.14716981,0.13962264,0.098113208,0.10943396
gi|52843006,0,non-T6SE,668,0.30389222,0.21257485,0.12874251,0.3757485,0.32185629,0.30239521,0.15718563,0.14670659,0.26946108,0.56287425,0.16766467,0.26946108,0.41766467,0.17215569,0.11676647,0.13922156,0.14670659
gi|52843007,0,non-T6SE,426,0.30751174,0.21361502,0.11502347,0.38028169,0.32159624,0.29812207,0.16431925,0.14319249,0.27699531,0.55399061,0.16901408,0.27934272,0.42957746,0.15962441,0.11737089,0.14553991,0.14319249
gi|52843013,0,non-T6SE,287,0.24390244,0.22996516,0.10452962,0.36236934,0.28222997,0.3554007,0.10452962,0.13937282,0.29616725,0.56445993,0.13937282,0.28919861,0.40069686,0.18815331,0.1533101,0.090592334,0.13937282
gi|52843019,0,non-T6SE,295,0.28135593,0.24745763,0.11525424,0.3220339,0.37288136,0.30508475,0.1559322,0.12542373,0.31525424,0.5559322,0.12881356,0.30169492,0.44745763,0.17966102,0.13220339,0.11186441,0.12542373
gi|52843020,0,non-T6SE,555,0.27207207,0.24324324,0.095495495,0.36216216,0.33333333,0.3045045,0.14234234,0.12972973,0.2954955,0.63063063,0.073873874,0.32072072,0.41621622,0.15315315,0.1981982,0.09009009,0.12972973
gi|52843029,0,non-T6SE,126,0.1984127,0.26190476,0.087301587,0.26984127,0.36507937,0.36507937,0.11904762,0.079365079,0.32539683,0.57936508,0.095238095,0.33333333,0.48412698,0.1984127,0.13492063,0.095238095,0.079365079
gi|52843034,0,non-T6SE,254,0.32677165,0.2007874,0.15354331,0.3976378,0.29527559,0.30708661,0.15748031,0.16929134,0.26377953,0.55905512,0.17716535,0.24015748,0.4015748,0.15748031,0.12598425,0.13385827,0.16929134
gi|52843035,0,non-T6SE,156,0.33974359,0.22435897,0.1025641,0.39102564,0.32051282,0.28846154,0.22435897,0.11538462,0.28205128,0.57692308,0.14102564,0.28205128,0.40384615,0.16025641,0.12179487,0.19871795,0.11538462
gi|52843038,0,non-T6SE,468,0.25,0.23717949,0.10897436,0.32264957,0.35683761,0.32051282,0.13247863,0.11752137,0.34188034,0.53418803,0.12393162,0.28632479,0.42735043,0.19871795,0.14957265,0.10042735,0.11752137
gi|52843039,0,non-T6SE,337,0.2462908,0.20771513,0.086053412,0.28189911,0.40949555,0.30860534,0.1305638,0.115727,0.42136499,0.46587537,0.11275964,0.3115727,0.48367953,0.18397626,0.086053412,0.10682493,0.115727
gi|52843044,0,non-T6SE,337,0.23442136,0.20771513,0.12462908,0.30860534,0.38278932,0.30860534,0.1305638,0.10385757,0.34124629,0.53709199,0.12166172,0.2462908,0.38278932,0.22255193,0.15430267,0.097922849,0.10385757
gi|52843061,0,non-T6SE,725,0.24,0.26758621,0.1062069,0.31448276,0.34206897,0.34344828,0.15448276,0.085517241,0.27724138,0.61655172,0.1062069,0.32689655,0.46482759,0.14482759,0.1737931,0.10896552,0.085517241
gi|52843064,0,non-T6SE,256,0.16015625,0.27734375,0.203125,0.1953125,0.359375,0.4453125,0.1015625,0.05859375,0.2734375,0.5078125,0.21875,0.3359375,0.57421875,0.13671875,0.14453125,0.07421875,0.05859375
gi|52843066,0,non-T6SE,764,0.27356021,0.27486911,0.079842932,0.31937173,0.34816754,0.33246073,0.12565445,0.14790576,0.31151832,0.56151832,0.12696335,0.37958115,0.51439791,0.14005236,0.087696335,0.10602094,0.14790576
gi|52843067,0,non-T6SE,175,0.33142857,0.22285714,0.13142857,0.39428571,0.29714286,0.30857143,0.2,0.13142857,0.24571429,0.54285714,0.21142857,0.26285714,0.42285714,0.12571429,0.14285714,0.17714286,0.13142857
gi|52843068,0,non-T6SE,336,0.22916667,0.23809524,0.13095238,0.28571429,0.38690476,0.32738095,0.13095238,0.098214286,0.30654762,0.57440476,0.11904762,0.30654762,0.4702381,0.16964286,0.1577381,0.083333333,0.098214286
gi|52843070,0,non-T6SE,461,0.21908894,0.2537961,0.084598698,0.32104121,0.36659436,0.31236443,0.12147505,0.097613883,0.3340564,0.57700651,0.088937093,0.32537961,0.46420824,0.14750542,0.17570499,0.088937093,0.097613883
gi|52843076,0,non-T6SE,204,0.28431373,0.19607843,0.068627451,0.33333333,0.3872549,0.27941176,0.15686275,0.12745098,0.38235294,0.53921569,0.078431373,0.32352941,0.44117647,0.13235294,0.10784314,0.12745098,0.12745098
gi|52843081,0,non-T6SE,233,0.21459227,0.19742489,0.11587983,0.24892704,0.44206009,0.30901288,0.11158798,0.10300429,0.43776824,0.4248927,0.13733906,0.31759657,0.48497854,0.20171674,0.077253219,0.090128755,0.10300429
gi|52843082,0,non-T6SE,497,0.23541247,0.22736419,0.12273642,0.31991952,0.36418511,0.31589537,0.12072435,0.11468813,0.32796781,0.54929577,0.12273642,0.31187123,0.44265594,0.16901408,0.17102616,0.086519115,0.11468813
gi|52843085,0,non-T6SE,208,0.25961538,0.28846154,0.10096154,0.34134615,0.28365385,0.375,0.14423077,0.11538462,0.25961538,0.61538462,0.125,0.33173077,0.48076923,0.125,0.14903846,0.12019231,0.11538462
gi|52843095,0,non-T6SE,201,0.12437811,0.32338308,0.13432836,0.1840796,0.3681592,0.44776119,0.099502488,0.024875622,0.30845771,0.5721393,0.11940299,0.4079602,0.54228856,0.2039801,0.14925373,0.064676617,0.024875622
gi|52843099,0,non-T6SE,549,0.26593807,0.26593807,0.13479053,0.32969035,0.29508197,0.37522769,0.15118397,0.1147541,0.24590164,0.58834244,0.16575592,0.33151184,0.4863388,0.13479053,0.13296903,0.12386157,0.1147541
gi|52843104,0,non-T6SE,644,0.2810559,0.18322981,0.14285714,0.34782609,0.36335404,0.28881988,0.13354037,0.14751553,0.31521739,0.52018634,0.16459627,0.25,0.43322981,0.16149068,0.13043478,0.11180124,0.14751553
gi|52843112,0,non-T6SE,325,0.22461538,0.18461538,0.15076923,0.31692308,0.37846154,0.30461538,0.13538462,0.089230769,0.30153846,0.51384615,0.18461538,0.27384615,0.46769231,0.16615385,0.14769231,0.12307692,0.089230769
gi|52843116,0,non-T6SE,415,0.18313253,0.30120482,0.089156627,0.26024096,0.35421687,0.38554217,0.10120482,0.081927711,0.32771084,0.55421687,0.11807229,0.39036145,0.54216867,0.1686747,0.11084337,0.089156627,0.081927711
gi|52843120,0,non-T6SE,281,0.27758007,0.23487544,0.14234875,0.3024911,0.34163701,0.35587189,0.13523132,0.14234875,0.33096085,0.50533808,0.16370107,0.29181495,0.46619217,0.13879004,0.1316726,0.096085409,0.14234875
gi|52843122,0,non-T6SE,256,0.23046875,0.26953125,0.09765625,0.31640625,0.33203125,0.3515625,0.125,0.10546875,0.28125,0.58984375,0.12890625,0.33984375,0.49609375,0.15234375,0.125,0.10546875,0.10546875
gi|52843123,0,non-T6SE,133,0.2481203,0.2481203,0.090225564,0.29323308,0.38345865,0.32330827,0.12781955,0.12030075,0.34586466,0.53383459,0.12030075,0.35338346,0.4887218,0.16541353,0.097744361,0.10526316,0.12030075
gi|52843124,0,non-T6SE,241,0.12863071,0.34854772,0.14937759,0.17427386,0.32365145,0.50207469,0.078838174,0.049792531,0.24896266,0.57261411,0.17842324,0.42323651,0.62655602,0.1659751,0.078838174,0.066390041,0.049792531
gi|52843139,0,non-T6SE,385,0.24675325,0.29090909,0.11168831,0.28831169,0.33506494,0.37662338,0.15064935,0.096103896,0.26753247,0.60519481,0.12727273,0.36103896,0.50649351,0.15064935,0.12467532,0.11428571,0.096103896
gi|52843145,0,non-T6SE,316,0.25,0.22468354,0.094936709,0.30063291,0.39556962,0.30379747,0.12658228,0.12341772,0.36075949,0.53164557,0.10759494,0.31329114,0.49683544,0.16455696,0.094936709,0.10759494,0.12341772
gi|52843158,0,non-T6SE,207,0.26086957,0.24154589,0.12560386,0.31884058,0.31400966,0.36714976,0.14009662,0.12077295,0.31884058,0.5410628,0.14009662,0.34299517,0.49758454,0.12560386,0.12560386,0.11111111,0.12077295
gi|52843160,0,non-T6SE,89,0.19101124,0.21348315,0.1011236,0.28089888,0.34831461,0.37078652,0.06741573,0.12359551,0.33707865,0.52808989,0.13483146,0.31460674,0.52808989,0.14606742,0.1011236,0.06741573,0.12359551
gi|52843167,0,non-T6SE,283,0.24734982,0.24381625,0.12367491,0.30388693,0.33215548,0.3639576,0.13780919,0.10954064,0.30388693,0.54770318,0.14840989,0.30742049,0.49116608,0.16254417,0.098939929,0.12014134,0.10954064
gi|52843179,0,non-T6SE,156,0.34615385,0.25,0.044871795,0.42948718,0.26923077,0.30128205,0.17948718,0.16666667,0.28846154,0.63461538,0.076923077,0.42948718,0.48076923,0.064102564,0.12820513,0.16025641,0.16666667
gi|52843181,0,non-T6SE,292,0.13356164,0.34589041,0.15068493,0.18150685,0.34246575,0.4760274,0.082191781,0.051369863,0.28082192,0.5890411,0.13013699,0.4109589,0.5890411,0.18493151,0.11986301,0.051369863,0.051369863
gi|52843189,0,non-T6SE,283,0.25088339,0.26855124,0.09540636,0.28975265,0.38162544,0.32862191,0.13780919,0.1130742,0.32508834,0.5795053,0.09540636,0.36042403,0.49823322,0.1590106,0.1130742,0.1024735,0.1130742
gi|52843195,0,non-T6SE,556,0.20863309,0.25719424,0.11690647,0.29856115,0.35611511,0.34532374,0.11151079,0.097122302,0.30755396,0.56294964,0.1294964,0.32194245,0.4676259,0.20143885,0.12769784,0.10431655,0.097122302
gi|61219632,0,non-T6SE,150,0.24,0.2,0.1,0.28,0.39333333,0.32666667,0.13333333,0.10666667,0.43333333,0.48,0.086666667,0.32,0.49333333,0.17333333,0.1,0.10666667,0.10666667
gi|34978353,0,non-T6SE,3590,0.22200557,0.20947075,0.049860724,0.29247911,0.46935933,0.23816156,0.12172702,0.10027855,0.46072423,0.45181058,0.087465181,0.35181058,0.52451253,0.16128134,0.10779944,0.10529248,0.10027855
gi|34978358,0,non-T6SE,712,0.21348315,0.28932584,0.088483146,0.26123596,0.36516854,0.37359551,0.12359551,0.08988764,0.34691011,0.49859551,0.15449438,0.41432584,0.56601124,0.12640449,0.1011236,0.1011236,0.08988764
gi|462099,0,non-T6SE,873,0.17525773,0.19473081,0.10309278,0.26231386,0.47880871,0.25887743,0.10080183,0.074455899,0.42840779,0.39747995,0.17411226,0.3069874,0.49942726,0.21191294,0.11683849,0.092783505,0.074455899
gi|462082,0,non-T6SE,584,0.20890411,0.20547945,0.11130137,0.30650685,0.42636986,0.26712329,0.12328767,0.085616438,0.37328767,0.44178082,0.18493151,0.29623288,0.47945205,0.19349315,0.125,0.11472603,0.085616438
gi|37538301,0,non-T6SE,743,0.23553163,0.18034993,0.11170929,0.29071332,0.47106326,0.23822342,0.1345895,0.10094213,0.40107672,0.42395693,0.17496635,0.27860027,0.46164199,0.21399731,0.10363392,0.11709287,0.10094213
gi|34978536,0,non-T6SE,916,0.19868996,0.19213974,0.077510917,0.25436681,0.50436681,0.24126638,0.11681223,0.081877729,0.45414847,0.41484716,0.13100437,0.33733624,0.56550218,0.14737991,0.1080786,0.097161572,0.081877729
gi|1709465,0,non-T6SE,385,0.17402597,0.16103896,0.13506494,0.27792208,0.45714286,0.26493506,0.085714286,0.088311688,0.44675325,0.38181818,0.17142857,0.26493506,0.4987013,0.20779221,0.12467532,0.080519481,0.088311688
gi|585615,0,non-T6SE,194,0.24226804,0.17525773,0.077319588,0.34536082,0.39690722,0.25773196,0.13917526,0.10309278,0.3814433,0.47938144,0.13917526,0.30927835,0.4742268,0.14948454,0.12371134,0.13917526,0.10309278
gi|585479,0,non-T6SE,396,0.21717172,0.22474747,0.11363636,0.23989899,0.44949495,0.31060606,0.11616162,0.1010101,0.41161616,0.4520202,0.13636364,0.36616162,0.53030303,0.16666667,0.11363636,0.078282828,0.1010101
gi|48428535,0,non-T6SE,885,0.2519774,0.19322034,0.11638418,0.31073446,0.39322034,0.2960452,0.12655367,0.12542373,0.3480226,0.4960452,0.1559322,0.30056497,0.46779661,0.15932203,0.12655367,0.10734463,0.12542373
gi|68565998,0,non-T6SE,692,0.26589595,0.19364162,0.12716763,0.29479769,0.40895954,0.29624277,0.13583815,0.1300578,0.37572254,0.46242775,0.16184971,0.33236994,0.50867052,0.1416185,0.099710983,0.1083815,0.1300578
gi|41016780,0,non-T6SE,191,0.21465969,0.27225131,0.09947644,0.2617801,0.39267016,0.34554974,0.10994764,0.10471204,0.35078534,0.48167539,0.16753927,0.36125654,0.53403141,0.18324607,0.073298429,0.09947644,0.10471204
gi|39932128,0,non-T6SE,451,0.2594235,0.19512195,0.090909091,0.31707317,0.40798226,0.27494457,0.1308204,0.1286031,0.38359202,0.46119734,0.15521064,0.35698448,0.51884701,0.1308204,0.097560976,0.11529933,0.1286031
gi|46576492,0,non-T6SE,707,0.28995757,0.21074965,0.090523338,0.33239038,0.37199434,0.29561528,0.14285714,0.14710042,0.33946252,0.51626591,0.14427157,0.30127298,0.47241867,0.16407355,0.091937765,0.12164074,0.14710042
gi|1262291,0,non-T6SE,782,0.24808184,0.19693095,0.11636829,0.32225064,0.39641944,0.28132992,0.12915601,0.11892583,0.38363171,0.42710997,0.18925831,0.28644501,0.47186701,0.18925831,0.094629156,0.12276215,0.11892583
gi|61220326,0,non-T6SE,499,0.26653307,0.16232465,0.1503006,0.32264529,0.42084168,0.25651303,0.1503006,0.11623246,0.32665331,0.50901804,0.16432866,0.24849699,0.44088176,0.17034068,0.16232465,0.10621242,0.11623246
gi|61229444,0,non-T6SE,126,0.15873016,0.1984127,0.063492063,0.23809524,0.47619048,0.28571429,0.095238095,0.063492063,0.43650794,0.44444444,0.11904762,0.3015873,0.48412698,0.23809524,0.1031746,0.087301587,0.063492063
gi|61229448,0,non-T6SE,177,0.096045198,0.18079096,0.04519774,0.21468927,0.55367232,0.23163842,0.056497175,0.039548023,0.48587571,0.44067797,0.073446328,0.31638418,0.55367232,0.20338983,0.1299435,0.056497175,0.039548023
gi|91208178,0,non-T6SE,369,0.30623306,0.19241192,0.11382114,0.33062331,0.35501355,0.31436314,0.14905149,0.15718157,0.32249322,0.51761518,0.1598916,0.27371274,0.46612466,0.15718157,0.089430894,0.12195122,0.15718157
gi|3914201,0,non-T6SE,213,0.20657277,0.19248826,0.12206573,0.29107981,0.44600939,0.2629108,0.11267606,0.093896714,0.39906103,0.44131455,0.15962441,0.30046948,0.49765258,0.18309859,0.11267606,0.11267606,0.093896714
gi|38258390,0,non-T6SE,506,0.27075099,0.19762846,0.10671937,0.32213439,0.37944664,0.29841897,0.13833992,0.13241107,0.36956522,0.47233202,0.15810277,0.32213439,0.47826087,0.14031621,0.12450593,0.11264822,0.13241107
gi|27805741,0,non-T6SE,551,0.26860254,0.19963702,0.13067151,0.30490018,0.39927405,0.29582577,0.13611615,0.13248639,0.34119782,0.49364791,0.16515426,0.29038113,0.48638838,0.17241379,0.085299456,0.11796733,0.13248639
gi|13431457,0,non-T6SE,656,0.33079268,0.22103659,0.053353659,0.38262195,0.35365854,0.26371951,0.1554878,0.17530488,0.38109756,0.54420732,0.074695122,0.33689024,0.4679878,0.12957317,0.083841463,0.1402439,0.17530488
gi|11387189,0,non-T6SE,319,0.22257053,0.20376176,0.14733542,0.31034483,0.36677116,0.32288401,0.10031348,0.12225705,0.30407524,0.51410658,0.18181818,0.28213166,0.46708464,0.17241379,0.14733542,0.081504702,0.12225705
gi|39932160,0,non-T6SE,592,0.26182432,0.22635135,0.13344595,0.32432432,0.37837838,0.2972973,0.1402027,0.12162162,0.30912162,0.54054054,0.15033784,0.31756757,0.46959459,0.15878378,0.13851351,0.10641892,0.12162162
gi|2501392,0,non-T6SE,326,0.10429448,0.39877301,0.095092025,0.14110429,0.35276074,0.50613497,0.064417178,0.039877301,0.33128834,0.55521472,0.11349693,0.5,0.66257669,0.15337423,0.076687117,0.052147239,0.039877301
gi|8472786,0,non-T6SE,450,0.28888889,0.22222222,0.10888889,0.35333333,0.32666667,0.32,0.15333333,0.13555556,0.3,0.56888889,0.13111111,0.29111111,0.44888889,0.16444444,0.095555556,0.14,0.13555556
gi|20137257,0,non-T6SE,96,0.29166667,0.20833333,0.052083333,0.33333333,0.33333333,0.33333333,0.1875,0.10416667,0.36458333,0.59375,0.041666667,0.375,0.46875,0.16666667,0.0625,0.17708333,0.10416667
gi|137069,0,non-T6SE,238,0.36134454,0.21848739,0.092436975,0.38235294,0.31932773,0.29831933,0.20168067,0.15966387,0.31092437,0.57563025,0.11344538,0.30252101,0.46218487,0.11764706,0.088235294,0.16806723,0.15966387
gi|2506399,0,non-T6SE,167,0.2994012,0.22754491,0.16167665,0.35928144,0.32335329,0.31736527,0.1497006,0.1497006,0.26347305,0.62874251,0.10778443,0.28742515,0.38922156,0.17365269,0.19161677,0.089820359,0.1497006
gi|2497283,0,non-T6SE,203,0.34482759,0.20197044,0.083743842,0.46305419,0.25123153,0.28571429,0.21182266,0.13300493,0.22167488,0.67487685,0.10344828,0.26108374,0.38423645,0.1182266,0.16256158,0.19211823,0.13300493
gi|2494278,0,non-T6SE,355,0.34366197,0.23943662,0.078873239,0.3915493,0.29295775,0.31549296,0.17746479,0.16619718,0.30422535,0.6084507,0.087323944,0.34647887,0.45915493,0.11267606,0.098591549,0.15492958,0.16619718
gi|2499849,0,non-T6SE,835,0.3245509,0.24550898,0.073053892,0.3988024,0.2994012,0.30179641,0.16766467,0.15688623,0.2754491,0.62155689,0.10299401,0.31856287,0.44071856,0.13892216,0.10419162,0.15329341,0.15688623
gi|2494256,0,non-T6SE,399,0.29824561,0.2406015,0.080200501,0.31829574,0.37343358,0.30827068,0.14035088,0.15789474,0.33082707,0.56641604,0.10275689,0.30827068,0.48120301,0.16541353,0.077694236,0.11278195,0.15789474
gi|57014162,0,non-T6SE,569,0.26186292,0.19507909,0.10369069,0.30579965,0.42003515,0.2741652,0.13356766,0.12829525,0.39191564,0.50790861,0.10017575,0.28822496,0.46045694,0.18804921,0.11775044,0.10017575,0.12829525
gi|2507531,0,non-T6SE,195,0.12820513,0.32307692,0.18461538,0.13333333,0.41025641,0.45641026,0.066666667,0.061538462,0.33333333,0.51282051,0.15384615,0.41025641,0.58974359,0.17435897,0.13333333,0.030769231,0.061538462
gi|39932098,0,non-T6SE,518,0.28378378,0.23938224,0.13320463,0.36100386,0.2972973,0.34169884,0.14478764,0.13899614,0.26833977,0.58301158,0.14864865,0.29343629,0.44787645,0.15250965,0.13706564,0.11776062,0.13899614
gi|41018183,0,non-T6SE,892,0.27802691,0.21188341,0.11434978,0.35538117,0.33295964,0.31165919,0.14349776,0.13452915,0.32735426,0.53811659,0.13452915,0.29147982,0.44394619,0.1558296,0.13116592,0.12107623,0.13452915
gi|11135458,0,non-T6SE,701,0.29243937,0.25820257,0.12410842,0.36661912,0.28388017,0.34950071,0.15406562,0.13837375,0.24964337,0.61768902,0.13266762,0.32097004,0.467903,0.13552068,0.11982882,0.13266762,0.13837375
gi|12229872,0,non-T6SE,257,0.26070039,0.20622568,0.093385214,0.35797665,0.35797665,0.28404669,0.14007782,0.12062257,0.29571984,0.59143969,0.11284047,0.29571984,0.43190661,0.18677043,0.13229572,0.12451362,0.12062257
gi|11386759,0,non-T6SE,443,0.12866817,0.33182844,0.11738149,0.15124153,0.40632054,0.44243792,0.079006772,0.0496614,0.35214447,0.53498871,0.11286682,0.4469526,0.62076749,0.19187359,0.065462754,0.060948081,0.0496614
gi|11386871,0,non-T6SE,481,0.27234927,0.18503119,0.16008316,0.32016632,0.37006237,0.30977131,0.13929314,0.13305613,0.31808732,0.51351351,0.16839917,0.24948025,0.44490644,0.18711019,0.11642412,0.11018711,0.13305613
gi|11387015,0,non-T6SE,237,0.12236287,0.33755274,0.16455696,0.17721519,0.32911392,0.49367089,0.080168776,0.042194093,0.2742616,0.53164557,0.19409283,0.4092827,0.61181435,0.18565401,0.075949367,0.075949367,0.042194093
gi|7388358,0,non-T6SE,170,0.32941176,0.27058824,0.1,0.37647059,0.27647059,0.34705882,0.18235294,0.14705882,0.26470588,0.60588235,0.12941176,0.33529412,0.46470588,0.12352941,0.1,0.15882353,0.14705882
gi|511474,0,non-T6SE,414,0.21497585,0.2294686,0.10144928,0.32125604,0.39613527,0.2826087,0.12560386,0.089371981,0.32850242,0.53140097,0.14009662,0.34299517,0.45410628,0.20048309,0.147343,0.10869565,0.089371981
gi|58200461,0,non-T6SE,433,0.23787529,0.23787529,0.16166282,0.30484988,0.34642032,0.34872979,0.11547344,0.12240185,0.28406467,0.54503464,0.17090069,0.30484988,0.46189376,0.18013857,0.13394919,0.090069284,0.12240185
gi|1706524,0,non-T6SE,204,0.23039216,0.19607843,0.13235294,0.30392157,0.3627451,0.33333333,0.13235294,0.098039216,0.31862745,0.53431373,0.14705882,0.29901961,0.44607843,0.21078431,0.11764706,0.11764706,0.098039216
gi|30581027,0,non-T6SE,233,0.30472103,0.22317597,0.077253219,0.3776824,0.3304721,0.29184549,0.16738197,0.13733906,0.33476395,0.52360515,0.1416309,0.30042918,0.42918455,0.14592275,0.12446352,0.14592275,0.13733906
gi|1706429,0,non-T6SE,113,0.17699115,0.3539823,0.2300885,0.15929204,0.30973451,0.53097345,0.13274336,0.044247788,0.2300885,0.52212389,0.24778761,0.4159292,0.55752212,0.16814159,0.13274336,0.088495575,0.044247788
gi|266440,0,non-T6SE,422,0.22037915,0.2014218,0.10663507,0.30331754,0.4028436,0.29383886,0.090047393,0.13033175,0.40995261,0.45971564,0.13033175,0.32701422,0.48815166,0.17772512,0.11374408,0.085308057,0.13033175
gi|51338788,0,non-T6SE,267,0.3071161,0.28464419,0.082397004,0.33333333,0.31086142,0.35580524,0.16479401,0.1423221,0.33333333,0.50187266,0.16479401,0.37078652,0.49812734,0.1423221,0.06741573,0.14606742,0.1423221
gi|1346009,0,non-T6SE,539,0.12615955,0.2541744,0.19851577,0.15213358,0.42486085,0.42300557,0.081632653,0.044526902,0.32467532,0.46567718,0.2096475,0.36178108,0.56215213,0.21150278,0.12430427,0.05380334,0.044526902
gi|61229375,0,non-T6SE,276,0.22463768,0.21014493,0.076086957,0.27536232,0.42391304,0.30072464,0.10869565,0.11594203,0.4384058,0.47826087,0.083333333,0.35144928,0.52173913,0.17753623,0.06884058,0.10507246,0.11594203
gi|1706206,0,non-T6SE,354,0.22316384,0.23163842,0.081920904,0.31355932,0.38983051,0.29661017,0.10169492,0.12146893,0.38983051,0.51129944,0.098870056,0.31920904,0.47740113,0.20056497,0.096045198,0.10169492,0.12146893
gi|30316251,0,non-T6SE,807,0.27013631,0.23296159,0.069392813,0.29987608,0.39653036,0.30359356,0.13135068,0.13878563,0.38785626,0.50309789,0.10904585,0.33457249,0.52168525,0.14498141,0.065675341,0.11771995,0.13878563
gi|7531062,0,non-T6SE,351,0.24216524,0.22222222,0.051282051,0.28205128,0.42165242,0.2962963,0.13105413,0.11111111,0.38461538,0.50712251,0.10826211,0.36467236,0.54131054,0.14245014,0.074074074,0.11396011,0.11111111
gi|22654115,0,non-T6SE,667,0.30134933,0.1934033,0.12143928,0.34182909,0.35982009,0.29835082,0.15292354,0.14842579,0.32833583,0.50974513,0.16191904,0.28185907,0.43928036,0.16191904,0.11394303,0.12593703,0.14842579
gi|32130126,0,non-T6SE,507,0.29585799,0.20907298,0.084812623,0.35502959,0.35897436,0.28599606,0.14003945,0.15581854,0.35897436,0.48717949,0.15384615,0.30374753,0.49506903,0.13609467,0.076923077,0.13412229,0.15581854
gi|20141429,0,non-T6SE,321,0.23676012,0.24299065,0.065420561,0.29595016,0.37071651,0.33333333,0.1152648,0.12149533,0.38317757,0.51713396,0.099688474,0.34267913,0.4953271,0.18068536,0.090342679,0.10280374,0.12149533
